5	6
-6.297129784289205112e+00	-7.788608135361446472e+00
-4.501564895299416946e+00	-7.571781288699622969e+00
-7.182432731406372284e+00	-2.904749434727783797e+00
-7.716354394222516788e+00	-8.776319915371107783e+00
-1.162223209323040685e+01	-3.349505879398774866e+00
-7.494117872096130561e+00	-2.937912185705136014e+00
-7.311843743664624640e+00	-2.211491543606637133e+00
-8.253678177445639363e+00	-1.169859849632929993e+01
-7.228663159161964558e+00	-8.042895751692684669e-01
-1.000283471861097517e+01	-1.752434318784225509e+00
-5.767910436528083551e+00	-5.524967482579143052e+00
-5.103777855661270735e+00	-4.495405102532128438e+00
-8.200549326826209295e+00	-6.690149171109922577e+00
-5.060919448014874256e+00	-6.203730280316149148e+00
-4.021872296394822577e+00	-7.073956458362075317e+00
-6.791710574491331087e+00	-7.995613891544834040e+00
-9.717664031014644266e+00	-2.823963978133734454e+00
-7.219998934249726830e+00	-8.696382558436086541e+00
-9.410860559236311929e+00	-5.568045728828602492e+00
-8.381482750054088271e+00	-6.699995620472501301e+00
-1.162136490179985415e+01	-7.775612213940822137e+00
-5.527259675870459965e+00	-3.056496050019758659e+00
-9.212756596271910681e+00	-6.921074775134134605e+00
-5.156807742602220301e+00	-7.928899586859153636e+00
-8.215558345277770513e+00	-1.871209528434692126e+00
-4.547187534950311694e+00	-1.082265240663405059e+01
-4.684608279150475063e+00	-7.724022781742344357e+00
-5.332549636728515452e+00	-1.914606961903249749e+00
-7.271477574073544226e+00	-3.946381547583940108e+00
-8.471483192419787756e+00	-3.721247649941684443e+00
-7.604548803179279837e+00	-5.985605163048691502e+00
-8.675145148580275745e+00	-1.082208491557417496e+01
-1.014870720478029931e+01	-4.009044248872999816e+00
-8.793967113826315796e+00	-4.841541032446818882e+00
-5.736286042135711583e+00	-4.364355030759670129e+00
-6.851062851523021635e+00	-3.313182369390902604e+00
-7.917240409478487173e+00	-7.651051202611349744e+00
-8.217056539934493031e+00	-6.455037962574652788e+00
-4.276701719398642076e+00	-8.398303609287147253e+00
-8.151643218450324468e+00	-1.115795051213887135e+01
-6.808440258926239608e+00	-1.850895925900970740e+00
-5.867017660846027383e+00	-1.093503394258986283e+01
-7.332229577211472282e+00	-4.891078910983774009e+00
-5.007328078730830967e+00	-4.365275517978978392e+00
-5.968224366961091931e+00	-1.818716571710414565e+00
-6.584145799631620832e+00	-6.095939471347923799e+00
-8.862822078564750683e+00	-8.385529384611819737e+00
-4.571320249713325623e+00	-5.793271518536449172e+00
-8.067589252969426639e+00	-8.024216899405105963e+00
-6.306024384563020391e+00	-9.902243506088538538e+00
-7.582789415916366238e+00	-6.515134874112377794e+00
-7.726542402544893662e+00	-8.640207077773084166e+00
-7.312840857590915178e+00	-1.157961369642668892e+01
-1.045041405895516640e+01	-2.107280906295025513e+00
-7.088223840981615176e+00	-4.968550125565980302e+00
-1.139117604072173862e+01	-9.130376658867684014e+00
-1.068407552134865313e+01	-6.414687203158850437e+00
-9.626828721321228244e+00	-7.644072368707687914e+00
-1.120813651784301257e+01	-8.727141938542249733e+00
-4.351773586367092328e+00	-6.885698446261496741e+00
-1.021603295456324645e+01	-4.985436981301908155e+00
-1.072037859225710754e+01	-8.031954139101706858e+00
-4.287746918022931730e+00	-1.096562357063813309e+01
-5.560505352372179466e+00	-2.304250310165270932e+00
-7.060447983774915670e+00	-3.552643604663161092e+00
-1.048907277209791644e+01	-3.801219108227956500e+00
-9.133211562810082285e+00	-4.362096902558305622e+00
-7.652440727748206051e+00	-6.986523857821243411e+00
-8.617097101092538125e+00	-1.040366894457116409e+01
-6.397800500188905559e+00	-3.384762884719990428e+00
-6.493358311449096476e+00	-1.028117903746150574e+01
-6.087472712659855567e+00	-2.022685346902899806e+00
-7.910576006144729000e+00	-8.281787152464884727e+00
-6.058174040388682791e+00	-5.306575718198661917e+00
-1.181637878396754893e+01	-4.789314250545411156e+00
-7.796434745022043700e+00	-1.089853328883247485e+01
-5.951234326159652532e+00	-1.010474766034200833e+01
-5.404661426910130295e+00	-9.936397479313997749e+00
-8.586476682653358949e+00	-7.310544078585294869e+00
-5.150561495891175845e+00	-9.718394560156013995e+00
-6.728092111036498402e+00	-4.431833055516281483e+00
-1.036813955216317851e+01	-4.248984523119329282e+00
-5.062564785664536160e+00	-3.220693744434965922e+00
-6.412249824909547868e+00	-3.234906101845454351e+00
-8.484261529849186800e+00	-7.719718160073119506e+00
-1.172465875580343209e+01	-5.212785159645576094e+00
-6.500900941247315323e+00	-4.907739574372827818e+00
-9.520081175341204016e+00	-1.120095756689967814e+01
-1.103820189994936030e+01	-7.514494679487692785e+00
-6.249687416361799031e+00	-1.171690690333185714e+01
-6.042849696902823808e+00	-7.802854879101753127e+00
-1.043176104382993685e+01	-8.853786511665992620e+00
-6.636453111870197930e+00	-7.511555387604561318e+00
-4.526460541978141627e+00	-6.396175169362365409e+00
-9.651250578237927868e+00	-1.032026617444954653e+01
-6.001433387706637923e+00	-7.221824136269934691e+00
-1.046929524877885953e+01	-8.595065995821185467e+00
-9.167132592252865919e+00	-9.964359135912310705e+00
-1.066011027898110619e+01	-5.715407640987838711e+00
-1.043328478416980865e+01	-9.316453377825103743e+00
-7.997340315774005504e+00	-5.094584135239049516e+00
-8.840430657158355743e+00	-7.710372591093832106e+00
-5.599190466359170060e+00	-3.777980518190999781e+00
-5.431296550278512214e+00	-2.216336913542834797e+00
-3.948606559275062988e+00	-3.693188081813183921e+00
-5.036216974606871233e+00	-1.901070009423376117e+00
-1.132149838722778235e+01	-1.107117722635443080e+01
-4.351490066028718573e+00	-9.367924907403780921e+00
-5.419371203928340819e+00	-1.062045315255036293e+01
-7.329418166896426001e+00	-3.022186709773436508e+00
-1.024889753210314147e+01	-7.156954567719322924e+00
-8.655391499500030505e+00	-4.641211514000944227e+00
-6.666263922788811414e+00	-9.760468685460539362e+00
-1.035263666571903052e+01	-7.356717665837550157e+00
-1.154694811706721325e+01	-7.833668620243192215e+00
-5.736905286764106826e+00	-1.065846833986850051e+01
-7.410231033159988101e+00	-1.005776702861413341e+01
-6.707350715259764229e+00	-3.418763290074073868e+00
-8.543938929480875188e+00	-4.603026005642204765e+00
-1.120438800924324774e+01	-9.215802941031446593e+00
-6.305506500073613019e+00	-1.942239816308910960e+00
-5.393851100785867381e+00	-1.055255819039224274e+00
-8.962229387820434212e+00	-1.711512954181891866e+00
-6.742570609234580736e+00	-1.281005821488576002e+00
-1.028247049577272776e+01	-4.059677864667284197e+00
-7.260468101169928801e+00	-1.109400950775070882e+01
-1.151249849244644174e+01	-5.205520660953151690e+00
-5.446704079279999888e+00	-5.750801088936554173e+00
-4.822486751781996261e+00	-2.850309223667760072e+00
-6.579709440719621938e+00	-5.647780237140593407e+00
-5.501013327445497758e+00	-2.464352777589089438e+00
-9.868789632151782953e+00	-8.892974978855917811e+00
-1.049702657219610735e+01	-1.192290452937784551e+01
-5.785992355478994931e+00	-1.849033914246791532e+00
-9.125277016185526335e+00	-6.681540974382809139e+00
-8.195330606413794072e+00	-5.604917542133996733e+00
-8.541775363773785656e+00	-3.931979785764396773e+00
-9.159439019839547669e+00	-8.860683643927258046e+00
-8.252822605827340396e+00	-1.139720842262086897e+01
-6.604321638376390524e+00	-7.844791857960769832e+00
-7.019080748657608559e+00	-8.379034258387356715e+00
-4.253831886789881445e+00	-2.243435902432154627e+00
-7.548448843888921900e+00	-9.097100219462280535e+00
-9.093499283809702405e+00	-2.496974527701798952e+00
-1.012362416175434454e+01	-1.017836375924577474e+01
-1.002687243905565673e+01	-3.282467765164881257e+00
-8.699789178977281878e+00	-8.603753593437199143e+00
-7.508008015768274035e+00	-2.170458731293108290e+00
-5.547637521073490952e+00	-4.797886743449952363e+00
-1.141929097458469400e+01	-7.056831500602759100e+00
-6.973447167914352818e+00	-9.264836699646695095e+00
-4.322679689661833358e+00	-5.780045003934195513e+00
-7.361520240814685145e+00	-8.103506697378643153e+00
-4.074418606687705058e+00	-5.443995706444002103e+00
-5.255694556233610371e+00	-6.247697206865445274e+00
-9.726389473339656533e+00	-1.192150886481039507e+00
-1.034645008596325688e+01	-3.379011524027223157e+00
-9.194491281788334192e+00	-1.057091761609178349e+01
-9.539413951050795148e+00	-1.060974079386346069e+01
-9.177983152060106065e+00	-1.061484110716456541e+01
-3.843564270651016912e+00	-4.953850069815161739e+00
-9.446755849453493781e+00	-5.427656248654501248e+00
-8.429094977242247211e+00	-7.151053007874466516e+00
-9.566000534801494481e+00	-8.898010775210199341e+00
-8.893164940828114595e+00	-2.751894262266673774e+00
-6.190384702337378364e+00	-1.038640284377055423e+01
-9.917546586547960175e+00	-8.698548284468293090e+00
-7.101908023031109352e+00	-4.722576156415654758e+00
-6.296898610679979136e+00	-6.481029127403985513e+00
-6.997194513851664688e+00	-6.366719538976601811e+00
-7.144897276490891791e+00	-5.938500227243697971e+00
-7.686684594595402764e+00	-8.177027671497267391e+00
-1.055465548207758530e+01	-1.062845237959492906e+01
-4.945794416085315781e+00	-3.327674462481510442e+00
-5.930029432174766413e+00	-4.329761609295392333e+00
-1.048377595634882020e+01	-1.039794037429807005e+01
-5.348770565877545735e+00	-5.811665571097456962e+00
-1.122825130791243353e+01	-8.261033897169317797e+00
-9.417394587744434276e+00	-3.400493674861826410e+00
-5.689605174861849690e+00	-2.947760033464666307e+00
-1.148685585838846634e+01	-7.153350054047228568e+00
-5.907805446431113161e+00	-5.558689767153976113e+00
-5.764720028113197614e+00	-1.038515947650593851e+01
-3.716858014369437857e+00	-8.633119263889197370e+00
-5.088123179215502390e+00	-7.940743959428780308e+00
-9.511191668846658231e+00	-1.108460570169544468e+01
-1.064889967449911090e+01	-9.550091960530094681e+00
-1.143916855364330765e+01	-4.042309350705453497e+00
-3.878972362283006348e+00	-3.471655293840633316e+00
-7.618564486526189228e+00	-6.593586339598892287e+00
-9.332001626350308499e+00	-5.584851293130710381e+00
-5.226556983274696755e+00	-5.482179788350356020e+00
-8.963512850629628659e+00	-7.606600714999534496e+00
-6.048576540564972959e+00	-4.577722569795359853e+00
-1.181016072116952209e+01	-8.844678909177675408e+00
-4.683928914545753663e+00	-1.503823252897871665e+00
-3.977014830986324689e+00	-7.466454274965525606e+00
-7.572870003571267716e+00	-1.915495640570419322e+00
-6.825831280310694638e+00	-1.120727408610371079e+01
-1.084443614725418747e+01	-9.553092358864425648e+00
-7.238805038336379560e+00	-6.245842542960994059e+00
-9.317355457801182794e+00	-9.809088886568453347e+00
-9.739304092354320375e+00	-1.917657873343799890e+00
-7.731586617374819781e+00	-1.450455013748784161e+00
-8.004136157240877125e+00	-8.184702490721813106e+00
-1.045168370678309699e+01	-1.251633710105836128e+00
-1.168318433819448821e+01	-4.839001986641910058e+00
-4.472995997561583614e+00	-2.434854543862249088e+00
-5.640656877803446712e+00	-4.020779045295081566e+00
-6.106846815792258631e+00	-1.173019744598290970e+01
-1.117113309447183234e+01	-8.518947812497255967e+00
-7.221599402365768583e+00	-1.293145817681125909e+00
-1.119147148575786410e+01	-1.048631649176249425e+01
-9.750211758056202882e+00	-7.810352328293342694e+00
-6.139430603885651649e+00	-8.104268014414685695e+00
-5.485632790959130922e+00	-9.166938526902937312e+00
-1.098038599673718352e+01	-5.524732200581885522e+00
-5.654661332791879325e+00	-1.111196225095782530e+01
-6.935060643037253669e+00	-1.115925427984396734e+01
-8.584114661373101640e+00	-7.239612234662686774e+00
-6.471511848420269608e+00	-2.427702441494306917e+00
-8.134827705627992955e+00	-2.200578109052747866e+00
-7.432870118560951589e+00	-7.475628492716729134e+00
-6.287401924208118942e+00	-8.620935244662710772e+00
-9.121237047673565357e+00	-4.549809568841493679e+00
-1.188191985025849284e+01	-2.119943852512434557e+00
-7.114550067168631031e+00	-8.755066062719903286e+00
-6.133762005458213373e+00	-3.165500880276765461e+00
-4.783223196918256370e+00	-1.037261182996047282e+01
-8.946983110847497755e+00	-4.444993897754252465e+00
-5.341605240738972249e+00	-6.701920321694188054e+00
-6.603152952514637519e+00	-6.801553950497819301e+00
-9.529321412186515516e+00	-9.442727246904455640e+00
-6.843643660944252360e+00	-1.055315944880419288e+01
-7.070863382196345803e+00	-9.495556357459078001e+00
-7.600684404675183359e+00	-4.591113189177251641e+00
-4.945880935888051333e+00	-1.061670498143426755e+01
-4.785225769156514986e+00	-5.627371655214701285e+00
-7.189452876991627939e+00	-2.596017937151646304e+00
-6.163834202904711290e+00	-4.130235118640290359e+00
-1.072883741637717314e+01	-2.877945326739369758e+00
-1.040599207798664416e+01	-3.768931859100904003e+00
-1.149082147453071556e+01	-9.831091472818732413e+00
-1.095368226029193437e+01	-7.013899999551986397e+00
-8.683034127940336688e+00	-7.046778661252720788e+00
-3.941495650441763310e+00	-1.000317005345020860e+01
-8.816261112844303582e+00	-1.428439393824270098e+00
-7.909865771030022863e+00	-6.572186473410114971e+00
-8.565238563519734782e+00	-7.262843740288662531e+00
-8.896041015263545404e+00	-5.382287278883049808e+00
-7.876450570187600420e+00	-1.005550102000978541e+01
-5.883311590543202740e+00	-3.327142283338480944e+00
-8.065788974237134923e+00	-7.135563702612561343e+00
-9.395006745741776299e+00	-1.052681407066906516e+01
-9.341728623378518392e+00	-1.489013402104148343e+00
-8.242830377934843966e+00	-9.545016717383850491e+00
-5.747924919682354528e+00	-3.365962986886013031e+00
-6.279836341126555865e+00	-6.277757996618150926e+00
-6.266912690987615164e+00	-1.065831164152482380e+01
-1.112170681672863104e+01	-2.603443480226600215e+00
-9.264816907016287573e+00	-9.274470567104742713e+00
-1.128365548493026260e+01	-9.631038466577212631e+00
-7.903478799308565783e+00	-1.143909776118003663e+01
-4.799565757975308600e+00	-4.623324563042312541e+00
-9.395010278320084396e+00	-2.900991689573667820e+00
-8.864369283341259731e+00	-9.623453735146975774e+00
-6.937848836123357010e+00	-1.092992662199900877e+01
-5.143799625174450441e+00	-3.479698630503768264e+00
-4.734593560818162850e+00	-4.446160250515667656e+00
-4.911689744375983047e+00	-5.615737582204018530e+00
-9.581020145510921182e+00	-1.992275365452397029e+00
-5.966990074998754778e+00	-5.806909393012125165e+00
-9.561412262925294669e+00	-3.784488155221319872e+00
-4.990702121279515069e+00	-1.017811556048059529e+01
-9.148417095629225670e+00	-9.181811334340174824e+00
-3.596511875186243490e+00	-2.110184301198596124e+00
-1.097457065112619468e+01	-6.935904771480023712e+00
-6.806159382235467348e+00	-2.027195233880557446e+00
-1.025834652857590079e+01	-2.628462441048033948e+00
-5.478442457903362595e+00	-6.473415131135663358e+00
-5.910541069015735616e+00	-9.893391912051038517e+00
-7.609538949503670047e+00	-9.197896792299578905e+00
-1.123548787876357125e+01	-9.599115911990608652e+00
-1.108830211642676744e+01	-1.397802514806622876e+00
-6.196758368306706899e+00	-1.509678553461451855e+00
-1.059719237137220560e+01	-5.603333388631499545e+00
-1.009346322277071550e+01	-3.126782289094546030e+00
-9.849566676145126820e+00	-1.048574784269667326e+01
-8.407592771977336454e+00	-4.516930815829122814e+00
-6.541862184605276020e+00	-4.587519124148217387e+00
-8.805098084707427830e+00	-9.174635011262681772e+00
-9.592235215636096157e+00	-1.137038630743642464e+01
-1.050744614433570590e+01	-9.871088312570378775e+00
-5.835676326690655280e+00	-8.392442566743040899e+00
-8.806997663274040988e+00	-1.180200402104829571e+01
-5.110811338094927159e+00	-4.164301592949375852e+00
-6.789946711698629400e+00	-1.367290602529373400e+00
-9.605410250633592995e+00	-5.186349991070716925e+00
-5.174204600385498232e+00	-3.161953242645453521e+00
-6.812655392287465084e+00	-1.029751975971286981e+01
-6.313214886046024432e+00	-7.615303826120739750e+00
-1.093646358214383696e+01	-5.467599272808795874e+00
-3.882869138068309578e+00	-3.584832342428746266e+00
-6.562434084924464450e+00	-4.910387273324485768e+00
-3.782974803142819642e+00	-5.748336416870839294e+00
-7.406549195416345377e+00	-1.644362967712190038e+00
-7.909639445872085339e+00	-1.066972212938788545e+01
-7.934076931680301037e+00	-9.178669460923732260e+00
-7.035027512502226799e+00	-2.610372411076110843e+00
-5.705426948350940997e+00	-7.933106929723811263e+00
-5.948351066091626116e+00	-1.025442052120204828e+01
-5.502399979333040925e+00	-4.147967526112904757e+00
-4.461149362011364694e+00	-1.016424687545580419e+01
-9.374045759978626435e+00	-7.506707882886037630e+00
-5.918031643949349885e+00	-1.387782682978010884e+00
-6.393020785764382374e+00	-2.539345714035960988e+00
-9.883744706143733794e+00	-6.612348216656366517e+00
-8.221186573243757678e+00	-3.231920103785038467e+00
-5.368316598449912824e+00	-6.227182901774848567e+00
-9.593770702655005422e+00	-3.230231917675137066e+00
-6.705357586760083421e+00	-1.043205384593969676e+01
-8.549030014669893873e+00	-3.066198926269693814e+00
-7.265856837637379328e+00	-3.955625921530157019e+00
-1.085591759971739023e+01	-8.256807368284531989e+00
-8.193804484742113203e+00	-7.600933081793508350e+00
-8.158670801755794955e+00	-9.190756013194787855e+00
-6.427594911139263623e+00	-2.196968348250766478e+00
-6.788063585217603446e+00	-3.454835403045336761e+00
-1.117308860257758418e+01	-7.010051046334658587e+00
-7.543740066099285713e+00	-9.275008714978961066e+00
-7.556759753291268922e+00	-3.127793302598033343e+00
-1.036901421679673518e+01	-7.493592142231736197e+00
-6.732746642581713736e+00	-2.069228910596271565e+00
-6.961839231585104315e+00	-1.062796722863720866e+01
-6.821701300856024552e+00	-4.283846281814212453e+00
-8.865168270160660668e+00	-3.632619571726703356e+00
-6.049068412569829967e+00	-1.506581183050247574e+00
-1.057768685507085138e+01	-3.739680161688980764e+00
-9.455799814550077897e+00	-2.247832335769320622e+00
-6.876948404302801521e+00	-2.552074883856929155e+00
-1.156943070191253398e+01	-2.550938927182505811e+00
-1.006827109076844629e+01	-7.222677735804312604e+00
-7.903889210187896808e+00	-3.954661062653378689e+00
-1.016714973496714158e+01	-5.056390664613351404e+00
-8.392893413368133437e+00	-1.193629546336155478e+01
-1.033549288285640699e+01	-9.479163276852732523e+00
-4.766773740933430759e+00	-9.996191860298301535e+00
-7.828182042013229314e+00	-3.323936689104928011e+00
-6.330186034529975636e+00	-9.312020520479679320e+00
-6.648029385864618668e+00	-3.445355136118483763e+00
-1.093772010431615449e+01	-3.630442838593842314e+00
-5.700687638775747246e+00	-2.980321853603687288e+00
-1.150496736040794055e+01	-2.728315682111802865e+00
-8.595664171276437671e+00	-9.880198190755720589e+00
-5.234643062234777489e+00	-5.475216118491794681e+00
-1.196419626642098244e+01	-2.853928930622620985e+00
-8.902421179326768907e+00	-9.620265660155995491e+00
-7.252593491025408845e+00	-3.997103131881309945e+00
-7.746730425317264412e+00	-9.726671153371393430e+00
-5.425650213595692328e+00	-1.079374428280735820e+01
-1.015122319271777762e+01	-1.090727674190959462e+01
-8.613416797845328432e+00	-3.454668736801298934e+00
-1.116974078598556552e+01	-1.160195943654527717e+01
-9.822445698908964573e+00	-9.860889165397619394e+00
-8.539784827421753377e+00	-1.684461090852391152e+00
-6.458421338702823533e+00	-6.966063983364755074e+00
-6.145623053028590910e+00	-4.784144700548699447e+00
-6.545471205647360513e+00	-1.705411264326470056e+00
-7.898165346235951567e+00	-9.929666813165393791e+00
-5.847646435378273111e+00	-4.522321922317363629e+00
-8.019872250700515792e+00	-1.049520190419418775e+01
-1.080676551346862446e+01	-9.053828534482081025e+00
-7.567744595175388334e+00	-9.051048239872313772e+00
-9.454093709015802816e+00	-4.683585806052094291e+00
-8.396637040093617443e+00	-4.810166732338610807e+00
-5.766966640293956559e+00	-4.811328862526993433e+00
-9.223842733355562373e+00	-1.306034218247554834e+00
-3.148191977014313192e+00	-4.645175967912049231e+00
-6.741310804246855248e+00	-7.926648418093694914e+00
-5.828442581199164252e+00	-1.046336178544497031e+01
-1.002404638473968568e+01	-1.274181164926990739e+00
-1.046374034135202180e+01	-8.458007457468401213e+00
-7.777089055376364968e+00	-7.924195553698498706e+00
-4.395693344095902511e+00	-1.347778146086410889e+00
-6.875225241464489656e+00	-1.042349556028193369e+01
-7.290328935795265863e+00	-4.712001760649996207e+00
-7.075084666355243357e+00	-4.611884004110110347e+00
-5.894552423829093613e+00	-4.087014628284885376e+00
-4.613774145225577605e+00	-2.113753825095722849e+00
-4.365732422037555516e+00	-1.665530045884027421e+00
-5.682915189978973380e+00	-2.640839024101868215e+00
-5.372772064913358570e+00	-4.008558737135920147e+00
-7.142471375275202483e+00	-5.924595588441170513e+00
-4.064508955730595119e+00	-4.340101568420361211e+00
-5.360699823687483878e+00	-1.350581728054880859e+00
-1.155981800121302783e+01	-7.115133817031966679e+00
-1.125382605551360449e+01	-3.145989418015359806e+00
-1.032339468898101664e+01	-2.756012324849127726e+00
-1.013569288145029645e+01	-2.805483894356811891e+00
-7.637087237122353933e+00	-1.098434172263781683e+01
-9.041852562472039168e+00	-9.215412954804902412e+00
-8.985953188269956371e+00	-2.971236979904703368e+00
-7.276143366306039084e+00	-1.047233600252229913e+01
-7.675947742040328592e+00	-2.800252851402360132e+00
-7.652145644983940898e+00	-6.813544618571357070e+00
-6.983326707724073046e+00	-8.193405764217180476e+00
-9.750407227303115931e+00	-1.278877502461913895e+00
-6.450981384123863016e+00	-8.594219538952652115e+00
-1.064361516379061889e+01	-8.133361344812470861e+00
-8.653492130775552127e+00	-6.345874585304505544e+00
-1.085790615198468956e+01	-3.800968961916565192e+00
-7.873654013942313235e+00	-6.719265490690022880e+00
-8.562970372970436728e+00	-9.265003974022707922e+00
-9.157174180495740501e+00	-9.759215298760276269e+00
-7.698358198849898137e+00	-5.230395845979948888e+00
-8.679916276869372282e+00	-6.675321457469299169e+00
-1.168668643041585042e+01	-9.453790414135646358e+00
-7.734294464042152484e+00	-9.155532382855874118e+00
-6.460750378234237701e+00	-2.929798721255555627e+00
-5.083977493619761034e+00	-4.605627622012307576e+00
-6.868457438419794947e+00	-2.198628307488478928e+00
-8.221389939611475128e+00	-3.106404854397362580e+00
-1.002867492223111512e+01	-5.353003188718239436e+00
-6.121545816460256084e+00	-2.253735029162910575e+00
-8.408497482600049366e+00	-8.631085758411819242e+00
-9.391752362032850243e+00	-9.577627858436169817e+00
-1.122363271649920868e+01	-2.198670883575470025e+00
-1.111912132647854357e+01	-8.584973676154824318e+00
-1.104877121348273405e+01	-1.173470728529438389e+01
-1.006305941992278363e+01	-3.043686910396224299e+00
-8.298778709405521425e+00	-9.998460640613684447e+00
-7.005248825817266933e+00	-1.131982457804115860e+01
-1.098234240659794558e+01	-4.325328561808430727e+00
-1.145607645787195139e+01	-3.670091383705039512e+00
-1.040319549406733124e+01	-5.252872991123112456e+00
-1.050807167656485319e+01	-8.734440038514103222e+00
-7.262423442433849630e+00	-9.327651732774302928e+00
-9.685667085141792754e+00	-5.332209693941358353e+00
-5.548535338052968058e+00	-8.832344264271029033e+00
-1.066560104791520658e+01	-5.720402317116431767e+00
-8.094923079688307155e+00	-2.030392914276748062e+00
-9.124523901455379615e+00	-9.890254969726855805e+00
-7.347790055129356013e+00	-2.773578156113177151e+00
-3.649932087605888498e+00	-7.802258661374441573e+00
-1.061697029892850175e+01	-5.976642138105876079e+00
-7.173159442865379987e+00	-1.364733526640407923e+00
-5.372901147217240769e+00	-9.020391703589350385e+00
-4.847589652045953379e+00	-2.242093863769683448e+00
-1.076116360115647375e+01	-1.119545428970163492e+01
-1.015994029547806221e+01	-5.263177364342006115e+00
-7.945441811119662745e+00	-3.530993711140386182e+00
-1.029070943215257650e+01	-7.559450295723708635e+00
-9.024591288182604032e+00	-4.106195760945421824e+00
-1.124631905906123386e+01	-1.267627856042643941e+00
-1.132280248508326181e+01	-5.167682709153806897e+00
-5.970715383315820191e+00	-1.142040075434255009e+01
-1.012812709299481284e+01	-2.890890679830987242e+00
-5.719349491965113330e+00	-6.019509988820406221e+00
-1.115232378284118475e+01	-6.630976390290781453e+00
-7.240246812556030420e+00	-6.672111687911459477e+00
-7.064078015275943478e+00	-1.067803122114869474e+01
-1.151558414050436951e+01	-1.113875976506385257e+01
-6.336147522357392425e+00	-1.424425415723858279e+00
-6.679922189938990229e+00	-5.244198145709034087e+00
-7.623153899638682063e+00	-5.432595830538783588e+00
-5.081229628819619926e+00	-5.667036453897647874e+00
-5.370139739073853669e+00	-1.528954227899902207e+00
-8.539087931871891968e+00	-9.065994810606049725e+00
-6.030283771150640959e+00	-3.821556856001956604e+00
-1.045084045720831512e+01	-7.020604139179915215e+00
-6.731551836638073993e+00	-5.319662863209644321e+00
-8.099019974487866591e+00	-9.420400860719123415e+00
-9.932553891825396164e+00	-5.276970600220608709e+00
-9.449546920557557073e+00	-4.876116618660330637e+00
-9.573618324848652605e+00	-2.081529644831717096e+00
-1.011059249195187526e+01	-4.741789019839872665e+00
-9.104073190450597153e+00	-7.164512402056613105e+00
-8.696651993438875294e+00	-1.043872931855679020e+01
-9.961871134105519943e+00	-1.000318135178042844e+01
-4.410640928473426925e+00	-6.013989421521207746e+00
-4.964464853132895428e+00	-8.899870000453628194e+00
-4.451532642501724091e+00	-5.999534042481958096e+00
-5.300174104782589879e+00	-8.027701917315628322e+00
-7.044466505851826987e+00	-9.313869394924633838e+00
-7.113164572517706397e+00	-5.052639750473696623e+00
-9.374737330825857029e+00	-1.058822483163530670e+01
-1.072248241706509830e+01	-3.513717332350056566e+00
-1.092459106882563447e+01	-9.472496503279076663e+00
-7.755459598364232043e+00	-7.783372131324903798e+00
-9.014169538350927269e+00	-3.173861929623648326e+00
-7.076499904408283470e+00	-1.146830239150580510e+01
-8.641731390552239489e+00	-6.066642546382543522e+00
-9.247799410248509488e+00	-7.295243076900642443e+00
-5.887569480032166069e+00	-1.096368515213092110e+01
-1.074807353681362265e+01	-1.019701405736199540e+01
-1.009600981856731039e+01	-7.214284720641559900e+00
-7.783207369614712157e+00	-8.733036947091523672e+00
-6.015940313523567617e+00	-1.001865455551929251e+01
-9.342455227223650738e+00	-9.265734899637159572e+00
-7.572274121267689395e+00	-8.000521186957488595e+00
-3.894110216995483764e+00	-4.099892986679839701e+00
-9.840123853044811852e+00	-4.926777708825360591e+00
-5.728401089724888706e+00	-9.657576661258282513e+00
-7.803612000330738319e+00	-4.925252849868043015e+00
-5.908512759203921050e+00	-1.184838271332180781e+01
-7.187434437801014653e+00	-6.132449703355257853e+00
-6.752134231805450248e+00	-5.662060858925223705e+00
-8.351419651265189259e+00	-1.164053103182227566e+01
-5.449311625644008394e+00	-1.005572904657650746e+01
-1.166912762567648265e+01	-1.569536326240655422e+00
-7.830313964041507369e+00	-3.972515350310032556e+00
-6.988345291695844175e+00	-7.150554195214391839e+00
-8.613251310638689873e+00	-2.886831399742171289e+00
-1.040985026102329947e+01	-6.177333803409641000e+00
-8.229701533632997723e+00	-8.147440676884473376e+00
-8.595549564883494753e+00	-1.094805574807600657e+01
-7.327269818807457646e+00	-6.549899267513501933e+00
-6.459971640664043058e+00	-6.916847851972144134e+00
-7.047027865257227575e+00	-9.860461205590752343e+00
-8.223151694688384694e+00	-6.214766444780533305e+00
-9.253248267503291657e+00	-1.158428085929079110e+01
-9.218054512537444012e+00	-5.631162686142714868e+00
-8.054938762687379850e+00	-1.065458865318515258e+01
-5.788136320117104106e+00	-3.704792814831354253e+00
-9.750094179883959100e+00	-3.757444227597965369e+00
-7.966542711451914727e+00	-3.923396080058582314e+00
-8.331196560208560697e+00	-7.925296117854625955e+00
-8.673466090369588599e+00	-9.322362878748105430e+00
-1.022473998971153364e+01	-7.374505833749854133e+00
-7.891489933542763069e+00	-1.075465768568349567e+01
-1.083363127168819062e+01	-9.704738465991985308e+00
-1.083312797372671810e+01	-3.670186523998505201e+00
-4.208482334517928081e+00	-3.835802627699035572e+00
-1.057926238415652165e+01	-3.828440905140890749e+00
-6.536961219665004208e+00	-6.573094286032053368e+00
-6.453917682123302413e+00	-6.446982686433749166e+00
-9.937483311123060048e+00	-4.355215230494832390e+00
-1.042188274988045293e+01	-7.692921538096813006e-01
-1.028384957326239224e+01	-9.522048452425069698e+00
-1.038861958722706902e+01	-2.841046942724111180e+00
-6.766522029582702658e+00	-7.060719897887977936e+00
-9.209272783575743304e+00	-6.899286416272253142e+00
-6.211634042886609031e+00	-7.487224336136166336e+00
-9.226954963945408039e+00	-1.453918985819173226e+00
-1.193180506431832377e+01	-4.836715705132913712e+00
-1.194826421520492588e+01	-7.921016185810687560e+00
-5.803399534840846918e+00	-6.096100806303516251e+00
-1.047481952374157821e+01	-6.414204830954054692e+00
-1.018766594486794297e+01	-4.830719674154767773e+00
-3.421198879006421834e+00	-4.737647053867950930e+00
-9.410120935847405832e+00	-2.533563401279684602e+00
-5.849631673029557888e+00	-1.287272930259023340e+00
-5.691337186551861826e+00	-3.163802370493386196e+00
-6.710472914931746580e+00	-5.540054318230803077e+00
-8.223987433480134612e+00	-4.737740204289866419e+00
-7.151562634368437976e+00	-8.113765294326569233e+00
-1.000967716271174446e+01	-1.493361329290119777e+00
-8.519581257176618294e+00	-5.377119563548245829e+00
-1.109736403603349331e+01	-3.219898763144086296e+00
-8.911855839960233894e+00	-8.264264125037833253e+00
-5.231661090239007272e+00	-9.133314822391151111e+00
-7.851247964159861148e+00	-1.630055035036432898e+00
-6.262894290012724241e+00	-7.516007613083071526e+00
-4.505365950059795566e+00	-1.510941296345741147e+00
-5.306839731010361660e+00	-1.128810524604673660e+01
-5.393442317840049682e+00	-3.745606785732722877e+00
-9.137115898842573358e+00	-8.052207152347676811e+00
-7.346454175415665588e+00	-1.012350049218396641e+01
-4.384220248224290906e+00	-3.753706753466361512e+00
-1.162513793664497008e+01	-2.928769541508105423e+00
-3.458217749018920983e+00	-7.510229477521668251e+00
-1.124291628140149868e+01	-5.350519477229122245e+00
-1.001054222702907737e+01	-5.139816508705419729e+00
-1.156316511768685196e+01	-1.085194436925559636e+01
-5.097213371754516054e+00	-9.540477416398532640e+00
-9.728119398761958081e+00	-1.338742680171989052e+00
-1.181872466475579309e+01	-8.532862259051945841e+00
-6.926330273091562795e+00	-2.012121127422606293e+00
-4.570249348764630071e+00	-7.878985385259275276e+00
-9.538892821801965738e+00	-2.115250932764695779e+00
-5.918163707984922972e+00	-4.585303569890463393e+00
-6.655812297892770069e+00	-3.538577942667096909e+00
-1.080969517219571507e+01	-2.628065551516747256e+00
-6.537617186939858271e+00	-9.416363337984705595e+00
-1.099843875796230641e+01	-1.174259114666014803e+01
-7.047071237756612483e+00	-5.870215699053266789e+00
-5.712817684260595108e+00	-8.220440659003832806e+00
-7.035277660902370833e+00	-2.817593709393690915e+00
-1.042155766633605296e+01	-9.717666409101770597e+00
-9.571384086134967717e+00	-3.036511624216985616e+00
-1.088482830617599539e+01	-1.380600337962866853e+00
-7.632489056393942484e+00	-8.599546780346287278e+00
-9.837279925652998358e+00	-3.581326350438058803e+00
-4.637428622064612149e+00	-4.866072440758626882e+00
-6.325341385519918980e+00	-4.621213436505100525e+00
-5.861121211767703620e+00	-3.123738105150071220e+00
-4.230875464139240094e+00	-1.006239465257163879e+01
-7.997519443854021581e+00	-1.458250274170838523e+00
-9.044742607355136244e+00	-4.452433969652528134e+00
-1.188609643576713104e+01	-4.902690496757675653e+00
-7.523683774914833755e+00	-4.636791013531482264e+00
-7.723426344411712385e+00	-1.217444371255581137e+00
-1.066406273717995212e+01	-3.603530587309579314e+00
-5.553625875785529686e+00	-8.347769017570371375e+00
-1.153114001719969828e+01	-3.482481490493248177e+00
-5.641392105538978186e+00	-5.375306112202458131e+00
-6.217425398123229030e+00	-1.012758634738222696e+01
-1.024573937144589841e+01	-9.049304122411664153e+00
-1.022950559443209073e+01	-1.886582193007585673e+00
-5.766446930490503497e+00	-6.044978281975906143e+00
-6.078134471781893033e+00	-8.216168282117603638e+00
-5.209080604859172681e+00	-8.313955348588109473e+00
-5.116308347981422422e+00	-8.518712363040995328e+00
-6.512403551598240803e+00	-1.674782038306906751e+00
-6.453542401457831090e+00	-2.221666939654268536e+00
-7.946262656467522945e+00	-2.865239167247553898e+00
-8.150489740432879771e+00	-2.247263271135648388e+00
-1.051111462029208177e+01	-3.885620527405961866e+00
-1.069310120439844347e+01	-8.895542082076479673e+00
-7.945830373787399203e+00	-9.093635465525396810e+00
-1.082089354236402734e+01	-4.392762268599020636e+00
-6.172592747275787772e+00	-6.909977206404374961e+00
-6.112076769266045595e+00	-1.043337662875903149e+01
-5.489638226483221750e+00	-4.415848400176947131e+00
-7.142412864951333873e+00	-1.100394399843261084e+01
-7.745237256185307118e+00	-1.051304033718118269e+01
-8.337966133017477688e+00	-4.512868256079956453e+00
-1.076174849348865337e+01	-1.147839653721408482e+01
-1.053580425362494566e+01	-9.735884558700746538e+00
-9.192225505950702313e+00	-1.685771257559524727e+00
-7.168333264806817873e+00	-6.772044824844762445e+00
-6.755051876964970781e+00	-2.681926488265786279e+00
-4.585563595675787418e+00	-9.674599767973429465e+00
-1.149200184024324756e+01	-5.314098956981371025e+00
-9.151398664297245134e+00	-9.085733530428017346e+00
-1.190717884858867848e+01	-7.258145345077128496e+00
-7.631119573364713027e+00	-3.224018469783069829e+00
-1.032271617974326539e+01	-1.145230434745243109e+01
-8.305370930087921266e+00	-1.747344243059692381e+00
-9.576696759039229789e+00	-3.010705761416649917e+00
-9.108726161100097585e+00	-3.342838603930675223e+00
-8.209487788917767759e+00	-4.721910442473566505e+00
-4.849603955052861792e+00	-5.743413816432633823e+00
-7.898847506622733938e+00	-1.002240032305713946e+01
-7.010878285996185788e+00	-1.033180928556758005e+01
-6.818057042176949523e+00	-7.256969244984308176e+00
-1.065617823678661402e+01	-7.684458241684469115e+00
-6.446717658748227109e+00	-3.650679946778968343e+00
-9.368400357944205226e+00	-9.273613491717737745e+00
-7.758461865083869036e+00	-1.230019919513421822e+00
-7.761533134070130124e+00	-9.137121017253852173e+00
-5.732956265985071020e+00	-5.528943291560932671e+00
-6.558344603120627170e+00	-8.401120161976377787e+00
-1.020241616231423976e+01	-1.068323917274707213e+01
-6.716630654217359719e+00	-2.705307691200925291e+00
-8.105281664723927193e+00	-5.683605141217330292e+00
-5.488966875357970565e+00	-3.775243712764301485e+00
-6.744560009713453930e+00	-4.637394854673464906e+00
-6.601855195024374900e+00	-8.973159439828446438e+00
-5.522087471055106001e+00	-2.258953676842188063e+00
-6.034521769117283441e+00	-4.336450237764537086e+00
-9.922218459099832799e+00	-3.882649306261766853e+00
-8.645986205490267196e+00	-2.640579895228686524e+00
-4.444439150609079014e+00	-4.537489182462860704e+00
-8.953027427527640469e+00	-8.010471985585871479e+00
-1.196596730107174977e+01	-5.744670120222715504e+00
-4.815125601834449043e+00	-5.122895480016665282e+00
-5.121113594901963495e+00	-6.762363402312239202e+00
-6.181546045990327087e+00	-9.061071516358888189e+00
-7.126660896044281657e+00	-4.454164772438637065e+00
-7.592646763556138545e+00	-8.162139865322322052e+00
-8.090177230027370214e+00	-8.482835278256507294e+00
-1.049185149180923204e+01	-3.377442343482461862e+00
-6.496735589969979685e+00	-9.210654368227226385e+00
-7.832417760641289917e+00	-1.177357819571891362e+01
-1.149867422582308230e+01	-1.489270690250639406e+00
-4.463827175050174567e+00	-8.242364790523133422e+00
-9.344243628266324819e+00	-9.266009235803839061e+00
-1.127851724095060248e+01	-8.957659767888607405e+00
-1.119824772411802094e+01	-1.040534545563481572e+01
-9.301513576440500586e+00	-9.935023529050550195e+00
-9.076913897261553288e+00	-9.045123461595931502e+00
-7.689716185782181412e+00	-7.845980680097073723e+00
-7.090890600584626391e+00	-9.643425987986617542e+00
-1.159716030079393967e+01	-6.664358703262443839e+00
-6.118594493594285311e+00	-1.380814579685108345e+00
-4.254604021906709832e+00	-6.214711999140801524e+00
-3.638264728286232152e+00	-5.686034075735292070e+00
-8.717197927822493142e+00	-4.042976524760596213e+00
-3.785288968386000263e+00	-1.183133915602739705e+01
-8.007076879656521484e+00	-7.535718756035520549e+00
-6.967312544405127817e+00	-7.700367896873397733e+00
-8.547540542628430771e+00	-8.538815609758046321e+00
-5.247797787042615347e+00	-1.131705456025223455e+01
-5.443863143359505052e+00	-4.986093511307303494e+00
-5.454566506851605823e+00	-2.974055166277148832e+00
-4.578806813364948880e+00	-2.970823398924393288e+00
-9.245021756379154354e+00	-7.711798884059682280e+00
-4.908096770186977764e+00	-8.305586530545228996e+00
-1.056989066007988320e+01	-9.346999353227074536e+00
-7.195240628867342281e+00	-6.477210676508132536e+00
-7.378407713026519765e+00	-7.522251446973259981e+00
-6.999563098808065043e+00	-6.833250406483345252e+00
-4.864853167247060739e+00	-1.981946787522401499e+00
-5.637154760575214141e+00	-4.510887732133144645e+00
-5.373810522637310072e+00	-8.349895750206750122e+00
-7.780718440725958196e+00	-1.191715392338564961e+01
-7.748193438910729647e+00	-9.869950301278217708e+00
-5.225554508526444764e+00	-1.095247592011984672e+01
-5.407199240163347298e+00	-7.316021726927600888e+00
-9.080693550366827793e+00	-1.088384848969742613e+01
-9.262765890608788411e+00	-2.613711540860701454e+00
-9.009768458400875701e+00	-7.507265491098465304e+00
-7.296427062205053105e+00	-2.291497865586968441e+00
-7.091578493024324636e+00	-8.852275943337275521e+00
-1.026283426132192211e+01	-5.625988535170127314e+00
-9.627071697200896949e+00	-6.519628797948426424e+00
-1.014280882651996585e+01	-4.919786438630229242e+00
-7.101835421409391280e+00	-1.032404640289915143e+01
-8.651682655041684100e+00	-6.726813458140390445e+00
-7.085035082689955743e+00	-6.391588304048618774e+00
-9.162890679083648848e+00	-9.477675697491243056e+00
-3.550747723364879871e+00	-1.113741280928701727e+01
-1.082021237674118019e+01	-2.186946287931770705e+00
-7.836076805796736267e+00	-3.655706099154393929e+00
-6.054851484499773839e+00	-9.534918293338490614e+00
-6.135665542973350206e+00	-5.364997721245559958e+00
-7.858364787698362441e+00	-2.276922076728983946e+00
-9.018547994820018232e+00	-7.547258188976663895e+00
-1.074181991070481423e+01	-1.057756983009553586e+01
-1.124377507228665252e+01	-1.063550979653495965e+01
-4.198346920296611273e+00	-7.167731738084391679e+00
-1.099353414932008910e+01	-7.147309122746305476e+00
-8.636289921839610528e+00	-1.182941786131705442e+01
-1.106741642069607856e+01	-3.483142150360965417e+00
-1.067683581754325317e+01	-2.103785820657036787e+00
-8.056375859207481227e+00	-7.496813780166335484e+00
-9.934945646741455860e+00	-2.557804332410166026e+00
-7.499712857050844228e+00	-3.201301086025952980e+00
-5.456615397666554124e+00	-8.586096715290022274e+00
-1.057692461185142818e+01	-6.322467348672015319e+00
-9.226086522854489047e+00	-1.124188766940979889e+01
-5.848839788196323219e+00	-1.102983578086724759e+00
-1.054454153889358814e+01	-5.639115827573840889e+00
-1.008444862592158842e+01	-9.166432987268619215e+00
-9.433160782536065270e+00	-7.567824556610694309e+00
-8.891054266692293595e+00	-7.190057915300191560e+00
-1.153215200552750375e+01	-9.494106044204055905e+00
-8.152046864741697263e+00	-1.578640461784086568e+00
-5.307631543052814038e+00	-1.943049748441024072e+00
-4.818923256789659604e+00	-2.761208403608252038e+00
-1.008027168263304141e+01	-8.775078851898575616e-01
-6.357451688925090494e+00	-6.526765727409787665e+00
-8.567420361585645239e+00	-8.163345528791005279e+00
-7.389339696817359915e+00	-3.133970089782847968e+00
-7.909741246451478247e+00	-5.807015606933410901e+00
-6.393282420140069533e+00	-6.294608917690821315e+00
-1.106401795877219563e+01	-5.755498760702643324e+00
-6.704423788149735941e+00	-3.376296882577388470e+00
-7.144812269009984007e+00	-7.728288431558968163e+00
-8.931529581398898188e+00	-1.610957079070477471e+00
-7.000039330320086961e+00	-1.060863267853940073e+01
-1.081765348349698463e+01	-4.795063539020788745e+00
-3.868218966681328475e+00	-8.051039615820139161e+00
-9.138708704243853731e+00	-9.316057463301705255e+00
-5.815339272618630595e+00	-2.627748254962229968e+00
-5.230535851519325874e+00	-4.957182004699539846e+00
-1.041688258957946900e+01	-4.181161301843353328e+00
-8.222102895517826582e+00	-9.390861269742456940e+00
-9.980153943781516546e+00	-7.385448696801010016e+00
-5.163596798894484863e+00	-7.113763455053941698e+00
-1.185271306478128750e+01	-9.205583663457872490e+00
-8.996056532312044496e+00	-1.046897850789218332e+01
-1.006980254490447990e+01	-2.687470620222569107e+00
-9.274065792475861159e+00	-3.824799739557433131e+00
-9.002910701931511994e+00	-1.054015625059023797e+01
-8.350636313849392423e+00	-1.577572840857175196e+00
-7.207359228711101018e+00	-1.081726364619996694e+01
-7.220936354488717512e+00	-2.207733843996603884e+00
-4.963607615209018498e+00	-2.024976347399650045e+00
-4.611426399899716699e+00	-5.262447225171478671e+00
-5.564742145962930486e+00	-9.238528468151740114e+00
-3.705760282172555709e+00	-2.057807946367566032e+00
-4.505100553913155892e+00	-9.545729991332903452e+00
-1.117695390774689024e+01	-5.019874848565365255e+00
-8.995042814561424294e+00	-2.671978572458124646e+00
-9.928321928948083297e+00	-2.249656625737467053e+00
-7.465923653846593844e+00	-3.508179165626502005e+00
-5.598101127871250249e+00	-9.850877675061223471e+00
-4.358496959129578130e+00	-9.782854984627014971e+00
-1.164051804714399374e+01	-3.703064690712693174e+00
-8.044885740912929961e+00	-4.670679883513676245e+00
-1.071027149794707434e+01	-3.704932198191289494e+00
-6.722950870393916922e+00	-1.726829622842204426e+00
-9.377261417051419912e+00	-5.304892839116631009e+00
-1.183741857219640536e+01	-2.390059747129065215e+00
-8.562790513800008441e+00	-7.883129074399047198e+00
-6.877695896789496111e+00	-1.083496537518321823e+01
-9.436529070578325573e+00	-6.635994135335537614e+00
-7.835107550159342793e+00	-6.193950410403528117e+00
-1.094442774579684752e+01	-1.115873092960181268e+01
-7.677994362798310490e+00	-3.088746288390969319e+00
-7.909470870352521388e+00	-5.349694524072617696e+00
-5.438471143041338607e+00	-4.093679629030736677e+00
-9.747456613045253349e+00	-5.533594542072011180e+00
-1.142865120141006408e+01	-8.711737925178365316e+00
-4.489411530737694278e+00	-4.200611971882116435e+00
-1.142682948216539174e+01	-6.716622799865228366e+00
-4.457468286302516347e+00	-6.513486094990039277e+00
-9.196158792642513902e+00	-1.147827432935465453e+01
-7.349859094841180607e+00	-7.593429267170667352e+00
-4.791360245489390657e+00	-1.068801695272810370e+01
-8.532666316641588367e+00	-2.467630342802982657e+00
-9.076266905426029652e+00	-7.424023469166368905e+00
-9.999896169503379895e+00	-5.387188056858442486e+00
-7.108911814870994661e+00	-8.957419799777118996e+00
-5.965994586578250214e+00	-1.101548585976047612e+01
-5.591445241523210541e+00	-6.491030158206453571e+00
-9.627638823553141378e+00	-6.901827559918952026e+00
-7.225301752105095510e+00	-8.604147565324181457e+00
-5.999647304682030224e+00	-9.866188890287055813e+00
-1.099053915528659076e+01	-5.566531548549924935e+00
-6.618624518404571333e+00	-7.337863856935443074e+00
-6.433681396327807001e+00	-4.863869935533611688e+00
-5.531326218952179907e+00	-4.259667005585558108e+00
-1.027734167009773891e+01	-3.373532878058825180e+00
-5.246256748650190538e+00	-5.487055761325406955e+00
-8.310384409592698418e+00	-1.091127477176813798e+01
-7.987710479202152491e+00	-1.836791566859778735e+00
-7.299493752920471756e+00	-5.904097139640430925e+00
-1.119373092524492996e+01	-4.191171500960837903e+00
-9.957879001370338656e+00	-6.421087825183899866e+00
-4.095391934001063383e+00	-5.922758882492215271e+00
-6.917419083898518117e+00	-2.340115185302845902e+00
-8.980945315756185821e+00	-9.411495445608712984e+00
-9.096380206054547557e+00	-5.143622840824668252e+00
-6.380012364311527406e+00	-1.046548122440919038e+01
-9.564132702077072778e+00	-6.302716801031051475e+00
-1.019692340627127969e+01	-1.694707138986702111e+00
-3.596655964357969637e+00	-5.419330286145949138e+00
-1.128613864829238267e+01	-3.439644773832182700e+00
-4.904249568131660908e+00	-5.888910484240718723e+00
-5.045365086885485795e+00	-1.780861847803839160e+00
-6.988722089131319315e+00	-9.072128068287192093e+00
-7.615786502004263880e+00	-2.979686563492802698e+00
-1.050822391824864432e+01	-9.188734371244951404e+00
-1.005182422902810480e+01	-2.468265880657502631e+00
-6.843011136619723267e+00	-4.919754839337583618e+00
-9.166086209748479874e+00	-1.109026439612970449e+01
-4.987327432625929369e+00	-1.660342136433106575e+00
-9.863652425529352286e+00	-8.266909188824316246e+00
-5.697916461658234510e+00	-7.376206357561336802e-01
-7.863602185126449484e+00	-5.788480914284922285e+00
-3.816212851038304432e+00	-5.004406271201300882e+00
-9.371234621511483454e+00	-3.952421117212801871e+00
-1.005484651539373786e+01	-6.434531931968748175e+00
-9.708678033851606770e+00	-4.181010354827932041e+00
-5.198467348424135714e+00	-9.858635053536641379e+00
-1.138622917197753104e+01	-5.782992449593083784e+00
-9.218962761521257931e+00	-1.181167252551922608e+01
-9.985993344662276172e+00	-2.506550911583395713e+00
-3.323839293089462021e+00	-4.241186183299539003e+00
-1.010594529978552458e+01	-5.137846077552731927e+00
-4.648816874192229776e+00	-9.507895068365213476e+00
-9.117996649280998511e+00	-1.146114430659090644e+01
-9.515696355473648893e+00	-5.247142576129188996e+00
-8.705727109251830242e+00	-3.456517812931325206e+00
-1.097367702275583312e+01	-7.980484660915230677e+00
-8.970234913138979138e+00	-4.863159488645911743e+00
-8.632543995573794149e+00	-1.157852811261180648e+01
-4.767591942807815286e+00	-8.561384458561306587e+00
-3.284501457749458453e+00	-1.057639100462091974e+01
-4.082086551922003537e+00	-7.847311558699541223e+00
-5.336942935598065318e+00	-1.769567078604025623e+00
-6.089132340877541516e+00	-2.693928640971439137e+00
-4.867575796218348572e+00	-9.155419934906115387e+00
-8.741725600751857783e+00	-3.923567956640944931e+00
-7.035597266631221203e+00	-9.927194038548991628e+00
-9.546411423138737362e+00	-3.499448681856890619e+00
-1.056386115034097095e+01	-2.797173663984414915e+00
-5.784206864931335623e+00	-1.062737483209108902e+01
-1.048123704279038471e+01	-4.667762886323673754e+00
-8.253695442859228848e+00	-3.057012883361926558e+00
-7.157145454140821705e+00	-3.525678412752247581e+00
-8.224311860936159846e+00	-8.897992901385457287e+00
-8.213617505804229779e+00	-2.624806986621132765e+00
-8.401688344549839371e+00	-2.240303274005554179e+00
-1.077100055243772836e+01	-2.630877051897010155e+00
-6.699302887606811474e+00	-6.477496938110476776e+00
-6.502838515177829848e+00	-2.156332360281595140e+00
-6.464223291295133400e+00	-3.183550202779336313e+00
-9.577843689444113906e+00	-7.022930534982744000e+00
-5.946460501322238024e+00	-1.210037731774275427e+00
-7.458167476777669336e+00	-2.153619502370611727e+00
-4.085952477168157237e+00	-6.236772354274105368e+00
-1.182688084686097341e+01	-1.034438093689698235e+01
-9.946307241864570159e+00	-3.711542377699122763e+00
-7.560035359697995005e+00	-6.142864205303143699e+00
-5.025745558580823946e+00	-6.166525735027007293e+00
-6.294536375648416282e+00	-9.836399453313177332e+00
-5.779094485319797414e+00	-9.044381900306683875e+00
-6.571368053282690802e+00	-4.867299069113607324e+00
-5.830700704746327290e+00	-1.182984563663264099e+00
-1.170830107845350021e+01	-5.368274287517282417e+00
-5.560436284479895797e+00	-5.702855912295140328e+00
-5.163538122691104348e+00	-6.371887521975020618e+00
-6.270558637598957041e+00	-1.014023907542342151e+01
-4.279117465257148645e+00	-1.906353372026819981e+00
-4.599269557320636359e+00	-3.586099788358476204e+00
-7.696860665031808324e+00	-1.052332204680230099e+01
-6.936266385947356561e+00	-8.721405656866064504e+00
-8.935575447530629489e+00	-4.398605016479735674e+00
-4.826078360960728730e+00	-6.649204611541088106e+00
-9.583955482119444369e+00	-8.752346935194795563e+00
-1.193133050583911725e+01	-1.084691607202172570e+01
-6.250982423143367050e+00	-1.274660507806916865e+00
-1.001198026128751906e+01	-2.542606025889795784e+00
-1.025354625649314322e+01	-9.282925148113912783e+00
-8.123794561194822350e+00	-4.884309813777828246e+00
-7.970044778836192556e+00	-3.962972443053519811e+00
-4.868514875143120868e+00	-4.050773811235785615e+00
-9.020826433277541412e+00	-3.484018554158143210e+00
-8.467495487411508037e+00	-6.881290283252649687e+00
-9.055451780978094334e+00	-3.478681156021043108e+00
-7.676193542349360577e+00	-3.688278939747781759e+00
-8.944218945266520393e+00	-3.081651760512061689e+00
-1.117941277894350804e+01	-8.986036257108912295e+00
-7.925646767957329253e+00	-1.098065898346876956e+01
-1.058440827175240528e+01	-6.314942626534365111e+00
-8.871521595791667991e+00	-2.050006581648398551e+00
-1.030195788189880091e+01	-3.121693886676895513e+00
-7.820970857840585211e+00	-7.441890481677169156e+00
-8.644135162745801182e+00	-3.513967264841961313e+00
-8.064047451836824365e+00	-1.917115694693204420e+00
-7.373884955207430814e+00	-9.191214482192796353e+00
-6.024759040421423961e+00	-1.098336355670048947e+00
-7.375158452160001765e+00	-5.897302862428041692e+00
-1.058378069668702537e+01	-7.973019838469630471e+00
-5.384380082306491566e+00	-9.438252057576278276e+00
-1.146748417749090088e+01	-7.648155167388359210e+00
-7.893337043046668278e+00	-4.063615592322853409e+00
-1.160012056494740840e+01	-4.621529282359569279e+00
-7.914594555577695090e+00	-9.089938658731801624e+00
-5.316862282609473134e+00	-3.016984406164536558e+00
-9.943686002653032929e+00	-1.059533923048243231e+01
-5.439216071958916210e+00	-1.088532696670919186e+01
-5.690548966428910838e+00	-1.842084674680297685e+00
-6.707923360761935072e+00	-6.892188258815709290e+00
-4.098248060544134042e+00	-1.102628084966665867e+01
-7.719383148184275178e+00	-1.886167035268309755e+00
-8.320759786209150022e+00	-4.923146496408552508e+00
-8.052121919015258200e+00	-8.489408364179078959e+00
-9.324928412765149943e+00	-9.136589737943577205e+00
-6.299180272205060049e+00	-8.066165385390936748e+00
-1.018205223882463173e+01	-8.457679778968870465e+00
-4.720531377329439060e+00	-1.131997056732060436e+01
-6.028061613704599253e+00	-2.505645431218478159e+00
-3.889504068371900214e+00	-1.004466783769649041e+01
-6.528141092024005943e+00	-1.156557743841513641e+01
-8.112661228547427328e+00	-2.837532879150653997e+00
-6.451438558777089938e+00	-8.986429398416024839e+00
-5.881418722132535137e+00	-1.162704366867504646e+01
-8.865274264067828369e+00	-7.204555797855710431e+00
-5.594704278531255959e+00	-5.272666936055770748e+00
-9.778488336016566862e+00	-1.314057703485923545e+00
-6.500724865818774845e+00	-3.582062849095009938e+00
-6.324990552957827639e+00	-7.969712021130347601e+00
-4.239439090146520428e+00	-1.038138006485492149e+00
-6.534415295120103551e+00	-4.463976197969753201e+00
-1.054902358627051484e+01	-3.906648965029788201e+00
-9.389358340073213682e+00	-4.604726065735524010e+00
-8.983880092733780742e+00	-1.208145523595147486e+00
-8.070710472815431302e+00	-3.333213117078447141e+00
-9.218672487769195456e+00	-1.398797722255354259e+00
-5.469707551074256102e+00	-8.771643758700928828e+00
-3.497753051149379289e+00	-5.963691890465948831e+00
-5.773641545135950182e+00	-2.690070973082489214e+00
-7.624784560484986429e+00	-4.924948533272834439e+00
-6.631696638605633076e+00	-1.283874165981848670e+00
-1.145513041021261635e+01	-6.778935648022525129e+00
-9.300334754779601809e+00	-9.185184405956082543e+00
-1.156312450699651428e+01	-3.363025462849163816e+00
-6.460182696563578020e+00	-5.980063076512036169e+00
-1.186652602100999587e+01	-2.898418138716645664e+00
-7.018270132869790068e+00	-9.754002619598862722e+00
-9.571806721716415112e+00	-2.251225380041387503e+00
-1.104499967480137634e+01	-8.562919221203898701e+00
-1.172032739044165162e+01	-1.029933820829015190e+01
-6.815211403626137532e+00	-8.409743416113801828e+00
-9.535699444529530666e+00	-5.519286226135182716e+00
-1.071270926465511941e+01	-1.079885378964867293e+01
-7.231426712935694390e+00	-1.313746705815367122e+00
-6.950433105631511843e+00	-9.779748618765180979e+00
-6.567133435480412729e+00	-6.630321123205491496e+00
-4.302621697990844041e+00	-4.274731060670377225e+00
-9.007595142268138844e+00	-7.135730413669529426e+00
-3.773896310030801171e+00	-6.877686330678409732e+00
-1.027285507539093246e+01	-9.032864713388221389e+00
-1.027574556725638821e+01	-8.926634014657505389e+00
-9.520079472918638430e+00	-5.062342734564522218e+00
-6.816700953326456869e+00	-6.533004214143089960e+00
-9.432883606781279795e+00	-5.723267530079723109e+00
-5.707689483629244442e+00	-8.667445752423905247e+00
-9.493982966793668155e+00	-1.243397960342648600e+00
-6.950758100868653422e+00	-1.064343728139765055e+01
-6.592217699072148385e+00	-6.307152237425226460e+00
-5.747211165804912092e+00	-1.087936921578672056e+01
-1.117312451595666545e+01	-1.589699762466167288e+00
-1.115062984405531488e+01	-7.418356588248609107e+00
-6.869491608915231140e+00	-1.158807911753489428e+01
-1.039099079215116106e+01	-3.114096520188656569e+00
-9.657898336112632265e+00	-2.644374814809656637e+00
-5.038675614896578558e+00	-5.891514743141710753e+00
-3.828864326439315846e+00	-1.350538992867049481e+00
-7.833494894135619724e+00	-7.974632153756578745e+00
-8.758657283738614296e+00	-2.662426279107183991e+00
-7.673871712826239921e+00	-6.445668361321438056e+00
-9.976330536124482506e+00	-3.754450006041897492e+00
-5.831612189619839626e+00	-1.773164237909651275e+00
-1.118235175708034035e+01	-4.733596901836196302e+00
-9.660114759835094489e+00	-1.011773989356636960e+01
-1.151596767305857583e+01	-7.499380854890136838e+00
-1.037714143729055571e+01	-1.047364507635321473e+01
-9.699038987197072359e+00	-7.875854562695260519e+00
-6.247159525423991333e+00	-4.284861323888545570e+00
-7.108668173622794129e+00	-9.655548380455243773e+00
-5.517721096070054898e+00	-6.763588405464952658e+00
-1.008957305726181275e+01	-1.581602400313177004e+00
-4.415563894426762559e+00	-1.090337338302259695e+01
-7.284180098754820420e+00	-1.067232067942064155e+01
-4.363573112342517213e+00	-3.469121381711460561e+00
-7.329348377911598433e+00	-3.141479498494488265e+00
-9.176339501906793927e+00	-1.031080874822747617e+01
-1.009699763747857837e+01	-7.999690849572990814e+00
-5.934021370892107683e+00	-3.750962783847928250e+00
-8.776178651539312980e+00	-3.939339770668710994e+00
-1.133976836036560520e+01	-4.225261081224804371e+00
-1.148191055001734107e+01	-4.548431759351274195e+00
-8.885832573559168779e+00	-9.461861593630715106e+00
-5.417191402448492177e+00	-8.548253480198999554e+00
-6.542334462407549012e+00	-5.465467240523030235e+00
-4.438957760380622730e+00	-4.886807899284071333e+00
-8.715358951842704371e+00	-2.545192251313461274e+00
-1.133352100950969010e+01	-9.309803652519720529e+00
-6.729374740924474629e+00	-1.042466401498158390e+01
-9.432651798590532266e+00	-1.595372600395345453e+00
-8.505495270036151467e+00	-4.636711223881342825e+00
-1.150880558621480709e+01	-8.539616043441398574e+00
-1.131809690542813129e+01	-4.235634402511584184e+00
-4.715064108104034091e+00	-9.162879927909180822e+00
-7.743859150978591899e+00	-5.084816261021130046e+00
-5.077412460624756818e+00	-9.758351716316564506e+00
-7.437530037011990558e+00	-3.190891667804334642e+00
-4.027428001549798964e+00	-3.713320435388734797e+00
-6.768056861224176934e+00	-7.529849718788929280e+00
-1.016978950651250813e+01	-8.012621514243795318e+00
-9.094849375593842211e+00	-1.074552091955396982e+01
-1.000909957548556228e+01	-9.747307068757738335e+00
-9.351367955587740255e+00	-3.924848545118857501e+00
-8.024207733677920729e+00	-1.152532844963106839e+01
-3.975868958136405062e+00	-3.127966641987016239e+00
-1.023778094816046291e+01	-8.023555371926200053e+00
-1.148123891089552551e+01	-6.982351459988173303e+00
-7.749663123051851343e+00	-1.510442720268450945e+00
-8.726731235755146088e+00	-8.547952168120792393e+00
-5.479687642437679251e+00	-8.938422981304817938e+00
-1.116111545174774555e+01	-5.197250925418929413e+00
-7.483177451940757230e+00	-6.775268486132656420e+00
-7.289406779688077265e+00	-9.561120841997029274e+00
-9.702691259328693363e+00	-1.366543296925690765e+00
-8.127797872910486277e+00	-1.158085255911122502e+01
-5.505067451158632608e+00	-7.978004341075269679e+00
-7.987503314146958466e+00	-5.406649567431809800e+00
-5.427240529308237527e+00	-1.006750737993990086e+01
-5.224985263819216463e+00	-5.786945853581201504e+00
-6.630455440876119155e+00	-3.763657924945855271e+00
-6.893774713402766707e+00	-7.401017099493140350e+00
-1.159472783548238617e+01	-1.091313225523163233e+01
-9.101341649589915761e+00	-4.495123429476768351e+00
-1.153614724023608318e+01	-1.093600565273921532e+01
-1.017366092154523827e+01	-7.301220153498964471e+00
-1.092829168005253848e+01	-9.270224610292659984e-01
-8.476346268188587274e+00	-6.035655123896514596e+00
-9.336600041147152140e+00	-5.236165971211295123e+00
-6.867974712981173013e+00	-1.773454917569025735e+00
-4.983261416337045446e+00	-2.485624784714063118e+00
-8.710800242036151886e+00	-6.114786124776662390e+00
-7.468389925020921360e+00	-1.197590247115602224e+01
-7.894658405334909368e+00	-1.771426093193083862e+00
-6.882413090010057743e+00	-5.899059725846678148e+00
-6.613792376815315954e+00	-1.687470592379226142e+00
-1.044321278030240485e+01	-5.397488062750571913e+00
-9.897969659475043258e+00	-9.318925447894633507e+00
-6.985421483918936580e+00	-8.067949319740009173e+00
-1.169486366613831052e+01	-8.922713860505348649e+00
-1.184397324841125609e+01	-3.872700835190427959e+00
-9.337961636027747758e+00	-1.007403158652502917e+01
-6.115064688903279588e+00	-8.415344761342172575e+00
-1.111668008478054581e+01	-8.235297603695956425e+00
-9.823598074491313170e+00	-6.435458456320520604e+00
-8.984873653182431141e+00	-2.756786795591636530e+00
-1.191209587993768615e+01	-6.646074129683078091e+00
-1.075066418903407062e+01	-6.860266297558633930e+00
-1.024655660968117488e+01	-6.386985301126632208e+00
-1.076742569095962665e+01	-8.221321612659290068e+00
-9.272695261421301183e+00	-4.228793901537909683e+00
-7.503222169104249772e+00	-7.813504590003460315e+00
-5.093007510484069300e+00	-1.109712537668239918e+01
-5.968085297239879239e+00	-8.009985204346179444e+00
-5.172212716859079684e+00	-1.840577221984529999e+00
-1.128097782487440348e+01	-6.551239582629737157e+00
-8.975444895817670243e+00	-4.219864365555891617e+00
-1.172026418064224806e+01	-1.151154984296585759e+01
-4.205231714249960895e+00	-1.063232364881496395e+01
-1.175294566212853020e+01	-2.917059936277247800e+00
-8.051964021765185109e+00	-7.317413460210490328e+00
-1.109770280984693613e+01	-4.881736672864837701e+00
-1.160616204848331812e+01	-5.942450365850376670e+00
-9.685331094158540211e+00	-9.785447731159351292e+00
-9.685568909363702517e+00	-5.732934555104266749e+00
-9.072519996870862968e+00	-8.576220623374741336e+00
-6.408545951791996487e+00	-8.042983799008347034e+00
-4.354968823914161291e+00	-1.043252001366390402e+01
-7.391943180328040874e+00	-7.084830773681353833e+00
-5.118486004084158658e+00	-2.035456596094659343e+00
-1.084514992241705755e+01	-9.136537605105305104e+00
-4.714012801082547277e+00	-3.000318973634379383e+00
-1.142861052621346651e+01	-1.029121320700830111e+01
-3.793046950810915252e+00	-6.396680873635880893e+00
-9.148511507437078194e+00	-2.234745855043442475e+00
-1.144009998479975998e+01	-7.744147373250080513e+00
-7.335964097534300343e+00	-8.879346244802556853e+00
-7.386504224458453116e+00	-2.187246872259355879e+00
-7.327317801294745081e+00	-1.564212797714368941e+00
-7.442725411037145911e+00	-6.531149067336278868e+00
-1.066502834032615787e+01	-5.353757109163401751e+00
-5.647509268249708114e+00	-9.791481860295020212e+00
-4.078782067326076621e+00	-7.788760454213524476e+00
-8.688441345275718319e+00	-8.510853216728616388e+00
-1.051618093637499740e+01	-8.658551725236248942e+00
-1.059241589959449570e+01	-8.918638721190310648e+00
-4.651961405149702244e+00	-1.157225251893760465e+01
-9.642920974172724868e+00	-2.848129089095933431e+00
-5.677896750761896705e+00	-6.519964653949823941e+00
-1.134272948740351161e+01	-2.410546318912840213e+00
-7.838250906297279386e+00	-1.019862981607763075e+01
-4.855318778973656713e+00	-7.761055517652775571e+00
-1.019204011055748005e+01	-7.751822337201898172e+00
-9.468988786175232875e+00	-9.403466147075006276e+00
-9.875824241777435120e+00	-1.694972190182026717e+00
-8.635112910636738803e+00	-6.735874517522753457e+00
-5.260940525640081411e+00	-5.494848493453580396e+00
-6.371187473930144840e+00	-1.124231396523703985e+01
-5.722111956541413136e+00	-1.734598567454561424e+00
-9.377210103732737778e+00	-2.641691694159872039e+00
-1.054726121330308608e+01	-9.922994111765230940e+00
-8.186751648379930302e+00	-3.386993828742701940e+00
-7.851064873010468403e+00	-5.838327777719877432e+00
-9.619610388384220556e+00	-1.370890483294874507e+00
-8.894328732246485458e+00	-6.804054893225860434e-01
-7.428497164456466351e+00	-5.652703997767673627e+00
-9.263897207004209378e+00	-2.549741628887339573e+00
-4.353379910926574503e+00	-5.676590548033482619e+00
-4.928468969442845626e+00	-7.509744261221663386e+00
-1.122991100633629280e+01	-5.952052492034869857e+00
-1.058490099833502107e+01	-1.068143569255359360e+01
-5.381745704062654845e+00	-1.022797371140211453e+01
-1.073633030303966507e+01	-3.980783859849552631e+00
-8.464222740310976434e+00	-2.407638079208680448e+00
-5.851726422262744975e+00	-1.086746547482714575e+01
-3.447258163555398713e+00	-4.496137471658170348e+00
-7.198523481683894332e+00	-5.370636640117833593e+00
-7.048908485329581808e+00	-2.574619107887929470e+00
-6.627504294943939556e+00	-1.160751612518721743e+01
-5.112307548863124218e+00	-1.999818285018131636e+00
-1.071437693910912792e+01	-8.827881124074909991e+00
-8.922326205826944800e+00	-1.110137286641228194e+01
-6.439883109871772149e+00	-2.886333243962018180e+00
-1.140507994110161682e+01	-1.974713533037289359e+00
-1.187247099374126869e+01	-5.881215137907273238e+00
-7.400420963631225924e+00	-8.757389283213530717e+00
-7.902638497396040407e+00	-2.297955434952816844e+00
-1.118353068392650052e+01	-1.089803788929054384e+01
-1.054941777070816045e+01	-4.313661470015795807e+00
-1.055326014944347257e+01	-5.537637427854654071e+00
-1.079498366292198064e+01	-6.363694450188372542e+00
-9.808701260937960242e+00	-1.000936342337575802e+01
-1.020146384423560271e+01	-7.480707397505875100e+00
-9.293738893934957446e+00	-2.403411412994755914e+00
-1.062886149703949634e+01	-4.934293260299130068e+00
-5.531457601251387857e+00	-8.004205713927595056e+00
-5.048407342750246052e+00	-2.755640592893892737e+00
-9.971445734383202364e+00	-9.563783174533778464e+00
-5.948820802177739786e+00	-4.939103388922468696e+00
-6.722930664005789758e+00	-7.105185464905572346e+00
-7.617191856172000008e+00	-6.663860065995190318e+00
-8.981136038313026759e+00	-6.018004365695038160e+00
-7.211762632348115432e+00	-6.656915207329675788e+00
-8.076273347340830355e+00	-3.611320835874659352e+00
-6.945405011964701281e+00	-1.249591735159558015e+00
-4.035011480499729686e+00	-4.396796692785808425e+00
-7.835906458036069111e+00	-6.826627186674591563e+00
-5.746021900767646073e+00	-1.015433579511987006e+01
-1.143716544195737050e+01	-3.410782774134720086e+00
-6.710549732296956726e+00	-5.975279755989847175e+00
-1.091875505030415461e+01	-4.474146127512866222e+00
-5.363179584826081481e+00	-7.270185140273738966e+00
-6.120661933825541468e+00	-1.489743962417297674e+00
-1.174167812175492820e+01	-9.775843974511607470e+00
-8.146339638570177399e+00	-1.157432075709056818e+01
-6.275024339027800657e+00	-9.856843199806432310e+00
-1.073612096643697278e+01	-3.683267934240826769e+00
-6.699875751957975467e+00	-1.633974651769658060e+00
-9.430560491583010574e+00	-5.782154379112959930e+00
-6.320672863639501315e+00	-1.051295833405387370e+01
-8.421083796740372662e+00	-2.200657086949389996e+00
-8.335916402059684316e+00	-3.458381710211189120e+00
-1.149076245009038644e+01	-4.667275298689435914e+00
-6.827340168422955990e+00	-3.169911929351457935e+00
-5.702762760998333569e+00	-3.850844984978841534e+00
-7.716853526265743390e+00	-4.073418109161226930e+00
-4.198651078298803796e+00	-9.398573952189240188e+00
-7.184484352520452255e+00	-4.331069550806063262e+00
-9.299704651124189425e+00	-2.706225607903737007e+00
-1.199537999818982925e+01	-7.956170296047467616e+00
-5.041820950548466129e+00	-5.282706634231600695e+00
-9.594013574200177530e+00	-5.075382560728032288e+00
-9.918330854024764776e+00	-1.072576836518407539e+01
-1.178929474360815455e+01	-7.581012355670713632e+00
-8.248485368274678819e+00	-9.277831291502652178e+00
-1.186162722183426332e+01	-6.727511931142586832e+00
-9.344207730410527546e+00	-1.175546889876674772e+00
-1.025464914522115123e+01	-1.142834327185778776e+01
-5.809839102777157649e+00	-7.728901646463761210e+00
-4.024289369721937959e+00	-9.435973016318282447e+00
-6.590806520296276894e+00	-1.496438441759850191e+00
-6.267677830807889094e+00	-5.878878217934934369e+00
-8.896429641901649532e+00	-1.591587272691182608e+00
-4.356976744911901456e+00	-7.501260957198280011e+00
-9.024776764821613284e+00	-9.061033412677481635e+00
-5.400291165280544980e+00	-9.601263517095182110e+00
-1.172427278370034998e+01	-7.088051953121624393e+00
-1.069285077923582783e+01	-4.587717533682762472e+00
-1.071907230098142705e+01	-2.175995479741545058e+00
-1.103520759399474294e+01	-9.730018237400534176e+00
-7.482478873250655305e+00	-9.373798564409128176e+00
-7.750152452385920654e+00	-3.663567930014639540e+00
-6.370729230001749954e+00	-1.040499105599309004e+01
-7.901928965772720304e+00	-3.216418187372383830e+00
-8.092454594332421536e+00	-5.217741666436500836e+00
-5.153571919601860785e+00	-7.390253465493812790e+00
-1.152095761967186505e+01	-6.821944415046963250e+00
-8.743819078840060044e+00	-9.361070567145768351e+00
-1.178079901267402008e+01	-4.427637183974642454e+00
-5.196584859711470550e+00	-2.933662666289186038e+00
-8.982577761698792074e+00	-1.126315188053003702e+01
-9.558538834695609054e+00	-7.529093346638616069e+00
-1.127806660353374824e+01	-9.277359202816739980e+00
-1.047605034568661786e+01	-3.583446027071189199e+00
-6.768353778555171729e+00	-4.144665227181038247e+00
-6.494316681638162336e+00	-7.072750242841165047e+00
-1.136231252149797477e+01	-6.378523554551023267e+00
-6.324122595936904290e+00	-7.907525995492086679e+00
-1.174912620119628492e+01	-9.996811470751911344e+00
-5.385344350019122039e+00	-9.190729491495204684e+00
-6.316563333029644234e+00	-8.173050372670498831e+00
-6.149530873430976818e+00	-6.145378606221957085e+00
-1.195557662673707711e+01	-9.440335648828039439e+00
-6.256898378521204229e+00	-1.039361673567295163e+01
-4.323416837860215800e+00	-3.552110352760851963e+00
-4.738029260362860207e+00	-8.436428075168237228e+00
-8.981608472192467829e+00	-1.016567651080821477e+01
-7.346248744529344066e+00	-1.864008271931469229e+00
-5.510039035207100255e+00	-5.872197371283064626e+00
-9.236415498676079139e+00	-9.310200377409866945e+00
-8.049038945209741058e+00	-6.307887201164808388e+00
-1.057255832362291414e+01	-2.324737923621305935e+00
-1.194210517189132048e+01	-3.476980638831015824e+00
-9.080472865577588593e+00	-1.053517058728035494e+01
-6.328161029701272255e+00	-4.172189229919820441e+00
-8.810349851186270342e+00	-9.930160085819846216e+00
-1.115490948702220741e+01	-7.820637921448159169e+00
-9.179814260261228043e+00	-6.893377682628104353e+00
-1.083728399804340903e+01	-9.030845661915488876e+00
-8.446092066687560518e+00	-3.624134298123284914e+00
-8.003051069158070518e+00	-5.766126736354710403e+00
-9.962284176416540404e+00	-3.455713085243398375e+00
-9.545591430176225245e+00	-5.422512518627727651e+00
-7.618572274274154843e+00	-1.002153122695277077e+01
-5.815550067923634714e+00	-4.009234485165895201e+00
-9.393075681155803380e+00	-1.100100009194886397e+01
-7.577236112017934566e+00	-4.281265266457133123e+00
-8.339278576503639684e+00	-2.559194052502903993e+00
-9.739920750250728787e+00	-5.165986791881602258e+00
-1.116198597586540942e+01	-9.759701985338935515e+00
-1.072344774087539498e+01	-5.173672976440396809e+00
-6.614018747381305019e+00	-7.251675460539131812e+00
-8.571887435224684992e+00	-8.223112397703125964e+00
-7.311595253952090978e+00	-1.170913800692291318e+01
-1.002580219506236858e+01	-1.404174002355126349e+00
-7.522284962592953761e+00	-3.455409891395970767e+00
-8.364244183345290296e+00	-1.984470191410364626e+00
-9.368879435065929684e+00	-6.624782932194322349e+00
-4.865889787956589885e+00	-1.161859175298035041e+01
-6.501228249597212461e+00	-7.978082085784573785e+00
-5.448881996380619874e+00	-2.612966089136317560e+00
-5.220856685695344446e+00	-1.045287246312610563e+01
-1.173227740218631610e+01	-4.315974448435304645e+00
-8.863895751153640035e+00	-2.737365738942105775e+00
-1.051756876513010042e+01	-8.254403072517222384e+00
-8.608064878478881354e+00	-2.625071536464674615e+00
-7.645958130405275277e+00	-8.027479323164168790e+00
-7.395601930800714818e+00	-7.136797566318533903e+00
-7.099391070302050188e+00	-4.273440946081342062e+00
-1.120373544757461737e+01	-7.273324694204168495e+00
-9.570358509535637381e+00	-1.658106591247296979e+00
-7.349334820857455597e+00	-7.914360518107914189e+00
-5.765330049761516307e+00	-1.580691546791296975e+00
-7.438321202390287823e+00	-3.242403049971376738e+00
-9.137415669634998849e+00	-2.550238553419783116e+00
-1.012402677017070829e+01	-9.496385557285531576e+00
-5.817347378050444995e+00	-3.198699629502376851e+00
-5.154165602112690259e+00	-1.130098257823311947e+01
-9.543124866851199428e+00	-1.146025769210487688e+01
-9.815024264974413271e+00	-1.018118238562658817e+01
-6.485785044714861058e+00	-9.977110135845888905e+00
-8.848100244875881870e+00	-1.177153485190275717e+01
-6.473539631466284305e+00	-3.706836489323121153e+00
-8.346481570679495476e+00	-1.365819948442805742e+00
-6.604728597644524690e+00	-4.209987608650985536e+00
-4.959735021198772742e+00	-4.086532765298379388e+00
-7.298147963549840966e+00	-2.477010160260959992e+00
-1.040003907793128590e+01	-1.102410585611240101e+01
-9.052829053715015561e+00	-9.748033177207432232e+00
-8.523827872442087283e+00	-3.119955639210222564e+00
-6.147888344113117576e+00	-2.279493537863720665e+00
-3.792934794532446752e+00	-1.059455046568252534e+01
-5.569498217330800749e+00	-2.686108137789986472e+00
-5.377511874581517581e+00	-1.426271727313507265e+00
-7.129281678046286430e+00	-5.102657911343851715e+00
-7.338612616561974278e+00	-2.230504206620484542e+00
-8.864640482508839625e+00	-9.430195918551611101e+00
-1.053478462823190220e+01	-1.125448110590314599e+01
-8.975622200787613636e+00	-1.036267054891653494e+01
-7.076492997802419360e+00	-2.229632638572283998e+00
-6.558814466904526519e+00	-6.582723244871441892e+00
-9.572263672731816442e+00	-4.011876429870447680e+00
-7.955468134644308797e+00	-1.114830740823760458e+01
-1.073662547859689909e+01	-9.554524001703224911e+00
-5.647301018961985442e+00	-8.629542645585839722e+00
-6.676910133934018887e+00	-8.994492590043424940e+00
-1.030233248707824956e+01	-2.284238483156604715e+00
-1.156011495143614454e+01	-9.691399545622628509e+00
-8.770697959894999229e+00	-6.059698403633068331e+00
-9.786094121224651943e+00	-4.729820544629957269e+00
-9.514140655374937694e+00	-6.880838881123573891e+00
-8.073860157334253884e+00	-4.654254862804259041e+00
-9.360336137624212682e+00	-5.298727991230172130e+00
-5.589415218867842761e+00	-9.114429174364291342e+00
-8.055341138430458514e+00	-8.048839688017093152e+00
-4.327329750344620862e+00	-9.848642520696543556e+00
-7.812591284884173426e+00	-1.119024260861756837e+01
-6.558847664452000181e+00	-3.184351695302443108e+00
-1.134731936680772968e+01	-2.806942957272732020e+00
-7.798479087786519770e+00	-1.023339153790850808e+01
-8.342637949261064279e+00	-8.127957050660263860e+00
-9.362727099985034940e+00	-1.278714412903735553e+00
-8.711735133758722327e+00	-2.295090168944677433e+00
-1.182224116490458776e+01	-4.571654043531403033e+00
-6.208420875002905071e+00	-1.129517453656143644e+01
-9.740829408456912475e+00	-8.283874288467396596e+00
-7.919319578727315623e+00	-5.631374288627797320e+00
-8.066253900418912437e+00	-6.124388559710375546e+00
-9.507143579055696847e+00	-5.520780914341046675e+00
-1.164422478983838438e+01	-7.711942044037490618e+00
-6.371144571661192302e+00	-4.973777133245405935e+00
-7.618489926074306418e+00	-2.200280113158579187e+00
-8.289851125386048736e+00	-7.565395299276560515e+00
-4.911670114272435050e+00	-3.879394080536562761e+00
-1.061865731128231083e+01	-9.093923692445546436e+00
-1.176466246979096297e+01	-3.633514471457052863e+00
-9.661733857714420282e+00	-1.077899907278358071e+01
-9.095323714618876565e+00	-8.440337391160070979e+00
-9.937924305306362172e+00	-4.497700699574334493e+00
-9.690019758018685536e+00	-1.116584018424332392e+01
-9.506572742972384304e+00	-5.560970674312880391e+00
-7.132827506095520853e+00	-2.071073449411790612e+00
-4.031432832768171437e+00	-2.599299024435983263e+00
-8.990751174148851277e+00	-6.524493598150645113e+00
-6.333298133811237740e+00	-2.630427418423668229e+00
-9.935579538105336894e+00	-1.062136326559615362e+01
-5.588297581375595513e+00	-5.237703271198537180e+00
-6.566102566451673894e+00	-2.912429679966985319e+00
-9.630019549510654642e+00	-5.163925665916401897e+00
-6.498699079572109127e+00	-1.047829509679245241e+01
-1.106457576603130377e+01	-8.944173568538909436e+00
-1.098962091749051950e+01	-1.664887683884979985e+00
-6.391794462153305822e+00	-5.427280319485221938e+00
-8.489358150510703638e+00	-6.074161423015055128e+00
-7.100232507222045797e+00	-8.307012980228776655e+00
-9.345753170286913658e+00	-7.708100032816515679e+00
-6.303161970623247790e+00	-1.188161112413924947e+01
-4.834842492522867019e+00	-9.524115115683859045e+00
-8.858816725993193586e+00	-2.761925525297545203e+00
-9.002869855768079077e+00	-4.020108648273073015e+00
-6.737047024460860456e+00	-6.029427138198386160e+00
-1.047973285561497647e+01	-4.884547462288334252e+00
-7.674304177924713422e+00	-3.211292660083109762e+00
-6.874461833034757774e+00	-4.501437787962709436e+00
-1.141513064565018354e+01	-4.209915199785156048e+00
-8.089353847720888169e+00	-1.153623325569339642e+01
-7.885841136270532736e+00	-7.408315041737522755e+00
-7.226522865942086149e+00	-7.783796869246280892e+00
-5.238563077561058101e+00	-2.635850603821757954e+00
-7.305698376214708745e+00	-7.010119924441011285e+00
-8.151510969173674681e+00	-1.034412044714583878e+01
-8.524867474040213722e+00	-8.628492563038840046e+00
-7.541479139559176481e+00	-4.678346987807141311e+00
-9.734541317736256971e+00	-2.261000981735504567e+00
-9.756732674606990230e+00	-8.426810930065533611e+00
-8.784481377792394241e+00	-4.455093409012380157e+00
-4.237263768947981291e+00	-3.531981077352427612e+00
-1.140169325450586335e+01	-7.765405046980013104e+00
-4.643739969740161122e+00	-4.632408848112141264e+00
-4.438372089114096752e+00	-6.388340265972394683e+00
-7.416836500718395619e+00	-3.399230398201920966e+00
-1.001436505822376333e+01	-8.234804177212636134e+00
-5.464991689071200476e+00	-9.451808389607084138e+00
-4.821900888380691974e+00	-6.088157622751068310e+00
-4.708134606709472259e+00	-9.277976620053959067e+00
-1.149855203065190246e+01	-7.733553213262741366e+00
-1.082043611177581965e+01	-7.510945242934087496e+00
-4.909110374933476351e+00	-1.077990412893964312e+01
-6.205681735617003980e+00	-8.131813707938714941e+00
-9.330199619160968183e+00	-1.106190199458714041e+01
-8.961208022268824180e+00	-2.607890775267294625e+00
-1.077602844241950919e+01	-8.254185007326935164e+00
-1.195796773325305651e+01	-4.628424563826656346e+00
-5.614515720605644411e+00	-9.090747388451369204e+00
-7.830375396609618122e+00	-7.256345942606865052e+00
-6.167362685708500436e+00	-3.973316634921388424e+00
-4.804066509997341861e+00	-5.861198150146043062e+00
-4.630741533801584708e+00	-8.833002340088539128e+00
-9.821762589371518359e+00	-3.542502166313231005e+00
-7.348224040063432660e+00	-1.994877870550694210e+00
-8.836860471952579843e+00	-1.010361596032698372e+01
-9.484424619617707108e+00	-3.825311676619726153e+00
-1.110500625199297353e+01	-9.566621200105830169e+00
-4.874191695146516956e+00	-2.138674057192839317e+00
-5.971988215559699498e+00	-1.108859883911581257e+01
-8.823294734910778203e+00	-3.433538003445335551e+00
-6.828168382689295157e+00	-6.225851420068441833e+00
-1.092641720054200860e+01	-8.105077675726507280e+00
-5.127571810726928803e+00	-3.997210376503157914e+00
-8.492867663703480119e+00	-7.790182042009419661e+00
-5.721357011766142087e+00	-1.167098143056674076e+01
-8.557434984262370037e+00	-5.194987787311982963e+00
-7.960128990533585025e+00	-1.118468194269941485e+01
-6.143464982498398896e+00	-1.121329170591474167e+01
-5.879143583621411651e+00	-9.760119223611567918e+00
-1.001643873929344153e+01	-9.739554580886455426e+00
-4.278129460025010822e+00	-5.662370584893695380e+00
-1.127210111917706747e+01	-3.812502981683273617e+00
-1.064541310364144522e+01	-1.086507207722017654e+01
-1.034379742175217487e+01	-1.751820887587942632e+00
-1.141109035269361982e+01	-1.191379838483293518e+01
-1.120355778734102081e+01	-5.189479824997213164e+00
-7.842662083715191024e+00	-3.608293575246375173e+00
-7.997625787485771909e+00	-2.245371234561065243e+00
-9.573705666504389811e+00	-1.289021285013618900e+00
-1.180431375438926445e+01	-6.971492871613640396e+00
-9.772838013241234023e+00	-6.629701569185749932e+00
-8.082627246242994445e+00	-7.040422315852454815e+00
-7.127434132875621664e+00	-6.515606310798356837e+00
-5.557328101620520933e+00	-9.293053898564085813e+00
-6.465275611941081024e+00	-1.527029781386582963e+00
-9.002446278372845612e+00	-9.659272262950544530e+00
-6.904637887867944634e+00	-3.063501415718516085e+00
-7.289137411873178429e+00	-4.846836404230749018e+00
-6.314654375750033743e+00	-4.171542830696919779e+00
-9.259955536423790434e+00	-1.074465685754792066e+00
-1.045332744091217059e+01	-8.745148198092255853e+00
-9.330634231643319509e+00	-1.685095239940628264e+00
-7.857772159736433615e+00	-1.990940235385814772e+00
-8.823300127145781602e+00	-8.888136675851233903e+00
-1.092676819815926770e+01	-5.939352130392751228e+00
-5.909903223192488397e+00	-9.661920478121665212e+00
-4.313149031380266507e+00	-9.525020538735891051e+00
-5.504685564410984888e+00	-9.059023724501534147e+00
-8.309184016650650761e+00	-4.733320121124857671e+00
-9.455089319468926945e+00	-5.364090686792068574e+00
-8.751793412041591225e+00	-1.141685495121443594e+01
-5.646612660930830252e+00	-1.266560398483856265e+00
-8.009812444531187126e+00	-7.284294678648062238e+00
-1.045563770836556472e+01	-2.723870759224108706e+00
-1.171632522413944066e+01	-1.077681051144463531e+01
-1.054114665625592906e+01	-9.440378624912924010e+00
-6.777446318799369429e+00	-1.118164461758368766e+01
-9.587669655280498304e+00	-5.452805820211607646e+00
-8.056841632859834235e+00	-1.124229445639018365e+01
-6.179403345122225666e+00	-9.789139917655729661e+00
-7.824544789300626135e+00	-8.902833405310600412e+00
-8.587339912719240687e+00	-6.805756322676803194e+00
-9.139757160953964288e+00	-1.109142241905963289e+01
-6.786469351032637931e+00	-2.216459620036238753e+00
-7.614872581936573681e+00	-4.865896715376747395e+00
-5.580158023249306432e+00	-1.356625181404168101e+00
-6.412239530402787935e+00	-1.080038630059100413e+01
-6.801077642290255909e+00	-7.959830606359455274e+00
-5.880245274255766041e+00	-6.418404308627396304e+00
-4.131073970156375452e+00	-1.586194875796001158e+00
-1.100070286171648526e+01	-3.587696139650751626e+00
-1.076627969348044545e+01	-4.784647918125131127e+00
-9.055389757727651201e+00	-3.289332706864135591e+00
-5.836239999367798248e+00	-9.729435523575363121e+00
-8.780767476814963501e+00	-9.103312635799573727e+00
-8.477976850138322362e+00	-2.170587142058884478e+00
-1.035671931231650511e+01	-4.764509230487126601e+00
-1.022046943011534381e+01	-1.018357049779224255e+01
-1.089389928006407793e+01	-9.097999341570439213e+00
-7.735426700241898601e+00	-5.530694160206501842e+00
-9.528526693379419044e+00	-1.725787311596225670e+00
-9.110149406257983529e+00	-1.027437492955583487e+01
-7.002834079540484424e+00	-1.724971897703263313e+00
-1.046596448527232504e+01	-7.798487072382243035e+00
-1.193109758269126885e+01	-5.821780952513663898e+00
-7.158709182371904234e+00	-4.095886294094667868e+00
-7.105987789482774097e+00	-7.219992875719105641e+00
-8.324291497445232224e+00	-1.135338975173809217e+00
-1.188384410571342187e+01	-9.124470887663459706e+00
-4.807669597384407467e+00	-9.899327466947918097e+00
-1.092466346322022197e+01	-1.153135047611778141e+01
-7.596027146108546013e+00	-7.874008829053302350e+00
-5.500649220542581652e+00	-1.881145531603347631e+00
-1.182915055473643307e+01	-1.988406025013522704e+00
-6.317650043004586102e+00	-3.855742937552584237e+00
-7.195135994478105701e+00	-4.358465126896328812e+00
-6.426327279666993242e+00	-6.124835138554733938e+00
-9.263650392507477349e+00	-2.448874093125246176e+00
-4.760342850853804819e+00	-2.118761258829529481e+00
-7.550731914219367624e+00	-9.404449139062959873e+00
-5.050773405330850174e+00	-2.396337953980132163e+00
-5.318737762204973407e+00	-7.899650244599103921e+00
-6.593467939949326784e+00	-3.875194852034454573e+00
-7.489603845120548442e+00	-3.058626063121515859e+00
-5.190921854173859984e+00	-2.245626599967530890e+00
-1.121712353169589882e+01	-1.690807372892693117e+00
-8.581536355453458498e+00	-7.955994243046877301e+00
-7.290613069652656542e+00	-1.004404815709709808e+01
-1.191123270533571699e+01	-3.488559036915324985e+00
-7.816302055299233942e+00	-1.797439887870690756e+00
-7.202455031511592054e+00	-8.277233048032629270e+00
-5.702835470191833345e+00	-7.772883584243840183e+00
-5.579989345560694147e+00	-1.227617151056481726e+00
-7.025655978588018158e+00	-4.094421868294624289e+00
-1.032276210914546510e+01	-7.827037709008477506e+00
-1.169897962443684314e+01	-9.449968371231562969e+00
-6.266024170974003660e+00	-2.046964721692421385e+00
-9.069440867796927819e+00	-1.831861778912970751e+00
-8.891234093353494572e+00	-9.064640219260454046e+00
-8.745162994486904040e+00	-2.828489115208227211e+00
-8.350012009109113009e+00	-2.073494012299720524e+00
-7.928814439633336875e+00	-3.683091654329394782e+00
-1.191322370320204094e+01	-4.988614263036978969e+00
-6.522212691357260894e+00	-6.113071708600754661e+00
-1.122029834052390207e+01	-1.838193523881911595e+00
-3.916486568242148358e+00	-4.045106340239639664e+00
-1.150337563247185813e+01	-1.882681727289608364e+00
-6.960022106070636205e+00	-6.075353443277076160e+00
-7.880955454311775021e+00	-5.371688938034154148e+00
-6.353123366075588585e+00	-9.823829863807384655e+00
-1.084092133621261311e+01	-9.173396175063516012e+00
-1.195687944314090068e+01	-5.628734063000338850e+00
-8.452570731448052044e+00	-2.024021869209136959e+00
-1.157964866539153093e+01	-1.032966956356531085e+01
-8.247626409596138686e+00	-2.224423253466954797e+00
-5.853193657532051120e+00	-1.182835019162370394e+01
-1.161379990860808142e+01	-2.222068435320048607e+00
-6.223805910103292760e+00	-6.149364729423742126e+00
-6.008127724695375704e+00	-6.010002629202761959e+00
-6.239045895376873041e+00	-9.660972237336258317e+00
-1.147270091061219688e+01	-7.277593919884481899e+00
-8.928437320202206706e+00	-4.179503181582505889e+00
-6.249099199430792950e+00	-4.379769077259930476e+00
-5.621665012118107541e+00	-6.527679491843036530e+00
-6.112254684671881044e+00	-9.996196225912850508e+00
-6.440692070162120864e+00	-1.044648984800247149e+01
-7.930998547582124303e+00	-3.981519501761525248e+00
-7.236807139595852867e+00	-3.945430268111710159e+00
-6.221184850541598976e+00	-6.988651734390504799e+00
-1.046567819391258425e+01	-1.948283520731282525e+00
-5.512683526094726005e+00	-2.904825745951215676e+00
-1.010822232159923395e+01	-5.978849341336920808e+00
-9.652575213084791272e+00	-2.695841433977363089e+00
-7.250833188952178432e+00	-5.932728863903718342e+00
-7.104867314341258400e+00	-9.180735153750365640e+00
-6.502632860243110713e+00	-8.720220859079299558e+00
-7.507966284805112522e+00	-8.628875581883104218e+00
-5.296623944230133496e+00	-1.023885592492469598e+01
-9.157962046190723626e+00	-5.598189129537295194e+00
-1.137968021888513448e+01	-2.959950459552255886e+00
-6.588604910665545766e+00	-7.554382974335429601e+00
-1.095871469502761464e+01	-8.080935762799484223e+00
-7.801639324329217473e+00	-2.425738237896348792e+00
-1.028025105746704959e+01	-6.117190465336950211e+00
-1.070469127660462760e+01	-9.900899618984757566e+00
-9.683791251962754032e+00	-4.236399923338329820e+00
-5.971753718560707469e+00	-9.210238807092665070e+00
-8.718562965994374636e+00	-5.271602011471047788e+00
-4.139615836031254936e+00	-1.057955582526852290e+01
-8.258293062037148857e+00	-1.267980275971239523e+00
-9.084697825557022099e+00	-8.761334121620638626e+00
-4.941212332123058992e+00	-1.007003175386729943e+01
-5.178792044350779555e+00	-3.252585868910728539e+00
-6.292708774341788214e+00	-2.541660408589551778e+00
-1.161592056244722038e+01	-4.636163803781665926e+00
-4.690520656317316295e+00	-4.327925032547961237e+00
-5.391487046802933669e+00	-1.137759108475673564e+01
-7.254791242011270569e+00	-8.255692220464840858e+00
-6.103475736481074776e+00	-9.664682990051833400e+00
-7.020525051114632653e+00	-9.511881921166310150e+00
-9.281430970503450339e+00	-2.225737195744158736e+00
-1.192789599432788350e+01	-4.506554889780831630e+00
-8.033817709608232605e+00	-3.890816627677798678e+00
-7.962544962824143369e+00	-7.857472276388023147e+00
-1.017992648647011045e+01	-8.024695115416681901e+00
-8.962740528938955009e+00	-7.938793038181386486e+00
-5.597717036246545597e+00	-5.159420294727637746e+00
-1.000444957061765017e+01	-1.655590562886950501e+00
-8.575851869052440790e+00	-4.396530845960606726e+00
-8.648871134817685657e+00	-6.693852911498500369e+00
-8.338837032145773875e+00	-8.343288071669599404e+00
-1.052674241166870850e+01	-8.329987401037865169e+00
-8.169313147539041253e+00	-9.797643139421081671e+00
-6.116274319920410818e+00	-1.187763139979131033e+01
-5.725212248151062333e+00	-5.771810254038496346e+00
-1.112980559982054984e+01	-4.753704631204061393e+00
-8.347224302046575062e+00	-8.136651028121933749e+00
-8.507998151301560341e+00	-8.494999869047655139e+00
-8.809149885113036760e+00	-7.183619590501666430e+00
-1.124576688642854805e+01	-1.192482082932278686e+01
-1.025108811321512015e+01	-1.143872384119792152e+01
-6.004363423987932435e+00	-4.510374850891390786e+00
-1.149210221396469045e+01	-8.784081517414971785e+00
-9.148719749330973983e+00	-8.188819688419970433e+00
-1.194033850758316007e+01	-8.703864281395253144e+00
-6.142849394679585906e+00	-9.079432417762189900e+00
-1.162415715384707049e+01	-1.141179271036534359e+01
-6.465234746421057999e+00	-3.678313956484810188e+00
-1.101059115624292950e+01	-4.147679109920299645e+00
-7.483017887898880005e+00	-7.098305820626050533e+00
-7.071997840435477301e+00	-5.980246215606083382e+00
-8.366476341050992360e+00	-1.909134804798716223e+00
-9.548912087746993294e+00	-2.866166634591651885e+00
-7.807967506121392454e+00	-8.710832875855857083e+00
-9.060278392123304769e+00	-5.061042677196324391e+00
-5.401656432653180850e+00	-4.216714156038301020e+00
-9.211096696401810391e+00	-8.113873172413498480e+00
-5.315448894181500350e+00	-6.132462765395643167e+00
-7.580334059877026576e+00	-1.152265971464210104e+01
-7.571511175342590327e+00	-5.436645217245672512e+00
-1.081306021555554331e+01	-3.787561758775986220e+00
-9.258688510897190582e+00	-5.242978531790885910e+00
-1.121405198474931808e+01	-2.076798974663053521e+00
-5.589390683604189114e+00	-2.480953065661896328e+00
-5.985349409896297601e+00	-2.504399683273625055e+00
-8.507571472049676231e+00	-5.415424513900346071e+00
-6.530851482395263474e+00	-6.639193394164254691e+00
-5.694787196324389456e+00	-6.732803826479335285e+00
-1.149058295623077441e+01	-7.500848769071499333e+00
-9.129175592814702256e+00	-1.993428828584909995e+00
-8.637264653127267877e+00	-4.518063287941037842e+00
-7.497226173393775284e+00	-5.374895277897012491e+00
-3.929313397392766749e+00	-1.617331227992109044e+00
-6.743234043532488897e+00	-8.932615645314903929e+00
-5.366352885900364633e+00	-8.292239550613164312e+00
-6.818827228804851259e+00	-3.865022635681498286e+00
-1.049124769865343509e+01	-2.782907817714440402e+00
-5.910417426531329177e+00	-7.052537534376105199e+00
-1.082153922784651279e+01	-1.017454972312974881e+01
-8.423273280462906243e+00	-1.135518147603239214e+01
-5.991797024382660375e+00	-3.536957623863942857e+00
-7.344215884073454603e+00	-4.930828143974052225e+00
-4.596876048114014957e+00	-8.819595429370419737e+00
-1.060366467350828579e+01	-8.027869684032198805e+00
-1.133852935404268081e+01	-1.390183418714978192e+00
-5.338592631929832244e+00	-7.536459960936108260e+00
-4.848316250776383285e+00	-7.332689001129827133e+00
-1.011499695582271663e+01	-9.321013482113503557e+00
-5.670360738885545260e+00	-2.199791537942198616e+00
-1.006265330287027027e+01	-9.924177876785478247e+00
-5.263900807347356547e+00	-3.597546172434557654e+00
-5.660263473924790567e+00	-6.970162104197640041e+00
-9.143314259346428940e+00	-2.075989560990171068e+00
-9.074116616513736133e+00	-3.278084526977595559e+00
-6.066805035330492757e+00	-1.112494872387505218e+01
-5.497319447804907888e+00	-8.480242478329943268e+00
-1.015681585431939737e+01	-6.071028694737705678e+00
-9.018588238694615455e+00	-3.472941168641334730e+00
-5.210686720710346442e+00	-1.002305944720692565e+01
-8.947839549490170796e+00	-8.851420244155260519e+00
-9.312199584391724017e+00	-7.795024738081305138e+00
-8.888449048572235611e+00	-8.219167384615142069e+00
-9.849826989801638177e+00	-8.990475401919454157e+00
-9.539574063175042085e+00	-1.183566570138278706e+01
-7.199926919702277495e+00	-7.593125849061244992e+00
-7.760309942117714854e+00	-7.243930962811959695e+00
-6.219290678893717228e+00	-1.816706003734137598e+00
-9.519449822462686228e+00	-9.758296177705846119e+00
-1.041020702169933720e+01	-6.390163257583488132e+00
-7.916094888633457671e+00	-1.138698224880637966e+01
-1.142044746627352581e+01	-2.039315955098664812e+00
-6.168852920488850700e+00	-3.743728047597450370e+00
-9.612371802768370443e+00	-4.845382664525220484e+00
-5.707626036962729188e+00	-1.250187981177862895e+00
-8.102510690740890809e+00	-1.071476196155355787e+01
-5.185435046602077769e+00	-8.062740723215753746e+00
-8.458234501775221403e+00	-9.268751201557481778e+00
-6.891616833125183916e+00	-4.201542065785365487e+00
-4.494715513298741527e+00	-1.902849583251426946e+00
-1.136633661591546840e+01	-7.913799006696649485e+00
-1.087250293507035614e+01	-2.958437224127024923e+00
-6.629635869639549206e+00	-6.071891728599154270e+00
-5.163389738559692077e+00	-3.379654433677500958e+00
-8.545080781680283621e+00	-1.780330750071762669e+00
-5.747404767458575314e+00	-6.911316968239042069e+00
-9.713421953413181598e+00	-1.183330688021385235e+01
-9.975966845224595758e+00	-4.362218422947292673e+00
-1.030625157649187429e+01	-7.870056360369225956e+00
-1.037660949160194690e+01	-6.956645770368740322e+00
-7.628547527160887576e+00	-3.446117914962154583e+00
-1.118260767711638515e+01	-5.556624757738783060e+00
-8.554150660533149875e+00	-1.470134826543422424e+00
-1.169051033102381076e+01	-2.606408953733189815e+00
-6.400589259997564007e+00	-8.502330300289715481e+00
-9.732740679950467211e+00	-6.065286013755633476e+00
-9.551409591190674675e+00	-3.337464800194904768e+00
-8.584936374251409319e+00	-9.061322634245499330e+00
-8.672045130664395529e+00	-1.159349014177198178e+01
-4.687282816421140197e+00	-4.947241983153322309e+00
-7.448794513217067426e+00	-8.248792292568584372e+00
-5.549946231426402754e+00	-2.147450326701302981e+00
-9.461692589995969627e+00	-6.533671183781972758e+00
-7.019711695222411230e+00	-4.443007517781806470e+00
-1.002874199033914593e+01	-1.053970825315252435e+00
-1.128055596895133661e+01	-6.749526771690022464e+00
-8.328018279817177572e+00	-8.872827988553710910e+00
-5.361073430486312574e+00	-1.652809753686663941e+00
-1.023340140199124093e+01	-4.579590289188685048e+00
-7.932000798201999103e+00	-9.486409300839312664e+00
-7.020584008513385932e+00	-3.938876730713701146e+00
-8.678492428286240568e+00	-2.371843735047953317e+00
-1.153982717678960057e+01	-8.480439236619623955e+00
-9.965725120860813746e+00	-1.970408275271338772e+00
-9.895208484780406266e+00	-3.733734242790391011e+00
-6.552088390400840900e+00	-2.500330781818782988e+00
-7.869727959742700563e+00	-5.646730593793936492e+00
-1.098252255598577065e+01	-1.041722734417227336e+01
-8.849077474366318086e+00	-7.209542413617654688e+00
-7.812792751368640154e+00	-7.761015372406411927e+00
-5.739373057876861139e+00	-1.430945180539931361e+00
-1.134797333586138102e+01	-1.111618326405473312e+01
-1.066260821410124215e+01	-9.681756570083074109e+00
-7.392532333293323710e+00	-4.979665655927232315e+00
-5.830234413390434689e+00	-5.612202427448660380e+00
-5.512356923630701289e+00	-7.578571132014186418e+00
-9.712271198768881675e+00	-1.105072863104853553e+01
-6.299099146307527874e+00	-7.437311656624792100e+00
-1.134087507559293329e+01	-1.002243710205714322e+01
-9.073004233031442212e+00	-1.157775617784878186e+01
-1.048994951256375963e+01	-4.079748459344756384e+00
-9.325238958383565091e+00	-1.011170802456455675e+01
-9.293965975826315784e+00	-1.476621418893201199e+00
-7.140035058634223830e+00	-6.399345096254517529e+00
-7.753142714424196669e+00	-7.918141770163842352e+00
-7.651716511751152083e+00	-4.721951968795630172e+00
-1.017398476404951424e+01	-4.797484870445846816e+00
-9.610163558325297117e+00	-1.845647157136739880e+00
-5.294671049288475650e+00	-3.088347479749148583e+00
-7.350725548260317765e+00	-2.870796701126838713e+00
-9.646665727572242943e+00	-5.207551299436004477e+00
-1.004305685480847110e+01	-2.320367210222451071e+00
-1.150828161983944042e+01	-6.851275361061668789e+00
-9.162366002397291709e+00	-6.160852384825251882e+00
-8.884874707157534246e+00	-4.694549849584329415e+00
-1.187524896644697314e+01	-6.543101369035960069e+00
-7.686303084549336972e+00	-1.073874542009626687e+01
-9.982486350430093580e+00	-1.064636107915769259e+01
-9.531441271709553575e+00	-3.650693507184200381e+00
-5.672213811000998973e+00	-8.954926655143786718e+00
-9.995125328648615692e+00	-4.641594057194805778e+00
-7.292135441443169164e+00	-6.135835739241973563e+00
-7.793345472157160891e+00	-3.584641226259996927e+00
-9.638882742222842026e+00	-5.901992950392130233e+00
-1.145609620969277564e+01	-7.779955048823696373e+00
-6.133570796714393758e+00	-6.051460987016793247e+00
-5.605234184967264000e+00	-5.216519808607946729e+00
-1.099882428774138177e+01	-6.621340842187029452e+00
-8.475183182032257179e+00	-7.199647287336900625e+00
-1.008012174920573223e+01	-2.116560673603143705e+00
-1.057052749634731192e+01	-4.646912041256337389e+00
-1.072650482704786157e+01	-9.670114504986978332e+00
-1.189136658544881797e+01	-1.111114063714682132e+01
-7.458947975514734985e+00	-1.835282002645297394e+00
-1.156884728748699587e+01	-3.443932345968806263e+00
-5.294739541365642843e+00	-9.456886635598676705e+00
-9.897913687329479515e+00	-6.249357805948661415e+00
-4.877281347754770735e+00	-9.864791260836843989e+00
-1.131430625888825681e+01	-3.433049163005119198e+00
-7.837405366312385269e+00	-8.018472709982884084e+00
-1.117784730648562075e+01	-1.333643829051560870e+00
-1.021953048632065020e+01	-8.397188831092968542e+00
-7.259656784916660222e+00	-1.099302269405589172e+01
-7.362971558968967933e+00	-5.624060543427366277e+00
-9.388046831269166503e+00	-5.340379334129284672e+00
-7.966964725938868952e+00	-9.033845233252018048e+00
-1.139323513499357610e+01	-7.116324012131151733e+00
-1.025052520516544341e+01	-7.536796206811541943e+00
-6.165541469216748283e+00	-1.061454263527735087e+01
-1.199259735315077791e+01	-1.507888405088153139e+00
-1.099267475900023960e+01	-8.352850608864065052e+00
-7.232020221666635607e+00	-6.139208862507391729e+00
-7.668132456639296102e+00	-6.683916985129190635e+00
-8.404130798558364646e+00	-2.571597813009359523e+00
-6.640775026052097907e+00	-6.225502983301246296e+00
-8.957997022107521801e+00	-7.997744663288336220e+00
-1.070007157720756119e+01	-7.594657815709095594e+00
-1.172378694366709517e+01	-8.980020298540477341e+00
-9.156645342148536315e+00	-5.266027838670192196e+00
-1.123203701269434163e+01	-2.870561847048566761e+00
-9.684190454336549791e+00	-2.697810771919273876e+00
-1.146868334929671640e+01	-7.437612154429078970e+00
-8.668351604251832043e+00	-8.287005469612150677e+00
-8.691506965314905742e+00	-5.493864538431236788e+00
-8.732934629054589948e+00	-8.163496664541975534e+00
-8.528580384558740235e+00	-2.791641977628192439e+00
-7.723797662667624131e+00	-6.177722231642176709e+00
-5.521678729683746845e+00	-7.852163323942503048e+00
-8.568084545985776401e+00	-7.500378672140499248e+00
-1.063970131888714654e+01	-1.200933544171707723e+00
-6.212393855201446158e+00	-1.028572243911186135e+01
-8.045669747815658468e+00	-7.608720663764105829e+00
-6.440838200517254641e+00	-7.540757001789373248e+00
-6.131486255574470690e+00	-4.659758722517930885e+00
-6.576740621026558209e+00	-6.444866365337734493e+00
-9.005781477885591357e+00	-3.258904627574909174e+00
-8.535838229225600315e+00	-2.063326603612489762e+00
-9.754435512449518342e+00	-1.033391646630826521e+01
-9.969522893262135810e+00	-8.213500568609191532e+00
-1.102526657431620727e+01	-3.948272801380249497e+00
-8.676811246047412496e+00	-6.966137152362930074e+00
-6.077091673629160695e+00	-4.940935997214716657e+00
-1.058493028456235407e+01	-6.493008149285714126e+00
-7.999026299914565818e+00	-1.693294962905295575e+00
-6.445913924902697545e+00	-1.405091915300692218e+00
-7.444507385119774057e+00	-2.140800650452472809e+00
-4.244743790506309011e+00	-3.695072937176091532e+00
-4.533850920299363985e+00	-8.058265346190056633e+00
-1.040054818289616279e+01	-3.128938603120169581e+00
-9.709064365646097983e+00	-1.415277873362977168e+00
-8.117235662384132411e+00	-5.494498902614554758e+00
-7.457677859479259652e+00	-3.426893513885253206e+00
-6.774241644893317371e+00	-7.936761675532841842e+00
-8.477039406883367434e+00	-1.228541690228430294e+00
-8.659663929625276424e+00	-1.177510845029475917e+01
-1.058665904773032373e+01	-4.600999760331121458e+00
-6.293114477141749319e+00	-7.952528693007143268e+00
-1.112908168008159926e+01	-5.811127972345948578e+00
-9.156329832272771085e+00	-1.077154263866919415e+01
-4.612990233890706726e+00	-6.046012638656123706e+00
-4.005276601515208590e+00	-4.674060295931552922e+00
-1.103967499608147129e+01	-1.039125132726004352e+01
-6.209104273005221053e+00	-1.024169544336523785e+01
-6.866743754948357648e+00	-4.173446427476102727e+00
-4.896117065329978146e+00	-3.291497735331076591e+00
-6.815809980524534240e+00	-3.068155568803402122e+00
-3.500431812193414149e+00	-1.193445878804971194e+01
-8.043965857810043474e+00	-5.173454312900778618e+00
-6.920902675622271794e+00	-8.026526928987133047e+00
-6.096374789621799017e+00	-6.651233313677901826e+00
-6.104923380084963824e+00	-9.457042254882567889e+00
-8.537255707994118481e+00	-7.818621882084610064e+00
-7.401323529560097647e+00	-6.127397402337393828e+00
-8.484523473006165162e+00	-1.433709890044427837e+00
-1.092990421332475215e+01	-1.029234887492885875e+01
-9.606727024491510392e+00	-1.750068195652864533e+00
-5.830184695590415522e+00	-9.038379256421970709e+00
-9.234108771997250997e+00	-8.984997103572187171e+00
-7.852980620876539142e+00	-8.285370745058440178e+00
-6.962369201362669457e+00	-4.727162491481331053e+00
-5.573405073378235208e+00	-2.847834458225563026e+00
-1.116192583177867448e+01	-9.925093738523889542e+00
-9.452400784421625346e+00	-7.384933470421529478e+00
-1.192737008761264761e+01	-7.812294434066041404e+00
-1.161157643781849558e+01	-8.138128906880558233e+00
-5.612352607846951891e+00	-1.023697743471912069e+01
-1.189832205328687387e+01	-1.789387866543356020e+00
-5.218278361927089826e+00	-7.986075814963363051e+00
-8.023112872711362087e+00	-3.964765549810504552e+00
-5.824601639327781299e+00	-8.299780446670148137e+00
-7.096480805751638421e+00	-5.570429781759874466e+00
-1.197067107594843449e+01	-8.951500420844373807e+00
-9.191347299016944916e+00	-6.552329301230360059e+00
-7.626636496614866090e+00	-8.829314216814896810e+00
-4.581194722853898504e+00	-1.057230107894628190e+01
-1.114706231056081798e+01	-3.521392102656507372e+00
-8.451974058592703898e+00	-8.463583735622520976e+00
-8.790139052730479463e+00	-3.026674079732089684e+00
-5.738124633945046682e+00	-8.628458513008565589e+00
-7.524196402983392318e+00	-5.350301687348667734e+00
-7.232415332285682119e+00	-1.456950586040781648e+00
-5.894483640010877323e+00	-1.039779015936995776e+01
-6.162311334152256848e+00	-3.387101676943931494e+00
-1.149405726743539802e+01	-9.020587051402033651e+00
-6.440074428315254451e+00	-3.685798989047667895e+00
-8.610076095393317530e+00	-2.197641346140586371e+00
-9.009060121188753101e+00	-1.031753577889196727e+01
-1.012528238490962451e+01	-2.769911194411251110e+00
-7.261981564018118895e+00	-8.685440228010577357e+00
-6.843281544854955989e+00	-8.818768978300461470e+00
-4.385631478097547387e+00	-6.500567279806745979e+00
-5.853958963325522014e+00	-3.339914213494857620e+00
-1.030438502678002166e+01	-5.388284574406032590e+00
-6.504953939452945200e+00	-2.931433933422275206e+00
-1.017687707316722800e+01	-8.140618032113716040e+00
-9.563292676593361463e+00	-1.345978293588550478e+00
-8.834646043872956156e+00	-4.554362753966497479e+00
-8.445122856948085399e+00	-9.530756908601636823e+00
-1.100334531828853457e+01	-4.591349270802051130e+00
-5.254162116229316837e+00	-6.214337914271764518e+00
-4.746343585241869611e+00	-8.906302585006411476e+00
-6.734034611565360429e+00	-8.246808523503551314e+00
-5.572653341458817522e+00	-9.251930734098595011e+00
-1.011331374408026385e+01	-1.068419505474500752e+01
-1.087746854778046846e+01	-6.390526851651482154e+00
-6.660700657560972182e+00	-4.827666696419413483e+00
-8.106359178659381826e+00	-3.591150534727378218e+00
-8.348010989761172951e+00	-6.121838872466897286e+00
-7.902422944091516577e+00	-4.006647127292587207e+00
-5.742104912484904844e+00	-3.941776060489366795e+00
-4.445082468334935477e+00	-3.335555224135694719e+00
-6.501557895711322921e+00	-2.186926430036119307e+00
-7.268241342850788378e+00	-9.754658906820949937e+00
-7.944163829320531889e+00	-4.736871043524001124e+00
-1.037076181989339752e+01	-9.711515643182831781e+00
-9.520369367500604696e+00	-7.051409060171231147e+00
-4.432438649314729417e+00	-6.470886907715731162e+00
-1.078426141605332766e+01	-1.754211627930251316e+00
-9.403872689778394189e+00	-4.280036961218320002e+00
-5.785067988383334026e+00	-8.988528778833115851e+00
-9.064818979897228957e+00	-9.236983674431346714e+00
-9.106723958790137630e+00	-8.404837791378634293e+00
-1.006733204954129057e+01	-1.004108425637404345e+01
-7.574515030413440542e+00	-6.630060316528347819e+00
-7.893860662646289938e+00	-9.094718807443726405e+00
-1.099464824053337075e+01	-3.024379307958576568e+00
-1.135018987797475809e+01	-8.816672358214434624e+00
-7.705771829812591456e+00	-3.051399237440477030e+00
-3.989156382240863774e+00	-1.140084948078146887e+01
-9.595646400622898753e+00	-8.689436098687794541e+00
-7.762989924379822604e+00	-9.145778908985489508e+00
-5.297380352327756725e+00	-3.870924986649623367e+00
-1.040090432855589597e+01	-2.721285566834684033e+00
-8.046974789785190652e+00	-6.713382331027111682e+00
-8.664525613790612368e+00	-4.688082492600687878e+00
-1.130079320579379321e+01	-3.629991464354137332e+00
-1.021748330094359325e+01	-8.972548230151568660e+00
-1.071191255239549633e+01	-2.919750342970368173e+00
-5.855925609480493677e+00	-3.120533849452298725e+00
-7.832644681344783422e+00	-3.436179574827892935e+00
-9.044729100009535117e+00	-1.156504165627126390e+01
-1.125801464180226752e+01	-6.271532216011048710e+00
-8.371550462941279136e+00	-4.374726405189266032e+00
-4.980688058359238113e+00	-7.200768757276955867e+00
-5.408376877686757567e+00	-7.123134660244521577e+00
-4.519438752270863446e+00	-1.114344439273674681e+01
-6.048943229912920216e+00	-8.657074031396039260e+00
-7.414572170026169751e+00	-4.203116651040215146e+00
-4.575769701665519662e+00	-3.983724699705490035e+00
-5.966518109159656191e+00	-1.643218975504909363e+00
-9.877727869156759155e+00	-1.138467284989126327e+01
-8.601967990447743517e+00	-1.103007798183545951e+01
-9.204676914755799189e+00	-3.808322527559484527e+00
-5.968211790537493400e+00	-9.452338306135686707e+00
-6.523536130268857036e+00	-1.919969137500389333e+00
-5.990073180096044503e+00	-8.683425341976295897e+00
-9.868636766917651570e+00	-8.757132355585495631e+00
-1.170427026057084241e+01	-3.156134019722828032e+00
-8.692553429062991555e+00	-1.045970689070512805e+01
-6.279448028445112406e+00	-7.079915858131879958e+00
-9.846060467381541059e+00	-7.803461782575743300e+00
-5.890330491855895190e+00	-8.663572035631613488e+00
-5.426758317360412143e+00	-1.140144745634239776e+01
-1.075225101516582882e+01	-8.306072548348680584e+00
-8.355841283077992898e+00	-8.272965964327461563e+00
-6.636425279312309300e+00	-4.835162600673024613e+00
-7.080145099695346111e+00	-1.414063059576828874e+00
-7.121957593054870195e+00	-7.953653486375049653e+00
-4.465285688521629659e+00	-1.033841331778044115e+01
-8.259272021123495122e+00	-7.764310032277479401e+00
-1.078357587786306837e+01	-4.065949180843250410e+00
-1.059383717237929901e+01	-1.538074027061913540e+00
-6.000616577347439140e+00	-5.029777071419386125e+00
-5.416824000015449947e+00	-2.046761281168127056e+00
-6.966913806454996028e+00	-5.692495610751917567e+00
-1.123663066740940764e+01	-1.005886979963745809e+01
-1.068995425268734145e+01	-4.476652823652506719e+00
-6.340157657255340418e+00	-4.281475476055178753e+00
-8.284124159288728251e+00	-3.273855041097081475e+00
-1.003511619112865461e+01	-1.147521654829524351e+01
-6.008862911805035623e+00	-1.723678329810431897e+00
-5.428098194485578176e+00	-1.578257360940405363e+00
-8.004020793359130082e+00	-6.549675322883137696e+00
-7.486957969385302114e+00	-7.478118633562677253e+00
-6.147898395890249112e+00	-8.180136451913483597e+00
-6.190170575631977812e+00	-3.798255933803143858e+00
-7.193843428895420722e+00	-1.372793626449387183e+00
-8.989256060682757621e+00	-7.748971545005675310e+00
-8.261134285011648259e+00	-2.664177332501949547e+00
-9.783841852897625202e+00	-1.660850015327236751e+00
-4.884335756057285316e+00	-7.815007968342992051e+00
-1.091589853784460828e+01	-1.068935423575359422e+01
-5.703634074432246237e+00	-7.915495468274577284e+00
-4.126281180876504528e+00	-7.166126869963981072e+00
-6.525614881956616209e+00	-4.620739758579648360e+00
-6.942497883274986847e+00	-1.038081095339045845e+01
-1.183666242378339639e+01	-2.083280381562042205e+00
-1.003412405184842804e+01	-2.983598529451661374e+00
-8.231601054495794045e+00	-6.396749992815836450e+00
-1.037045055349651079e+01	-5.670456704501797063e+00
-9.133296705605197019e+00	-9.402852202296520190e+00
-6.609151888222697835e+00	-2.114631696182014853e+00
-1.183001015882119233e+01	-1.181931525715499909e+01
-8.780741727840648991e+00	-7.648219803974867226e+00
-1.098656388241763970e+01	-9.034643113401775949e+00
-8.699642568785197483e+00	-9.487198489879975938e+00
-1.051732627205831250e+01	-1.093206428149341924e+01
-5.725705653493003311e+00	-2.065029210087431899e+00
-7.620976106230357594e+00	-8.768063275758049002e+00
-5.336986671044091857e+00	-2.491097415247967906e+00
-5.039200828107227359e+00	-1.153813909213705635e+00
-1.002566771713358129e+01	-2.439020456014617366e+00
-4.572747370241105003e+00	-6.294523137598001306e+00
-5.950213135240692175e+00	-4.346218158336926152e+00
-6.833545365002594352e+00	-8.428118493873958172e+00
-7.186265821537488385e+00	-4.288875709781752477e+00
-9.454099883447581121e+00	-5.771019221427159174e+00
-4.765053670528059726e+00	-1.475033737214380913e+00
-1.106218703902644762e+01	-1.002592174644405532e+01
-4.848274965433581052e+00	-4.035110777713192043e+00
-7.006799969993908306e+00	-5.678217352689225450e+00
-1.042083913924451721e+01	-8.143809819792156901e+00
-7.892257967350146508e+00	-8.295030080248748661e+00
-5.974258792530756423e+00	-1.484122899442289700e+00
-7.154963542664142473e+00	-5.958758014855184193e+00
-1.044988565337384223e+01	-3.862984726763397880e+00
-9.146434971283930793e+00	-3.388509078399284835e+00
-8.160448188557879234e+00	-7.357078288314360393e+00
-9.153951828614134811e+00	-1.089931982420021939e+01
-5.909099504406470693e+00	-9.426702664416151123e+00
-5.666552048933477082e+00	-3.857897378829434842e+00
-1.199630477559783692e+01	-4.075152199983659074e+00
-8.954762558628226898e+00	-9.813593131297004390e+00
-9.343364157075070509e+00	-4.554888302844467773e+00
-4.237327787673939028e+00	-7.845595890481058987e+00
-8.606857897660672663e+00	-8.692122654169960327e+00
-1.153224764122141011e+01	-8.180592693091270462e+00
-1.029955738284457567e+01	-5.262516598935571110e+00
-5.616972769234575225e+00	-8.690832063843238586e+00
-7.217055022272625742e+00	-2.287106708226544605e+00
-8.670671917125796213e+00	-6.827496924079863305e+00
-8.547664861590615004e+00	-6.335207347722862536e+00
-7.450437927266981397e+00	-1.049317507506422054e+01
-9.110229827572618788e+00	-1.104126882806310306e+01
-1.078260158515013245e+01	-3.721485295331062648e+00
-1.132542369298543505e+01	-1.136640998917539136e+01
-4.601794783188831062e+00	-1.001888132403507292e+01
-1.018735133031089646e+01	-3.524243474562179124e+00
-7.986989163900474864e+00	-8.305282128254944496e+00
-6.237648175228738268e+00	-1.439188820967613136e+00
-8.059941767950892455e+00	-4.777013052580783459e+00
-1.039031579811438810e+01	-1.073193046969110398e+01
-1.073145131714821865e+01	-1.354086743720916974e+00
-1.153729952432443717e+01	-6.307581810772747488e+00
-9.397841285320039262e+00	-6.906523232199978324e+00
-8.210860113631381907e+00	-6.435334768100340774e+00
-1.016155698033719545e+01	-4.073889811488959012e+00
-1.102085285180929120e+01	-1.033251255726140805e+01
-4.230616277617527565e+00	-1.118657552453041149e+01
-1.035425490304203144e+01	-9.795748310795357128e+00
-7.776357585518164584e+00	-4.303570530549056805e+00
-1.177566286594216116e+01	-5.035283912849526367e+00
-7.844542847900187965e+00	-1.135075440837303518e+01
-1.080244397396914202e+01	-3.550444737290859631e+00
-7.258426001795585947e+00	-9.155252051340641017e+00
-6.389541842579762765e+00	-8.167542362730982219e+00
-6.007043141355788762e+00	-8.141214857891505119e+00
-9.617440011187321502e+00	-3.824066484894871998e+00
-1.146177510892863971e+01	-1.171654527450050232e+01
-7.630000285399333393e+00	-9.817287423980104677e+00
-5.102266986087702350e+00	-1.108275165537088114e+01
-5.930315605182295613e+00	-8.842825864447544149e+00
-7.104654480754175161e+00	-2.784412477004850839e+00
-1.016242362506288366e+01	-1.023704503930461129e+01
-1.096493029768841865e+01	-3.332242787495561576e+00
-4.947501743589770129e+00	-6.101320462626296681e+00
-8.578698530400533429e+00	-1.038709029827142416e+01
-8.464262625145114072e+00	-2.691424124761280900e+00
-1.037754092082781376e+01	-2.501387735577304650e+00
-9.443516362926285268e+00	-7.136725641141134169e+00
-4.640394805883629736e+00	-2.494417460933238129e+00
-1.165195349057491825e+01	-3.717713431577296834e+00
-1.041613822858991156e+01	-4.268756603848316011e+00
-5.838983409526218082e+00	-3.400177960261596244e+00
-9.493260684525010262e+00	-2.107747442164042972e+00
-6.184055704335484904e+00	-1.067416498836179528e+01
-1.195657800373776958e+01	-1.646721315441941114e+00
-5.935601077869197439e+00	-1.049931223869810282e+01
-4.905986549539441910e+00	-8.851749887195314415e+00
-4.378950051261636389e+00	-4.439459303307442539e+00
-4.490406432552280336e+00	-1.993987066335920710e+00
-5.544139114700557869e+00	-8.698586782328147748e+00
-1.112188651898771141e+01	-2.912332268642726429e+00
-1.194288812800509270e+01	-9.355146695335546880e+00
-6.822133501365023278e+00	-1.777967308092368581e+00
-5.131731829188344918e+00	-1.153434374719688016e+01
-1.150334444433175740e+01	-2.005258074189731676e+00
-7.057802737452061770e+00	-1.284065620337022873e+00
-8.978390015709775795e+00	-1.060253347106336363e+01
-4.082650539393393174e+00	-1.149185477374492770e+01
-7.938135079959835139e+00	-1.731704006882462510e+00
-3.842615382736617402e+00	-8.461697766736245185e+00
-7.468269240337215287e+00	-2.519426419371984860e+00
-9.580883910211943189e+00	-7.337616264512633713e+00
-5.222135781830345991e+00	-9.744874502322121046e+00
-7.509778776005738621e+00	-7.052468921149751324e+00
-8.916847380604213669e+00	-6.071220434028024471e+00
-1.037338150692293048e+01	-9.386580146532436331e+00
-8.975120075626985994e+00	-6.855504849972382075e+00
-9.664242697139137306e+00	-1.036559410540772319e+01
-8.016233174964055408e+00	-3.051804032151621549e+00
-6.864760302711802709e+00	-6.355359758941607318e+00
-1.014226344820862025e+01	-5.172659739532144307e+00
-1.132711115281459158e+01	-9.171641575796998680e+00
-8.922325423934251987e+00	-2.256599734110231292e+00
-1.048614588539552628e+01	-9.679938575221674668e+00
-4.338055305361666392e+00	-8.889756255782501171e+00
-7.867027852035415769e+00	-1.088715577531189993e+01
-5.718730937358992961e+00	-6.749688601754186834e+00
-8.700269982086057396e+00	-8.975432581691029199e+00
-6.357784966030988194e+00	-4.804809398839124945e+00
-6.791759206788698933e+00	-1.197921061494611372e+01
-1.161278450958841901e+01	-3.164908501585009137e+00
-7.081165545736747724e+00	-7.413676818848301764e+00
-5.343648693941579708e+00	-6.959061688261808598e+00
-1.146797862528005574e+01	-7.193058317360002896e+00
-1.030091083545908681e+01	-9.014185656592346163e+00
-1.033927488946627271e+01	-8.145056270189956038e+00
-9.828430908485774609e+00	-2.348889809219291802e+00
-8.230352447603340948e+00	-1.028169242212996970e+01
-1.164306726209608911e+01	-6.200108192802956886e+00
-7.525502816043477594e+00	-4.111599516655471298e+00
-4.563294953013262045e+00	-1.702315145959590659e+00
-8.185498450810245075e+00	-1.070242370169989421e+01
-3.884831325600648810e+00	-8.419902733885509249e+00
-4.670381528767886259e+00	-1.068933241800712075e+01
-7.228551535621680735e+00	-7.777210478549402950e+00
-6.277954853334879459e+00	-9.270040261627428890e+00
-4.025607346377712226e+00	-6.726435848725814459e+00
-1.031537041606587657e+01	-1.137189893234880778e+01
-5.330586493430208961e+00	-1.045945384096587816e+01
-8.048398008294867623e+00	-1.086167555934267703e+01
-8.675962877046540456e+00	-1.032248804624796890e+01
-9.979450139414083765e+00	-1.087841018118036551e+01
-7.979938221124341702e+00	-9.058182536128544626e+00
-6.341952013577197178e+00	-1.084734972214398674e+01
-9.573534089518020096e+00	-6.706658743006373768e+00
-1.023431304043954349e+01	-4.780632299567187715e+00
-7.338052689180780241e+00	-4.473873550133686372e+00
-4.456041317945913072e+00	-4.671502464333838311e+00
-5.959316634350583008e+00	-2.447773378540706091e+00
-9.188709094904382368e+00	-1.087850902008774945e+01
-7.105390204570111834e+00	-1.090228971387021417e+01
-9.359219128450231295e+00	-6.445567077863134209e+00
-9.337766098419814753e+00	-5.702526238660904134e+00
-1.012459481883871426e+01	-3.111724431175479477e+00
-5.435502499201597004e+00	-2.430794912029835331e+00
-7.416142645172029368e+00	-4.611646549892264524e+00
-7.030362651698054854e+00	-4.107389495643507971e+00
-8.358867316450155016e+00	-9.108872996983988557e+00
-7.472346994719404556e+00	-7.610965017975961366e+00
-7.973007572848936242e+00	-4.765908463849882537e+00
-7.438400508107133824e+00	-7.866725042984339389e+00
-7.486456806747435522e+00	-3.363115054849401098e+00
-9.534412635645715284e+00	-8.907048397500469505e+00
-7.617648904278940591e+00	-1.147602277935982862e+01
-8.160333303818557482e+00	-9.644196512261165921e+00
-8.260936275161153475e+00	-8.589175736911586867e+00
-5.862804629187833960e+00	-3.062285099139730349e+00
-1.036883171964889705e+01	-1.099974290239318364e+01
-7.861141504127715507e+00	-3.909400910822339537e+00
-9.359198580203678119e+00	-5.954122745725486610e+00
-1.143173862918360584e+01	-5.214365055372439883e+00
-5.187757305887037873e+00	-1.189574640402503825e+01
-1.011022906705213309e+01	-6.440868835155716177e+00
-5.429985245116023762e+00	-3.299960363944451025e+00
-1.179293098621669778e+01	-2.098672534496243358e+00
-8.019120452237920915e+00	-1.811415052864194575e+00
-8.344135541618511454e+00	-9.118886913827068952e+00
-1.073685814192427834e+01	-6.545080464643736384e+00
-7.043533502045104200e+00	-4.775530803755091647e+00
-7.806172574807863640e+00	-5.463197799517971021e+00
-1.006571352940428099e+01	-6.839752408657349569e+00
-7.561879434790863108e+00	-2.929811834171685447e+00
-1.141593191758472514e+01	-8.909431849471536324e+00
-9.667584524267738288e+00	-8.502733837724012034e+00
-7.540542205647475349e+00	-1.020978971500721499e+01
-5.444317491715795043e+00	-4.801328208030132494e+00
-9.716518922807676262e+00	-3.555211035502573669e+00
-4.597327707447129264e+00	-4.855040130544332477e+00
-7.616455985332477141e+00	-7.293347955742267352e+00
-6.445192156486015733e+00	-1.038336745479670675e+01
-5.638300712375910351e+00	-4.207766548237366067e+00
-1.109863210876315875e+01	-4.507892823909060098e+00
-3.281917173984919778e+00	-4.417518451854082429e+00
-1.190336156794102784e+01	-1.877770475004639783e+00
-7.175782744997071028e+00	-1.155113479383152608e+01
-7.504187902005052813e+00	-5.750843341169069589e+00
-6.648581053417800923e+00	-7.965683102025511886e+00
-9.042502844142997986e+00	-1.851574939194857938e+00
-4.810527602540537018e+00	-2.209022208494466621e+00
-9.137218923465702858e+00	-4.888800788450940793e+00
-9.922663512021603793e+00	-1.961772952484499344e+00
-8.525744636637350382e+00	-5.923225216348833477e+00
-1.165724966814254593e+01	-7.377443283927677342e+00
-8.493481462517829428e+00	-9.317241279473094551e+00
-9.660319593033703356e+00	-2.970513553753121094e+00
-7.840928418282516965e+00	-1.765671201720475647e+00
-9.638376224294614047e+00	-5.594869531361361226e+00
-7.780292002524864081e+00	-2.410589423760673089e+00
-5.658112605336046208e+00	-6.173904749332767672e+00
-1.087853958319167980e+01	-4.021193895945256891e+00
-1.140787131472649563e+01	-1.283197826920746021e+00
-9.658787988671120317e+00	-4.423534780563150193e+00
-9.907752286452666368e+00	-5.603449772737824297e+00
-9.663877064217762936e+00	-2.485185304549824892e+00
-6.334333604792038663e+00	-8.078994890474225699e+00
-5.339821345315776568e+00	-2.094776960482158223e+00
-9.079995760908634139e+00	-1.163276606136127356e+01
-1.012082866903042522e+01	-1.074310657590253015e+01
-5.021430225204604803e+00	-1.977323943221823033e+00
-1.179652932860712689e+01	-6.716397695583463445e+00
-8.726540053112625372e+00	-1.016657846919773078e+01
-1.075169376612770300e+01	-2.941143435134280448e+00
-6.545303198268222822e+00	-5.938992469475263825e+00
-8.672076480188129821e+00	-1.158449108838013331e+01
-6.772088327165578292e+00	-3.678435821615499535e+00
-9.182834114591246433e+00	-5.143962748804787211e+00
-5.125401749027531650e+00	-1.148381044539730134e+01
-4.667660296019476185e+00	-9.734916014235949433e+00
-5.357823395964309121e+00	-2.340999314095971950e+00
-1.173988609892763968e+01	-1.115319840961686637e+01
-1.108375038639306887e+01	-4.140869404477353299e+00
-1.152083765095233403e+01	-7.714839395625400442e+00
-9.210228207048487548e+00	-5.597564589546107250e+00
-6.490500292919363368e+00	-5.695894351356331597e+00
-4.872106152872579088e+00	-1.011100422961029999e+01
-6.101483793361852648e+00	-7.204207716082829727e+00
-7.048691456163278524e+00	-2.971793254833818843e+00
-7.665024658373320143e+00	-3.511578314866854011e+00
-7.446108164351316283e+00	-1.058137529379391761e+00
-4.418123692760881127e+00	-5.586563826605073224e+00
-1.030302967346277043e+01	-4.918800141497468026e+00
-6.263941385731429889e+00	-9.850786253601047093e+00
-9.143078356674379847e+00	-1.817046778076167657e+00
-1.037570840290072915e+01	-1.961080918146030250e+00
-1.067535875117892985e+01	-2.364076979728071848e+00
-8.947534530012593024e+00	-1.181860600190290178e+01
-7.361512813734771399e+00	-2.947338775503617114e+00
-9.723957626229115192e+00	-1.077407828867008988e+01
-5.976528799665746128e+00	-5.479702324474257757e+00
-4.683309460254506007e+00	-8.827067090517456194e+00
-1.087131379641781237e+01	-2.852021012079539286e+00
-4.139790115591812203e+00	-2.800850549163777181e+00
-5.366358704964113713e+00	-8.431366280203405950e+00
-1.186065668497447589e+01	-2.603052319368470702e+00
-6.359058888741667914e+00	-1.404435346361903925e+00
-8.446901116708911417e+00	-9.358086404757623100e+00
-9.810868242300609054e+00	-7.837449054388472724e+00
-6.315122488206457163e+00	-7.066154385326300691e+00
-8.199584085311570902e+00	-5.154438813885120041e+00
-8.416569920966813001e+00	-1.128939577850330700e+01
-6.716742979631844079e+00	-2.079480236783170177e+00
-5.085696291867352947e+00	-4.274487708293859711e+00
-6.225710238043292932e+00	-7.718340558299648713e+00
-9.332000766538163461e+00	-3.738915381595004028e+00
-8.211063595782716718e+00	-9.862462743448103808e+00
-4.199242541070161927e+00	-3.851211017359669420e+00
-5.721761982178453110e+00	-8.017281276241433829e+00
-9.296171268991269443e+00	-4.595015370217093498e+00
-4.332239419674220215e+00	-3.461661144740640683e+00
-5.482558045120930146e+00	-8.784521204901045266e+00
-6.039617877550379710e+00	-4.116890817193046281e+00
-8.884458043288605111e+00	-5.828377248173369551e+00
-1.002298613461636378e+01	-2.608399567582452505e+00
-9.100893017751893410e+00	-1.994345814988535581e+00
-9.818165374631337983e+00	-1.152918403777793088e+00
-9.195661793486047841e+00	-9.479980402722452126e+00
-1.035389862149816587e+01	-2.811978222768255264e+00
-8.116910335912191243e+00	-1.145913614966388394e+01
-8.671894185952675471e+00	-3.155112581240369085e+00
-4.511537388587782971e+00	-1.196085430715465314e+01
-1.040614537338958279e+01	-1.835263814632171808e+00
-9.188462801876420727e+00	-7.226638347148049313e+00
-4.702392603006219751e+00	-8.983091720654556411e+00
-7.505800125953903112e+00	-3.852028041168186423e+00
-1.011535167782787070e+01	-1.198793778573907254e+01
-8.048652810578316164e+00	-9.499517385320116247e+00
-1.115747580344351420e+01	-4.044433448452377178e+00
-9.390499478943372225e+00	-1.037758302749855588e+01
-9.011396225386448577e+00	-9.761396879858486031e+00
-9.065288582240473403e+00	-4.792661645753273802e+00
-1.142754724901854146e+01	-1.010398397387314340e+01
-6.322041664603414546e+00	-2.376498904743715279e+00
-8.674795038056458907e+00	-1.633574974483018805e+00
-1.062244328777423519e+01	-9.217100016565845877e+00
-4.475159809109586995e+00	-7.712754320823570708e+00
-7.366444737702679824e+00	-5.689878588131862536e+00
-1.126888076554650908e+01	-7.997333630087265277e+00
-4.362969323461435067e+00	-6.975185411783028755e+00
-5.380291586135894200e+00	-6.062319991378100958e+00
-9.632235746836602885e+00	-3.232154071038646048e+00
-9.882256212861715738e+00	-4.224386456747168062e+00
-7.291770200493651544e+00	-9.335342145931107893e+00
-9.901651291826341961e+00	-8.693913886965081161e+00
-5.084825936337453278e+00	-3.324645332644803108e+00
-7.901806353397478055e+00	-3.928259251791635709e+00
-8.028065913796721631e+00	-5.809117072680373361e+00
-9.996471484050134748e+00	-1.015389972383805883e+01
-6.546553072665129314e+00	-1.462172537425319163e+00
-6.467648914644842151e+00	-3.195256824526570227e+00
-8.884184472430879609e+00	-3.812500033936704114e+00
-1.042124944702958977e+01	-1.662963823955795339e+00
-8.262256426114291230e+00	-1.000806514889654508e+01
-1.172241984362841194e+01	-8.603700673551038847e+00
-1.119396654976145022e+01	-6.784431794946598870e+00
-1.113994935272852871e+01	-6.362844821331535172e+00
-7.733387964649863555e+00	-4.836207740037668401e+00
-4.966848852124486235e+00	-4.506871584472277092e+00
-4.766805231787498265e+00	-1.569395928165704168e+00
-7.505340252700904990e+00	-1.316576728335535185e+00
-7.192710268969717546e+00	-1.071994254972925376e+01
-1.007420292375548776e+01	-6.056619193196993045e+00
-1.107248956568010101e+01	-7.775763402815944580e+00
-1.009282820378012246e+01	-2.520583230370667671e+00
-7.818217346519563016e+00	-6.174748730885087689e+00
-8.194130543958280555e+00	-5.013862847052362071e+00
-6.281355744315238354e+00	-8.526734912220504725e+00
-5.008687109815482152e+00	-5.531244368537715950e+00
-9.230179977758494303e+00	-5.169476008354052965e+00
-5.609739232228283079e+00	-7.082180755527598848e+00
-8.129431420176779000e+00	-4.325847703536073396e+00
-9.719269159722138340e+00	-1.082378473461566237e+01
-4.364241545278484402e+00	-5.561356924548216618e+00
-1.073998556914666658e+01	-6.929906759358487989e+00
-1.028441129894750006e+01	-1.020069754725649247e+01
-9.944507993903069831e+00	-2.149438474354379291e+00
-8.026181688366310851e+00	-3.579029192647317004e+00
-7.651216908350042978e+00	-1.010020962798980015e+01
-5.464425810428658714e+00	-7.464894337925333190e+00
-1.137819592414727765e+01	-1.098265316720402751e+01
-8.679653616746046296e+00	-5.696064355121428946e+00
-6.814572710648121756e+00	-7.793488801506147645e+00
-5.680819001890678344e+00	-1.156846032106987643e+01
-7.008102596753822411e+00	-3.107043319369486412e+00
-1.019408330545868502e+01	-5.169598445245894069e+00
-1.183819661991143235e+01	-6.971462707848778528e+00
-9.019304265844597879e+00	-4.739616929489622876e+00
-4.658084226343696344e+00	-8.495220109768300887e+00
-8.306355106557305135e+00	-7.638666694572764371e+00
-7.521440392327752633e+00	-7.969449330399227982e+00
-3.716350139192026170e+00	-5.427273201394337221e+00
-9.514654884626235543e+00	-1.070263560723836349e+01
-1.143001071209887876e+01	-8.410351795659915197e+00
-9.961350891114227224e+00	-6.792859465985974232e+00
-1.070822716535915298e+01	-3.965612593315622991e+00
-9.886548290774793912e+00	-6.797654692670228371e+00
-9.515318451645693898e+00	-1.082726439077954339e+01
-8.835782213712528588e+00	-3.179706409761283492e+00
-5.025666382245866259e+00	-5.919988144447890122e+00
-1.171395802780778794e+01	-1.108958461279066654e+01
-1.069175262167305362e+01	-6.105279626770101054e+00
-6.712540833919577565e+00	-6.060652973027713664e+00
-5.920977727994079842e+00	-3.769236970533270004e+00
-8.064342582189219399e+00	-2.241474312291518611e+00
-8.065787508776036674e+00	-6.481208802676730052e+00
-9.324669103125774683e+00	-2.803729693827513803e+00
-9.494294430002517160e+00	-1.013307574544795386e+01
-9.476472785723775161e+00	-2.645276262631724329e+00
-9.428491986471643216e+00	-5.427847347403782940e+00
-7.365979141069217029e+00	-6.001107707837318728e+00
-5.989810367801263524e+00	-1.003021485625195552e+01
-8.783349565703131745e+00	-5.007877346431127030e+00
-5.994180300272296869e+00	-4.841790835230103340e+00
-1.079798439647607644e+01	-1.034525483545816371e+01
-8.160555372074403735e+00	-7.042184522685118964e+00
-8.169102220995794639e+00	-9.261318589122058853e+00
-5.385192667906259167e+00	-2.999942209993381237e+00
-4.109535758990345400e+00	-8.171713168948382844e+00
-1.051917001775346883e+01	-2.426381202214026978e+00
-3.445422522748076144e+00	-1.690839200884950655e+00
-5.904702610917054173e+00	-2.236843545844073855e+00
-8.565096856599364372e+00	-4.854630082199669516e+00
-9.184423680713324600e+00	-8.754751552943164095e-01
-1.114436705596887300e+01	-1.159427675762124110e+01
-9.871174660263278611e+00	-2.875644847508136870e+00
-9.592058197894164806e+00	-5.923506687929412706e+00
-6.137303890809927331e+00	-1.110789615052948953e+01
-8.092867693739520973e+00	-1.072518956129166767e+01
-1.011425612896524662e+01	-8.883224468329279588e+00
-6.518781495497781187e+00	-6.217181101991416270e+00
-9.538239068369870566e+00	-1.156905414021526823e+01
-6.575146871895415579e+00	-2.687863984619319968e+00
-5.150252154534918247e+00	-6.234707402773351781e+00
-9.398474012519926646e+00	-3.519588727584521681e+00
-8.457374630469985277e+00	-3.728080100764712412e+00
-1.025079950910762783e+01	-9.053515886024440462e+00
-9.337617155061375129e+00	-6.377830810472502776e+00
-6.541773334653092853e+00	-6.122925720276083617e+00
-5.708172758784338718e+00	-4.150970664144610467e+00
-7.918973543676489868e+00	-9.848503250467258496e+00
-7.499755023621938577e+00	-1.981209442339732174e+00
-4.302444537228097055e+00	-7.556511245718023240e+00
-4.810152100136559916e+00	-1.046484105541361487e+01
-7.608090442389287666e+00	-5.495820873679097218e+00
-7.260478252014936018e+00	-1.121971234811820040e+00
-8.934786074004184897e+00	-1.037899101907756183e+01
-1.084477559080266396e+01	-8.807634137226990845e+00
-7.883385702830979724e+00	-5.125880544159048036e+00
-1.066461748300354273e+01	-4.501519524081822432e+00
-5.626824752915275951e+00	-3.294425110729727546e+00
-5.082586036961767917e+00	-3.709205996404593364e+00
-1.179332144950168626e+01	-8.550287955316997923e+00
-1.025228395779819124e+01	-2.181241650355060013e+00
-6.698497813720965866e+00	-1.033911241450887530e+01
-1.063732147209928769e+01	-5.155324354594054803e+00
-5.313711799850151962e+00	-1.162796757138294090e+01
-1.084051753850624422e+01	-1.509889988616325063e+00
-4.590952995747549004e+00	-5.719180040571534285e+00
-6.813113664529980795e+00	-1.606747301731903388e+00
-1.014301103361016843e+01	-8.985316322379622633e+00
-3.930553758645655815e+00	-2.512016417707825688e+00
-8.765227396788599634e+00	-6.339611441185640572e+00
-8.319519842867856951e+00	-2.889021329518711045e+00
-8.404254170924726708e+00	-1.067537517417084203e+01
-1.193862603246665444e+01	-3.523691865485027996e+00
-5.215522450184821857e+00	-9.834598788228138488e+00
-7.449565842697371210e+00	-1.108661720362485426e+01
-7.135780607863080327e+00	-2.962118289600701004e+00
-5.762949530242490681e+00	-6.624477711655273104e+00
-8.050514904058488241e+00	-2.305656220147501045e+00
-7.074453975384982662e+00	-3.279423655406599636e+00
-4.497979428662493895e+00	-4.545763789158084656e+00
-5.750835126827970711e+00	-9.606169373259715982e+00
-8.598794617401789964e+00	-8.674467547746976592e+00
-7.649596285650618555e+00	-1.089124039398479660e+01
-9.207473202554236735e+00	-3.453054559391375733e+00
-1.126522233812162455e+01	-2.979387263195381497e+00
-7.367161976780760568e+00	-8.405110242586543379e+00
-1.190083490278220602e+01	-9.246543543399579068e-01
-7.880426556569614327e+00	-9.306677386760389581e+00
-1.160041519739915827e+01	-5.870981355410906488e+00
-8.652080429425707209e+00	-2.523527475163567235e+00
-6.502320718001675992e+00	-4.896840824676816695e+00
-1.087574435051441135e+01	-1.004374323420866411e+01
-1.087611136209215168e+01	-2.623522255373102574e+00
-6.417604492068437416e+00	-1.967369652564674665e+00
-4.823083982411352721e+00	-2.142087887666033197e+00
-4.007305139000780336e+00	-9.895733608569850404e+00
-8.572374000765435653e+00	-1.061172088403263558e+01
-5.759230336636475656e+00	-9.123938052190611714e+00
-7.923843903746755402e+00	-8.424745187747083364e+00
-8.046917328508888190e+00	-1.995352791125707848e+00
-1.059060030987299328e+01	-6.592066164227182945e+00
-6.701462755318343234e+00	-4.165272573893291863e+00
-8.995134989509498524e+00	-2.463546583070285401e+00
-4.688702419090206241e+00	-1.894410031025521857e+00
-1.016607165508995969e+01	-5.490798987517576890e+00
-8.271765903214754800e+00	-5.503655233202935371e+00
-1.085888482909371966e+01	-6.116080957569987042e+00
-1.002545227319074073e+01	-5.032570584404808756e+00
-7.870925625900918376e+00	-8.023275899506231212e+00
-8.595545828951751233e+00	-9.485870055405934309e+00
-9.303041744875667263e+00	-3.870735153343160651e+00
-7.365620052256207195e+00	-7.693092163791884985e+00
-1.017443446724326428e+01	-1.105091642878124247e+01
-1.057299632432959768e+01	-5.482820477780218305e+00
-8.432104380523124831e+00	-7.501982760447111431e+00
-7.753187219032620980e+00	-7.766778584791777185e+00
-8.345420059784432354e+00	-1.000225154532257221e+01
-8.550415013484929716e+00	-2.320144151656245768e+00
-1.029053305969160270e+01	-3.603981117215560470e+00
-6.311854471456273430e+00	-7.981112582567363667e+00
-7.401921921097450507e+00	-5.019507064517379824e+00
-1.081252566621081534e+01	-7.321845212402022796e+00
-7.837974870516616122e+00	-8.611087436965011221e+00
-5.356593300623421428e+00	-2.526246191413028974e+00
-1.032450961015058155e+01	-5.613726101432940929e+00
-8.115979314563441349e+00	-1.077137861327793367e+01
-1.134997051550146629e+01	-3.340914577752266190e+00
-5.150417013500186769e+00	-6.228721336302879052e+00
-6.186177615940557040e+00	-6.235730906387749073e+00
-7.279520104999951613e+00	-7.173275627266905374e+00
-9.012153869708328102e+00	-8.305767408676619112e+00
-6.545849234580447984e+00	-1.068337591134728903e+01
-9.134125670808336039e+00	-2.036289027567484755e+00
-1.126097716989608166e+01	-7.569483483664019907e+00
-9.074514970706461625e+00	-2.082529655415646719e+00
-6.916819206360351302e+00	-8.750585581974544169e+00
-1.045340557834336082e+01	-1.186808792000195467e+01
-7.154534350333382697e+00	-4.438760843141652757e+00
-6.351122988035499795e+00	-1.947705315717114471e+00
-6.387607799277343013e+00	-8.504493372483509006e+00
-3.995056192559567343e+00	-1.873586552865642352e+00
-4.592155522262461709e+00	-5.960618807023956300e+00
-1.164746743840244037e+01	-2.302071598504638050e+00
-5.331458629624044043e+00	-7.996191303186362731e+00
-5.728898991392607165e+00	-1.121455932783154807e+01
-9.820701544544323980e+00	-4.399311857392361524e+00
-6.316933407362191666e+00	-1.044434002085762536e+01
-9.726815676931025223e+00	-2.347539961000423947e+00
-9.523423789785756099e+00	-9.979769688123161231e+00
-3.753302930340060684e+00	-6.148919055621343333e+00
-1.043694682338415802e+01	-1.057542578401859146e+01
-7.037168096892757241e+00	-7.172984308056950198e+00
-5.449199365204772327e+00	-1.549557499994371312e+00
-9.430947318370931143e+00	-1.154512077670460357e+01
-6.827308436942217895e+00	-9.594663075298644372e+00
-9.552260619181627277e+00	-1.880165777740955946e+00
-7.345255792385608551e+00	-4.410535122264134245e+00
-1.064231937428731101e+01	-1.191610223889834330e+01
-8.388822630196687058e+00	-1.077812482129966476e+01
-1.087680260353362272e+01	-1.015965272505446571e+01
-5.567023365628453568e+00	-5.755752103184516244e+00
-6.676649070256420515e+00	-5.873048734422170014e+00
-5.720230140956314102e+00	-3.410687934549976319e+00
-5.381419283527750785e+00	-8.536732468035754806e+00
-5.381419283527750785e+00	-8.536732468035754806e+00
-5.685852123584591133e+00	-3.759983792377935341e+00
-6.169304426163914279e+00	-4.181524394788346477e+00
-9.012034620648957883e+00	-2.481532185934448353e+00
-5.403458777324004814e+00	-1.833476420786376515e+00
-1.030904423108927759e+01	-1.775205675202004896e+00
-6.353960697074234609e+00	-4.690454217898814449e+00
-6.593764309034067850e+00	-7.446221944642096524e+00
-9.507567246239037928e+00	-6.996387011034484793e+00
-6.918802018956409228e+00	-7.530199503186697285e+00
-1.199555363569031208e+01	-6.862478143235146710e+00
-1.078650278032517740e+01	-9.500800763228397727e+00
-5.828722944031783371e+00	-1.197845173953893116e+01
-1.125677967401154334e+01	-2.143320654665981539e+00
-5.073844835731316394e+00	-4.692695735225329123e+00
-6.480365163874706624e+00	-7.943793791711450503e+00
-8.776864756391441702e+00	-3.721478154532171345e+00
-1.194220062323517517e+01	-2.300125275368243294e+00
-8.387175833382871204e+00	-6.933437594026496065e+00
-4.963700526238496558e+00	-1.109246081690671559e+01
-1.096678177993968362e+01	-8.841611883349743906e+00
-9.345383992770640802e+00	-5.152376297014775730e+00
-5.415465420957583653e+00	-4.521715929045374338e+00
-1.117592545553409700e+01	-5.899501143165390538e+00
-4.155646597722794766e+00	-7.196369165143097213e+00
-1.126228709425936891e+01	-8.864350793475026080e+00
-1.106394697556555506e+01	-2.686352476077971119e+00
-5.431181832801839526e+00	-7.201473802162409399e+00
-1.016281810086132076e+01	-2.731605656659175096e+00
-9.993823435411004041e+00	-3.829776807427507368e+00
-9.919168266377454302e+00	-1.149014348031493249e+01
-6.384874914854704819e+00	-8.069421733871717350e+00
-9.127508463648213777e+00	-4.844843652316867200e+00
-1.083635423977672652e+01	-1.001843775605956921e+01
-1.077873727148356231e+01	-4.214250383024272573e+00
-1.080230036023354323e+01	-9.941011518758219978e+00
-6.673851858462092501e+00	-5.079130638541540677e+00
-8.405461847265078390e+00	-5.452461262671221220e+00
-1.138468475881583508e+01	-2.361145490115457157e+00
-6.988338949795912747e+00	-1.804741269878598953e+00
-8.192077718152534160e+00	-5.049271164814078006e+00
-6.113822418645608714e+00	-7.248374415990854303e+00
-9.099007406935545106e+00	-3.948136032094475389e+00
-1.180072305158046575e+01	-6.783142583676080584e+00
-1.020842906758385737e+01	-1.541583429304248076e+00
-1.114670291217561271e+01	-6.323402827149383398e+00
-7.293723394460008613e+00	-1.073787039635144147e+01
-1.058538525308067335e+01	-1.136157816236350371e+01
-1.142666316072141619e+01	-7.692479883839332011e+00
-5.438844560618217194e+00	-7.945198775095303034e+00
-9.489085034537728447e+00	-1.062957730493891439e+01
-5.662961732224252032e+00	-5.043575187010316263e+00
-1.049084589943270096e+01	-6.231174467565008257e+00
-6.808663323741377837e+00	-1.072910286677506697e+01
-5.451134936432674216e+00	-3.195312688492450537e+00
-9.878767328304501660e+00	-6.419088915481674817e+00
-1.112407714730420061e+01	-4.171179452586493142e+00
-6.251205897045846172e+00	-3.114282496690879309e+00
-7.610149403166121651e+00	-7.873086706386934530e+00
-5.630137047598803512e+00	-9.200687874619053019e+00
-7.951949232629692332e+00	-1.023372312838209730e+00
-1.135824926975174343e+01	-3.977392192212672928e+00
-1.137744045719156816e+01	-8.445967117642064537e+00
-8.662331409070871402e+00	-7.495998994807851368e+00
-7.880151858280635579e+00	-2.906950502740806019e+00
-7.761346437950863653e+00	-1.724242041634255429e+00
-7.011298773441593468e+00	-8.380348129187698447e+00
-8.698057122589354151e+00	-5.320762521946543089e+00
-8.881094620627102643e+00	-4.066253826791559334e+00
-1.078453727379411831e+01	-7.023072802201672182e+00
-5.537845724331175390e+00	-4.865800217260786376e+00
-5.249072688401821729e+00	-9.543694596990775381e+00
-8.547809790590914503e+00	-1.039752514843263320e+01
-1.092064178258367413e+01	-1.099499178169317659e+01
-9.846214970660669863e+00	-3.364009726353933694e+00
-8.529126274094071647e+00	-8.779599275303715089e+00
-9.208989603358277876e+00	-9.930799776393930856e+00
-8.371059203341058463e+00	-1.161225224884971041e+01
-9.640506971716321871e+00	-9.782403597748560387e+00
-9.685005059377928660e+00	-6.646469970942332495e+00
-9.685005059377928660e+00	-6.646469970942332495e+00
-5.173660806481194641e+00	-8.421963747139541212e+00
-7.497995166082240814e+00	-6.418362714298250005e+00
-9.437029137121497158e+00	-2.054850746822024288e+00
-8.987851434646929150e+00	-2.529791571251413185e+00
-8.680708085434151400e+00	-6.965909378738312618e+00
-1.020142032645321173e+01	-1.082921614311065106e+01
-5.939434693030468893e+00	-9.775356035967384116e+00
-7.161623581818610695e+00	-4.209747211332095063e+00
-6.936456193330982956e+00	-2.096368384098435733e+00
-6.563188962755442724e+00	-1.042932652077448097e+01
-1.112121801752580907e+01	-3.684629290005096980e+00
-5.916659901682579381e+00	-8.859922575891944874e+00
-4.091202127428270607e+00	-2.052208714922451716e+00
-1.153219812664085175e+01	-1.129222865089911743e+01
-9.421603430391987999e+00	-3.044512697285734593e+00
-7.290735659035654237e+00	-7.905801321016292960e+00
-9.588287932444613304e+00	-5.542453630717396607e+00
-1.131370945768512115e+01	-5.833669712740557678e+00
-6.969075504203305904e+00	-9.519278358127563067e+00
-1.026653846730498820e+01	-8.379958818898343154e+00
-1.034326189453125444e+01	-6.168699522274529556e+00
-1.029031523314079699e+01	-2.235316462842790841e+00
-9.703483852171514101e+00	-7.785312963988501700e+00
-5.684505554544827532e+00	-1.449346390548425179e+00
-7.219128713723657498e+00	-4.900748053577013152e+00
-9.187669323954773759e+00	-1.572166029291340195e+00
-7.460487188941328895e+00	-4.236722670453525907e+00
-5.381272242168489761e+00	-1.010515231072177755e+01
-1.017331481352649902e+01	-7.442221898148149606e+00
-9.621854784630668789e+00	-3.275811199195695966e+00
-1.002320553347313847e+01	-1.023235286385677512e+01
-9.478319166364039816e+00	-2.550809396928775730e+00
-6.696084117243314537e+00	-4.725481132188049216e+00
-5.054270359097452037e+00	-8.566564360769280739e+00
-9.703846599356950264e+00	-6.856307961326123745e+00
-8.546134427298760272e+00	-1.590917532214293439e+00
-4.878689940247409318e+00	-4.940498336109444111e+00
-9.271197589622280688e+00	-9.742987527812408288e+00
-8.119779157819072779e+00	-8.663874500186690142e+00
-5.619468155642787011e+00	-1.019014417915919424e+01
-1.025581047062098783e+01	-8.224902978296777079e+00
-1.159659106735189837e+01	-1.703822614526772528e+00
-9.046532471831854494e+00	-1.178797184021959765e+01
-8.611641822405088575e+00	-7.178052384870346359e+00
-8.682057656108682409e+00	-9.293598466516071355e+00
-6.821575292923909295e+00	-3.351548588918470184e+00
-9.672636433911572240e+00	-1.182826948461669048e+01
-5.573837998928068416e+00	-8.148943646931792628e+00
-7.152082404676617600e+00	-1.009837612450669475e+01
-6.350460650661524653e+00	-1.074032721695251524e+01
-1.163132685965133639e+01	-4.341114836914199415e+00
-6.674931642815175259e+00	-7.495894872103623818e+00
-7.101134892006141008e+00	-1.064091177675418054e+00
-8.351990977703218633e+00	-7.844379449179244901e+00
-8.351990977703218633e+00	-7.844379449179244901e+00
-4.621901132762081588e+00	-1.053592522937817932e+01
-4.621901132762081588e+00	-1.053592522937817932e+01
-7.360629027704735705e+00	-5.843640852142828912e+00
-5.806488958531706324e+00	-4.901901832444783835e+00
-1.130180670689689570e+01	-7.539739016192394061e+00
-6.949059436870095752e+00	-9.506268647208420575e+00
-8.131490739520678801e+00	-5.469092103713966146e+00
-8.056107695235368737e+00	-6.176853743582465306e+00
-1.118348583519688511e+01	-1.832018431187936391e+00
-1.156095812004724621e+01	-9.388059067531475677e+00
-8.003791285981442627e+00	-8.713260315169181425e+00
-5.269863613223720655e+00	-1.648127724137142369e+00
-6.458524997341445584e+00	-7.511734110170269041e+00
-5.796258807466813323e+00	-1.040930915141612090e+01
-4.757908158689197364e+00	-4.323664828167649965e+00
-8.783083823028619008e+00	-9.406419415127562189e+00
-7.306378136072491536e+00	-7.422458227104513639e+00
-7.036632868779180150e+00	-2.751754408114762018e+00
-1.181002900622732099e+01	-4.065202220256722399e+00
-1.096406234492717680e+01	-2.158159831234650827e+00
-7.662193198488871815e+00	-7.329158932344219224e+00
-1.123079610706452591e+01	-9.052070531167425216e+00
-7.431277812307282460e+00	-2.805033979645886077e+00
-1.019879382419583713e+01	-5.165218496186893660e+00
-8.231643822387718856e+00	-9.967800903201817775e+00
-9.829714313008514281e+00	-6.635674427432320499e+00
-8.661567882932962092e+00	-9.923904099347769403e+00
-7.290114271039709770e+00	-9.459721051795787261e+00
-1.117659461696329792e+01	-1.170399609042146771e+01
-1.055617499648453084e+01	-1.334748253585427147e+00
-1.055617499648453084e+01	-1.334748253585427147e+00
-4.619944352812716204e+00	-6.162717406199829107e+00
-9.727535579972158786e+00	-8.119763918188475316e+00
-4.176090624898213477e+00	-6.498365330882108104e+00
-1.104312413478378829e+01	-8.500854373574762590e+00
-1.156339752779413921e+01	-9.812153767163048101e+00
-1.113997429070616185e+01	-7.931873824996160671e+00
-8.475394077933170678e+00	-8.432396471255261261e+00
-1.125613799124831438e+01	-1.502285689950666914e+00
-1.134124495659493981e+01	-7.302150875303038191e+00
-1.016658429900900273e+01	-9.652397475011348149e+00
-9.719103039267871225e+00	-1.272802068360372463e+00
-3.906121172422239329e+00	-7.011263619611080244e+00
-1.050150843291721969e+01	-9.554966387916250525e+00
-9.561532243618742655e+00	-1.176000003095176716e+01
-1.050556763279825212e+01	-5.986494291772961773e+00
-6.385756531998535657e+00	-8.543463753109884706e+00
-1.021453789475316398e+01	-8.112630585304250630e+00
-1.021453789475316398e+01	-8.112630585304250630e+00
-5.232230465598967761e+00	-3.269468383415220281e+00
-9.376365481281530023e+00	-7.730126947967232098e+00
-7.653296820527974553e+00	-1.016905386114139809e+01
-9.453215657393258198e+00	-3.232699216667858089e+00
-5.485640466096295853e+00	-2.882795649447125630e+00
-9.027210554340726389e+00	-5.937433666832617973e+00
-9.569272437557039268e+00	-1.025035361162779957e+01
-6.874678257757961930e+00	-5.520847214470243181e+00
-6.454305487524431229e+00	-4.655454655008901987e+00
-8.610034029092993535e+00	-3.616943330811107415e+00
-8.270909153218193310e+00	-2.763724245344764796e+00
-9.474425494511967472e+00	-1.085759388345503318e+01
-7.360011140534271412e+00	-4.113082976416523096e+00
-8.716961044225630673e+00	-4.210515762151421093e+00
-9.534961916240263236e+00	-3.536930229671790826e+00
-9.043726820197939276e+00	-8.981441763957333180e+00
-1.084625923470357556e+01	-1.851984134422373085e+00
-1.182831322620829795e+01	-1.065358006483977960e+01
-7.340212895912243241e+00	-1.093354157429248730e+01
-6.423764038298031664e+00	-1.008866539485712721e+01
-9.653885136197709826e+00	-1.036516129002253805e+01
-9.774533004106588763e+00	-1.050533859276754178e+01
-4.422624646024639894e+00	-1.170856757925962910e+01
-6.427055737283677850e+00	-1.071311376806778703e+01
-1.162683937206533535e+01	-2.346647697682407330e+00
-7.036800866631205409e+00	-6.422569392892547135e+00
-8.165707266409484077e+00	-5.968428599004159452e+00
-1.097400003178865369e+01	-3.252416157776148342e+00
-1.016324954149916593e+01	-1.142666226544497832e+01
-5.228640834054876230e+00	-6.926239492457139768e+00
-7.572381645673637252e+00	-9.817917484763356128e+00
-1.179015072435870337e+01	-7.434667147832425549e+00
-1.145176097404313431e+01	-5.704980146433857868e+00
-6.722924662082413683e+00	-6.352875771978260033e+00
-5.030981483021058409e+00	-2.934064678215728250e+00
-5.030981483021058409e+00	-2.934064678215728250e+00
-1.151998759349049450e+01	-5.963630699011297054e+00
-1.142907692636616623e+01	-7.270333428218198613e+00
-8.825236820974293295e+00	-9.552513731831702160e+00
-6.809952608023567500e+00	-1.710316161235551746e+00
-5.984303339762866436e+00	-3.646399115209943975e+00
-5.939650710357457619e+00	-7.510916280956537960e+00
-7.636774672162546018e+00	-9.329568300326265273e+00
-5.643337865257942454e+00	-9.124831890813815960e+00
-5.643337865257942454e+00	-9.124831890813815960e+00
-1.049942299790988542e+01	-9.522028221448657348e+00
-1.065128370669556190e+01	-8.297193558754480947e+00
-1.065128370669556190e+01	-8.297193558754480947e+00
-4.650936672468731992e+00	-7.285003635419333712e+00
-4.645300256944979722e+00	-1.098510397083643220e+01
-8.295561759579461736e+00	-1.882339338150391672e+00
-3.999343483582140646e+00	-1.539956633082593340e+00
-8.189387082718273092e+00	-4.988453803021649868e+00
-7.791503838994406017e+00	-5.770357927202421244e+00
-6.495029442513022389e+00	-1.060913628524754948e+01
-7.464666389058224993e+00	-5.970206756617024269e+00
-6.389363253364009232e+00	-9.762305070722755218e+00
-1.007199401396831817e+01	-4.690603971565988850e+00
-9.439546980418247912e+00	-1.111834804246202602e+01
-1.073655074647718344e+01	-1.820375437658918960e+00
-6.243114054738094332e+00	-1.059332197137155696e+01
-9.461470829234359670e+00	-3.036929335026688381e+00
-5.634161463250673130e+00	-6.764747802648874320e+00
-4.551004243985983244e+00	-2.944197029049928638e+00
-1.017571135092360812e+01	-2.606896877976627280e+00
-9.922399209780289553e+00	-3.989431222454903114e+00
-9.687283461138445517e+00	-5.005386706358044613e+00
-6.049095843385066118e+00	-3.437118832337738183e+00
-6.049095843385066118e+00	-3.437118832337738183e+00
-1.154691634091039809e+01	-3.320438419878273262e+00
-1.015162132021809605e+01	-5.685369484431924469e+00
-6.287278459024183697e+00	-8.356930408612779360e+00
-7.445574939325362962e+00	-9.482595541362496050e+00
-8.332165014709225659e+00	-3.548428260241390131e+00
-8.246551672614714334e+00	-1.080473340436195961e+01
-8.479117324061363092e+00	-8.714548703686613607e+00
-6.986173247544173570e+00	-6.608503490164066463e+00
-1.011740485710993909e+01	-1.716548137073559577e+00
-7.326357589122350689e+00	-9.114948015810766080e+00
-1.161818468902679768e+01	-5.330277968613038375e+00
-9.994745223987024474e+00	-9.871365477670657640e+00
-1.170221038838546690e+01	-2.552024874050048631e+00
-7.775624707832972327e+00	-9.779155313168800490e+00
-7.716168116674551491e+00	-3.705508816686558848e+00
-7.469598006429236214e+00	-1.137143078689464915e+01
-4.409575431433042425e+00	-2.491442679387518400e+00
-9.516999001761227817e+00	-1.091207244305091528e+01
-1.163819295416762323e+01	-4.236201057064561404e+00
-1.106381858647432104e+01	-9.524020468602429901e+00
-7.498919999036770534e+00	-8.063551933153698670e+00
-8.342347996143290700e+00	-2.876415437091855765e+00
-1.145385450119556303e+01	-9.603904036161655000e+00
-5.654320519087742802e+00	-6.393242403105894311e+00
-9.109584739455515390e+00	-8.612233879778186108e+00
-6.433213409311933084e+00	-8.345298912916618406e+00
-6.433213409311933084e+00	-8.345298912916618406e+00
-9.096065386065006919e+00	-6.673406103449892157e+00
-1.183419179141574418e+01	-5.764514371456177066e+00
-5.055136888224295078e+00	-6.416263323202491264e+00
-6.917633437317390666e+00	-3.346941858760678734e+00
-1.028179929567096451e+01	-3.831289755308810108e+00
-7.605133157906960761e+00	-2.557744117443526921e+00
-9.920065249431958776e+00	-1.027743648719297376e+01
-8.522346666603198173e+00	-7.707611980946031949e+00
-9.391501092404725526e+00	-1.185057646730673220e+01
-5.152019067848550016e+00	-7.061077789493119816e+00
-1.172241492021833409e+01	-1.642463980396347001e+00
-1.171117496309824446e+01	-1.009772975741543100e+01
-7.218931642332615972e+00	-4.170179458069416256e+00
-1.164003792065931009e+01	-1.092747549026535836e+01
-1.026658449678763319e+01	-7.023417065222644418e+00
-7.978411460130057087e+00	-2.670041819425018836e+00
-9.798686902014608791e+00	-9.447111235599054524e+00
-9.798686902014608791e+00	-9.447111235599054524e+00
-1.185248693572161294e+01	-1.109688587379492475e+01
-4.320473942968767744e+00	-7.333762560965817023e+00
-6.683787603669433253e+00	-7.160331400069948948e+00
-1.165737310813348593e+01	-6.315099784617284939e+00
-4.043438636068913183e+00	-1.725118796755763073e+00
-6.593180911518788712e+00	-2.380712620232499965e+00
-9.010258396875769904e+00	-1.055875194084801016e+01
-5.102702011778240454e+00	-2.473338581879513498e+00
-1.180200964765700178e+01	-5.168893486100071044e+00
-1.180200964765700178e+01	-5.168893486100071044e+00
-9.391178356173584874e+00	-1.102951005722458078e+01
-9.289448384188951024e+00	-1.020073459560173390e+01
-3.719512666777985199e+00	-1.106197789525150554e+01
-1.083960890594879700e+01	-2.273840972315612774e+00
-1.083960890594879700e+01	-2.273840972315612774e+00
-6.551686462251796073e+00	-7.210061624319695994e+00
-6.551686462251796073e+00	-7.210061624319695994e+00
-8.163849250425355919e+00	-1.086111423570683066e+01
-1.028889100404918366e+01	-6.272674143016054416e+00
-4.878519446815592353e+00	-7.682718185106627296e+00
-4.878519446815592353e+00	-7.682718185106627296e+00
-6.343879548873969654e+00	-4.800475382545996261e+00
-1.149066668408078229e+01	-1.036601998221984289e+01
-1.149066668408078229e+01	-1.036601998221984289e+01
-7.173430988217392112e+00	-7.591138041054679597e+00
-5.538310268919265589e+00	-1.060645235145016940e+01
-1.185465704312886714e+01	-9.256272954959033683e+00
-8.563500825624116075e+00	-1.241282844850862155e+00
-7.798117514499171676e+00	-1.144501626266655236e+01
-5.081585108914854487e+00	-2.466983032667835030e+00
-6.034533085130983743e+00	-2.698630397699632422e+00
-9.009572128527659984e+00	-7.388101434777582632e+00
-8.713838532928658509e+00	-9.174853534271761646e+00
-4.547348591698998632e+00	-9.478791637680949123e+00
-3.911543545656789966e+00	-5.136801135795202811e+00
-4.335905150137195463e+00	-9.488286608898752306e+00
-4.335905150137195463e+00	-9.488286608898752306e+00
-7.903508613210249223e+00	-9.594118232969618632e+00
-8.552463416396582474e+00	-2.291962034449309904e+00
-1.012582448688253400e+01	-1.097300371070998892e+01
-7.336114594930256416e+00	-9.191961240794512378e+00
-4.887263918972487353e+00	-6.996972803989033096e+00
-8.447558920680494410e+00	-6.769468309818823748e+00
-1.102597321630493710e+01	-7.935331716251614154e+00
-8.704879599195848527e+00	-2.055251479973242645e+00
-6.266774036972779349e+00	-7.470935407631030145e+00
-6.171536788077979452e+00	-5.222648443116700179e+00
-9.255723791206694528e+00	-7.698816071863319621e+00
-8.584912840093583242e+00	-9.783819310928286939e+00
-6.287307449661705405e+00	-4.764688334595878594e+00
-9.166249205627909902e+00	-2.208934674670505416e+00
-1.179585074242331189e+01	-6.950785028651750075e+00
-8.337344984975134210e+00	-1.059533248904624791e+01
-7.966313113441774618e+00	-5.868501463994868494e+00
-8.956689844142651680e+00	-2.857869046040727667e+00
-6.300971885952183271e+00	-6.274276153846098936e+00
-6.139320782856511727e+00	-7.613313536960334638e+00
-8.702810247367601448e+00	-9.219297263745049875e+00
-5.790590543493436826e+00	-9.219703845768044914e+00
-4.301307722161682889e+00	-1.018201979854856631e+01
-6.425575507907366202e+00	-1.066101491363510156e+01
-6.425575507907366202e+00	-1.066101491363510156e+01
-5.261532785297434067e+00	-5.628502409975984833e+00
-6.981687094383273617e+00	-1.080908045818495467e+01
-1.105499852541573169e+01	-6.418993257173164935e+00
-1.105499852541573169e+01	-6.418993257173164935e+00
-7.875468384789103382e+00	-6.566378819953214929e+00
-9.187246631562699051e+00	-2.708571900873625093e+00
-5.748981635011461755e+00	-9.531328060270139346e+00
-7.920264574025887683e+00	-4.514227279706222618e+00
-7.920264574025887683e+00	-4.514227279706222618e+00
-1.129840285398360145e+01	-1.208093585049295760e+00
-5.072710161533503737e+00	-3.831996564742715439e+00
-7.484046209200138300e+00	-6.422613733571974848e+00
-8.458423671972566282e+00	-7.221053222404680838e+00
-9.394743376795284817e+00	-9.312841533134292860e+00
-8.498247932176216324e+00	-3.349371654750772809e+00
-8.230351271875381514e+00	-6.307929860587980109e+00
-6.687686952908824978e+00	-7.882362278387153864e+00
-1.041159089469741694e+01	-5.468515838623367209e+00
-8.149662067080818417e+00	-3.699244977404264390e+00
-7.979071085584198642e+00	-1.088989106627585102e+01
-1.186895387762197629e+01	-1.059376865785942634e+01
-9.646509482322432660e+00	-9.723595817902920047e+00
-9.578877152847907084e+00	-2.842496475050336979e+00
-9.578877152847907084e+00	-2.842496475050336979e+00
-6.191719354560544453e+00	-4.781421924226144426e+00
-5.709509768387504458e+00	-2.306303826518557365e+00
-6.598185259402018943e+00	-1.635815565426849583e+00
-7.940988160064005541e+00	-7.163900108973925818e+00
-9.417650490018523612e+00	-4.670403087802402098e+00
-9.275895896904698290e+00	-1.068458317251648992e+01
-6.622098164257137931e+00	-9.106414826852100575e+00
-3.991209199370324701e+00	-4.053900490358675945e+00
-1.167129130710239693e+01	-1.067742663371963552e+01
-8.183350169709703081e+00	-5.265210488045069859e+00
-8.004244743734709289e+00	-1.140717724863717919e+01
-8.125366234684561206e+00	-5.335708473788979056e+00
-9.093460557424281276e+00	-1.100694912168427564e+01
-7.799735531345425521e+00	-4.509478238836146069e+00
-7.799735531345425521e+00	-4.509478238836146069e+00
-1.093689558468611622e+01	-2.956955672598313711e+00
-4.570380695352003642e+00	-1.398834983739946969e+00
-9.342671473102251767e+00	-7.963458411574470652e+00
-5.741473118778950280e+00	-8.955344030684125656e+00
-5.741473118778950280e+00	-8.955344030684125656e+00
-6.811547130076941237e+00	-2.016769469457776243e+00
-4.448678325453715665e+00	-1.143426665870689973e+01
-4.448678325453715665e+00	-1.143426665870689973e+01
-6.972769236754629674e+00	-8.865002384814824055e+00
-1.001109671080249264e+01	-9.783815905561006332e+00
-1.191651213380829688e+01	-8.809019943874822900e+00
-5.550654038910308508e+00	-9.145518747370644519e+00
-4.286440382918972780e+00	-1.520082730916870295e+00
-1.099646681807112358e+01	-1.081191414385384597e+01
-7.119512661594111336e+00	-8.588791807233444597e-01
-8.455181541796624956e+00	-7.399970333634008135e+00
-5.046908644952718959e+00	-9.770732022236982672e+00
-5.046908644952718959e+00	-9.770732022236982672e+00
-6.035322720679015873e+00	-2.627408854704570640e+00
-9.891038905386793090e+00	-5.676100235331096755e+00
-6.885667765782513605e+00	-3.759580896242436410e+00
-8.201827337938794926e+00	-7.750088588791084199e+00
-8.201827337938794926e+00	-7.750088588791084199e+00
-7.148534049674887925e+00	-6.168902046010061646e+00
-7.509604144337811427e+00	-7.429743765570814951e+00
-7.509604144337811427e+00	-7.429743765570814951e+00
-6.643236772702403314e+00	-2.741411085208100840e+00
-6.643236772702403314e+00	-2.741411085208100840e+00
-7.791278200584248914e+00	-2.660796492873972241e+00
-1.011495677668246707e+01	-8.019006097694212798e+00
-6.575889215931474574e+00	-9.120703958013180568e+00
-6.663949022404406897e+00	-8.615498898392660365e+00
-1.046088742147239081e+01	-9.757260067514161861e+00
-8.324196191538282719e+00	-2.291210507065498003e+00
-8.324196191538282719e+00	-2.291210507065498003e+00
-1.049691677237684750e+01	-3.649017782208920480e+00
-9.046666147737299823e+00	-3.068787866732845426e+00
-5.564173778733962017e+00	-8.675488018359240883e+00
-7.823068366172442722e+00	-8.778623633757955957e+00
-8.810257696962086271e+00	-2.868596348076382974e+00
-1.059143767705761441e+01	-6.964822524642576340e+00
-1.046489228504920632e+01	-9.124653995432176146e+00
-1.163392995467559565e+01	-7.012557033232778458e+00
-7.694280302065406474e+00	-6.250825797534231398e+00
-8.322758064956131463e+00	-1.298899442885621980e+00
-6.281951184668149502e+00	-2.646331599120827605e+00
-8.573010979547742494e+00	-4.247095095715944346e+00
-6.877215113835854154e+00	-7.896548910994668269e+00
-6.442988966281303576e+00	-8.073883444765741046e+00
-6.706459065497461403e+00	-1.548642119452858790e+00
-4.821990646555231130e+00	-1.051733205027165496e+01
-1.052352569711032260e+01	-7.009539637434094139e+00
-6.079661647947730785e+00	-1.023217224529840763e+01
-6.863415075281017685e+00	-4.674772596008221370e+00
-4.960207161388778374e+00	-7.773832371804438424e+00
-9.675433989955013914e+00	-1.679602064488505686e+00
-4.239702510789688183e+00	-9.908393168023485131e+00
-1.051698265214851347e+01	-7.715756494610338301e+00
-8.104439931034097100e+00	-3.850640302153493177e+00
-6.001840170320116741e+00	-8.947415836712863779e+00
-6.205800383688071520e+00	-6.949987211840250367e+00
-7.937155595686339993e+00	-4.756241797311082209e+00
-9.036926166398490778e+00	-7.743529536752530973e+00
-7.875941834211723780e+00	-9.310247944011804222e+00
-5.998467297013840849e+00	-7.134613282639866050e+00
-9.271056509304127502e+00	-6.288999646304091584e+00
-1.097377439319344461e+01	-9.863857783752997932e+00
-5.607071541763485101e+00	-5.147678540411368076e+00
-1.150031959750342203e+01	-4.856482158294437745e+00
-7.438746090031879810e+00	-1.066379342295626564e+01
-6.119155624418783468e+00	-7.893068855838110132e+00
-4.862562892407544801e+00	-4.549756366739365454e+00
-8.611211572451214380e+00	-9.585238501388717580e+00
-7.881628830577071199e+00	-1.077809747311548350e+01
-7.881628830577071199e+00	-1.077809747311548350e+01
-1.181509754004092194e+01	-1.280723403707031638e+00
-8.335455613334758596e+00	-4.765078201891973286e+00
-7.287419666001560437e+00	-9.949579896384181055e+00
-7.287419666001560437e+00	-9.949579896384181055e+00
-7.849092902464597010e+00	-5.395701137959540539e+00
-6.418765536738958666e+00	-3.155727967383329613e+00
-6.418765536738958666e+00	-3.155727967383329613e+00
-7.025664198244339076e+00	-1.149479322412947724e+01
-5.379394448033128384e+00	-6.956502870416727546e+00
-6.983313153550144037e+00	-3.770403185353624398e+00
-6.983313153550144037e+00	-3.770403185353624398e+00
-7.477215855451301962e+00	-3.220644487285667878e+00
-4.363085996817600787e+00	-8.869911954552472722e+00
-5.800525429599880489e+00	-6.521114394004976056e+00
-7.337843754195723101e+00	-1.117824727147951869e+01
-5.346131776094143362e+00	-9.705471720262908164e+00
-8.562574640445189900e+00	-2.914511397247425695e+00
-1.110820896818594150e+01	-5.066879009434119396e+00
-9.351847757429126773e+00	-9.080057435673809962e+00
-5.402322033204050022e+00	-9.118921832527128402e+00
-6.368954979467983613e+00	-3.815810788072205195e+00
-1.116301112904421977e+01	-1.075321598465549222e+01
-8.893562633774655168e+00	-1.162522766668053187e+01
-8.433839659805599354e+00	-1.154287264696126236e+01
-3.790708211649770121e+00	-6.785700022450257940e+00
-3.781249903327775552e+00	-1.028280155857585854e+01
-7.982367064018515812e+00	-6.762055010147609124e+00
-7.982367064018515812e+00	-6.762055010147609124e+00
-7.608059414422552180e+00	-4.899404090482047280e+00
-7.444778959621562109e+00	-1.430067369427155510e+00
-8.316190777290998426e+00	-3.709663656579634150e+00
-9.328837091123478586e+00	-4.071795700188181044e+00
-9.688270776011785657e+00	-1.555954243703967732e+00
-8.774837803651312385e+00	-4.861122658617517800e+00
-6.365370265159291385e+00	-3.134290563075882829e+00
-8.611864466515065430e+00	-7.127013861131653805e+00
-8.611864466515065430e+00	-7.127013861131653805e+00
-1.015889332129183487e+01	-6.746365841312293554e+00
-8.392667480441563299e+00	-7.433673642538595416e+00
-8.392667480441563299e+00	-7.433673642538595416e+00
-9.739217531304023012e+00	-3.199385632347086617e+00
-7.142473750300531776e+00	-2.503641485145881251e+00
-8.851330629923673143e+00	-6.626156488506484088e+00
-7.309747432125260680e+00	-9.318890909097273578e+00
-7.795460754260392200e+00	-1.098508085824945724e+01
-7.286964303903185503e+00	-8.978840615817697213e+00
-6.180491702360047412e+00	-5.464099185032560868e+00
-8.863204092600144079e+00	-1.149970445087298998e+01
-5.773176401977019978e+00	-1.361167384368004107e+00
-6.753439961631726440e+00	-6.253665888764503578e+00
-5.690600997226312074e+00	-2.273362214761812883e+00
-8.475329772346116286e+00	-1.950437256356049476e+00
-5.309585129288633354e+00	-5.509410161830537334e+00
-5.309585129288633354e+00	-5.509410161830537334e+00
-4.422051301112765564e+00	-1.480999210694510237e+00
-9.180203524448671715e+00	-2.807501299305827924e+00
-8.583061954128796245e+00	-1.506083689837719897e+00
-1.023749692993609095e+01	-4.182663856003158820e+00
-4.281733171449088715e+00	-7.045420811048116683e+00
-9.987252802285480513e+00	-4.855749209841702552e+00
-5.447192157103301291e+00	-3.048074943323445751e+00
-6.324272815841014861e+00	-1.138910282387842621e+01
-6.324272815841014861e+00	-1.138910282387842621e+01
-8.603492053039429877e+00	-5.492057510028500289e+00
-8.603492053039429877e+00	-5.492057510028500289e+00
-1.145665795614563542e+01	-7.573394411967155015e+00
-1.145665795614563542e+01	-7.573394411967155015e+00
-1.195388134214174158e+01	-8.282703039446433380e+00
-1.195388134214174158e+01	-8.282703039446433380e+00
-6.093421077003734254e+00	-1.002403922695686944e+01
-7.222151073456053005e+00	-6.267337155376217162e+00
-7.222151073456053005e+00	-6.267337155376217162e+00
-1.039119419573614422e+01	-6.873479036350007121e+00
-1.127105692784639324e+01	-9.913284000205475621e+00
-9.974247477174152721e+00	-4.711903607207502453e+00
-5.436632115770784424e+00	-8.487100173421456617e+00
-4.742794169760813361e+00	-7.508260075987516657e+00
-1.197057668646559847e+01	-4.680414003580468219e+00
-8.944251212452847710e+00	-5.700896337954147519e+00
-6.825226361246619966e+00	-4.259151335681967687e+00
-4.226678249515589236e+00	-6.638423568162389543e+00
-1.159673366968975827e+01	-1.134509384246004693e+01
-5.889460116241063581e+00	-6.675383986682956738e+00
-9.237810400058791060e+00	-2.020932063523757094e+00
-5.010270486236206189e+00	-5.638130500933850264e+00
-5.952377018805467657e+00	-5.482129236048375098e+00
-6.098456187043351129e+00	-7.029988106023711936e+00
-6.342380945854976027e+00	-8.205775360201633006e+00
-8.287440113220892357e+00	-1.184288340518199867e+01
-8.961342416787234200e+00	-3.762330826907100523e+00
-8.225208953438743364e+00	-1.011134733927380047e+01
-8.225208953438743364e+00	-1.011134733927380047e+01
-9.693636590624993943e+00	-9.929917860360342630e+00
-1.135642759487401321e+01	-9.020092109997269958e+00
-5.211163102179053652e+00	-5.601509605365699862e+00
-7.037726637229610560e+00	-1.185886895823619192e+01
-1.161398601418013321e+01	-1.998037373904134384e+00
-1.171175693300106957e+01	-9.447114026695157207e+00
-1.135616138206720471e+01	-5.930284404269893450e+00
-5.826163073905879841e+00	-3.077617222920938644e+00
-9.779610468469524420e+00	-5.094499276939420618e+00
-9.779610468469524420e+00	-5.094499276939420618e+00
-3.758392144104168331e+00	-5.436968556921301321e+00
-3.758392144104168331e+00	-5.436968556921301321e+00
-7.373809159486246045e+00	-3.270343683475050334e+00
-7.373809159486246045e+00	-3.270343683475050334e+00
-7.341085635646106056e+00	-4.149316809985218235e+00
-1.105994857793603536e+01	-1.139818411664235676e+01
-8.605436392547829882e+00	-8.602953893284995601e+00
-5.601339851865761332e+00	-1.009187129656154092e+01
-8.998864748068207575e+00	-1.106906216199016768e+01
-8.998864748068207575e+00	-1.106906216199016768e+01
-9.662637157185525183e+00	-1.182583510428709239e+00
-7.713351936330865577e+00	-1.685711789760331092e+00
-1.159192855683910039e+01	-9.268196241751866182e+00
-8.164363816112761185e+00	-7.281150559886396145e+00
-8.438166750762125190e+00	-1.043236485880807329e+01
-7.322306137958427108e+00	-2.762389068353014565e+00
-1.062479127927130129e+01	-9.429925472593103208e+00
-4.624328921711957641e+00	-1.139460315926283940e+01
-9.472819984360233647e+00	-3.387574664490614840e+00
-5.888525487151232696e+00	-1.479525013486501450e+00
-1.130849410843186043e+01	-5.319758512551995722e+00
-1.074317308190237341e+01	-9.199920620788237358e+00
-8.939272358128389939e+00	-9.499047900614577600e+00
-8.939272358128389939e+00	-9.499047900614577600e+00
-8.876497243360642386e+00	-9.978709455102274362e+00
-7.228190166818058593e+00	-1.197410313244028046e+01
-1.078137397355437876e+01	-4.671211027443633590e+00
-9.364812500958228370e+00	-8.758485082448018488e+00
-6.772676968468144487e+00	-3.012343499906570354e+00
-1.021599511862131493e+01	-5.329746103090593934e+00
-6.582948868642794160e+00	-4.863881707690278056e+00
-1.063379739535033686e+01	-1.185940857200982101e+01
-6.534441072458767152e+00	-3.359077899400725986e+00
-5.108970529804603977e+00	-6.390933654009500309e+00
-9.336478893764555309e+00	-4.696687151949845429e+00
-8.088341705917052593e+00	-6.111768733937776865e+00
-5.795242897957272987e+00	-4.370573612276759334e+00
-1.012339775101687600e+01	-4.524640087424951496e+00
-8.286360620939795751e+00	-1.033401351719683525e+01
-8.286360620939795751e+00	-1.033401351719683525e+01
-1.086578803982508745e+01	-7.629228101326325451e+00
-5.206528738887252317e+00	-8.054281003943740913e+00
-5.206528738887252317e+00	-8.054281003943740913e+00
-6.587005088111994588e+00	-4.499037718764825833e+00
-9.204075368170700600e+00	-1.687543738929887738e+00
-6.487854683811908885e+00	-1.141988750327509905e+01
-1.133590183556060360e+01	-8.388564385188759687e+00
-1.006215963865716212e+01	-1.053351189962729606e+01
-1.006215963865716212e+01	-1.053351189962729606e+01
-5.296472000600495278e+00	-9.778289638781577864e+00
-9.112894375392700752e+00	-8.681229554570290219e+00
-1.120075365699822001e+01	-1.171973420667362653e+01
-1.179825399060192659e+01	-7.626423254753661674e+00
-9.914500990847018969e+00	-3.508850709171471571e+00
-1.075260647722297769e+01	-8.780557355710044476e+00
-8.325618540963327874e+00	-7.738936006193674721e+00
-9.689957952672502373e+00	-6.699669712274137545e+00
-1.008091719061727254e+01	-2.521070179770561470e+00
-6.660100804221158022e+00	-5.336935338657498029e+00
-4.876685084212430965e+00	-2.412240338617201996e+00
-4.876685084212430965e+00	-2.412240338617201996e+00
-8.933384178228227057e+00	-2.382470754427369553e+00
-7.587023601382954396e+00	-1.018953747946602917e+01
-1.066881055074295404e+01	-1.672565533485575573e+00
-5.943308066871763273e+00	-9.665800969734640091e+00
-8.061920153503214337e+00	-2.017192088554744966e+00
-9.468308248140321126e+00	-8.787819949255975871e+00
-7.491649539975890448e+00	-1.019056924809173026e+01
-1.104075358574262111e+01	-1.065549135949207482e+01
-1.104075358574262111e+01	-1.065549135949207482e+01
-9.548146220978004806e+00	-1.121439230382988050e+01
-8.507408571207330183e+00	-6.278429646011789877e+00
-7.784966980720781748e+00	-7.770002675021616234e+00
-7.784966980720781748e+00	-7.770002675021616234e+00
-8.857479772071783941e+00	-9.622040887208026305e+00
-1.159460357411700748e+01	-8.407577389513530619e+00
-1.159460357411700748e+01	-8.407577389513530619e+00
-5.445188118417876311e+00	-8.683302065243882595e+00
-6.894140584455049847e+00	-1.092262385455570417e+01
-6.894140584455049847e+00	-1.092262385455570417e+01
-6.951996919466188807e+00	-8.690885946439026455e+00
-6.951996919466188807e+00	-8.690885946439026455e+00
-9.067268353288039151e+00	-6.394003184681041674e+00
-9.067268353288039151e+00	-6.394003184681041674e+00
-1.024412398660908252e+01	-8.589028438607344995e+00
-6.336223059327203977e+00	-5.390649406341467831e+00
-7.733659237948240950e+00	-5.455232365066232880e+00
-1.009063571723639541e+01	-1.017855468172988509e+01
-5.446635459187456618e+00	-4.103737954818900135e+00
-1.012415096000098202e+01	-3.859532494619901666e+00
-1.058995251788911673e+01	-9.302482147020642245e+00
-9.369628624941128692e+00	-7.531607459978806318e+00
-4.585991191716999538e+00	-5.648607692185980689e+00
-7.128880325490975167e+00	-2.228106844209020387e+00
-6.376755480859766401e+00	-1.091251201398949355e+01
-6.216962542735097408e+00	-1.158263980014369032e+01
-1.051862501057144961e+01	-4.853395896791165676e+00
-1.051862501057144961e+01	-4.853395896791165676e+00
-9.519096536480823545e+00	-9.847326049502214573e+00
-9.519096536480823545e+00	-9.847326049502214573e+00
-9.298540504867551348e+00	-5.350446583597462613e+00
-7.466227332888132118e+00	-5.854902783701582791e+00
-1.049666828887565551e+01	-2.264463107974059142e+00
-7.521484440810998429e+00	-1.058836576232813087e+01
-5.389248231044818205e+00	-1.143428177012377489e+01
-7.803706459955408015e+00	-2.319319772120987277e+00
-8.240233597270789190e+00	-5.744272179363564490e+00
-8.240233597270789190e+00	-5.744272179363564490e+00
-5.156615591148471012e+00	-1.070966192897371094e+01
-5.156615591148471012e+00	-1.070966192897371094e+01
-7.067680964436044988e+00	-7.833336695236807756e+00
-8.238655764672625281e+00	-2.196547789976946774e+00
-9.786736232143613989e+00	-4.654040993330640141e+00
-9.064067204268708267e+00	-1.108868695102679958e+01
-1.063002857390512901e+01	-1.118229097684083584e+01
-1.063002857390512901e+01	-1.118229097684083584e+01
-8.014511874934095559e+00	-1.027925384953353749e+01
-7.234622152799234485e+00	-3.670449263844685728e+00
-7.234622152799234485e+00	-3.670449263844685728e+00
-7.857324636581847876e+00	-8.661445359435381519e+00
-1.026548616055019636e+01	-8.981435678959677205e+00
-1.026548616055019636e+01	-8.981435678959677205e+00
-9.200941059327902849e+00	-6.421994527756681670e+00
-9.200941059327902849e+00	-6.421994527756681670e+00
-4.801667918303698990e+00	-9.417765344157082552e+00
-1.189829749761407562e+01	-2.952795581625627275e+00
-4.031681545513531972e+00	-1.065731870297328321e+01
-7.272547665028314512e+00	-6.311955747380520343e+00
-6.784860986873195721e+00	-7.517703057000132638e+00
-1.106043777587751542e+01	-4.690871669720690029e+00
-9.030026804747986802e+00	-4.822344885841014062e+00
-9.030026804747986802e+00	-4.822344885841014062e+00
-5.010344888476094383e+00	-6.462819517632107491e+00
-9.563736733547589353e+00	-1.133870586872222042e+01
-7.787579383766709107e+00	-3.973421306000464170e+00
-1.056639484610130353e+01	-3.847924377475303803e+00
-8.171841728886665379e+00	-2.367421579692417399e+00
-9.951904155712378852e+00	-1.179146309472094067e+01
-1.012438481066439167e+01	-5.700786820683123146e+00
-6.641526540745264384e+00	-9.117489781623863365e+00
-9.136428113805523665e+00	-6.730712464588783028e+00
-7.295379156051303049e+00	-1.041885883428623849e+01
-7.295379156051303049e+00	-1.041885883428623849e+01
-5.914607507085292148e+00	-8.267928465420569140e+00
-6.926569355618834578e+00	-7.202778375053185300e+00
-6.926569355618834578e+00	-7.202778375053185300e+00
-6.845464482319266075e+00	-3.060423403694519262e+00
-8.667524258030875117e+00	-7.372648968926698743e+00
-7.694674317300131072e+00	-1.182539841862923069e+01
-7.694674317300131072e+00	-1.182539841862923069e+01
-4.043405855624052414e+00	-6.341948673711750750e+00
-9.733106033220149556e+00	-3.029292074774595722e+00
-1.173213871706056466e+01	-2.462138143602446760e+00
-1.018498372968211108e+01	-2.670191588119654291e+00
-8.322401330074493231e+00	-1.065425307912812336e+01
-6.248276605313311194e+00	-6.677019136935474997e+00
-1.169465223686641586e+01	-4.875646378820329474e+00
-6.546167551223257774e+00	-3.681167810200504764e+00
-6.546167551223257774e+00	-3.681167810200504764e+00
-5.247371421187688512e+00	-8.933652029233508429e+00
-5.387358915682546545e+00	-1.135232042473724867e+01
-5.387358915682546545e+00	-1.135232042473724867e+01
-9.059573329741374081e+00	-8.341621539411983477e+00
-1.094059289882146047e+01	-4.859820758245020578e+00
-9.131665146878935602e+00	-6.449854957100694897e+00
-6.555272953123952639e+00	-2.401614579772662683e+00
-4.652452479207153324e+00	-8.410135564387394069e+00
-1.197858768846267097e+01	-4.091740012105953284e+00
-9.308728014936395567e+00	-9.178214489813735000e+00
-4.946255456915116255e+00	-4.689339423138465968e+00
-8.423608397208274923e+00	-5.485777194203760310e+00
-8.423608397208274923e+00	-5.485777194203760310e+00
-5.255350259028404025e+00	-8.201960265156971630e+00
-1.181668973047394466e+01	-9.423413721687985856e+00
-8.458790952435572663e+00	-2.237346094461915680e+00
-8.458790952435572663e+00	-2.237346094461915680e+00
-4.447246417790996276e+00	-6.271577871915094526e+00
-7.338069597281135614e+00	-5.550971601421461621e+00
-8.652916922462408067e+00	-5.209396820043088461e+00
-8.652916922462408067e+00	-5.209396820043088461e+00
-1.184744538439284156e+01	-5.617677364367834159e+00
-7.733445868479092766e+00	-6.998524824326527671e+00
-1.002246849676022400e+01	-8.762487465621036975e+00
-8.270143854755383828e+00	-4.560497528897474062e+00
-8.055332301170601284e+00	-1.086790425905101998e+01
-7.785373347160125412e+00	-8.819899115429459258e+00
-1.160131453014931324e+01	-1.192931134685049344e+01
-9.999876030887348222e+00	-1.142919363003575128e+01
-9.216382988165795709e+00	-9.530610643483546696e+00
-7.370246224147749103e+00	-3.474510095687297628e+00
-6.469013826859054461e+00	-2.907594395224220030e+00
-6.469013826859054461e+00	-2.907594395224220030e+00
-7.119937453831412633e+00	-7.500269766950593997e+00
-7.119937453831412633e+00	-7.500269766950593997e+00
-4.667011159349766736e+00	-4.002668401946949395e+00
-5.664145517549368236e+00	-4.590656979369547308e+00
-5.361927051581239390e+00	-5.711834909665551407e+00
-5.060325488383630166e+00	-4.340998777228445071e+00
-8.821016339709856879e+00	-2.183977359271335406e+00
-8.821016339709856879e+00	-2.183977359271335406e+00
-7.438291815671611573e+00	-9.971497823374246394e+00
-7.438291815671611573e+00	-9.971497823374246394e+00
-8.341516354246689247e+00	-6.167077600515620261e+00
-9.274544853894211016e+00	-3.239321599637960958e+00
-8.091373491762899661e+00	-5.797944037765500269e+00
-7.246951731376049644e+00	-1.023257245926241232e+01
-8.088005583613918859e+00	-4.277043747013404840e+00
-6.198257528629921076e+00	-6.430938603425756739e+00
-7.370769581112346813e+00	-5.501917886188954832e+00
-7.370769581112346813e+00	-5.501917886188954832e+00
-1.071609996300730216e+01	-9.211428956860350681e+00
-9.636608518519137689e+00	-4.059104109710779618e+00
-1.130503725161064210e+01	-1.024804339676296472e+01
-1.130503725161064210e+01	-1.024804339676296472e+01
-8.569390211016990833e+00	-4.190344429753765532e+00
-1.117325139991263505e+01	-3.313005597526271107e+00
-1.074079949082909380e+01	-8.519810702593508811e-01
-9.639793609801076357e+00	-4.461070925531769760e+00
-6.459906876904313755e+00	-9.636179988165487487e+00
-6.459906876904313755e+00	-9.636179988165487487e+00
-1.055745223393868315e+01	-9.908953187060893342e+00
-7.454775904846538737e+00	-7.778051892947423163e+00
-7.160977155921587567e+00	-8.578901726105190306e+00
-3.684291363429298194e+00	-6.519944285587027544e+00
-6.554062169427082196e+00	-6.606536374972008296e+00
-6.819070791786709940e+00	-6.275209278217846354e+00
-1.071439875265816788e+01	-6.693740307389602684e+00
-6.452322413442478144e+00	-4.158668741308152228e+00
-5.323339320426734744e+00	-1.051732715863757051e+01
-7.108047614735728104e+00	-1.195498120987890012e+01
-1.000383378169726356e+01	-4.578255772210019003e+00
-4.792560285501040518e+00	-3.232165749161166168e+00
-8.465194272845165457e+00	-2.782227052488744246e+00
-5.017454841912606156e+00	-1.017430529270679784e+01
-5.017454841912606156e+00	-1.017430529270679784e+01
-4.882246535140419397e+00	-6.666127235931473827e+00
-7.253322502008073158e+00	-5.053951311500140875e+00
-1.191168059155993397e+01	-1.054986239295317141e+01
-8.149921397443350202e+00	-1.439660792049188842e+00
-8.996512299816330938e+00	-6.777793828764097306e+00
-1.081715610082877532e+01	-7.701299795433769191e+00
-1.183409207825697429e+01	-2.382142575388752181e+00
-6.497148175674348103e+00	-8.764323562294645598e+00
-9.963371432103471648e+00	-1.178870246925617060e+01
-9.963371432103471648e+00	-1.178870246925617060e+01
-9.418802104422553612e+00	-9.015008909778019941e+00
-1.070470622500345037e+01	-3.180316146872371075e+00
-1.070470622500345037e+01	-3.180316146872371075e+00
-6.985004990940209879e+00	-3.982254708437347634e+00
-6.985004990940209879e+00	-3.982254708437347634e+00
-4.690124953287550191e+00	-8.829123180126419612e+00
-1.157208719923750273e+01	-9.775205913136463920e+00
-9.053689797012001605e+00	-5.244976120365386407e+00
-1.127727642888001469e+01	-3.374371023793627522e+00
-1.127727642888001469e+01	-3.374371023793627522e+00
-7.052903381509302072e+00	-2.896033233722533407e+00
-9.298946815264415022e+00	-4.024242028487804212e+00
-9.298946815264415022e+00	-4.024242028487804212e+00
-5.427194297827163894e+00	-4.194484459905525320e+00
-1.116388603610751318e+01	-5.169980861180171416e+00
-6.670679218856279569e+00	-5.905477007606914519e+00
-7.836022705765819829e+00	-1.881291137357526289e+00
-8.097233709226546949e+00	-5.668539932739608211e+00
-1.045982129208170974e+01	-5.110241157649298316e+00
-1.045982129208170974e+01	-5.110241157649298316e+00
-1.030024858463175796e+01	-9.985060227586856740e+00
-6.971837969355397568e+00	-3.140906010960102801e+00
-9.203497436529893605e+00	-4.310432697555675929e+00
-1.042906738648059850e+01	-2.252141475256148162e+00
-8.003883178305697399e+00	-2.562820121197218803e+00
-5.566566793983183992e+00	-3.417208366574823852e+00
-5.566566793983183992e+00	-3.417208366574823852e+00
-9.802379111831607261e+00	-3.060693179068909142e+00
-1.164143527783686416e+01	-7.986758770741891666e+00
-5.934873230059666049e+00	-1.301942672027227355e+00
-7.201209920523204744e+00	-8.563198722764553850e+00
-7.217941356888093019e+00	-1.134189297101059779e+01
-8.963016231969763936e+00	-2.491883958838025492e+00
-4.381767118844901887e+00	-1.059918113232842352e+01
-7.381720048033234782e+00	-6.201935176814857620e+00
-4.385223304507819719e+00	-4.962146312233294942e+00
-7.085708080573278167e+00	-3.699911229737276042e+00
-1.149132216500926162e+01	-1.356916143335337388e+00
-1.149132216500926162e+01	-1.356916143335337388e+00
-1.180726183220969894e+01	-1.383288429260729036e+00
-1.180726183220969894e+01	-1.383288429260729036e+00
-1.112178979557939051e+01	-7.746843078842720942e+00
-8.317828526899493369e+00	-1.172401778929595828e+01
-6.246087865980836540e+00	-7.635825561184092614e+00
-5.596292978163301512e+00	-4.308388654076514612e+00
-5.017009377721852736e+00	-2.950313701944311529e+00
-1.138092204151111275e+01	-6.690734251596762938e+00
-1.141287505362497257e+01	-4.111099371922021462e+00
-9.419027674042212084e+00	-1.064980485456103665e+01
-9.983261638417161521e+00	-9.615887499891581314e+00
-8.330809061635257251e+00	-1.843884451491335952e+00
-6.261305085184503127e+00	-7.886444203345072346e+00
-8.685018459047618933e+00	-1.149048016499922831e+01
-5.790945132043799681e+00	-3.172673809810694578e+00
-9.917485113503568428e+00	-5.705519691803679017e+00
-7.656950158904976433e+00	-2.974663559454553852e+00
-4.330107074969683723e+00	-8.541758840517339024e+00
-7.251523046363657521e+00	-1.282733166906337541e+00
-1.031346208995510771e+01	-7.373366481012967988e+00
-4.499596923654932468e+00	-9.736743697461744063e+00
-5.371300743323530469e+00	-2.475138924276220287e+00
-7.296333326383805051e+00	-6.731984535556303051e+00
-5.066283369341835652e+00	-6.995623218031446378e+00
-6.012927391774224972e+00	-2.910614271868755765e+00
-6.012927391774224972e+00	-2.910614271868755765e+00
-1.021428851697279505e+01	-1.173380149390813010e+01
-1.123406174065300966e+01	-8.456101994470561323e+00
-7.964311470590317299e+00	-3.591569640911888683e+00
-7.964311470590317299e+00	-3.591569640911888683e+00
-9.791325798965880622e+00	-7.128293238845463620e+00
-9.791325798965880622e+00	-7.128293238845463620e+00
-8.720046980543635584e+00	-4.087496072866336760e+00
-8.720046980543635584e+00	-4.087496072866336760e+00
-5.097164165093974297e+00	-5.550298991371303892e+00
-6.473794628051029676e+00	-9.130655097667125020e+00
-8.058913803996418324e+00	-2.134789510935785284e+00
-6.215874339859449371e+00	-2.718728451124684753e+00
-6.149540879364273849e+00	-7.757272817380006735e+00
-5.327096345083050188e+00	-4.565919550694203188e+00
-6.725786511425178915e+00	-1.817995375427098548e+00
-5.694901327238778066e+00	-3.376119320590928119e+00
-6.795596135741706512e+00	-5.445560404589206982e+00
-5.979390691789880918e+00	-4.633312359931914592e+00
-6.221574245797730107e+00	-1.985462740338602705e+00
-1.067851801818663127e+01	-9.740930010797963945e+00
-6.113756682749844629e+00	-4.793350173180984442e+00
-5.823731082430713357e+00	-6.715878607974206105e+00
-8.927228045677868096e+00	-9.063835877649047745e+00
-8.927228045677868096e+00	-9.063835877649047745e+00
-7.181648001724509456e+00	-1.174743469718805322e+01
-1.165714901425647732e+01	-5.591462729809137500e+00
-1.068536781001695601e+01	-2.476311473806528607e+00
-6.034422513152882139e+00	-9.112889321318242253e+00
-7.690900300824517366e+00	-4.244004498658137337e+00
-9.931823996015868516e+00	-1.128577661127771847e+01
-6.678778701609699553e+00	-7.640755004673357220e+00
-7.747460986601202748e+00	-5.199228966116837825e+00
-8.289204262338010665e+00	-1.190171149401747108e+01
-1.001254687474497196e+01	-3.126940544773107344e+00
-8.408596610229212232e+00	-1.054684997095211330e+01
-5.666280888352028811e+00	-5.593126205132219475e+00
-1.183504069861258756e+01	-6.924127567277271744e+00
-1.183504069861258756e+01	-6.924127567277271744e+00
-7.131598365673863960e+00	-1.920572576174086388e+00
-7.131598365673863960e+00	-1.920572576174086388e+00
-4.144535517629631904e+00	-1.197092923562697209e+01
-1.026200105092652137e+01	-1.011880428140157839e+01
-1.106922530273472738e+01	-9.964609594708196738e+00
-1.106922530273472738e+01	-9.964609594708196738e+00
-1.154844790769201879e+01	-2.429231685325807355e+00
-7.849129373979390145e+00	-1.372409940865962463e+00
-4.493328939268422140e+00	-7.229354535075250610e+00
-1.024179837212716571e+01	-2.287039773767804540e+00
-1.024179837212716571e+01	-2.287039773767804540e+00
-8.127245628934268495e+00	-9.853367665127262143e+00
-8.127245628934268495e+00	-9.853367665127262143e+00
-1.050658130627003572e+01	-1.104896112621684345e+01
-1.050658130627003572e+01	-1.104896112621684345e+01
-7.799384912811658133e+00	-4.796551220103742352e+00
-9.453579761836790496e+00	-8.150737857307996492e+00
-5.831184931852495978e+00	-3.218969469381397719e+00
-9.205943956818078533e+00	-1.198818138742803008e+01
-4.599871112197936540e+00	-9.165311736615684879e+00
-4.599871112197936540e+00	-9.165311736615684879e+00
-1.111442805845464754e+01	-6.492380272760611248e+00
-1.111442805845464754e+01	-6.492380272760611248e+00
-1.105923690054008901e+01	-2.216610954970551717e+00
-1.178899826285117847e+01	-1.126925869562543703e+01
-1.178899826285117847e+01	-1.126925869562543703e+01
-6.890089775691176754e+00	-8.306744430247613664e+00
-6.890089775691176754e+00	-8.306744430247613664e+00
-8.044568247533588234e+00	-1.125117991244222537e+01
-1.173807409681456804e+01	-3.844845630444970297e+00
-1.135022288804524848e+01	-1.060544616278709107e+01
-1.135022288804524848e+01	-1.060544616278709107e+01
-5.263996670006653389e+00	-7.004913790574813781e+00
-7.003712143006846524e+00	-2.116311237685414515e+00
-1.119915725116898386e+01	-7.459224611655492332e+00
-7.793330763492014590e+00	-1.298632672706167224e+00
-1.129001135573203563e+01	-6.380641471628949013e+00
-4.914851301906105974e+00	-3.865494049476390970e+00
-9.253950990570569246e+00	-5.636715044561491972e+00
-1.183027940669072997e+01	-5.481004722022569275e+00
-1.065720158767016557e+01	-7.683290919222105053e+00
-1.065720158767016557e+01	-7.683290919222105053e+00
-8.464750040358126171e+00	-1.010354567054573671e+01
-9.562603486550406373e+00	-1.240280627731308760e+00
-9.562603486550406373e+00	-1.240280627731308760e+00
-3.518240659023635253e+00	-7.207695249492235057e+00
-5.447326692428613448e+00	-6.538594201136953998e+00
-5.879005034366021398e+00	-3.892415771123928003e+00
-5.879005034366021398e+00	-3.892415771123928003e+00
-1.143583357129459799e+01	-1.193079899571923175e+00
-9.475982303994209488e+00	-5.369157127370307592e+00
-6.020420048192375084e+00	-4.827489807654194109e+00
-6.728956078266202567e+00	-2.128666480433041297e+00
-1.192901271155967891e+01	-7.038809398299720854e+00
-8.005071776689915097e+00	-1.104482621104058637e+01
-6.992469682101112305e+00	-6.467553223491738557e+00
-8.159300617046573834e+00	-4.624983189148115237e+00
-8.159300617046573834e+00	-4.624983189148115237e+00
-7.678985593436993717e+00	-3.696891311900196708e+00
-7.662919438639245406e+00	-8.658970870296670341e+00
-8.680864166044363728e+00	-1.073142188242808182e+01
-8.680864166044363728e+00	-1.073142188242808182e+01
-5.316342350941974715e+00	-1.605516397602145595e+00
-8.151976604417409789e+00	-6.830881577084107370e+00
-8.151976604417409789e+00	-6.830881577084107370e+00
-7.663177871925178408e+00	-1.266043791311934896e+00
-1.101708815228822225e+01	-8.522633466398554347e+00
-1.093194516098150970e+01	-6.354703437228581997e+00
-1.093194516098150970e+01	-6.354703437228581997e+00
-1.028598955312968322e+01	-8.066609562775788334e+00
-8.364796924677948553e+00	-8.127576311792726216e+00
-1.117005607938101441e+01	-1.040520883918842010e+01
-5.195862100917635118e+00	-4.100485627307971725e+00
-5.195862100917635118e+00	-4.100485627307971725e+00
-7.013137290268717905e+00	-1.088325324349351853e+01
-6.247440348686680522e+00	-3.501674982702800865e+00
-1.167147347908805699e+01	-7.180060307979757361e+00
-1.098770458618353274e+01	-9.233058934680947516e+00
-1.098770458618353274e+01	-9.233058934680947516e+00
-1.118468978698926186e+01	-7.282986681850832866e+00
-1.107498877903930357e+01	-1.064739634877843777e+01
-1.107498877903930357e+01	-1.064739634877843777e+01
-1.162356878198622923e+01	-1.058973968782189168e+01
-3.990323122250333032e+00	-3.150361094817617502e+00
-1.005654352969796150e+01	-3.960711671809928003e+00
-6.411860611935514598e+00	-9.838160674971609509e+00
-6.938918140021570480e+00	-5.496205088840626196e+00
-5.470543769031146475e+00	-2.406986651600115490e+00
-5.947099669830677726e+00	-2.888509013645701895e+00
-5.375540960498264909e+00	-1.034191378326647559e+01
-5.375540960498264909e+00	-1.034191378326647559e+01
-6.629828571842018015e+00	-1.023293859912221571e+01
-9.391072834176814155e+00	-9.903297855499111790e+00
-6.889502867489234461e+00	-5.989358915582082332e+00
-6.452134337465110114e+00	-7.839533363860885729e+00
-9.480717135848472310e+00	-9.910902155906040178e+00
-9.480717135848472310e+00	-9.910902155906040178e+00
-9.478416855244844896e+00	-4.080448566421629231e+00
-9.478416855244844896e+00	-4.080448566421629231e+00
-9.381886589674200749e+00	-6.112537976658601657e+00
-7.676063712085724688e+00	-1.680476114819528632e+00
-4.508062492731924387e+00	-1.073502584024612361e+01
-1.199015015805236928e+01	-9.546751675193275943e+00
-1.199015015805236928e+01	-9.546751675193275943e+00
-1.192537529921785300e+01	-3.605336064777179939e+00
-1.127543643444223598e+01	-1.814501304594519304e+00
-1.123221144479263778e+01	-2.871258629940514506e+00
-5.641560526064745673e+00	-4.033862606080337976e+00
-7.266115426476929429e+00	-1.808182659312170149e+00
-5.518049275508750462e+00	-4.675698122058383532e+00
-9.997611687848024786e+00	-4.534904970467920293e+00
-9.997611687848024786e+00	-4.534904970467920293e+00
-1.147725802053130373e+01	-7.819364914740222439e+00
-1.026700619672994463e+01	-5.464258126476842392e+00
-9.338405031152811731e+00	-2.525590972996761607e+00
-8.455353013591400568e+00	-5.493906665296691472e+00
-1.072606191115915131e+01	-7.245501228308421027e+00
-5.012827737049311949e+00	-1.622464615817353017e+00
-5.012827737049311949e+00	-1.622464615817353017e+00
-8.320921319554861029e+00	-1.164844921753699136e+00
-8.320921319554861029e+00	-1.164844921753699136e+00
-1.150140486887415392e+01	-9.752189750405513280e+00
-1.150140486887415392e+01	-9.752189750405513280e+00
-9.477003978538522944e+00	-2.035828013880281784e+00
-1.039114559081459355e+01	-1.484014410993248045e+00
-1.039114559081459355e+01	-1.484014410993248045e+00
-5.208814374570921224e+00	-5.684837273493685394e+00
-9.517996490510791219e+00	-2.214758432365054208e+00
-7.099007140010493266e+00	-6.135761118331772401e+00
-7.860129507745051036e+00	-3.993028848972415723e+00
-4.595314715171852527e+00	-7.227904895775895788e+00
-9.866580666690374812e+00	-6.950697253986356294e+00
-7.548602436232638269e+00	-8.667063276748974587e+00
-8.414814549662340326e+00	-5.130766398006971762e+00
-8.414814549662340326e+00	-5.130766398006971762e+00
-1.036094817575971305e+01	-7.532746716967017697e+00
-1.085075215673296789e+01	-7.317318039022995713e+00
-1.043599061888850699e+01	-1.164566801826129172e+01
-1.183429518523807467e+01	-5.533970784704355772e+00
-1.004950776893890740e+01	-8.274171689069587998e+00
-1.004950776893890740e+01	-8.274171689069587998e+00
-8.565553698091136425e+00	-1.027270923807893510e+01
-8.565553698091136425e+00	-1.027270923807893510e+01
-8.355419145518526491e+00	-2.561679243048288868e+00
-7.918384995931484482e+00	-6.691637945153531497e+00
-7.090352746987019117e+00	-1.097470862473995901e+01
-8.259700381077889730e+00	-9.632400594374185943e+00
-8.298474221255832006e+00	-1.196562590630750655e+00
-7.191914381978882886e+00	-7.301209864618734890e+00
-6.075558826173613092e+00	-8.956592233279712545e+00
-6.075558826173613092e+00	-8.956592233279712545e+00
-5.161105841491511192e+00	-7.874036012712736898e+00
-5.161105841491511192e+00	-7.874036012712736898e+00
-6.142866489386727302e+00	-5.133356299577727100e+00
-5.978315498777252657e+00	-3.836583026842482980e+00
-8.568360016788446387e+00	-1.125981506493627826e+01
-8.568360016788446387e+00	-1.125981506493627826e+01
-9.780528082142771140e+00	-1.667993254235974332e+00
-1.085403994256900617e+01	-6.097506825355289095e+00
-9.622825393123511262e+00	-3.344849913021243015e+00
-9.044231789400374311e+00	-8.075506814003226452e+00
-1.117737059122544885e+01	-5.410695714939702583e+00
-7.272365774140026495e+00	-8.428285082503489178e+00
-5.065550744000128169e+00	-1.051227530681550171e+01
-7.078390133136223561e+00	-3.465619414950395161e+00
-9.127548222637333453e+00	-4.215864457536158127e+00
-1.073872293965999880e+01	-6.460390811100054975e+00
-1.073872293965999880e+01	-6.460390811100054975e+00
-8.471562611358901762e+00	-2.124356120661583525e+00
-5.877178709816651470e+00	-1.005187807585434179e+01
-5.877178709816651470e+00	-1.005187807585434179e+01
-9.739389311912569624e+00	-1.652199742574752106e+00
-6.969149109813217891e+00	-1.068107000351967351e+01
-6.969149109813217891e+00	-1.068107000351967351e+01
-9.769285838536454492e+00	-9.682848127330244026e+00
-9.593555156946793616e+00	-9.517139493692159391e+00
-9.936496946477486603e+00	-2.403483114354537431e+00
-1.128956851057680666e+01	-7.606004125983327313e+00
-9.568697645068171553e+00	-3.850825926434808810e+00
-9.367785539629601033e+00	-1.113006630124877105e+01
-9.367785539629601033e+00	-1.113006630124877105e+01
-1.013797527424549294e+01	-1.147658233692825469e+01
-7.042656194842066952e+00	-9.940901453210500449e+00
-6.071899028742321569e+00	-3.059583004391245975e+00
-6.353055043906278954e+00	-1.074487312892556545e+01
-6.353055043906278954e+00	-1.074487312892556545e+01
-6.479782020281019683e+00	-8.802946956895311814e+00
-8.378382495680416042e+00	-5.687755843218358365e+00
-4.581106871151046533e+00	-1.085103964677454336e+01
-5.415330290953497716e+00	-1.004331515169260847e+01
-8.650308689217611757e+00	-7.912387283316944853e+00
-8.650308689217611757e+00	-7.912387283316944853e+00
-5.009785931687635419e+00	-1.104364301862117337e+01
-9.951816561859777366e+00	-1.052740402413435250e+00
-1.046732127264470691e+01	-3.072796442388820104e+00
-1.008792941290000478e+01	-1.113665954143529824e+01
-7.271362559282531279e+00	-9.397890605586063373e+00
-4.745356252621839133e+00	-1.082843788132428031e+01
-7.975984054565023129e+00	-6.815119249736445006e+00
-1.148667359684301381e+01	-1.028348791438975951e+01
-5.671618378113849168e+00	-2.868358601886297432e+00
-9.470391460891221413e+00	-3.069076348167776302e+00
-7.397115716185491685e+00	-2.567545933654394208e+00
-7.397115716185491685e+00	-2.567545933654394208e+00
-1.116180347731547506e+01	-4.609101910563455640e+00
-8.683878088753264279e+00	-4.565175312167349730e+00
-8.097315599545753528e+00	-3.729752017128749930e+00
-6.613972071600940694e+00	-1.061115241429441980e+01
-6.613972071600940694e+00	-1.061115241429441980e+01
-8.565449032602439061e+00	-2.525867159197915157e+00
-8.565449032602439061e+00	-2.525867159197915157e+00
-1.067159230409780868e+01	-4.644225896244701168e+00
-8.835083297132003466e+00	-6.045444686765391928e+00
-8.835083297132003466e+00	-6.045444686765391928e+00
-5.949452853971114230e+00	-4.360507750474389432e+00
-1.011871099440854138e+01	-3.875338604991154234e+00
-1.011871099440854138e+01	-3.875338604991154234e+00
-5.209979744537887036e+00	-2.803379508892565486e+00
-6.710020935970415934e+00	-7.539212045829001951e+00
-4.796441867771168432e+00	-2.599234861757169668e+00
-1.138144655747877820e+01	-2.382318372786749183e+00
-1.138144655747877820e+01	-2.382318372786749183e+00
-8.482375710096182075e+00	-3.264554552085098038e+00
-9.143422418021405207e+00	-9.469746898535881252e-01
-1.022125754080115456e+01	-4.157277461244641259e+00
-7.385992844301611626e+00	-9.888218299322135252e+00
-6.868086829278071015e+00	-2.972634714629386998e+00
-9.735895665193876169e+00	-6.089287388337663032e+00
-5.962756566495762023e+00	-3.047469423657765741e+00
-5.578720731484072104e+00	-3.295698990291022756e+00
-5.578720731484072104e+00	-3.295698990291022756e+00
-5.211584418437539057e+00	-6.874468268289428252e+00
-5.710266219455454539e+00	-7.929446038673595432e+00
-5.481140517475194152e+00	-5.637476714064576733e+00
-1.143490572062424881e+01	-5.350125388199813870e+00
-1.020745144347651134e+01	-1.054636736102679251e+01
-9.105976392984546308e+00	-9.464256151808998041e+00
-9.105976392984546308e+00	-9.464256151808998041e+00
-8.929054747719760599e+00	-1.069782940590066644e+01
-1.023343490531620326e+01	-4.383964602127936594e+00
-7.814886046835452404e+00	-3.792177459954222396e+00
-5.426850431920462015e+00	-1.069559458283978515e+01
-9.718081161930285816e+00	-4.599947298669504470e+00
-9.479339096836296719e+00	-1.985458739372150117e+00
-9.479339096836296719e+00	-1.985458739372150117e+00
-4.297191581016518214e+00	-5.226299125161141035e+00
-1.014503936071912094e+01	-1.690682864908136240e+00
-7.512063505480863768e+00	-9.986156101764994020e+00
-7.512063505480863768e+00	-9.986156101764994020e+00
-6.792480528483626045e+00	-4.175110785757238041e+00
-7.795789439427314171e+00	-1.175431401825006716e+01
-8.934083377768498480e+00	-4.406280407411296451e+00
-8.934083377768498480e+00	-4.406280407411296451e+00
-5.599826376783321180e+00	-6.627523718544034104e+00
-5.599826376783321180e+00	-6.627523718544034104e+00
-1.115237333991104585e+01	-1.768320228159708130e+00
-1.052233732002523503e+01	-4.301361892250889163e+00
-6.250214144514281145e+00	-5.844553768636989943e+00
-6.250214144514281145e+00	-5.844553768636989943e+00
-5.227224269075347429e+00	-3.404846101795778957e+00
-8.888784649435688578e+00	-2.860249006232677083e+00
-5.362370798002253913e+00	-1.080817308407501898e+01
-5.736558411474055319e+00	-1.875355798339671809e+00
-1.169569442568608686e+01	-1.087406873969912091e+01
-1.169569442568608686e+01	-1.087406873969912091e+01
-5.488754479811239761e+00	-1.000753510530677381e+01
-9.394964338416802008e+00	-8.830940334416506943e+00
-4.474419899141111934e+00	-5.019262578352397419e+00
-5.220036680981997357e+00	-2.781310463134204269e+00
-6.504785893097484006e+00	-2.530903205705794079e+00
-6.468855892884020520e+00	-4.753425644520932636e+00
-6.787893406292965004e+00	-3.805400295469168803e+00
-1.003743699868387829e+01	-1.982531019138032979e+00
-9.710440430190985239e+00	-1.006324254954571806e+01
-6.955673436569880685e+00	-9.244301613109689342e+00
-5.175018691280499183e+00	-8.842414835368467507e+00
-5.175018691280499183e+00	-8.842414835368467507e+00
-9.868766598028273052e+00	-6.128616278080959212e+00
-7.559650607910332276e+00	-2.400706593963454427e+00
-8.138010469113943657e+00	-7.040050763072285278e+00
-5.962510255648035162e+00	-5.577138416688997680e+00
-5.962510255648035162e+00	-5.577138416688997680e+00
-7.153379960632939571e+00	-1.143536717688814441e+01
-1.166784887231358425e+01	-6.052739327710642492e+00
-5.696844449585683812e+00	-2.729052819044255340e+00
-5.696844449585683812e+00	-2.729052819044255340e+00
-4.680165138279297921e+00	-8.584731207474430192e+00
-4.680165138279297921e+00	-8.584731207474430192e+00
-1.184277765448272035e+01	-4.868183661363167936e+00
-7.235515018591470060e+00	-7.642422058946537256e+00
-1.016676844328695672e+01	-7.461592048158867563e+00
-1.016676844328695672e+01	-7.461592048158867563e+00
-6.587959547986890207e+00	-7.729209231592092166e+00
-8.632240439022234924e+00	-1.125581887130320702e+01
-1.173307564538433034e+01	-5.177996610496931496e+00
-1.097333822502539924e+01	-3.482512745093355289e+00
-7.002972362073336399e+00	-6.320032092028443849e+00
-7.088046377519313879e+00	-9.586613541759225754e+00
-7.899583280440876543e+00	-4.582211949215787783e+00
-6.912479903352048538e+00	-8.844607325709318957e+00
-1.193276470490075347e+01	-1.001395255082725377e+01
-1.164511664194134433e+01	-5.955614179820577725e+00
-7.598162973465426795e+00	-7.792669868708527403e+00
-5.821233454166653942e+00	-6.391321850046422171e+00
-7.119488883612794083e+00	-7.148984489002937259e+00
-1.151525558933638926e+01	-2.141584686010190808e+00
-9.472958204576823249e+00	-8.002058661756402458e+00
-4.057380104376421492e+00	-7.011572807739111290e+00
-8.387676393974665245e+00	-6.800422830682886222e+00
-1.004631443320446316e+01	-4.256691981867784413e+00
-1.004631443320446316e+01	-4.256691981867784413e+00
-9.051696073662188979e+00	-1.310868363630458777e+00
-9.051696073662188979e+00	-1.310868363630458777e+00
-9.861745174177830364e+00	-6.742867937865194783e+00
-9.861745174177830364e+00	-6.742867937865194783e+00
-1.030172536936607131e+01	-8.594168778031418654e+00
-9.497620944552897626e+00	-2.538588980749945989e+00
-6.838269616083121782e+00	-1.960610668745809360e+00
-6.838269616083121782e+00	-1.960610668745809360e+00
-6.815977999647632402e+00	-8.949948812075177784e+00
-6.815977999647632402e+00	-8.949948812075177784e+00
-7.798486400391681173e+00	-4.724629160799147520e+00
-9.072235332384490647e+00	-3.566131975132479592e+00
-1.115479785405045199e+01	-1.077601838374238064e+01
-8.803107305661695747e+00	-4.401904918787044707e+00
-8.758005539154538610e+00	-1.010354531206622397e+01
-7.949719668159510810e+00	-9.843532867621847871e+00
-7.949719668159510810e+00	-9.843532867621847871e+00
-6.546737160401082001e+00	-4.133593274159006015e+00
-9.288842892359415515e+00	-3.961405824600494174e+00
-9.288842892359415515e+00	-3.961405824600494174e+00
-9.370315636207607213e+00	-5.295902435051766055e+00
-9.913043474541165523e+00	-4.359874202226928119e+00
-8.678512902990984657e+00	-5.626785589142158983e+00
-7.530168592797250149e+00	-3.833540900776350568e+00
-1.017030131818735050e+01	-1.211739948293705460e+00
-7.595208366132970568e+00	-7.437349044806570220e+00
-7.828340388980415732e+00	-6.949816948144658113e+00
-7.116101500819295822e+00	-7.669970952026882394e+00
-6.725882459506279609e+00	-4.337401331124114634e+00
-9.073265838463274946e+00	-2.752227745234347545e+00
-1.024755553404892972e+01	-8.444520424755046051e+00
-1.024755553404892972e+01	-8.444520424755046051e+00
-6.646056166144984623e+00	-5.984779339653643504e+00
-5.952148605241688095e+00	-1.115617129611944414e+01
-4.432687340127866804e+00	-6.104803386437592572e+00
-1.076618244236748900e+01	-7.675784625799106031e+00
-6.791070197733934499e+00	-6.486316400195594412e+00
-9.810090078022810189e+00	-5.794737590828567875e+00
-7.204033240355990131e+00	-1.089672308987362470e+01
-7.204033240355990131e+00	-1.089672308987362470e+01
-1.105356805062448977e+01	-1.282196814073843782e+00
-7.853139884380742508e+00	-7.310826278677358125e+00
-7.853139884380742508e+00	-7.310826278677358125e+00
-9.171214400562179847e+00	-8.160764969190902107e+00
-6.762541058754871770e+00	-4.471247415451144569e+00
-6.762541058754871770e+00	-4.471247415451144569e+00
-4.784062557138515359e+00	-3.204926142985737414e+00
-4.784062557138515359e+00	-3.204926142985737414e+00
-1.070848142307397666e+01	-7.923384011342162303e+00
-1.070848142307397666e+01	-7.923384011342162303e+00
-5.588974255640913213e+00	-7.501434043106380400e+00
-1.127700634796019408e+01	-9.947510430746794086e+00
-8.100170897552184002e+00	-7.621178992407282138e+00
-8.100170897552184002e+00	-7.621178992407282138e+00
-9.386197651730705971e+00	-4.951380699432294641e+00
-9.279362528424066170e+00	-8.705436583936663197e+00
-7.021281143519042089e+00	-2.700953101789898447e+00
-7.571384394053612077e+00	-3.742404727454783586e+00
-5.878846993237393903e+00	-3.571393226211769800e+00
-6.354511443753113831e+00	-9.145159084977002806e+00
-6.354511443753113831e+00	-9.145159084977002806e+00
-1.049360474555361833e+01	-1.687779063835676219e+00
-1.049360474555361833e+01	-1.687779063835676219e+00
-4.729123785226981624e+00	-7.827227600535899832e+00
-9.195049857072062238e+00	-7.481539558986602501e+00
-6.767594500863643781e+00	-2.689260577459802626e+00
-6.767594500863643781e+00	-2.689260577459802626e+00
-5.609408053587513265e+00	-1.153532841854758928e+01
-5.609408053587513265e+00	-1.153532841854758928e+01
-5.878115209768391303e+00	-4.784716159713679140e+00
-8.407181022619294453e+00	-3.278878659723782452e+00
-8.354649240228017248e+00	-1.583299867853992238e+00
-8.354649240228017248e+00	-1.583299867853992238e+00
-4.116558929594679839e+00	-2.769867634893232733e+00
-4.116558929594679839e+00	-2.769867634893232733e+00
-8.407219860865065897e+00	-3.986299248131116801e+00
-8.407219860865065897e+00	-3.986299248131116801e+00
-8.847917467095113508e+00	-5.998716989101376740e+00
-6.657222670052919788e+00	-1.006533231357072644e+01
-9.903024113577576060e+00	-5.664789051604572023e+00
-1.122100000997319569e+01	-2.266941919585279130e+00
-8.424861798257262890e+00	-2.230662745509638611e+00
-1.150367773938555516e+01	-1.081438052579183129e+01
-1.018040487764272584e+01	-7.046360253930934903e+00
-1.018040487764272584e+01	-7.046360253930934903e+00
-9.115304514707634809e+00	-8.012341992459591111e+00
-9.115304514707634809e+00	-8.012341992459591111e+00
-9.299851036549942052e+00	-4.342115068579492920e+00
-6.389790701237194170e+00	-1.111212676621775763e+01
-6.389790701237194170e+00	-1.111212676621775763e+01
-8.763493620133383288e+00	-5.737494700505859413e+00
-9.826816786392827296e+00	-7.424918893844686174e+00
-8.374855073470254041e+00	-4.989011849887430294e+00
-1.130328113637301968e+01	-8.004805304473359584e+00
-5.263746080581390707e+00	-1.128166522988053089e+01
-6.742891390112263572e+00	-7.937326023583510803e+00
-8.145852085078116644e+00	-7.697856222663367554e+00
-1.061509951479506064e+01	-1.042488024836461591e+01
-6.042595163047273843e+00	-9.227009996428328975e+00
-1.051740565152945273e+01	-4.391653944885418603e+00
-1.051740565152945273e+01	-4.391653944885418603e+00
-1.013954314570931814e+01	-3.468596217005438742e+00
-1.096497302033613330e+01	-9.406982007180559435e+00
-9.169322558403726120e+00	-5.239076195816998016e+00
-9.169322558403726120e+00	-5.239076195816998016e+00
-1.176054956169574339e+01	-4.168123457182457692e+00
-1.051673670676301420e+01	-1.147598573796405397e+01
-1.198069802661643912e+01	-9.392918214859863113e+00
-6.371814807007088355e+00	-4.752996203113522000e+00
-7.371860516581141276e+00	-1.058539950874519420e+01
-7.371860516581141276e+00	-1.058539950874519420e+01
-5.393869426108576448e+00	-7.523102555172304307e+00
-1.108678606569825043e+01	-4.522688823717601281e+00
-1.108678606569825043e+01	-4.522688823717601281e+00
-6.475198017427322483e+00	-6.162475935472761179e+00
-7.702969719936683113e+00	-1.074596271084775623e+01
-7.702969719936683113e+00	-1.074596271084775623e+01
-9.066442522747589550e+00	-3.589848401619712970e+00
-1.152254680869361714e+01	-4.902870857876129307e+00
-1.152254680869361714e+01	-4.902870857876129307e+00
-7.944248925088076341e+00	-3.053595356189204413e+00
-5.212696949481718356e+00	-5.573204053800495217e+00
-5.212696949481718356e+00	-5.573204053800495217e+00
-8.941694911117954447e+00	-1.047487590265212276e+01
-5.451073531829457863e+00	-1.400371587114359828e+00
-5.995249219959614351e+00	-6.710898717729340213e+00
-3.956823294556217174e+00	-8.848855046768461463e+00
-3.956823294556217174e+00	-8.848855046768461463e+00
-8.202861539485967413e+00	-5.793356393673810167e+00
-8.259662447358499193e+00	-6.078086270752287135e+00
-1.199514154487969719e+01	-4.773393189849839402e+00
-1.199514154487969719e+01	-4.773393189849839402e+00
-7.237542323622518481e+00	-7.997728597438259257e+00
-8.336131823390422468e+00	-5.162489838041689261e+00
-6.932288573987367641e+00	-2.161296738790803307e+00
-6.811650004328064334e+00	-7.277428733310767228e+00
-1.043855176207662971e+01	-5.275119984752927316e+00
-9.402374909215383880e+00	-2.252633914984903285e+00
-7.110660652600428122e+00	-4.093059125231219397e+00
-7.110660652600428122e+00	-4.093059125231219397e+00
-9.984411763767001347e+00	-9.594659660923753108e+00
-9.984411763767001347e+00	-9.594659660923753108e+00
-1.097081653398420720e+01	-9.835141262114175831e+00
-9.045718653322937897e+00	-6.299816383993208646e+00
-7.481271393517605617e+00	-5.034689342216038810e+00
-7.481271393517605617e+00	-5.034689342216038810e+00
-4.594694221060333206e+00	-6.689500623281803726e+00
-8.913663481483613538e+00	-9.818632300008562908e+00
-7.205983264970754476e+00	-1.078649925931267539e+01
-9.615582255802859635e+00	-1.602063226330039170e+00
-5.185460636756209496e+00	-6.315473234193851759e+00
-5.185460636756209496e+00	-6.315473234193851759e+00
-4.300628281768991812e+00	-1.845269554128189160e+00
-4.300628281768991812e+00	-1.845269554128189160e+00
-8.110009579797370804e+00	-1.484746771898080908e+00
-9.725415600311908548e+00	-7.254215699567640563e+00
-8.924555703018596020e+00	-1.704694998436632192e+00
-7.021617128228862192e+00	-3.609877887265473539e+00
-1.139143343660930441e+01	-9.958889997831548158e+00
-1.107357389139155401e+01	-1.008612531743307272e+01
-1.107357389139155401e+01	-1.008612531743307272e+01
-9.023826326481581006e+00	-4.078281218459421709e+00
-9.023826326481581006e+00	-4.078281218459421709e+00
-6.345567503018195055e+00	-5.165551586186214905e+00
-1.007920041856538873e+01	-4.191070042391155326e+00
-7.586340106767032410e+00	-3.365510525637211980e+00
-7.586340106767032410e+00	-3.365510525637211980e+00
-7.731289156373782667e+00	-6.729584655974816698e+00
-6.615447198870765710e+00	-1.089209882098014504e+01
-6.615447198870765710e+00	-1.089209882098014504e+01
-9.650079156944530112e+00	-2.054324108435550578e+00
-6.958360987528151576e+00	-3.377021706077374841e+00
-6.958360987528151576e+00	-3.377021706077374841e+00
-7.464681813954073597e+00	-3.903137736349790998e+00
-7.464681813954073597e+00	-3.903137736349790998e+00
-7.839078552228857077e+00	-9.152540077064656998e+00
-9.821091415741308950e+00	-3.470572600802478203e+00
-9.277688229626548377e+00	-5.679014316451957534e+00
-8.177927380646567102e+00	-1.028672256458274425e+01
-8.177927380646567102e+00	-1.028672256458274425e+01
-9.305740509562674845e+00	-3.367906285457223259e+00
-7.943001649718341106e+00	-3.092069471237494316e+00
-7.824938862243543625e+00	-6.576575875681942129e+00
-7.706009754974552983e+00	-1.017449508948950587e+01
-8.745388991542998980e+00	-5.336078840373168042e+00
-5.569853827075545105e+00	-9.814864667658317998e+00
-8.690203892892304438e+00	-1.401972858883233197e+00
-6.427676424227037444e+00	-1.728044493090494349e+00
-5.662012915299603932e+00	-9.576027122805307101e+00
-1.053650683928465703e+01	-4.080162287541162947e+00
-1.032644072425943094e+01	-1.113057115673626463e+01
-1.032644072425943094e+01	-1.113057115673626463e+01
-5.044275713125267124e+00	-5.154817403816141841e+00
-1.021636426474548642e+01	-1.037475005624834701e+01
-1.021636426474548642e+01	-1.037475005624834701e+01
-6.999530294173891498e+00	-1.110664167409343861e+01
-6.999530294173891498e+00	-1.110664167409343861e+01
-6.217232728917590379e+00	-1.111696569174118565e+01
-6.095102226618791086e+00	-9.353694267462870471e+00
-6.095102226618791086e+00	-9.353694267462870471e+00
-9.461184115015964124e+00	-5.445369411975335971e+00
-4.413615757303111842e+00	-2.856129506509294202e+00
-6.211979284290516823e+00	-1.177292147515620435e+01
-7.005308759529995655e+00	-1.102482817719881147e+01
-7.743520392255250684e+00	-4.608196592114230050e+00
-7.743520392255250684e+00	-4.608196592114230050e+00
-7.539022631153402543e+00	-3.191048550740330114e+00
-8.545441497961608235e+00	-3.967499247629452164e+00
-5.054420639044422181e+00	-1.051385252824914218e+01
-7.214669566020934788e+00	-1.081663308305215665e+01
-7.214669566020934788e+00	-1.081663308305215665e+01
-5.742558761866671801e+00	-8.420449884321291378e+00
-5.400112150919319731e+00	-1.948865021060723901e+00
-5.400112150919319731e+00	-1.948865021060723901e+00
-9.119757120748106516e+00	-3.822865222529836071e+00
-6.313681699547960768e+00	-1.190880455297556750e+01
-6.738780471959177731e+00	-9.504851522339215819e+00
-8.517012529897931117e+00	-3.084636629648431327e+00
-7.027151245961537285e+00	-8.501537095622085261e+00
-8.517599979202081784e+00	-9.645527672004915232e+00
-7.935134047880751496e+00	-3.873711094776857600e+00
-6.756149629661313050e+00	-6.553084864153687406e+00
-7.379078766544045820e+00	-4.046284730983951583e+00
-4.875363718416697800e+00	-4.855800952697937767e+00
-4.875363718416697800e+00	-4.855800952697937767e+00
-1.095667250955296090e+01	-1.057054240461712524e+01
-6.444624828340224987e+00	-6.989795394389475724e+00
-8.428007526318546994e+00	-8.882540104785780599e+00
-1.150706000423006969e+01	-3.821023538582311918e+00
-1.150706000423006969e+01	-3.821023538582311918e+00
-5.861043262818259159e+00	-1.023326231858239410e+01
-9.447627444868883728e+00	-7.433245012034901400e+00
-9.447627444868883728e+00	-7.433245012034901400e+00
-9.300788028436842936e+00	-2.925129105226461856e+00
-8.761770586062921140e+00	-3.040481779360051817e+00
-8.442352640692249111e+00	-2.773789462212765233e+00
-8.442352640692249111e+00	-2.773789462212765233e+00
-1.051960180962445435e+01	-3.764829201224134891e+00
-8.556134808250899226e+00	-4.140290294999032561e+00
-8.556134808250899226e+00	-4.140290294999032561e+00
-8.517581182869214729e+00	-5.212176390174380280e+00
-1.003040765600621675e+01	-1.123037033804529727e+01
-1.004725040204361797e+01	-4.282590550095159543e+00
-1.004725040204361797e+01	-4.282590550095159543e+00
-1.189217481515288632e+01	-3.952257709116584028e+00
-1.189217481515288632e+01	-3.952257709116584028e+00
-6.929840217211525655e+00	-1.084054315917937927e+01
-6.929840217211525655e+00	-1.084054315917937927e+01
-5.210159376755426841e+00	-2.864278829821778061e+00
-8.939870893231164573e+00	-1.086398258480016743e+01
-8.939870893231164573e+00	-1.086398258480016743e+01
-6.860880221335718510e+00	-9.653074702103472404e+00
-9.105503009437484252e+00	-1.028258099807452375e+01
-9.105503009437484252e+00	-1.028258099807452375e+01
-1.016022184678755913e+01	-3.455120531303609965e+00
-7.659194412387854811e+00	-3.443440351249948961e+00
-7.659194412387854811e+00	-3.443440351249948961e+00
-9.427028871921841358e+00	-1.072933529706729416e+01
-9.618546635039553649e+00	-4.483022815379275272e+00
-9.618546635039553649e+00	-4.483022815379275272e+00
-5.228126568380377925e+00	-4.359081171444772806e+00
-5.228126568380377925e+00	-4.359081171444772806e+00
-9.666773329761660705e+00	-2.269058548391577723e+00
-9.495919835142482057e+00	-7.959984522952309405e+00
-9.495919835142482057e+00	-7.959984522952309405e+00
-8.178961259208987755e+00	-1.141825905033217836e+01
-1.158474484451185837e+01	-7.475293380134428567e+00
-9.850981598732179378e+00	-2.411667306625087104e+00
-5.325225758293457012e+00	-1.640949135428408034e+00
-1.139027494084113279e+01	-2.991244861436632707e+00
-8.532640356121572012e+00	-5.624479663808863883e+00
-5.862218390500419929e+00	-8.873024878830745976e+00
-8.292696042254402045e+00	-3.267385392254779752e+00
-8.292696042254402045e+00	-3.267385392254779752e+00
-1.136643849848980103e+01	-9.065168134586290449e+00
-1.007675853106726827e+01	-9.789559116424308982e+00
-1.007675853106726827e+01	-9.789559116424308982e+00
-4.461166593945517178e+00	-9.778303218997420387e+00
-5.674183280630487047e+00	-2.048806630651427430e+00
-5.674183280630487047e+00	-2.048806630651427430e+00
-7.822742324843964923e+00	-8.987929761835539821e+00
-7.822742324843964923e+00	-8.987929761835539821e+00
-4.126091857746642333e+00	-1.074932673406514105e+01
-6.826089409630488269e+00	-1.038712581373531663e+01
-9.638393807299701521e+00	-4.096337268489035566e+00
-1.076474993738255215e+01	-2.185741175432619254e+00
-1.076474993738255215e+01	-2.185741175432619254e+00
-1.048111890025797877e+01	-4.750236386202345784e+00
-1.048111890025797877e+01	-4.750236386202345784e+00
-8.829394525487467504e+00	-8.871593136979958771e+00
-8.829394525487467504e+00	-8.871593136979958771e+00
-6.380392210558261112e+00	-6.339932575714539276e+00
-5.550552049075750283e+00	-1.028259081619357396e+01
-4.727919581740032129e+00	-2.733987180319997545e+00
-7.311408167648779433e+00	-4.094848155913374477e+00
-1.071379469942638529e+01	-1.124171270910905562e+01
-1.071379469942638529e+01	-1.124171270910905562e+01
-8.169432561065764986e+00	-6.843843129758639954e+00
-5.346396580183304437e+00	-4.111697165658676489e+00
-1.174987917727385067e+01	-9.559397495843274584e+00
-1.050820365633234310e+01	-8.978062151241143596e+00
-1.050820365633234310e+01	-8.978062151241143596e+00
-8.993423626498048051e+00	-6.321469848897407040e+00
-8.064445525484540411e+00	-1.013659600349803824e+01
-1.017995376447390754e+01	-4.832069965701879077e+00
-1.017995376447390754e+01	-4.832069965701879077e+00
-6.629356099378298062e+00	-1.955723733561899547e+00
-1.066297724564561911e+01	-6.189401377098949553e+00
-8.263086277443248306e+00	-1.117592588383051755e+01
-9.038284112761550304e+00	-1.156590687956721197e+01
-1.187216049447622090e+01	-8.460308215173489188e+00
-1.085431736209283926e+01	-1.073899287235458821e+01
-1.085431736209283926e+01	-1.073899287235458821e+01
-7.425549124314072991e+00	-3.894175665868233160e+00
-1.042388926755406509e+01	-8.197115651334941688e+00
-9.183014673436192155e+00	-1.101170181287806749e+01
-6.903629896624272178e+00	-7.469614514181580844e+00
-9.405804865485791311e+00	-7.913263721925773986e+00
-6.065299776171690915e+00	-7.074801725974038114e+00
-1.090413883576416154e+01	-2.133833286598474377e+00
-1.165779123895401881e+01	-1.001067659697790369e+01
-5.267317965232645172e+00	-9.477147599155061997e+00
-5.267317965232645172e+00	-9.477147599155061997e+00
-8.980984017653073082e+00	-7.398825351781280979e+00
-9.793733032614669654e+00	-4.350009679997926426e+00
-6.463225480445587756e+00	-1.066522714013390782e+01
-6.463225480445587756e+00	-1.066522714013390782e+01
-1.081326156398085558e+01	-7.174037843498983769e+00
-8.308494512458134196e+00	-5.960403925465880270e+00
-1.082889872334808956e+01	-4.419457594591567506e+00
-8.134889773966163418e+00	-1.995734754853107695e+00
-1.073901934337821551e+01	-1.252873810933155418e+00
-1.073901934337821551e+01	-1.252873810933155418e+00
-1.041313935897651710e+01	-9.118675664652538870e+00
-1.041313935897651710e+01	-9.118675664652538870e+00
-8.182342528235270862e+00	-5.007227224887839334e+00
-6.865776194645580865e+00	-8.002333806672998762e+00
-6.865776194645580865e+00	-8.002333806672998762e+00
-8.723033233241382689e+00	-6.313558348884457772e+00
-1.065510134224299321e+01	-3.292452751784367138e+00
-1.062011867774675800e+01	-4.284801818633077630e+00
-1.062011867774675800e+01	-4.284801818633077630e+00
-1.003984614186557600e+01	-9.789533745632228445e+00
-6.547676630620391514e+00	-3.777674180494904999e+00
-4.146489981514498879e+00	-4.541039993360807436e+00
-4.146489981514498879e+00	-4.541039993360807436e+00
-7.167325272702780303e+00	-7.693411973984132679e+00
-7.167325272702780303e+00	-7.693411973984132679e+00
-6.308056076387003941e+00	-6.973144383752672759e+00
-5.527644420485499310e+00	-4.594022605458851771e+00
-6.792739322994529871e+00	-4.462701612024707387e+00
-9.625978031152346404e+00	-1.999306160605947014e+00
-9.001004180485374206e+00	-5.850717300200601656e+00
-9.001004180485374206e+00	-5.850717300200601656e+00
-5.738513388120569658e+00	-1.903392841091428478e+00
-5.738513388120569658e+00	-1.903392841091428478e+00
-6.952794959315487411e+00	-6.500328885615897612e+00
-7.348781775436558306e+00	-9.298144750099284650e+00
-8.287306206875824088e+00	-8.246384909767497717e+00
-1.183949432374553901e+01	-5.260658117715919957e+00
-8.116342023398697592e+00	-7.289613989108264747e+00
-9.788694773307744512e+00	-5.439446101173563974e+00
-9.174474112563585138e+00	-4.560117409088684681e+00
-9.454637358939143255e+00	-8.573247589750728537e+00
-5.685663668851308472e+00	-5.994479098998675148e+00
-6.907334493060105274e+00	-9.411280388558520116e+00
-6.062629914263053088e+00	-5.467288294882201249e+00
-7.975321123660666700e+00	-1.106982503100310389e+01
-8.088496171136096535e+00	-8.388950890384053949e+00
-9.577432257664845849e+00	-1.116287109001727096e+01
-4.317441562227602780e+00	-4.532085050579473418e+00
-6.815356063261945430e+00	-2.658393797093762778e+00
-6.815356063261945430e+00	-2.658393797093762778e+00
-3.820696865260456487e+00	-3.054458591389743294e+00
-7.896872440992459552e+00	-1.828634974482697295e+00
-1.024394475037279761e+01	-1.043330828842229430e+01
-1.024394475037279761e+01	-1.043330828842229430e+01
-9.110834184006895597e+00	-9.341248708306114423e+00
-7.179691753700232049e+00	-1.542739869390577168e+00
-5.774685596454256498e+00	-1.057099173976437534e+01
-1.047735716083946933e+01	-1.766204125118897128e+00
-9.421539793397263551e+00	-9.513947319901120636e+00
-8.907420696654572367e+00	-2.174922029891159792e+00
-5.812638352695688404e+00	-3.720977875212543751e+00
-1.123675504070222075e+01	-8.039594820151339860e+00
-7.669114024118760753e+00	-3.301241759128616060e+00
-5.848731164808928185e+00	-6.232667909127521000e+00
-7.740526182888538109e+00	-1.070232748151892643e+01
-9.754908979439109729e+00	-1.701739275109764638e+00
-9.754908979439109729e+00	-1.701739275109764638e+00
-7.273161350295244354e+00	-6.326838591556360747e+00
-6.064388563828617684e+00	-6.080035851270338298e+00
-6.619714799672378192e+00	-1.134764144190408430e+01
-8.863443915061962386e+00	-1.098864259083608808e+01
-9.565520135708041494e+00	-5.044646896380793777e+00
-6.688925071118661414e+00	-8.853337933338583099e+00
-9.934159197470160407e+00	-3.593098242720829116e+00
-7.830660120170566785e+00	-8.656991460574973374e+00
-1.144371231972387370e+01	-9.222656521559230214e+00
-1.144371231972387370e+01	-9.222656521559230214e+00
-9.275907944457982168e+00	-9.526472120870458582e+00
-7.418165480962408687e+00	-6.329320103439144418e+00
-9.637951011569565907e+00	-6.483376398071875713e+00
-4.624283015455281642e+00	-4.448929275705520325e+00
-8.655731873433266443e+00	-5.752832265049954152e+00
-5.228598065136050188e+00	-2.575372410756276320e+00
-9.794610282518533495e+00	-8.451790265594565810e+00
-5.951673828571691693e+00	-1.001558845718922086e+01
-6.278821409955113175e+00	-4.083659441248690847e+00
-1.050160868808049131e+01	-2.947475590682181235e+00
-7.599192108045788707e+00	-8.857919307815945942e+00
-7.438032303232476217e+00	-4.735394278365502529e+00
-5.860367386186536187e+00	-3.928098804400730337e+00
-9.108505648194459070e+00	-3.898055676753524157e+00
-7.621166446381356430e+00	-2.872607651182832456e+00
-1.003315730711072007e+01	-1.783025556517230381e+00
-1.003315730711072007e+01	-1.783025556517230381e+00
-8.072777998262210986e+00	-1.472471111271170141e+00
-8.072777998262210986e+00	-1.472471111271170141e+00
-9.541831035961990892e+00	-3.256247286716988487e+00
-9.541831035961990892e+00	-3.256247286716988487e+00
-9.006945060000740355e+00	-7.140426507930825117e+00
-9.006945060000740355e+00	-7.140426507930825117e+00
-9.925948902010585329e+00	-9.057949047393865527e+00
-5.305778334596091383e+00	-1.096555486525353906e+01
-4.149616774612076675e+00	-6.422047708627091289e+00
-4.149616774612076675e+00	-6.422047708627091289e+00
-9.301278886572449167e+00	-3.685581550870702827e+00
-6.756506290570808204e+00	-9.788054537812842071e+00
-1.054015534230356543e+01	-4.230837736457643494e+00
-1.054015534230356543e+01	-4.230837736457643494e+00
-5.255564441511450191e+00	-1.108294636587699777e+01
-5.255564441511450191e+00	-1.108294636587699777e+01
-3.992668071131570517e+00	-4.168788434515072083e+00
-4.351161997243514712e+00	-8.247544613917233036e+00
-4.351161997243514712e+00	-8.247544613917233036e+00
-4.852768766541593060e+00	-6.473744394068279284e+00
-1.075806450503298706e+01	-3.807702273688792438e+00
-9.939264274841164593e+00	-6.507367309110918541e+00
-1.010326408201861526e+01	-4.210645129600314895e+00
-1.010326408201861526e+01	-4.210645129600314895e+00
-9.845689585652067422e+00	-1.133005911216625172e+01
-8.487557425431498714e+00	-2.653784936773482706e+00
-7.528573816693779897e+00	-2.605728176930871776e+00
-9.906645707808305445e+00	-1.100562253312850913e+01
-8.907444321210114424e+00	-2.312848141670436952e+00
-8.907444321210114424e+00	-2.312848141670436952e+00
-9.926702399975873448e+00	-1.020287567986326493e+01
-6.497924560671860306e+00	-8.423242303825587030e+00
-1.073001194206372233e+01	-5.303740107727412223e+00
-1.030019297894861730e+01	-4.425140706829576054e+00
-1.065700101802029387e+01	-2.186775949844899536e+00
-1.065700101802029387e+01	-2.186775949844899536e+00
-1.145614131473650765e+01	-5.026247282720857967e+00
-1.145614131473650765e+01	-5.026247282720857967e+00
-7.353254855619195673e+00	-5.779441535473973879e+00
-1.148829225739871873e+01	-7.703956728563068346e+00
-1.148829225739871873e+01	-7.703956728563068346e+00
-1.199533089401404951e+01	-8.377969164642028232e+00
-5.308515208952970355e+00	-3.697515400185789058e+00
-5.308515208952970355e+00	-3.697515400185789058e+00
-4.609276894701672234e+00	-2.420071309115393365e+00
-4.609276894701672234e+00	-2.420071309115393365e+00
-4.968879702245573959e+00	-1.113475663613741240e+01
-4.635505635632046761e+00	-1.100904918038483160e+01
-4.635505635632046761e+00	-1.100904918038483160e+01
-6.784309533244894830e+00	-5.007053903888382784e+00
-5.416346606434115252e+00	-3.054265592125500639e+00
-8.770848836359546041e+00	-7.121544743796773602e+00
-3.811661957414534285e+00	-6.490458724484598818e+00
-3.811661957414534285e+00	-6.490458724484598818e+00
-7.247782895538435355e+00	-4.725098845845503881e+00
-7.247782895538435355e+00	-4.725098845845503881e+00
-1.018627432348956319e+01	-1.862068890751755967e+00
-1.018627432348956319e+01	-1.862068890751755967e+00
-8.025065641214975898e+00	-6.214072197811542075e+00
-8.025065641214975898e+00	-6.214072197811542075e+00
-1.011201325249504457e+01	-8.838495110480470984e+00
-9.000086092712697550e+00	-1.069631358764693907e+01
-9.000086092712697550e+00	-1.069631358764693907e+01
-1.034183496216899911e+01	-6.515418302112283122e+00
-7.721314711064564129e+00	-9.205925031090323785e+00
-6.684462592639976997e+00	-8.194903541342728914e+00
-7.595781478369408646e+00	-1.091257133029591841e+01
-7.595781478369408646e+00	-1.091257133029591841e+01
-9.120975374261695023e+00	-1.179882020601678505e+01
-5.174333717323672310e+00	-1.105550360510346497e+00
-8.037890279513380420e+00	-8.134369866749608491e+00
-7.559747715066038154e+00	-7.765565010362480258e+00
-7.559747715066038154e+00	-7.765565010362480258e+00
-1.023682248162439201e+01	-9.522819634699391855e+00
-1.023682248162439201e+01	-9.522819634699391855e+00
-6.327378844470588959e+00	-1.386032082270868493e+00
-9.200682169920888498e+00	-1.416149410450794788e+00
-9.200682169920888498e+00	-1.416149410450794788e+00
-4.985974702223511024e+00	-5.338757584377241017e+00
-9.333831738464404282e+00	-1.141360623038682398e+01
-9.333831738464404282e+00	-1.141360623038682398e+01
-8.975102423630600512e+00	-4.619965622780689785e+00
-8.975102423630600512e+00	-4.619965622780689785e+00
-9.098366961477502457e+00	-9.250477353498677502e+00
-9.098366961477502457e+00	-9.250477353498677502e+00
-4.121284253296868982e+00	-5.360070877630576547e+00
-4.121284253296868982e+00	-5.360070877630576547e+00
-7.502545618443758002e+00	-1.062898686256653669e+01
-6.208057460090524060e+00	-1.115820391489029539e+01
-5.480689056823251804e+00	-6.834558173719466723e+00
-1.042169368612196578e+01	-5.728013918644200508e+00
-1.042169368612196578e+01	-5.728013918644200508e+00
-4.115081324739589874e+00	-1.075483608730780460e+01
-8.861432620805166138e+00	-3.665204185765508438e+00
-7.188007025491780055e+00	-4.920261602806476731e+00
-7.188007025491780055e+00	-4.920261602806476731e+00
-9.714041431274260674e+00	-9.107723747165319850e+00
-5.790037534325690238e+00	-7.517991943262052779e+00
-5.670377198243727435e+00	-5.099557140826278534e+00
-5.670377198243727435e+00	-5.099557140826278534e+00
-9.477788548259413304e+00	-1.184233840851278252e+00
-6.908949418069345150e+00	-1.164567134196061993e+01
-8.019033499996959691e+00	-9.650230542313128268e+00
-7.072281162884928918e+00	-7.946168324534790273e+00
-7.072281162884928918e+00	-7.946168324534790273e+00
-4.635155419423149681e+00	-1.524761132285342047e+00
-8.474383720563606559e+00	-5.364416144595449687e+00
-8.474383720563606559e+00	-5.364416144595449687e+00
-8.316175059246205592e+00	-7.921279056259127316e+00
-8.316175059246205592e+00	-7.921279056259127316e+00
-8.359479034896358129e+00	-1.418631550303119493e+00
-4.861039672504654519e+00	-3.744204561030197276e+00
-1.050330124502016282e+01	-8.907830998044721227e+00
-9.685798691535248750e+00	-1.807175727864942960e+00
-6.917031653418760584e+00	-2.614367093084115190e+00
-4.309849410122335023e+00	-9.672608218576440819e+00
-7.843690136701404469e+00	-1.029133052068036669e+01
-8.244929904685283972e+00	-3.347143472879417381e+00
-7.871493566708232414e+00	-4.647026660060132208e+00
-7.871493566708232414e+00	-4.647026660060132208e+00
-7.181344969190099015e+00	-5.496793561632080660e+00
-9.483359428890489440e+00	-9.684469896911210185e+00
-5.197664582020746771e+00	-9.563383721217791233e+00
-1.127037004580437518e+01	-1.103349595851668674e+01
-9.204211863415476813e+00	-8.093376932337655205e+00
-8.736286169443872041e+00	-7.999755993760524930e+00
-6.044320976874042906e+00	-9.140348506507635307e+00
-9.829522608438958642e+00	-7.216344485835325173e+00
-9.829522608438958642e+00	-7.216344485835325173e+00
-5.134752945836842386e+00	-7.962370082366653889e+00
-9.665728515031229762e+00	-6.734703333989321195e+00
-6.806516698388125342e+00	-9.710664861189208352e+00
-6.806516698388125342e+00	-9.710664861189208352e+00
-1.011777163251013612e+01	-1.987916768394819567e+00
-8.072967320925432233e+00	-6.333966566966748424e+00
-8.072967320925432233e+00	-6.333966566966748424e+00
-1.056930116838766409e+01	-3.901095833603809737e+00
-4.014804798523758045e+00	-7.844086397393523313e+00
-4.994942104944033900e+00	-7.343381536972950485e+00
-1.133228900723285371e+01	-6.990965333803555559e+00
-1.133228900723285371e+01	-6.990965333803555559e+00
-9.089481952418427824e+00	-8.416542093334211216e+00
-9.089481952418427824e+00	-8.416542093334211216e+00
-6.483513069371981352e+00	-6.991824587747902164e+00
-7.821022243144082786e+00	-8.267787717223416877e+00
-8.458038540619611467e+00	-4.512322979765500008e+00
-8.458038540619611467e+00	-4.512322979765500008e+00
-5.659844848541424334e+00	-6.883155313564204292e+00
-8.089807763828238407e+00	-5.554060929470330699e+00
-1.141868507720125514e+01	-3.769629468488993052e+00
-8.310756117876684002e+00	-1.659449772557915370e+00
-6.960877152661950618e+00	-7.120647622318104553e+00
-5.660718449353568715e+00	-1.094255886975738079e+01
-5.463309739774197205e+00	-6.826609427943662212e+00
-1.126513312630250141e+01	-5.951622550490527352e+00
-6.779612877246567137e+00	-7.709045150419294501e+00
-6.779612877246567137e+00	-7.709045150419294501e+00
-4.024945737118637012e+00	-1.110096188890722146e+01
-4.024945737118637012e+00	-1.110096188890722146e+01
-9.398518891520300400e+00	-3.425691881434448582e+00
-9.398518891520300400e+00	-3.425691881434448582e+00
-1.030681730625364523e+01	-7.969458349628560256e+00
-7.135416133931194338e+00	-7.048304378016752025e+00
-1.047668796411917747e+01	-5.553587488445802300e+00
-1.047668796411917747e+01	-5.553587488445802300e+00
-4.120029664918707368e+00	-5.139224927604357340e+00
-4.120029664918707368e+00	-5.139224927604357340e+00
-4.989219797575938919e+00	-9.712290297368612713e+00
-1.045580736844987157e+01	-1.021911359820060028e+01
-1.073706119829775929e+01	-1.182350634613524143e+01
-1.073706119829775929e+01	-1.182350634613524143e+01
-3.966341339027516177e+00	-6.752088262922517181e+00
-9.637253730740233948e+00	-6.078534747260598614e+00
-9.637253730740233948e+00	-6.078534747260598614e+00
-9.110928445879535431e+00	-6.096957848482366771e+00
-9.110928445879535431e+00	-6.096957848482366771e+00
-6.357654865728949112e+00	-7.906480811092231775e+00
-6.357654865728949112e+00	-7.906480811092231775e+00
-1.070538744158543665e+01	-4.792456263982020737e+00
-7.927457324377812142e+00	-1.760482403092472836e+00
-5.727521141303854257e+00	-1.861268672756301701e+00
-1.103186020116944377e+01	-8.428776600439420008e+00
-7.767172699328352969e+00	-3.807164023924741958e+00
-4.041642524567687467e+00	-9.695475364518282291e+00
-4.041642524567687467e+00	-9.695475364518282291e+00
-9.801591744314913868e+00	-8.796982246761656299e+00
-5.265015579634862775e+00	-3.087370561446946660e+00
-1.118747049589656584e+01	-3.494306062963339343e+00
-1.155260705611057581e+01	-1.167516415267446739e+01
-4.416223857391606167e+00	-7.526486647770755489e+00
-8.648818322041192275e+00	-8.500954500609447351e+00
-1.100663881674729438e+01	-1.131323029950378434e+01
-7.550956852026136978e+00	-2.545451908239225514e+00
-6.886723156362783094e+00	-8.746792453617231899e+00
-1.128708660426942778e+01	-2.651325020762152374e+00
-1.128708660426942778e+01	-2.651325020762152374e+00
-4.199488387611881812e+00	-7.564735956833565034e+00
-5.376442975762222964e+00	-7.915757513518485666e+00
-1.063895533870844723e+01	-1.053462778253304499e+01
-9.614638272617288095e+00	-3.005451159909150682e+00
-7.450985921917641086e+00	-7.916215103449977697e+00
-1.086691060237587969e+01	-4.495763408108788717e+00
-1.094788131413852916e+01	-1.668659370324353297e+00
-1.094788131413852916e+01	-1.668659370324353297e+00
-1.037756475943272605e+01	-1.003506474670479953e+01
-1.037756475943272605e+01	-1.003506474670479953e+01
-8.083603612599828736e+00	-2.497036857105952024e+00
-9.670687573652745783e+00	-9.945293969659461553e+00
-1.114872723269161270e+01	-1.178755051271521026e+01
-9.335092297658039939e+00	-2.281458052873530651e+00
-9.081856334075286696e+00	-9.316212445710245760e+00
-1.037503479299002507e+01	-8.212859537933013598e+00
-6.199742032377034029e+00	-5.102968986737904444e+00
-7.000988609949838626e+00	-9.379063004122698999e+00
-1.185365987202410665e+01	-7.719704980368149450e+00
-9.847833894898968765e+00	-4.063206917778440008e+00
-8.016183949849949641e+00	-1.134607326886612633e+01
-8.381889221574473581e+00	-8.639232102784628609e+00
-8.168734832964318571e+00	-5.800306671280098136e+00
-8.168734832964318571e+00	-5.800306671280098136e+00
-1.078942160826040997e+01	-5.552147496050158892e+00
-8.776265545529783552e+00	-1.171548239743281172e+01
-1.014662707224912808e+01	-1.064244509081796686e+01
-1.037266480348468534e+01	-2.197597134804504471e+00
-9.067762613931096283e+00	-9.606136046835819897e+00
-1.070687435254145647e+01	-1.422441655543313699e+00
-1.070687435254145647e+01	-1.422441655543313699e+00
-1.110769479727343700e+01	-1.024474626810101796e+01
-1.110769479727343700e+01	-1.024474626810101796e+01
-8.431561801322127181e+00	-8.971487510919406105e+00
-8.431561801322127181e+00	-8.971487510919406105e+00
-6.951955736348174320e+00	-1.188524722926584509e+00
-6.951955736348174320e+00	-1.188524722926584509e+00
-1.040917375358487185e+01	-3.670150098020573015e+00
-9.590352457719163226e+00	-9.758765615065122745e+00
-1.003404242876817243e+01	-4.924851830957185150e+00
-1.151098057570538913e+01	-4.524824762804017908e+00
-1.151098057570538913e+01	-4.524824762804017908e+00
-1.030017085765757834e+01	-2.850337519997069968e+00
-5.449998088947278774e+00	-8.243234197198537672e+00
-9.946308449438957311e+00	-1.108933039831280709e+01
-6.063718190800068797e+00	-4.783916499230898012e+00
-6.063718190800068797e+00	-4.783916499230898012e+00
-6.086556746809736573e+00	-3.222869064927198046e+00
-6.086556746809736573e+00	-3.222869064927198046e+00
-1.172794481578650050e+01	-9.440250503112547875e+00
-6.391064451278618996e+00	-3.378175084981329235e+00
-1.127912635874794312e+01	-3.307792871766368492e+00
-4.056324842275973452e+00	-8.390135330070906505e+00
-9.872328448771948928e+00	-5.769687883949887741e+00
-9.872328448771948928e+00	-5.769687883949887741e+00
-6.188436643819661853e+00	-5.786523068302650508e+00
-6.188436643819661853e+00	-5.786523068302650508e+00
-1.081548681826811631e+01	-1.762428948512594573e+00
-1.081548681826811631e+01	-1.762428948512594573e+00
-1.125487553212838776e+01	-8.957246519935445406e+00
-1.125487553212838776e+01	-8.957246519935445406e+00
-4.940179923826708119e+00	-7.844274348794055385e+00
-4.940179923826708119e+00	-7.844274348794055385e+00
-8.311940380880507462e+00	-1.901455300110347135e+00
-8.311940380880507462e+00	-1.901455300110347135e+00
-1.186429338055292781e+01	-2.238870777681643442e+00
-5.522278238514961579e+00	-6.609475372232729740e+00
-1.061922809536019585e+01	-2.640355865451457618e+00
-4.405740865052719002e+00	-7.058999533397322779e+00
-1.064169806882071434e+01	-2.822222531163226300e+00
-1.048152975743875004e+01	-7.121963916276323303e+00
-7.974755674494847568e+00	-7.544212674616878722e+00
-5.083848075755659224e+00	-4.697036395345126181e+00
-7.572988687182017564e+00	-5.117404632638876905e+00
-6.673303874588184748e+00	-9.584914357476494118e+00
-1.084972383951001973e+01	-8.840691537907716224e+00
-4.875877210003073614e+00	-7.222568856329268705e+00
-6.149221582164870803e+00	-2.663647578583639763e+00
-6.149221582164870803e+00	-2.663647578583639763e+00
-1.058493586744532777e+01	-9.356327436345926785e+00
-8.617305295373849816e+00	-4.689988704775601036e+00
-8.617305295373849816e+00	-4.689988704775601036e+00
-4.699480943911043873e+00	-6.466183434386223006e+00
-6.708807625963133958e+00	-8.997931942230513513e+00
-1.056416022249588949e+01	-3.400665145652195687e+00
-1.181265321628885978e+01	-1.099469119158818842e+01
-1.181265321628885978e+01	-1.099469119158818842e+01
-6.942248757513475255e+00	-7.888952322853844734e+00
-5.670544856648592535e+00	-7.753938026742753564e+00
-1.029106217402198098e+01	-7.703708795884378624e+00
-1.076747112109943849e+01	-6.374337509299563109e+00
-5.497657865471405891e+00	-8.527138578929204016e+00
-9.598217708141522309e+00	-1.136259428139977423e+01
-1.085916774069595903e+01	-5.129228686642173685e+00
-1.009209714268519953e+01	-1.004123819785950467e+01
-5.413744177495610543e+00	-2.520121631818870167e+00
-4.618340665719587790e+00	-6.673032206232060837e+00
-1.041923867702048767e+01	-3.669459634283317229e+00
-8.847683658680356444e+00	-6.746656782556131660e+00
-7.116441076377665098e+00	-6.098391741492720008e+00
-7.116441076377665098e+00	-6.098391741492720008e+00
-7.779611343502740972e+00	-3.934604780827074322e+00
-1.120205707931517836e+01	-8.404909865661508661e+00
-1.145849881715334107e+01	-9.294743695644333670e+00
-8.048561090242921878e+00	-9.015989048415994134e+00
-5.506198758683472860e+00	-6.015900943768611953e+00
-3.963004020879961953e+00	-5.593613563136728750e+00
-1.017625651400054210e+01	-1.127191624627346656e+01
-1.017625651400054210e+01	-1.127191624627346656e+01
-7.814652032138289073e+00	-1.579786749956800573e+00
-7.814652032138289073e+00	-1.579786749956800573e+00
-5.395236942412565462e+00	-8.564565190266687722e+00
-5.478185113972692477e+00	-9.360622750638802003e+00
-7.991148464901986159e+00	-7.116621187072742494e+00
-7.991148464901986159e+00	-7.116621187072742494e+00
-6.782547892857728300e+00	-8.637368277202144284e+00
-1.033392501818279996e+01	-4.243672848002343123e+00
-1.002488158289511411e+01	-1.169356887993360239e+01
-1.002488158289511411e+01	-1.169356887993360239e+01
-6.383068190572581457e+00	-6.652745781849160878e+00
-1.109679282542103707e+01	-7.235401278559995930e+00
-1.076804697092945950e+01	-4.210066752946026725e+00
-1.076411344696257721e+01	-2.440296391449667368e+00
-1.076411344696257721e+01	-2.440296391449667368e+00
-1.068346251874022634e+01	-1.102072797452357200e+01
-1.175656953469035493e+01	-5.971134323683735090e+00
-1.095715459007912962e+01	-1.006581065059191005e+01
-6.286193050856090814e+00	-5.566314517341654167e+00
-1.170329274373316508e+01	-1.122494007670395710e+01
-6.192861215440982114e+00	-7.051478869440741093e+00
-1.038050621237472448e+01	-5.712955110909716971e+00
-6.646107003910487698e+00	-1.922274767187996503e+00
-6.646107003910487698e+00	-1.922274767187996503e+00
-4.337749713995395773e+00	-8.120543680406450804e+00
-4.337749713995395773e+00	-8.120543680406450804e+00
-7.513561494667791330e+00	-6.287562979897886706e+00
-7.513561494667791330e+00	-6.287562979897886706e+00
-5.340027009345881481e+00	-9.435369316099794901e+00
-9.471427262983674211e+00	-4.322340105092266072e+00
-4.133547771832734696e+00	-7.740924936926893096e+00
-9.843893729901408207e+00	-3.905107269861854746e+00
-9.843893729901408207e+00	-3.905107269861854746e+00
-9.552048525704782023e+00	-1.040556181392406998e+01
-9.552048525704782023e+00	-1.040556181392406998e+01
-7.227406816480052676e+00	-1.126561007395054226e+01
-5.191057717587490572e+00	-9.090847535657761824e+00
-5.191057717587490572e+00	-9.090847535657761824e+00
-1.136891785377913955e+01	-1.148875438671240623e+01
-5.103628415980488775e+00	-1.015922855010057546e+01
-1.058797994245788665e+01	-9.592494851531798261e+00
-8.909573234300022904e+00	-5.733085167291635642e+00
-8.909573234300022904e+00	-5.733085167291635642e+00
-5.391887137290445331e+00	-9.640426333558725247e+00
-5.899202570672521517e+00	-3.091758072669894553e+00
-6.502813562972094452e+00	-5.432575705155596957e+00
-6.475937525330463629e+00	-7.280644560759883532e+00
-6.475937525330463629e+00	-7.280644560759883532e+00
-1.143858537185849400e+01	-9.644165123333696243e+00
-7.344513295295026722e+00	-7.841032375434885182e+00
-7.344513295295026722e+00	-7.841032375434885182e+00
-6.819933414397965521e+00	-3.374736137979191586e+00
-1.154796695122257510e+01	-4.214097170910632073e+00
-7.199455317680198085e+00	-1.339254664020564922e+00
-7.199455317680198085e+00	-1.339254664020564922e+00
-4.515657820631967745e+00	-8.153207931859606461e+00
-9.586063353117991070e+00	-7.744428975475075916e+00
-1.086682989434604707e+01	-7.473148798892668587e+00
-1.086682989434604707e+01	-7.473148798892668587e+00
-1.134029256196907554e+01	-1.725797202756404358e+00
-1.134029256196907554e+01	-1.725797202756404358e+00
-8.260310248705204472e+00	-1.192936261559190569e+01
-1.166253124763396798e+01	-8.024423132702830586e+00
-6.748434096678147753e+00	-6.105612667862986953e+00
-6.748434096678147753e+00	-6.105612667862986953e+00
-6.322602216013429199e+00	-1.345690381107480071e+00
-6.805453660898320045e+00	-1.021323732147039642e+01
-6.805453660898320045e+00	-1.021323732147039642e+01
-8.140313773015810384e+00	-1.142332420964692474e+01
-7.870977450988014823e+00	-9.805635945792007035e+00
-6.235323995112705298e+00	-4.297460116324495871e+00
-6.063984144843709956e+00	-7.683964972306791985e+00
-6.063984144843709956e+00	-7.683964972306791985e+00
-9.654612547666999944e+00	-1.639531567941761914e+00
-9.654612547666999944e+00	-1.639531567941761914e+00
-8.280872366801782292e+00	-3.484211652366274503e+00
-7.389486991030858043e+00	-1.331885056495795805e+00
-7.389486991030858043e+00	-1.331885056495795805e+00
-1.033599855046073657e+01	-1.730726680443232190e+00
-1.033599855046073657e+01	-1.730726680443232190e+00
-7.721014261925377653e+00	-3.400645484668203267e+00
-7.470888313801830272e+00	-1.058997062771401154e+01
-6.557152717092254335e+00	-3.477474883355734292e+00
-6.557152717092254335e+00	-3.477474883355734292e+00
-9.775551434028590947e+00	-1.185035534041744931e+01
-5.056210775436865923e+00	-1.036017311327592161e+01
-5.056210775436865923e+00	-1.036017311327592161e+01
-4.395357751910450084e+00	-5.201460304838063209e+00
-8.501867017062375353e+00	-9.171792585295925448e+00
-5.609873709125392516e+00	-4.240234583448653893e+00
-5.609873709125392516e+00	-4.240234583448653893e+00
-8.935714763672962135e+00	-1.033788454853570116e+01
-8.935714763672962135e+00	-1.033788454853570116e+01
-6.544829897276994934e+00	-6.482318591882556547e+00
-6.544829897276994934e+00	-6.482318591882556547e+00
-5.373293523916522041e+00	-7.466247936486555936e+00
-3.679148882667351295e+00	-6.934415662580019735e+00
-3.679148882667351295e+00	-6.934415662580019735e+00
-8.338000547243321847e+00	-1.084063523377609428e+01
-8.338000547243321847e+00	-1.084063523377609428e+01
-8.411888772297091421e+00	-9.964811613233502285e+00
-8.411888772297091421e+00	-9.964811613233502285e+00
-7.271834181541664499e+00	-9.502263126121533787e+00
-1.199635620749562470e+01	-1.071164653320345650e+01
-6.566525361645128456e+00	-4.547261777309088870e+00
-1.115830415935382902e+01	-1.572570417355227068e+00
-6.280490343529186781e+00	-1.800597147620495830e+00
-5.594403694219566070e+00	-1.049927311398368346e+01
-7.565655125969987793e+00	-6.935295249116411931e+00
-7.565655125969987793e+00	-6.935295249116411931e+00
-7.743147937695461280e+00	-2.122338062559996352e+00
-4.992284306470015309e+00	-9.290196686411059446e+00
-4.992284306470015309e+00	-9.290196686411059446e+00
-1.113671958767117154e+01	-1.014633157934339813e+01
-1.113671958767117154e+01	-1.014633157934339813e+01
-7.481439925382934675e+00	-5.157327359284647805e+00
-7.481439925382934675e+00	-5.157327359284647805e+00
-6.035110805134458190e+00	-5.324222288318657625e+00
-5.505675673514827118e+00	-5.032280364112598825e+00
-5.505675673514827118e+00	-5.032280364112598825e+00
-1.199599874389081933e+01	-4.676539904140982529e+00
-9.369145175699937766e+00	-6.233372116111522310e+00
-9.369145175699937766e+00	-6.233372116111522310e+00
-1.081338451442338666e+01	-1.006974519567466153e+01
-1.081338451442338666e+01	-1.006974519567466153e+01
-7.348051473366931319e+00	-8.607257566324733489e+00
-1.194090419091640953e+01	-1.132700048058411113e+01
-7.588180375150066048e+00	-7.676191050654534997e+00
-7.588180375150066048e+00	-7.676191050654534997e+00
-5.995722297085348984e+00	-9.282665421954996887e+00
-1.094213386306242697e+01	-9.920743941438351143e+00
-1.094213386306242697e+01	-9.920743941438351143e+00
-7.585135791301995667e+00	-4.767935557400868163e+00
-7.585135791301995667e+00	-4.767935557400868163e+00
-6.192336443545483071e+00	-1.133200258350151657e+01
-4.861396667612485345e+00	-1.015978121136087786e+01
-4.861396667612485345e+00	-1.015978121136087786e+01
-8.172625509761408225e+00	-3.862450563232953549e+00
-1.021981583307764652e+01	-1.191216388686913596e+01
-6.492678697739595606e+00	-1.010471778579721835e+01
-6.492678697739595606e+00	-1.010471778579721835e+01
-8.701570431103139214e+00	-1.076384442242825479e+01
-6.860029688579521334e+00	-4.112158340833231840e+00
-8.986295114297849551e+00	-2.039219347112291025e+00
-6.046911989761411199e+00	-8.585150030547975319e+00
-6.046911989761411199e+00	-8.585150030547975319e+00
-7.296330281771230553e+00	-8.444916315605137669e+00
-7.296330281771230553e+00	-8.444916315605137669e+00
-4.780385214350256540e+00	-6.027418759246907953e+00
-4.780385214350256540e+00	-6.027418759246907953e+00
-1.182386072183784442e+01	-2.630402528462904677e+00
-1.182386072183784442e+01	-2.630402528462904677e+00
-5.743445116567559516e+00	-7.936938246353760995e+00
-5.743445116567559516e+00	-7.936938246353760995e+00
-4.349441838259666682e+00	-7.038075265721467133e+00
-4.349441838259666682e+00	-7.038075265721467133e+00
-1.176593229799589757e+01	-1.123715942068470319e+01
-1.176593229799589757e+01	-1.123715942068470319e+01
-9.380756855059617649e+00	-7.962986188648391916e+00
-9.380756855059617649e+00	-7.962986188648391916e+00
-4.001049748957834495e+00	-7.055453446246266580e+00
-4.001049748957834495e+00	-7.055453446246266580e+00
-1.192322056479127568e+01	-1.163983227375392637e+01
-1.192322056479127568e+01	-1.163983227375392637e+01
-8.728761419583452863e+00	-4.232628825310460030e+00
-6.730385407256084918e+00	-1.804298323888478439e+00
-6.730385407256084918e+00	-1.804298323888478439e+00
-5.634893168256596141e+00	-4.017969234263591538e+00
-5.634893168256596141e+00	-4.017969234263591538e+00
-8.708738322905791307e+00	-2.820086534847811688e+00
-9.901344905560559795e+00	-7.559957015378574674e+00
-1.080810748725710901e+01	-8.331697221218092864e+00
-5.592906536688333041e+00	-8.253911708067931841e+00
-5.592906536688333041e+00	-8.253911708067931841e+00
-8.629362209088277780e+00	-9.476279029074058613e+00
-8.629362209088277780e+00	-9.476279029074058613e+00
-9.403411559914694351e+00	-8.599615901581346478e+00
-5.994246901123772453e+00	-1.379405197790636972e+00
-9.387026072369177854e+00	-1.434103757958008929e+00
-9.387026072369177854e+00	-1.434103757958008929e+00
-8.315992382061470067e+00	-6.618302034777436837e+00
-8.315992382061470067e+00	-6.618302034777436837e+00
-1.169015615380640227e+01	-1.102922684296467004e+01
-1.169015615380640227e+01	-1.102922684296467004e+01
-4.815178239990790310e+00	-9.394411228903742028e+00
-1.002217858059594136e+01	-5.652715040231695909e+00
-1.144273029011372778e+01	-7.971577872005936705e+00
-1.144273029011372778e+01	-7.971577872005936705e+00
-7.035421643384912826e+00	-1.009307940726803210e+01
-9.638842106742094629e+00	-1.793125215179904863e+00
-1.097703754464495063e+01	-1.015448867055972926e+00
-1.097703754464495063e+01	-1.015448867055972926e+00
-8.765106004638484549e+00	-7.952553786337071884e+00
-8.727190902389473592e+00	-7.959022154691507644e+00
-5.926130343063264583e+00	-3.006324681223284667e+00
-5.926130343063264583e+00	-3.006324681223284667e+00
-1.073969031413424347e+01	-6.318163911898156293e+00
-9.832554352701158962e+00	-9.012772356873215429e+00
-9.832554352701158962e+00	-9.012772356873215429e+00
-7.161421843254255570e+00	-8.650760423762138274e+00
-7.536145383031565892e+00	-1.140754171427380470e+01
-9.898116064684007398e+00	-5.755885418456395897e+00
-1.042637684239571705e+01	-1.116420501445261948e+01
-1.028951872397896672e+01	-9.770518397510979725e+00
-1.028951872397896672e+01	-9.770518397510979725e+00
-6.683728724533146703e+00	-3.038267473367134208e+00
-6.683728724533146703e+00	-3.038267473367134208e+00
-7.025439935518202894e+00	-4.636640337911300591e+00
-7.025439935518202894e+00	-4.636640337911300591e+00
-1.156682386344618507e+01	-8.602316027696604195e+00
-1.156682386344618507e+01	-8.602316027696604195e+00
-6.567327141189998052e+00	-5.702502117080133992e+00
-8.399405910959600874e+00	-2.179926451411632549e+00
-8.399405910959600874e+00	-2.179926451411632549e+00
-1.054964527090931981e+01	-1.663419933285153363e+00
-1.025432044110686824e+01	-1.763440285213704106e+00
-1.025432044110686824e+01	-1.763440285213704106e+00
-6.887152724752034771e+00	-4.397392830086221061e+00
-6.408995682068368893e+00	-4.195974753965885817e+00
-6.408995682068368893e+00	-4.195974753965885817e+00
-5.617524579257679562e+00	-3.105027113049720011e+00
-5.617524579257679562e+00	-3.105027113049720011e+00
-1.061085130689011180e+01	-6.189395439718336611e+00
-1.061085130689011180e+01	-6.189395439718336611e+00
-5.560046578196572220e+00	-1.097244193658981359e+01
-5.560046578196572220e+00	-1.097244193658981359e+01
-4.244599020140554124e+00	-5.045383746561848959e+00
-6.542290211056335458e+00	-8.273875463270719877e+00
-1.123222554163342224e+01	-8.853997929677031919e+00
-6.697827656680995112e+00	-2.581109439540470341e+00
-1.135236387372032851e+01	-1.073418847705796786e+01
-9.053088987130516685e+00	-9.644329297296799552e+00
-9.053088987130516685e+00	-9.644329297296799552e+00
-9.860638057391570399e+00	-2.826239197168268547e+00
-9.860638057391570399e+00	-2.826239197168268547e+00
-9.903521588238968221e+00	-4.053464977844232209e+00
-9.619256664378555755e+00	-4.408341960316442432e+00
-1.048184328531185372e+01	-1.081278154723010942e+01
-5.625683632715667848e+00	-4.433125627262501034e+00
-8.107181518831248823e+00	-3.398611438159349074e+00
-8.429214151975470415e+00	-6.570094562304118035e+00
-8.429214151975470415e+00	-6.570094562304118035e+00
-6.109256042203760728e+00	-3.411061041658475457e+00
-7.977587015863433884e+00	-1.133477142253119752e+01
-1.068740943520567477e+01	-1.022450425780975891e+01
-4.131662382223971974e+00	-3.823107831047766414e+00
-8.855812447195180681e+00	-1.075433054947252387e+01
-4.833765364772085071e+00	-2.857720815478010934e+00
-4.833765364772085071e+00	-2.857720815478010934e+00
-9.402555459931519977e+00	-3.430330891023077644e+00
-5.363493588295983550e+00	-9.127644574021488211e+00
-9.241156735097018071e+00	-3.336993276458419366e+00
-1.002379053378924745e+01	-3.931817961185235966e+00
-5.479899514477856393e+00	-2.943753840222962381e+00
-5.479899514477856393e+00	-2.943753840222962381e+00
-5.085602413275148947e+00	-9.012524646246999893e+00
-9.114449704133376073e+00	-7.076326638374367484e+00
-9.114449704133376073e+00	-7.076326638374367484e+00
-8.313207288836904851e+00	-6.375344155797071366e+00
-8.313207288836904851e+00	-6.375344155797071366e+00
-6.891852428743696635e+00	-8.781889775952729238e+00
-1.135319831057358542e+01	-1.476443328759435847e+00
-1.135319831057358542e+01	-1.476443328759435847e+00
-7.331123914117758211e+00	-1.189800858561134156e+01
-7.331123914117758211e+00	-1.189800858561134156e+01
-7.780469967700891942e+00	-7.747421862188353714e+00
-7.900835930647938099e+00	-2.545404929402013572e+00
-5.349982354712829569e+00	-9.479294734777759857e+00
-9.919176097815345372e+00	-5.691351913199348189e+00
-5.919108282836274881e+00	-2.972559266777892617e+00
-5.213239549006597251e+00	-8.587695974595348503e+00
-5.213239549006597251e+00	-8.587695974595348503e+00
-1.029356872156080982e+01	-7.167153904858373004e+00
-1.029356872156080982e+01	-7.167153904858373004e+00
-5.288570624199024905e+00	-9.343300216491815746e+00
-5.288570624199024905e+00	-9.343300216491815746e+00
-9.200265928019307538e+00	-7.926148867877638615e+00
-7.286579354083468907e+00	-5.914196906592902536e+00
-7.121029386926006843e+00	-1.160644693284843765e+00
-4.532319219433003532e+00	-8.305975096240592492e+00
-8.481064697959816101e+00	-2.695916081857678392e+00
-8.412442699925712475e+00	-1.078323318708729950e+01
-6.016893521686633939e+00	-2.709580559551378887e+00
-7.474780368309499323e+00	-7.135737219566307132e+00
-7.474780368309499323e+00	-7.135737219566307132e+00
-5.157932854460629102e+00	-1.024453155506055246e+01
-1.095400064420801201e+01	-6.513594371720489384e+00
-1.095400064420801201e+01	-6.513594371720489384e+00
-1.113523657385167454e+01	-9.562868015784752984e+00
-1.113523657385167454e+01	-9.562868015784752984e+00
-1.158500741982293114e+01	-3.949447206804947097e+00
-5.076783700948722000e+00	-9.731667372569916097e+00
-1.105564686233103622e+01	-7.086920166982689118e+00
-1.105564686233103622e+01	-7.086920166982689118e+00
-1.033963971846572960e+01	-2.291670983205736256e+00
-1.033963971846572960e+01	-2.291670983205736256e+00
-9.741372741507069222e+00	-3.980126999120028763e+00
-1.084371823368162779e+01	-1.085613634147297724e+01
-9.192659579004722303e+00	-4.996089932276340129e+00
-6.219529205014126205e+00	-2.584367815906614130e+00
-6.219529205014126205e+00	-2.584367815906614130e+00
-1.145808072100967578e+01	-2.622425244116735943e+00
-9.521487473746468311e+00	-9.879506447966738492e+00
-9.521487473746468311e+00	-9.879506447966738492e+00
-1.160873193420703586e+01	-5.106351494073580355e+00
-1.160873193420703586e+01	-5.106351494073580355e+00
-6.434634512253247784e+00	-7.011448235833473319e+00
-6.434634512253247784e+00	-7.011448235833473319e+00
-9.451821074166504744e+00	-8.186994699429623878e+00
-9.451821074166504744e+00	-8.186994699429623878e+00
-8.670217936724299079e+00	-5.926782943789802083e+00
-8.670217936724299079e+00	-5.926782943789802083e+00
-9.640546134309852633e+00	-1.109883147883054733e+01
-9.640546134309852633e+00	-1.109883147883054733e+01
-1.182828737093980465e+01	-1.725687543953069669e+00
-8.896538511938560490e+00	-4.002778290100774683e+00
-9.809911938365440065e+00	-3.912048432928479258e+00
-4.704218421613327372e+00	-1.125227448920699036e+00
-4.704218421613327372e+00	-1.125227448920699036e+00
-7.651508486786091190e+00	-5.171593565876620779e+00
-7.765302304194381833e+00	-9.461287839380446485e+00
-7.765302304194381833e+00	-9.461287839380446485e+00
-9.113063662079984084e+00	-3.527660904659455809e+00
-9.113063662079984084e+00	-3.527660904659455809e+00
-8.806101468588080294e+00	-1.119719536787424374e+01
-6.992739686327771764e+00	-4.935844644546643067e+00
-1.060772866781841905e+01	-3.670629676123380314e+00
-9.095595863000513148e+00	-7.563456026635560825e+00
-9.095595863000513148e+00	-7.563456026635560825e+00
-7.098035980732594119e+00	-4.543160818947104218e+00
-1.004167403280156279e+01	-1.153712842581350806e+01
-8.011676109922197142e+00	-4.121194827773370761e+00
-5.287830405339725814e+00	-7.771390806665819717e+00
-5.287830405339725814e+00	-7.771390806665819717e+00
-1.175256887067606826e+01	-3.805935804214735096e+00
-5.607646291166078711e+00	-1.302499220408618985e+00
-5.607646291166078711e+00	-1.302499220408618985e+00
-7.546327853382188700e+00	-7.900571978009372387e+00
-1.088427558857302380e+01	-6.760878218958818131e+00
-8.602064147323730481e+00	-1.037095194546365917e+01
-8.602064147323730481e+00	-1.037095194546365917e+01
-9.901908283756478468e+00	-1.741757462556714264e+00
-1.145878244461333217e+01	-7.652473812653636465e+00
-8.540338856421987757e+00	-4.585176128802735285e+00
-9.567030025413474803e+00	-4.510263569634525460e+00
-9.802520874910122473e+00	-3.253090178767157337e+00
-9.802520874910122473e+00	-3.253090178767157337e+00
-7.581125147547866483e+00	-6.715074863366669256e+00
-1.155788399720168869e+01	-7.394242779518406472e+00
-1.155788399720168869e+01	-7.394242779518406472e+00
-8.396362407898582347e+00	-1.029937767667046522e+01
-8.396362407898582347e+00	-1.029937767667046522e+01
-9.884605009648501195e+00	-9.817070802636902016e+00
-6.030727844839710805e+00	-4.205890772107999886e+00
-1.119630973622356507e+01	-9.407348489181938334e+00
-3.986539409901486142e+00	-9.047900226052476569e+00
-3.986539409901486142e+00	-9.047900226052476569e+00
-1.068906176111136830e+01	-3.737229709372380526e+00
-9.618796087786051885e+00	-7.304793254934269342e+00
-9.618796087786051885e+00	-7.304793254934269342e+00
-5.668513381682068086e+00	-3.002590435309605343e+00
-5.668513381682068086e+00	-3.002590435309605343e+00
-1.094521353256946661e+01	-9.086275052818120201e+00
-1.194786824089201005e+01	-4.530787585873126133e+00
-1.194786824089201005e+01	-4.530787585873126133e+00
-5.285810991980553375e+00	-4.402263911797618334e+00
-8.824268573408804883e+00	-3.756568734011279886e+00
-4.805628252861662730e+00	-3.772985189671314021e+00
-4.805628252861662730e+00	-3.772985189671314021e+00
-1.118594740051870673e+01	-7.267331537816147602e+00
-6.632313445018158227e+00	-1.174975843920011975e+01
-6.146407689125289231e+00	-1.012608608509450470e+01
-6.146407689125289231e+00	-1.012608608509450470e+01
-9.035870717694947984e+00	-8.664235839095328018e+00
-7.649439424778814889e+00	-1.073227879407702723e+01
-6.968676739362538619e+00	-1.041514785078688732e+01
-6.968676739362538619e+00	-1.041514785078688732e+01
-5.320723562750652391e+00	-3.131880387978708047e+00
-5.320723562750652391e+00	-3.131880387978708047e+00
-4.781769222435416467e+00	-1.985035910625744027e+00
-5.780869652890149979e+00	-3.258904043872581369e+00
-5.780869652890149979e+00	-3.258904043872581369e+00
-4.909622743441464543e+00	-1.133335270646616877e+01
-4.909622743441464543e+00	-1.133335270646616877e+01
-3.995652263160951456e+00	-9.651107459919179732e+00
-1.008537529678575240e+01	-1.379276638647553233e+00
-1.013354244462435716e+01	-4.095514595427418136e+00
-1.013354244462435716e+01	-4.095514595427418136e+00
-8.169021037282311326e+00	-4.454336178292969350e+00
-8.169021037282311326e+00	-4.454336178292969350e+00
-9.953285428929925516e+00	-1.071328232642413347e+01
-9.643697574362709801e+00	-2.096907203651190432e+00
-9.643697574362709801e+00	-2.096907203651190432e+00
-5.567739989849172844e+00	-1.013454886157224344e+01
-5.567739989849172844e+00	-1.013454886157224344e+01
-7.480391684960534526e+00	-3.016222602264377439e+00
-9.872258237938522640e+00	-1.175028023061464388e+01
-9.872258237938522640e+00	-1.175028023061464388e+01
-5.684271559764717985e+00	-6.057680490951065977e+00
-5.684271559764717985e+00	-6.057680490951065977e+00
-5.925186295722338237e+00	-3.280519330949807522e+00
-5.925186295722338237e+00	-3.280519330949807522e+00
-1.085763416482231314e+01	-1.112927261893138819e+01
-8.932340469609684419e+00	-1.131512854736608453e+01
-8.932340469609684419e+00	-1.131512854736608453e+01
-9.204428471211862473e+00	-9.865187364662874714e+00
-9.909227712742715966e+00	-1.094670741403987080e+01
-1.171386048985976380e+01	-8.884418265364301348e+00
-1.171386048985976380e+01	-8.884418265364301348e+00
-9.299437975005533374e+00	-6.437205997159252568e+00
-6.667664000127922819e+00	-8.447781500663086973e+00
-6.667664000127922819e+00	-8.447781500663086973e+00
-9.156421466100441720e+00	-2.421020655737304406e+00
-9.156421466100441720e+00	-2.421020655737304406e+00
-1.087221081315886195e+01	-5.551576292359420073e+00
-7.860060915336018361e+00	-3.415305331258670751e+00
-6.803687317407657531e+00	-2.857807244303643301e+00
-9.861583276010851051e+00	-8.775729299259509730e+00
-9.861583276010851051e+00	-8.775729299259509730e+00
-9.339854239874078701e+00	-1.308151918534997016e+00
-8.069640529539217511e+00	-2.529629244363977403e+00
-8.315866253855803691e+00	-7.265210364366557982e+00
-5.088469714748454997e+00	-1.188035512627942403e+01
-9.425989882458592817e+00	-1.576239305829356674e+00
-8.512113219578905543e+00	-6.974406135016714359e+00
-1.173996452167644478e+01	-9.580469522043818742e+00
-5.256884936752864945e+00	-7.464588159717566285e+00
-6.943871643072009547e+00	-1.051622567528287711e+01
-1.002553006418602877e+01	-4.723540865783797393e+00
-1.017749097226134580e+01	-5.544864295263728593e+00
-1.073911221308969743e+01	-3.546764270747787329e+00
-1.073911221308969743e+01	-3.546764270747787329e+00
-6.072689591727151281e+00	-9.813609723416682584e+00
-6.072689591727151281e+00	-9.813609723416682584e+00
-8.956999211629588231e+00	-1.154772061656770177e+01
-4.189103527565142038e+00	-7.318409918660071511e+00
-9.394710741194888470e+00	-2.072910520727150097e+00
-9.127345225932030459e+00	-1.013765356686800700e+01
-7.063622655165131548e+00	-3.360085432034413344e+00
-7.063622655165131548e+00	-3.360085432034413344e+00
-5.723861573248544943e+00	-6.895210179236843651e+00
-1.155886114530888342e+01	-9.566703316999703333e+00
-7.801843067186365666e+00	-1.008254450440186467e+01
-9.416485360256446668e+00	-7.480999618139084539e+00
-8.982023027717989550e+00	-1.004402225939758786e+01
-8.328993417943186373e+00	-9.568685753450530740e+00
-8.402137080947218450e+00	-1.825994826783327030e+00
-8.402137080947218450e+00	-1.825994826783327030e+00
-9.447529430372149761e+00	-3.504932171499888227e+00
-9.447529430372149761e+00	-3.504932171499888227e+00
-7.546876808670695880e+00	-2.284074401918039676e+00
-7.546876808670695880e+00	-2.284074401918039676e+00
-9.196209807164558825e+00	-2.949284817156074379e+00
-9.196209807164558825e+00	-2.949284817156074379e+00
-9.347399831998988162e+00	-9.981422874037692239e+00
-1.155604479606761714e+01	-7.171250111037084984e+00
-1.155604479606761714e+01	-7.171250111037084984e+00
-7.308450248650965264e+00	-1.048928725567593645e+01
-8.750092226246730220e+00	-7.704011952021570409e+00
-1.082785055543949682e+01	-5.162282769295986284e+00
-1.082785055543949682e+01	-5.162282769295986284e+00
-9.928717828401403267e+00	-4.350721725558019060e+00
-9.457294654248567412e+00	-6.082168293642752133e+00
-6.910793200567240113e+00	-1.145661108021345065e+01
-6.910793200567240113e+00	-1.145661108021345065e+01
-9.306651626426237556e+00	-5.062176380985045299e+00
-1.031518668792982574e+01	-8.226358194115119815e+00
-1.031518668792982574e+01	-8.226358194115119815e+00
-1.189974617126640588e+01	-3.710786174537863413e+00
-1.189974617126640588e+01	-3.710786174537863413e+00
-1.103073261913739955e+01	-9.037643043849232782e+00
-1.103073261913739955e+01	-9.037643043849232782e+00
-6.797791405024955935e+00	-1.074592035216298136e+01
-1.049301557084576153e+01	-1.139526342167745732e+01
-1.049301557084576153e+01	-1.139526342167745732e+01
-1.143246774454089554e+01	-2.782641763930768342e+00
-1.143246774454089554e+01	-2.782641763930768342e+00
-5.836913412028046366e+00	-4.752494304815109594e+00
-5.611743741769736893e+00	-4.582498354980457655e+00
-5.611743741769736893e+00	-4.582498354980457655e+00
-7.243424512121114489e+00	-8.184681248862228031e+00
-8.733651472386132042e+00	-6.008188520874483629e+00
-1.013543918646283970e+01	-9.203968582723055292e+00
-1.013543918646283970e+01	-9.203968582723055292e+00
-1.107889736996966157e+01	-4.871642529284929246e+00
-7.499194613930033171e+00	-2.396863789306288961e+00
-6.553339291585951187e+00	-5.135989201581220520e+00
-6.553339291585951187e+00	-5.135989201581220520e+00
-7.192536181271529827e+00	-1.810012588028545366e+00
-1.063889840022822497e+01	-7.920372903383427143e+00
-8.188791909589028251e+00	-4.709148463050381928e+00
-6.298383501121071149e+00	-3.125212353730850712e+00
-6.298383501121071149e+00	-3.125212353730850712e+00
-8.021614206575854666e+00	-4.255656351888458033e+00
-8.021614206575854666e+00	-4.255656351888458033e+00
-8.332315908908096702e+00	-5.877601512182212495e+00
-1.034308510222261290e+01	-4.641400821608995031e+00
-8.960354448500320146e+00	-9.557170361605573206e+00
-3.796320457553672867e+00	-5.525071044948285603e+00
-3.796320457553672867e+00	-5.525071044948285603e+00
-9.478934975208543889e+00	-6.171054442808877383e+00
-9.777326540024031232e+00	-8.092875683374769480e+00
-8.841586994379280640e+00	-4.948664463571740946e+00
-8.841586994379280640e+00	-4.948664463571740946e+00
-9.566984679786859402e+00	-4.373648676091852039e+00
-1.035592841255472862e+01	-5.946567274332855035e+00
-4.718175537799351282e+00	-7.255301864910309817e+00
-8.167614677167941650e+00	-8.446949761072241714e+00
-8.167614677167941650e+00	-8.446949761072241714e+00
-6.764904471457458435e+00	-9.585182759031749100e+00
-6.764904471457458435e+00	-9.585182759031749100e+00
-1.095926202160775986e+01	-7.811780592421689207e+00
-9.334026485484120172e+00	-2.274968865296001397e+00
-9.334026485484120172e+00	-2.274968865296001397e+00
-9.508161841197315667e+00	-7.797762294910370429e+00
-9.508161841197315667e+00	-7.797762294910370429e+00
-5.241827718544115555e+00	-8.642719905090185506e+00
-5.241827718544115555e+00	-8.642719905090185506e+00
-1.063019473998621933e+01	-1.394355816616035915e+00
-1.063019473998621933e+01	-1.394355816616035915e+00
-9.675072002110512770e+00	-3.185791592374728864e+00
-8.577788597059509357e+00	-1.062232374723756756e+01
-1.142446893568525290e+01	-1.198511835862121266e+01
-1.142446893568525290e+01	-1.198511835862121266e+01
-7.926230760058118996e+00	-1.043165815006468478e+01
-7.789244220040845157e+00	-8.157457883164042300e+00
-7.789244220040845157e+00	-8.157457883164042300e+00
-1.171617132931373284e+01	-1.198440259879129499e+01
-1.171617132931373284e+01	-1.198440259879129499e+01
-1.007169005735773482e+01	-8.682626557644393728e+00
-1.007169005735773482e+01	-8.682626557644393728e+00
-1.014525242855534870e+01	-1.164183379145811337e+01
-6.189841128941022674e+00	-5.168647302550794187e+00
-9.480345044778765384e+00	-1.313780004730026985e+00
-4.145134053749978342e+00	-7.246596053192242870e+00
-8.758795394697441949e+00	-4.840859571903042280e+00
-8.758795394697441949e+00	-4.840859571903042280e+00
-7.959856931484361020e+00	-4.850997609046781456e+00
-4.741038661851415981e+00	-8.244031883538777805e+00
-4.741038661851415981e+00	-8.244031883538777805e+00
-8.652045097433498810e+00	-9.475523828402135251e+00
-8.652045097433498810e+00	-9.475523828402135251e+00
-7.083954366144650017e+00	-1.036949876849671348e+01
-7.083954366144650017e+00	-1.036949876849671348e+01
-9.304567282901922809e+00	-1.409104642400936802e+00
-9.304567282901922809e+00	-1.409104642400936802e+00
-7.524471486428428335e+00	-2.339977484519190298e+00
-6.592683586265301265e+00	-1.025983608177849682e+01
-6.717940681946979353e+00	-3.373498835920362371e+00
-6.717940681946979353e+00	-3.373498835920362371e+00
-6.874877274384521009e+00	-2.152625092401696971e+00
-8.087086462501426709e+00	-6.188576138481661104e+00
-8.841327092745032701e+00	-1.052999539675341722e+01
-8.841327092745032701e+00	-1.052999539675341722e+01
-4.763138519584082964e+00	-9.576838490938541781e+00
-5.813883553612607002e+00	-5.223434419281410612e+00
-1.114558213794950170e+01	-2.025390329686360236e+00
-5.502521453247267935e+00	-4.426087646989398827e+00
-9.963817627575489055e+00	-8.314775309756997856e+00
-5.094316875591509586e+00	-8.910607761266790661e+00
-5.094316875591509586e+00	-8.910607761266790661e+00
-4.617812272914811444e+00	-8.200575666113707030e+00
-6.720758570206205817e+00	-1.175690808929019404e+01
-9.129518343982384820e+00	-6.398204153660327798e+00
-4.978615745683679705e+00	-6.484359578789073986e+00
-9.047672737412872479e+00	-4.827657138051239194e+00
-7.619398816042300737e+00	-7.546295420360862316e+00
-8.649725928736980762e+00	-3.927160847716297365e+00
-8.926616313813308778e+00	-7.713282692614539471e+00
-7.526024298549301328e+00	-5.565788464357855680e+00
-7.526024298549301328e+00	-5.565788464357855680e+00
-9.045246213652649914e+00	-1.801152414461027140e+00
-9.045246213652649914e+00	-1.801152414461027140e+00
-7.601095874934975072e+00	-2.986889884963513264e+00
-7.601095874934975072e+00	-2.986889884963513264e+00
-5.130598680076871254e+00	-7.647110630815517673e+00
-8.788790231561520727e+00	-1.062269448978261899e+01
-7.679522737288654533e+00	-3.738110404307552148e+00
-9.807150032682887542e+00	-4.972942883033564243e+00
-5.407544741431808077e+00	-7.845472491541156224e+00
-5.407544741431808077e+00	-7.845472491541156224e+00
-9.666790466211692134e+00	-8.431378591879461482e+00
-9.666790466211692134e+00	-8.431378591879461482e+00
-7.629267524160281866e+00	-1.171479320855831752e+01
-7.629267524160281866e+00	-1.171479320855831752e+01
-1.070750372414987872e+01	-3.370536949446499175e+00
-7.130982268380624767e+00	-8.779968629207669295e+00
-1.011729974884729444e+01	-1.245932100023998235e+00
-9.864381467282321125e+00	-1.141328365384612198e+01
-8.176989904081798599e+00	-5.770266106926685623e+00
-8.832418812945247666e+00	-7.809712839233776904e+00
-9.681849278592032704e+00	-7.618162482085826248e+00
-9.681849278592032704e+00	-7.618162482085826248e+00
-1.047083881127058369e+01	-7.884849918771275057e+00
-1.047083881127058369e+01	-7.884849918771275057e+00
-1.188920374331654450e+01	-9.489729165966625857e+00
-1.188920374331654450e+01	-9.489729165966625857e+00
-1.095841878005400538e+01	-6.025405936446540878e+00
-6.421112405279195023e+00	-3.419981885592395798e+00
-7.932063368300387829e+00	-6.716750367927152965e+00
-7.932063368300387829e+00	-6.716750367927152965e+00
-8.425362204611280603e+00	-2.800572415177478902e+00
-8.425362204611280603e+00	-2.800572415177478902e+00
-9.256789200571942544e+00	-8.396683397126095016e+00
-9.256789200571942544e+00	-8.396683397126095016e+00
-4.852147106287821643e+00	-8.673052195426734556e+00
-4.852147106287821643e+00	-8.673052195426734556e+00
-1.151595811764931732e+01	-7.480194718429276968e+00
-1.137206665406786144e+01	-1.138115533540197077e+01
-1.137206665406786144e+01	-1.138115533540197077e+01
-1.067501679782702162e+01	-7.444128405816412553e+00
-1.067501679782702162e+01	-7.444128405816412553e+00
-6.614085238064850714e+00	-3.656386834137808517e+00
-6.158472352929826421e+00	-4.957931310724035256e+00
-8.051861601794769285e+00	-4.002576289467095094e+00
-7.665539269718675719e+00	-1.075629300295365098e+01
-7.665539269718675719e+00	-1.075629300295365098e+01
-1.091041766369205135e+01	-1.430089221148816314e+00
-1.091041766369205135e+01	-1.430089221148816314e+00
-9.637449323606970708e+00	-1.995290282188328046e+00
-9.637449323606970708e+00	-1.995290282188328046e+00
-9.226649628829473926e+00	-5.953433554343487977e+00
-9.226649628829473926e+00	-5.953433554343487977e+00
-7.476072629919793933e+00	-8.944464483560308210e+00
-7.788419242337750958e+00	-4.311161222993111330e+00
-1.044397027665569766e+01	-8.466387433984483124e+00
-5.566376616996485893e+00	-2.414197201954350724e+00
-3.586596894978398176e+00	-3.617910227464173900e+00
-1.003832531077923385e+01	-5.117402370221792118e+00
-1.003832531077923385e+01	-5.117402370221792118e+00
-5.340228073633550565e+00	-2.098636406087253103e+00
-5.340228073633550565e+00	-2.098636406087253103e+00
-8.634513396351852776e+00	-4.889001216653306336e+00
-6.071278458603453387e+00	-9.051254549644099257e+00
-8.042504355607837496e+00	-7.298884979829781017e+00
-7.349173001213163303e+00	-8.324344283557488566e+00
-7.349173001213163303e+00	-8.324344283557488566e+00
-5.992999171025207517e+00	-2.506082902260331480e+00
-7.002100663197461827e+00	-4.293680989817214133e+00
-5.694886130349914311e+00	-9.532183148119212746e+00
-7.612098409757612316e+00	-9.594466469436252254e+00
-7.937844201880360551e+00	-1.115304250369087491e+01
-6.114694784974622266e+00	-9.926510221855080474e+00
-6.748853637050244991e+00	-1.013842840235298048e+01
-6.748853637050244991e+00	-1.013842840235298048e+01
-6.735232618930458770e+00	-1.169775147938475968e+01
-6.735232618930458770e+00	-1.169775147938475968e+01
-8.333469612189912112e+00	-5.711496268741456106e+00
-8.333469612189912112e+00	-5.711496268741456106e+00
-9.035854212733413604e+00	-7.746650581918590461e+00
-9.035854212733413604e+00	-7.746650581918590461e+00
-1.000183545812863528e+01	-4.952287209542308055e+00
-1.000183545812863528e+01	-4.952287209542308055e+00
-6.642171207081942974e+00	-8.459643912159741319e+00
-6.319606608242856360e+00	-1.114438913623316729e+01
-6.319606608242856360e+00	-1.114438913623316729e+01
-5.983799880634785850e+00	-3.677880464063078669e+00
-5.005098919393347501e+00	-3.931333592842474633e+00
-1.089724962420751808e+01	-1.042498029475468968e+01
-8.839564665216990136e+00	-9.544886667511072176e+00
-8.839564665216990136e+00	-9.544886667511072176e+00
-5.822690613352627942e+00	-4.513512470442081259e+00
-5.822690613352627942e+00	-4.513512470442081259e+00
-8.021665912979029756e+00	-9.518781205541426260e+00
-8.892935607481939897e+00	-5.908776350214147044e+00
-8.892935607481939897e+00	-5.908776350214147044e+00
-6.677414106970934071e+00	-5.193456364089388266e+00
-8.086894397424943648e+00	-9.669572549647973858e+00
-8.086894397424943648e+00	-9.669572549647973858e+00
-7.895778585696726637e+00	-6.057841485842837770e+00
-8.877912588218251244e+00	-6.296121750596324063e+00
-8.702874615670339153e+00	-9.695289428686704625e+00
-8.702874615670339153e+00	-9.695289428686704625e+00
-1.044980514274217498e+01	-7.242734840063011603e+00
-6.589431310049477020e+00	-7.135556342174014688e+00
-1.043357866606416273e+01	-4.464203511484570619e+00
-8.830531199157489297e+00	-9.788413723389087551e+00
-8.830531199157489297e+00	-9.788413723389087551e+00
-9.609964745786905738e+00	-1.081725389103547741e+01
-9.609964745786905738e+00	-1.081725389103547741e+01
-8.090792979581097555e+00	-1.086364344890218803e+01
-8.090792979581097555e+00	-1.086364344890218803e+01
-1.086524047180914643e+01	-1.002159363452748586e+01
-1.135121460690942818e+01	-1.021150239888446087e+01
-7.832169881289515523e+00	-1.799802013136189149e+00
-7.832169881289515523e+00	-1.799802013136189149e+00
-8.976713851329947147e+00	-1.077847309975908274e+01
-8.976713851329947147e+00	-1.077847309975908274e+01
-9.922982147484676219e+00	-9.580052326825704512e+00
-4.025781389785066722e+00	-3.650276110698948973e+00
-9.072847231226717213e+00	-8.381796339461333289e+00
-5.561328910960997796e+00	-8.293399024588932633e+00
-5.561328910960997796e+00	-8.293399024588932633e+00
-5.400195508812776879e+00	-1.010065821951593534e+01
-5.400195508812776879e+00	-1.010065821951593534e+01
-6.854905589489726836e+00	-5.500549428974479405e+00
-5.155825018781285074e+00	-7.341586546489993204e+00
-6.919586782381487389e+00	-8.101402985315724337e+00
-1.076953771148445860e+01	-4.723069088418504258e+00
-9.563637983289037692e+00	-7.083096962111599559e+00
-8.957450779863760815e+00	-1.588992227455221506e+00
-1.028484918380060442e+01	-9.870896043024249167e+00
-5.585136782858429072e+00	-9.040016717460668261e+00
-5.585136782858429072e+00	-9.040016717460668261e+00
-7.484364188088378000e+00	-4.396032795077791988e+00
-5.623262285643624736e+00	-9.229285989750612984e+00
-5.623262285643624736e+00	-9.229285989750612984e+00
-7.667721298969857102e+00	-3.486466885725242992e+00
-6.418487706846307539e+00	-9.574588341923645274e+00
-6.867505961595316677e+00	-7.876664829310992211e+00
-6.867505961595316677e+00	-7.876664829310992211e+00
-1.083093011123308358e+01	-4.338395128681136192e+00
-1.083093011123308358e+01	-4.338395128681136192e+00
-8.546717077229679660e+00	-1.140047607079520908e+01
-9.545086815784339151e+00	-2.250167023665114119e+00
-7.193558018503013685e+00	-2.615395387587478915e+00
-7.193558018503013685e+00	-2.615395387587478915e+00
-9.618863078867386562e+00	-2.310184198574266823e+00
-7.973272359498318806e+00	-7.089724209210384487e+00
-7.158787237959158389e+00	-8.009433966315517850e+00
-9.026938377122522894e+00	-9.471040662814058209e+00
-1.131371167194283345e+01	-1.098432710484152253e+01
-1.069249472604053963e+01	-9.462040940939534295e+00
-1.069249472604053963e+01	-9.462040940939534295e+00
-8.763311695552825853e+00	-5.892002259785940055e+00
-8.763311695552825853e+00	-5.892002259785940055e+00
-6.296952046500883249e+00	-8.710168785633644717e+00
-6.296952046500883249e+00	-8.710168785633644717e+00
-1.065940983789622365e+01	-1.605609522317289040e+00
-1.130102262909408140e+01	-8.502508843906129599e+00
-5.036559407209139749e+00	-1.087628529917534692e+01
-5.036559407209139749e+00	-1.087628529917534692e+01
-8.338902386073787198e+00	-3.967087377657451785e+00
-5.901285822728175923e+00	-6.568733715499173620e+00
-9.330308540695186892e+00	-1.116222146077858568e+01
-9.029456440994575672e+00	-6.356628689056227799e+00
-9.352666928602083374e+00	-1.077841686805949450e+01
-9.352666928602083374e+00	-1.077841686805949450e+01
-6.501842136400110661e+00	-9.536545075367207858e+00
-5.868775105193750896e+00	-1.115530652585508520e+01
-6.678142124894453246e+00	-9.952966496874701363e+00
-6.678142124894453246e+00	-9.952966496874701363e+00
-7.704180147608733265e+00	-9.814379103630409773e+00
-9.936418270688136545e+00	-6.739629851474299826e+00
-9.936418270688136545e+00	-6.739629851474299826e+00
-4.765807001095550888e+00	-1.075771880147960502e+01
-6.723344397978240572e+00	-1.060611314931966653e+01
-1.158471718327575672e+01	-3.109038136682654496e+00
-8.165753571133373967e+00	-3.009862693876115269e+00
-3.963721342288879068e+00	-4.359216547661509011e+00
-1.014507592690137727e+01	-9.519093162908914607e+00
-1.014507592690137727e+01	-9.519093162908914607e+00
-3.908495892567406038e+00	-4.312278475742491679e+00
-3.908495892567406038e+00	-4.312278475742491679e+00
-8.700858109541005803e+00	-8.028391484496969710e+00
-8.700858109541005803e+00	-8.028391484496969710e+00
-9.681495551425689072e+00	-3.909587733051536951e+00
-9.681495551425689072e+00	-3.909587733051536951e+00
-1.109856275458268549e+01	-6.417702048933449532e+00
-1.109856275458268549e+01	-6.417702048933449532e+00
-5.813359293556858987e+00	-6.669687643337189442e+00
-1.010835124384801098e+01	-2.634796604832630784e+00
-6.195448948539066691e+00	-7.217161189304661661e+00
-6.195448948539066691e+00	-7.217161189304661661e+00
-6.496782227543749677e+00	-9.008621375866370684e+00
-3.709839581240626405e+00	-8.545198469824333287e+00
-3.709839581240626405e+00	-8.545198469824333287e+00
-6.205279472422289722e+00	-8.475116617653714712e+00
-6.205279472422289722e+00	-8.475116617653714712e+00
-9.277881766388427209e+00	-6.592464792751096425e+00
-9.675347432839478401e+00	-2.268178628900079374e+00
-4.313699420241366767e+00	-4.750046507578818300e+00
-4.313699420241366767e+00	-4.750046507578818300e+00
-6.688851731416401769e+00	-8.007959927707780423e+00
-6.430253857353062763e+00	-2.627577660303891172e+00
-1.141146139674751936e+01	-3.168667292793909684e+00
-7.615028783404734547e+00	-6.253775126640399584e+00
-4.862510147689268258e+00	-2.856560566271082013e+00
-9.908686702400276047e+00	-4.503871812446329059e+00
-9.908686702400276047e+00	-4.503871812446329059e+00
-7.240579471373107978e+00	-7.633612940088559284e+00
-1.198997266778366111e+01	-6.118465740144828580e+00
-8.250628133590280910e+00	-8.520939886423654741e+00
-8.250628133590280910e+00	-8.520939886423654741e+00
-1.005814718951694786e+01	-5.200228676780811909e+00
-9.783868001972820139e+00	-1.028782568755726956e+01
-1.195129565456933740e+01	-9.429577421130341364e+00
-1.195129565456933740e+01	-9.429577421130341364e+00
-8.828971467397172646e+00	-8.304446294451926391e+00
-8.828971467397172646e+00	-8.304446294451926391e+00
-9.190635882845457516e+00	-1.307886574702851412e+00
-9.190635882845457516e+00	-1.307886574702851412e+00
-9.707900097462472289e+00	-7.228947305053293526e+00
-9.707900097462472289e+00	-7.228947305053293526e+00
-1.013307296186043516e+01	-1.109519043421680351e+01
-1.193723279600813569e+01	-5.640655646127797240e+00
-5.856459666261316421e+00	-6.192520282010947952e+00
-5.856459666261316421e+00	-6.192520282010947952e+00
-8.407978970126650964e+00	-6.205070133409465782e+00
-8.407978970126650964e+00	-6.205070133409465782e+00
-4.800716539436558072e+00	-1.164102786747475449e+01
-9.252677320934102667e+00	-1.534727364725954724e+00
-9.183953980284307761e+00	-3.898038188616986144e+00
-9.183953980284307761e+00	-3.898038188616986144e+00
-1.053442585148816946e+01	-8.528901938909754676e+00
-9.865688386143833810e+00	-9.267718812668535477e+00
-9.388212027277818450e+00	-4.371333718373985988e+00
-9.388212027277818450e+00	-4.371333718373985988e+00
-1.021815418906690809e+01	-5.183576326092409481e+00
-1.021815418906690809e+01	-5.183576326092409481e+00
-7.375228058227265571e+00	-7.948607553831879891e+00
-7.375228058227265571e+00	-7.948607553831879891e+00
-1.047344766023802620e+01	-5.594938168692799252e+00
-7.124396790055040007e+00	-1.735362226746884895e+00
-8.746766878468134720e+00	-1.179921624434331306e+01
-9.991011138901487953e+00	-3.126848180433500435e+00
-9.991011138901487953e+00	-3.126848180433500435e+00
-9.547344100041154746e+00	-1.138310177597777972e+01
-9.547344100041154746e+00	-1.138310177597777972e+01
-1.056897987841495379e+01	-7.020095680326149612e+00
-6.883487282771748816e+00	-3.754667856136763238e+00
-8.189901252280446187e+00	-9.551785199251767722e+00
-6.457079570558494908e+00	-3.576728712035881941e+00
-7.203158906615474422e+00	-2.438006491553877719e+00
-7.203158906615474422e+00	-2.438006491553877719e+00
-8.450894442654799832e+00	-6.478119331819246263e+00
-8.450894442654799832e+00	-6.478119331819246263e+00
-1.059106549314714485e+01	-5.303899060396789267e+00
-1.059106549314714485e+01	-5.303899060396789267e+00
-8.278688050276105770e+00	-1.466993163728445015e+00
-5.894248714921509702e+00	-1.776636584125391716e+00
-5.894460532479765646e+00	-1.198967592652016201e+01
-5.894460532479765646e+00	-1.198967592652016201e+01
-1.091527265256257984e+01	-7.648698092946366600e+00
-1.091527265256257984e+01	-7.648698092946366600e+00
-7.283502606983755179e+00	-1.210990919287198375e+00
-7.283502606983755179e+00	-1.210990919287198375e+00
-5.459528680367523812e+00	-2.406276640979447379e+00
-5.459528680367523812e+00	-2.406276640979447379e+00
-4.552727854529914353e+00	-6.871021448943947618e+00
-9.481696659915648695e+00	-9.848224094197108869e+00
-9.481696659915648695e+00	-9.848224094197108869e+00
-8.935523803631502560e+00	-3.401136630798624161e+00
-8.935523803631502560e+00	-3.401136630798624161e+00
-1.013480895298390827e+01	-7.967132799326591908e+00
-1.013480895298390827e+01	-7.967132799326591908e+00
-7.817145575600187080e+00	-1.191866280826629776e+01
-1.085112112473959378e+01	-6.340774544225252995e+00
-1.085112112473959378e+01	-6.340774544225252995e+00
-1.115763762853231889e+01	-2.441173489707789912e+00
-1.000903466090024274e+01	-1.059708908484919654e+01
-7.126444715752384695e+00	-1.861098191289289883e+00
-5.937645682229407029e+00	-2.235922024274111575e+00
-5.937645682229407029e+00	-2.235922024274111575e+00
-9.735220472800799385e+00	-5.991809762741407752e+00
-5.966659331798889632e+00	-8.373966891744768049e+00
-8.436383872297122721e+00	-3.562498298449058520e+00
-6.341477473741436555e+00	-1.328152222507941849e+00
-1.009141147453707532e+01	-8.791211352575205140e+00
-8.443907779171210493e+00	-1.015502716232238534e+01
-4.580223336658821864e+00	-4.940302269313177064e+00
-4.580223336658821864e+00	-4.940302269313177064e+00
-8.493469140053436561e+00	-1.136569648704814384e+01
-8.493469140053436561e+00	-1.136569648704814384e+01
-1.078695917857151088e+01	-1.125166902016839821e+01
-8.696546130879125869e+00	-5.004083268217227598e+00
-8.696546130879125869e+00	-5.004083268217227598e+00
-9.162228989688811609e+00	-8.685265462348620957e+00
-9.162228989688811609e+00	-8.685265462348620957e+00
-1.122228386023572710e+01	-2.603282454246575561e+00
-6.097012215022455273e+00	-3.749657502973231527e+00
-1.121312002606020997e+01	-1.771421949912438398e+00
-7.069649659462541536e+00	-1.517285748550728730e+00
-8.260421154534233423e+00	-4.284656611217061872e+00
-8.260421154534233423e+00	-4.284656611217061872e+00
-1.124657402837046227e+01	-4.091659511915194614e+00
-1.078658799939072743e+01	-9.604773078039947620e+00
-1.078658799939072743e+01	-9.604773078039947620e+00
-1.003359100500637524e+01	-1.043064021592961410e+01
-1.003359100500637524e+01	-1.043064021592961410e+01
-7.788088480239883538e+00	-8.873267034403090392e+00
-7.788088480239883538e+00	-8.873267034403090392e+00
-1.049972132111481926e+01	-4.240388416831265772e+00
-1.049972132111481926e+01	-4.240388416831265772e+00
-8.245088974882129662e+00	-9.924908455353699921e+00
-1.133687451451349837e+01	-7.234752455766245482e+00
-1.090808613799351079e+01	-2.615467048858045818e+00
-8.143708754492104518e+00	-9.328223596507106308e+00
-5.131775938252419067e+00	-2.132018923311423730e+00
-7.010366369490111715e+00	-4.373823716327634337e+00
-7.010366369490111715e+00	-4.373823716327634337e+00
-7.723078441314298992e+00	-1.861795326999098776e+00
-4.579830161159311075e+00	-8.716101877965561684e+00
-1.172975526539562807e+01	-1.061156652946840140e+01
-1.121142952206751886e+01	-1.127373296489509258e+01
-6.783841130241961004e+00	-9.866164884136020774e+00
-1.097086675328359107e+01	-1.044929562116134747e+01
-5.783050761881378676e+00	-8.504424289585788443e+00
-5.783050761881378676e+00	-8.504424289585788443e+00
-5.229887896342319209e+00	-9.890323273006478288e+00
-5.986406720645764068e+00	-3.775069934324693399e+00
-1.051902645133935721e+01	-3.150195968118591594e+00
-7.517547339219512459e+00	-8.760192314117828616e+00
-7.517547339219512459e+00	-8.760192314117828616e+00
-9.728082999941310760e+00	-2.995439195013253730e+00
-6.258894796554158368e+00	-5.169941703669642230e+00
-6.915874101358667758e+00	-1.000419995356792668e+01
-8.218404035296527965e+00	-4.477339327042221484e+00
-8.218404035296527965e+00	-4.477339327042221484e+00
-8.991505645986062945e+00	-9.227959318719745951e+00
-1.001405263964865888e+01	-1.042436607113770108e+01
-1.084043962288515850e+01	-3.840508555531950030e+00
-1.051914573378824080e+01	-5.310909055724467365e+00
-1.051914573378824080e+01	-5.310909055724467365e+00
-4.946716409239596324e+00	-7.218840148307132942e+00
-7.899413700660812943e+00	-1.846109435869541571e+00
-9.034059466523247650e+00	-7.817433662111591630e+00
-1.123395472177911003e+01	-8.341781799526659213e+00
-7.764647753748544545e+00	-6.082104194826629673e+00
-5.042103293190172586e+00	-7.351615572788894326e+00
-5.181188013843280871e+00	-4.100899681726604129e+00
-6.570120163644994626e+00	-1.014099674923112282e+01
-1.074346386623249217e+01	-1.069199499746540560e+01
-1.022186037699905370e+01	-3.686333490992947937e+00
-8.276393606309689233e+00	-4.907488876222278584e+00
-7.446284727853692331e+00	-6.427719797167442017e+00
-6.409897972264898769e+00	-8.296768658757244452e+00
-8.178481873130442281e+00	-7.231191474949258513e+00
-9.749507164373094170e+00	-1.008473200124528724e+01
-1.171990993821329852e+01	-8.087677963009406668e+00
-4.460529547899618308e+00	-6.288471759246047732e+00
-4.460529547899618308e+00	-6.288471759246047732e+00
-1.184730556121644440e+01	-7.193737710484364278e+00
-1.184730556121644440e+01	-7.193737710484364278e+00
-5.982648226271927605e+00	-1.096795695714599894e+01
-5.982648226271927605e+00	-1.096795695714599894e+01
-5.535171608252483111e+00	-1.697451650970765780e+00
-9.576707857971735294e+00	-1.182156706058525941e+01
-9.576707857971735294e+00	-1.182156706058525941e+01
-5.931070451008859656e+00	-4.632075751712351419e+00
-1.171996038746244828e+01	-4.164907108147759551e+00
-1.171996038746244828e+01	-4.164907108147759551e+00
-8.305752027931706749e+00	-1.191850461058866806e+01
-8.382007512069845845e+00	-1.192583985696246529e+01
-8.382007512069845845e+00	-1.192583985696246529e+01
-6.052763889958191257e+00	-1.590409945686570348e+00
-5.448160039509796881e+00	-1.198713412924254840e+01
-9.367420021917217454e+00	-6.386942674438467193e+00
-8.044915115383972193e+00	-5.896041203346255699e+00
-1.040544923704377567e+01	-5.995875739324868725e+00
-8.079906317617071565e+00	-5.475845142290340029e+00
-1.090736171353577610e+01	-1.501358193770082838e+00
-1.090736171353577610e+01	-1.501358193770082838e+00
-7.612060740335936160e+00	-7.654056656886037757e+00
-7.612060740335936160e+00	-7.654056656886037757e+00
-1.035678580580913710e+01	-6.325083473979489668e+00
-8.260227420088515515e+00	-1.164039584778581116e+01
-8.782069875157864303e+00	-9.449290116198476142e+00
-8.782069875157864303e+00	-9.449290116198476142e+00
-9.859525033878764333e+00	-1.080890170584054033e+01
-9.859525033878764333e+00	-1.080890170584054033e+01
-6.559318722022485559e+00	-1.108595913465613769e+01
-6.559318722022485559e+00	-1.108595913465613769e+01
-5.261086410857101825e+00	-9.986029559870351235e+00
-1.023968843803755391e+01	-5.706248559100350448e+00
-1.023968843803755391e+01	-5.706248559100350448e+00
-8.334892847247537873e+00	-1.078916784034991139e+01
-9.546392277994165454e+00	-2.254226385169127767e+00
-1.016111027709576220e+01	-1.001626591684802214e+01
-8.546995350551181758e+00	-3.059207987526413763e+00
-8.546995350551181758e+00	-3.059207987526413763e+00
-1.149751666477059331e+01	-9.878170404114289482e+00
-1.149751666477059331e+01	-9.878170404114289482e+00
-7.828666082308139984e+00	-1.103177473094596373e+01
-7.828666082308139984e+00	-1.103177473094596373e+01
-1.084037746719272555e+01	-3.816069045491488954e+00
-1.084037746719272555e+01	-3.816069045491488954e+00
-7.632347564612354418e+00	-5.332930299530038276e+00
-7.632347564612354418e+00	-5.332930299530038276e+00
-5.851857678366235938e+00	-3.996506268095806558e+00
-8.483890764853525113e+00	-4.867929276393731186e+00
-6.953741755024938520e+00	-9.661033020950608119e+00
-1.066262073206563699e+01	-1.196720472424955162e+00
-1.066262073206563699e+01	-1.196720472424955162e+00
-1.007837888820553651e+01	-5.026022181516125009e+00
-1.042146929794420274e+01	-1.838928152443284336e+00
-1.042146929794420274e+01	-1.838928152443284336e+00
-7.952055197820026677e+00	-4.663276898082047595e+00
-7.952055197820026677e+00	-4.663276898082047595e+00
-7.587524128342081120e+00	-3.674372355362842679e+00
-8.275260429131011009e+00	-2.645441289625880543e+00
-9.821297305655036780e+00	-8.330874025720715892e+00
-1.022575725341013353e+01	-5.517844955270896357e+00
-1.022575725341013353e+01	-5.517844955270896357e+00
-5.652454057171527602e+00	-9.854480369445381527e+00
-6.005260360527259422e+00	-1.078004129673426092e+01
-6.005260360527259422e+00	-1.078004129673426092e+01
-7.266399548907577888e+00	-4.333453804424045153e+00
-7.266399548907577888e+00	-4.333453804424045153e+00
-8.775410169491442147e+00	-6.221239254439714372e+00
-8.775410169491442147e+00	-6.221239254439714372e+00
-1.024077747336674271e+01	-7.307397631721281428e+00
-8.190091726512127579e+00	-4.719442701981611421e+00
-7.389203447904202804e+00	-3.559700079397684735e+00
-5.438913963998278867e+00	-1.146863022340956029e+01
-1.067810389250139025e+01	-3.864361869155247042e+00
-1.067810389250139025e+01	-3.864361869155247042e+00
-8.193814204774229282e+00	-5.207734728714210171e+00
-6.039064954381857753e+00	-6.848879327202941347e+00
-6.039064954381857753e+00	-6.848879327202941347e+00
-6.630288771726213781e+00	-5.860373032761729384e+00
-1.029488962924503426e+01	-3.132948405317447005e+00
-1.029488962924503426e+01	-3.132948405317447005e+00
-8.015621013887482604e+00	-2.452276895393228795e+00
-8.015621013887482604e+00	-2.452276895393228795e+00
-1.075548605443861305e+01	-9.549774585548787442e+00
-1.075548605443861305e+01	-9.549774585548787442e+00
-9.083961671586127551e+00	-1.151298359168216656e+01
-8.633235661326196464e+00	-1.136614513472870414e+01
-8.633235661326196464e+00	-1.136614513472870414e+01
-8.788915732723936003e+00	-3.471500571795159029e+00
-8.788915732723936003e+00	-3.471500571795159029e+00
-1.134036659750749720e+01	-1.948735697101267261e+00
-4.611309284977247458e+00	-6.313998635191939712e+00
-7.037545666648094667e+00	-8.893021272322503279e+00
-9.185310130347323465e+00	-1.123631566396792358e+01
-1.145061110379009506e+01	-1.138870123391563460e+01
-1.143139327961642593e+01	-1.418782187157644703e+00
-1.143139327961642593e+01	-1.418782187157644703e+00
-1.026398043340503818e+01	-5.999339440125702083e+00
-8.819638643479484230e+00	-9.241177415521464766e+00
-8.819638643479484230e+00	-9.241177415521464766e+00
-1.050758196800252264e+01	-4.114460869273012911e+00
-9.109195985935492956e+00	-2.515287079290517092e+00
-7.838958034990328727e+00	-4.908185438071309470e+00
-7.838958034990328727e+00	-4.908185438071309470e+00
-6.750181794531023627e+00	-6.146096759537519105e+00
-7.687610465069984578e+00	-6.690511371104311600e+00
-7.999278624568908924e+00	-3.693797626930111377e+00
-7.999278624568908924e+00	-3.693797626930111377e+00
-9.477839039914497832e+00	-5.047332760727742951e+00
-9.364602742960681070e+00	-9.365778132770984143e+00
-9.102222220644557993e+00	-5.689485948798144399e+00
-1.124547776632414475e+01	-1.956644777342225971e+00
-1.124547776632414475e+01	-1.956644777342225971e+00
-7.549102714502704536e+00	-9.555204812922408308e+00
-7.549102714502704536e+00	-9.555204812922408308e+00
-8.462265833325984588e+00	-4.789693164525536950e+00
-5.294881091439703980e+00	-9.354072712251966237e+00
-5.294881091439703980e+00	-9.354072712251966237e+00
-6.507133001873079969e+00	-1.129434942087684846e+01
-6.664088914834566779e+00	-1.768280470740844379e+00
-8.338316221323063715e+00	-3.791067450357050728e+00
-7.516716127754068388e+00	-6.025754009542430012e+00
-7.516716127754068388e+00	-6.025754009542430012e+00
-7.217776959875931375e+00	-7.524177084680118810e+00
-7.217776959875931375e+00	-7.524177084680118810e+00
-5.652043112629087318e+00	-4.265096056824166482e+00
-5.045496916382949948e+00	-1.000972964513499619e+01
-5.045496916382949948e+00	-1.000972964513499619e+01
-5.441414962305773706e+00	-3.920466764138907489e+00
-5.441414962305773706e+00	-3.920466764138907489e+00
-7.777086576985076327e+00	-3.900663446738024120e+00
-7.777086576985076327e+00	-3.900663446738024120e+00
-1.069600853777338045e+01	-6.375788050311279598e+00
-1.128304187597597341e+01	-9.175872724619317466e+00
-5.182746743952989732e+00	-8.712726665173669005e+00
-5.182746743952989732e+00	-8.712726665173669005e+00
-7.642876224061102342e+00	-8.951908499950517850e+00
-7.642876224061102342e+00	-8.951908499950517850e+00
-6.005589340969310186e+00	-1.062070841400984555e+01
-6.846902458675239167e+00	-3.248870644081903070e+00
-6.846902458675239167e+00	-3.248870644081903070e+00
-1.167363417160647288e+01	-1.024560217612696356e+01
-1.167363417160647288e+01	-1.024560217612696356e+01
-1.062762821552975900e+01	-2.807358138276506487e+00
-1.062762821552975900e+01	-2.807358138276506487e+00
-5.775267758324560852e+00	-4.285977209923520270e+00
-5.775267758324560852e+00	-4.285977209923520270e+00
-6.323565522115447202e+00	-6.861946413321091676e+00
-1.055958029901518103e+01	-1.053731347757954318e+01
-1.055958029901518103e+01	-1.053731347757954318e+01
-1.131302901453016929e+01	-2.715068983417908033e+00
-5.509313236451917284e+00	-6.874533259168406296e+00
-7.490849960083485470e+00	-8.105875588157068989e+00
-7.490849960083485470e+00	-8.105875588157068989e+00
-8.802048417642213352e+00	-3.084138908698558001e+00
-6.093810148262897464e+00	-2.063905556648174322e+00
-4.289799748074474728e+00	-3.480116227279509200e+00
-5.351907249681332246e+00	-7.862620617125212874e+00
-6.981721555565609805e+00	-1.063752496295672145e+01
-6.981721555565609805e+00	-1.063752496295672145e+01
-6.551119140097044991e+00	-8.912519384270273903e+00
-9.474384315783993316e+00	-6.719996492839076296e+00
-5.194594198919520345e+00	-7.472521094986925405e+00
-5.194594198919520345e+00	-7.472521094986925405e+00
-7.223759221910079908e+00	-7.308923198338244553e+00
-7.210494737181611491e+00	-8.889179464206828030e+00
-1.065826072467802454e+01	-9.987701324841959050e+00
-8.840713424130175468e+00	-5.794074638856559822e+00
-1.084715253373918742e+01	-1.060742023572302628e+01
-1.084715253373918742e+01	-1.060742023572302628e+01
-1.028075271811448488e+01	-4.840301439343698497e+00
-1.028075271811448488e+01	-4.840301439343698497e+00
-6.008028998097731943e+00	-7.723758522638978441e+00
-6.577760503496680400e+00	-6.940541156769866049e+00
-1.115842000833881720e+01	-2.033399910857113468e+00
-5.643778761264559130e+00	-1.040032185405234699e+01
-1.139923353019709040e+01	-8.274166511321350725e+00
-7.660726303587185981e+00	-1.036670092878447313e+01
-7.660726303587185981e+00	-1.036670092878447313e+01
-1.087361367110594479e+01	-3.530115547047555147e+00
-6.419202969890535293e+00	-7.808889743130948524e+00
-6.419202969890535293e+00	-7.808889743130948524e+00
-1.111128966963346443e+01	-6.288188760284995737e+00
-1.111128966963346443e+01	-6.288188760284995737e+00
-1.104922085125970455e+01	-7.684353713267161545e+00
-1.031227826262656144e+01	-8.970272520103881320e+00
-6.418931685461331860e+00	-1.116983129880084213e+01
-6.418931685461331860e+00	-1.116983129880084213e+01
-1.136056803642906843e+01	-1.101601323359265550e+01
-7.899041085184542510e+00	-1.009125397072871699e+01
-7.899041085184542510e+00	-1.009125397072871699e+01
-1.070639705343970682e+01	-5.310403459508123092e+00
-7.037495882030319727e+00	-2.724122215769371191e+00
-7.037495882030319727e+00	-2.724122215769371191e+00
-4.784858182205567800e+00	-4.964302162078942260e+00
-4.784858182205567800e+00	-4.964302162078942260e+00
-1.197922581618919224e+01	-2.445543155792515577e+00
-1.197922581618919224e+01	-2.445543155792515577e+00
-8.684490298777530981e+00	-6.964841684629313079e+00
-1.080475816906988129e+01	-3.147562093168505104e+00
-1.080475816906988129e+01	-3.147562093168505104e+00
-9.726079061430112915e+00	-1.133300773736599432e+01
-9.726079061430112915e+00	-1.133300773736599432e+01
-5.488616130136756865e+00	-9.922033484292237304e+00
-5.488616130136756865e+00	-9.922033484292237304e+00
-8.875832159249497977e+00	-9.835096189077566109e+00
-8.875832159249497977e+00	-9.835096189077566109e+00
-7.062675766989541692e+00	-1.118794581847282288e+01
-7.062675766989541692e+00	-1.118794581847282288e+01
-1.175644926173502824e+01	-7.520515626531343756e+00
-7.678949742528063283e+00	-1.140007962926025797e+01
-1.053775382344176137e+01	-1.060745565408342195e+01
-5.220017102346162119e+00	-2.811671905803944771e+00
-9.783966963231401692e+00	-2.127483945402183441e+00
-9.783966963231401692e+00	-2.127483945402183441e+00
-1.032975428456051148e+01	-7.866571651698829548e+00
-8.616838153422104796e+00	-1.044929117338075208e+01
-1.088090108710356141e+01	-6.507402840693868207e+00
-9.065073738970859552e+00	-1.125798975274629221e+01
-8.662348590686328009e+00	-7.525328027833038114e+00
-1.041968385916756645e+01	-1.129316521397920781e+01
-1.041968385916756645e+01	-1.129316521397920781e+01
-5.001389556971584938e+00	-5.784971472452343555e+00
-5.001389556971584938e+00	-5.784971472452343555e+00
-9.196709088857978998e+00	-2.787831634444698281e+00
-9.033239935755245753e+00	-6.455771224296667832e+00
-1.139489963791378813e+01	-3.712665461870984451e+00
-7.715195445354099846e+00	-5.730869221154294202e+00
-7.715195445354099846e+00	-5.730869221154294202e+00
-8.985589875757423073e+00	-8.134851755264527640e+00
-8.985589875757423073e+00	-8.134851755264527640e+00
-1.101656889155930052e+01	-8.144876626711738510e+00
-1.035192130569629398e+01	-2.146978026699457143e+00
-1.035192130569629398e+01	-2.146978026699457143e+00
-8.860733245411124059e+00	-1.987354042167387647e+00
-8.860733245411124059e+00	-1.987354042167387647e+00
-7.770979133377267978e+00	-6.316731554856606756e+00
-9.504846689941789606e+00	-3.220973330990001937e+00
-9.504846689941789606e+00	-3.220973330990001937e+00
-1.104941694265806262e+01	-5.626959414628529110e+00
-6.024048443946487197e+00	-1.091145100636767395e+01
-1.105703210320050367e+01	-1.121959114320142170e+01
-7.132584513248432678e+00	-9.004212784670441394e+00
-9.789167212563608444e+00	-3.970603442134001071e+00
-9.789167212563608444e+00	-3.970603442134001071e+00
-1.078326671597609021e+01	-1.121130671613981988e+01
-1.019426210421450563e+01	-1.929503163606383520e+00
-1.019426210421450563e+01	-1.929503163606383520e+00
-9.246349636645733838e+00	-3.637372331677487303e+00
-9.246349636645733838e+00	-3.637372331677487303e+00
-1.165549119576293791e+01	-4.345022399854595818e+00
-7.196559653427078374e+00	-9.945313641266313454e+00
-1.155756722592688845e+01	-8.837889257651610819e+00
-1.155756722592688845e+01	-8.837889257651610819e+00
-8.515628071074077710e+00	-5.428705821352188821e+00
-8.368342716904761502e+00	-1.032222243622693014e+01
-1.114515412640002090e+01	-5.644267592938720490e+00
-9.982169402748327869e+00	-9.469751134594549313e+00
-7.425302702112314357e+00	-9.173179989235491050e+00
-6.606717927598342754e+00	-1.084652304869110750e+01
-6.606717927598342754e+00	-1.084652304869110750e+01
-1.197018102815220963e+01	-5.655343132985095167e+00
-9.743397706940889691e+00	-5.511695428444691736e+00
-9.743397706940889691e+00	-5.511695428444691736e+00
-6.765527101925213671e+00	-1.539810722980550439e+00
-5.171941139893390549e+00	-1.044836766723956245e+01
-7.180012513848544664e+00	-6.372610190276762232e+00
-7.180012513848544664e+00	-6.372610190276762232e+00
-1.092427943354982567e+01	-9.321190534616645706e+00
-4.822504970661776191e+00	-9.392370301674606736e+00
-6.597355535452596342e+00	-1.015800790367798001e+01
-6.597355535452596342e+00	-1.015800790367798001e+01
-7.405762122575979767e+00	-3.831629290187301695e+00
-7.405762122575979767e+00	-3.831629290187301695e+00
-5.602025361862573938e+00	-4.354716518300520534e+00
-5.602025361862573938e+00	-4.354716518300520534e+00
-5.957940916732579417e+00	-4.482091408322735226e+00
-5.957940916732579417e+00	-4.482091408322735226e+00
-5.170126962812879867e+00	-8.140841530494233425e+00
-5.170126962812879867e+00	-8.140841530494233425e+00
-1.066247425501456192e+01	-5.610641016398187908e+00
-8.294570698011407117e+00	-4.285315515395900832e+00
-8.294570698011407117e+00	-4.285315515395900832e+00
-6.428409532270264570e+00	-4.227125157692632307e+00
-6.428409532270264570e+00	-4.227125157692632307e+00
-8.178247242969048258e+00	-7.351956913507323499e+00
-7.912463434018627950e+00	-6.362542611149004657e+00
-7.912463434018627950e+00	-6.362542611149004657e+00
-1.083577089853701914e+01	-5.558074550933729263e+00
-5.372714901498452100e+00	-5.460982812705218237e+00
-5.790418004757554193e+00	-4.081379602519370486e+00
-5.790418004757554193e+00	-4.081379602519370486e+00
-5.995565716573444170e+00	-7.707285182758679021e+00
-8.089896455214041993e+00	-9.144126073949292888e+00
-1.135868106737132699e+01	-9.731278294444683397e+00
-1.095027183111163360e+01	-8.994749000494417501e+00
-1.095027183111163360e+01	-8.994749000494417501e+00
-1.135851522947398884e+01	-6.476668599346441013e+00
-8.999733285174546182e+00	-1.019377083507709081e+01
-9.527121053605061007e+00	-5.234123914696744428e+00
-8.415511064165931643e+00	-7.295737475700223129e+00
-8.415511064165931643e+00	-7.295737475700223129e+00
-9.460198876958182623e+00	-8.248831624613075064e+00
-8.473388130349674086e+00	-9.594622629946909953e+00
-5.915362969812375304e+00	-1.005828893691455939e+01
-4.305550552758899308e+00	-7.180681855036907812e+00
-4.305550552758899308e+00	-7.180681855036907812e+00
-1.099188099011995234e+01	-6.924746103391135499e+00
-8.601907885373195839e+00	-4.139549943407823562e+00
-6.418744435147338834e+00	-7.175520544892893149e+00
-6.418744435147338834e+00	-7.175520544892893149e+00
-7.040468275454354163e+00	-1.375291891630097352e+00
-7.040468275454354163e+00	-1.375291891630097352e+00
-1.146647772280557831e+01	-2.667580430562667804e+00
-5.185984423549037992e+00	-6.854521608634557950e+00
-5.739459092405666318e+00	-7.720360364468558778e+00
-5.739459092405666318e+00	-7.720360364468558778e+00
-6.309143824567184033e+00	-6.663438684331092432e+00
-6.309143824567184033e+00	-6.663438684331092432e+00
-1.186822995666898706e+01	-5.069178474306403004e+00
-1.186822995666898706e+01	-5.069178474306403004e+00
-5.270327540837555169e+00	-3.161224880377534241e+00
-6.954346718248623382e+00	-8.196229386380473159e+00
-6.954346718248623382e+00	-8.196229386380473159e+00
-7.394394753726918346e+00	-5.826233408185610863e+00
-7.394394753726918346e+00	-5.826233408185610863e+00
-6.968462634690940405e+00	-9.611914927300794886e+00
-8.294394551022866935e+00	-4.160283133617274309e+00
-7.180990402078530010e+00	-1.011809078628822967e+01
-1.181422225432473816e+01	-9.662504533390787742e+00
-1.181422225432473816e+01	-9.662504533390787742e+00
-4.317780459227894774e+00	-1.013123003814454570e+01
-4.317780459227894774e+00	-1.013123003814454570e+01
-8.718867638445024326e+00	-1.153354267157626722e+01
-1.094656163022241202e+01	-6.908138986164828133e+00
-1.094656163022241202e+01	-6.908138986164828133e+00
-6.335718375153920334e+00	-1.114160553962271827e+01
-6.335718375153920334e+00	-1.114160553962271827e+01
-6.075790530750135865e+00	-7.783701478086594960e+00
-6.075790530750135865e+00	-7.783701478086594960e+00
-8.154471047575642118e+00	-8.194121794559899641e+00
-6.104833528818058852e+00	-8.838920657788859714e+00
-6.104833528818058852e+00	-8.838920657788859714e+00
-1.114911552724560195e+01	-2.863711943810320015e+00
-1.161185927583037447e+01	-6.688593614292837941e+00
-1.123567141758491417e+01	-3.161208081030444816e+00
-4.197387678101417663e+00	-6.947228619836662844e+00
-4.197387678101417663e+00	-6.947228619836662844e+00
-9.537769644204864505e+00	-7.757539340783121240e+00
-9.537769644204864505e+00	-7.757539340783121240e+00
-9.597111613465205693e+00	-6.516691639590041163e+00
-9.597111613465205693e+00	-6.516691639590041163e+00
-9.746429575629996123e+00	-6.990170766833833760e+00
-9.746429575629996123e+00	-6.990170766833833760e+00
-5.260589777864218775e+00	-7.607676003587213742e+00
-5.449582272632336633e+00	-2.754648500304168746e+00
-5.449582272632336633e+00	-2.754648500304168746e+00
-8.058095218708086094e+00	-2.089929176551046819e+00
-1.002143007590834323e+01	-2.493662846601935268e+00
-9.707445180941284946e+00	-6.200783492415715692e+00
-8.061735188192756141e+00	-9.053865019228329203e+00
-8.944001785606895183e+00	-6.912004174149818603e+00
-8.944001785606895183e+00	-6.912004174149818603e+00
-9.998562310907169959e+00	-5.214562164635839103e+00
-9.998562310907169959e+00	-5.214562164635839103e+00
-8.937089375504745803e+00	-1.104715763550919760e+01
-8.937089375504745803e+00	-1.104715763550919760e+01
-7.956300953098797812e+00	-8.853822244825426679e+00
-7.956300953098797812e+00	-8.853822244825426679e+00
-1.013358361488417003e+01	-6.516048182306251491e+00
-7.949631646245951089e+00	-4.327927029448410678e+00
-6.495071465233016816e+00	-8.817151540562514711e+00
-6.495071465233016816e+00	-8.817151540562514711e+00
-9.843846450354421407e+00	-9.655801727059053263e+00
-4.577111479534367255e+00	-6.698917897225059370e+00
-8.698047733517391578e+00	-9.784132112769912126e+00
-7.338376627800056617e+00	-9.125430979776387730e+00
-7.338376627800056617e+00	-9.125430979776387730e+00
-1.027791883724069422e+01	-2.952950330558991254e+00
-8.293699519968990685e+00	-9.588629911555528906e+00
-8.293699519968990685e+00	-9.588629911555528906e+00
-6.309239227507853265e+00	-3.632885753505198156e+00
-6.309239227507853265e+00	-3.632885753505198156e+00
-1.077553798624040660e+01	-7.136339014459039731e+00
-6.865659393397711696e+00	-7.877464435670663789e+00
-6.929408196718564561e+00	-1.528043341983982284e+00
-9.125530381031662586e+00	-6.831466495182388243e+00
-5.653412867899931804e+00	-1.377333441118573809e+00
-7.294502639802934674e+00	-1.077413773604990155e+01
-5.517391111441063423e+00	-2.730295213641817931e+00
-8.812832781247927016e+00	-5.909622515022968869e+00
-8.949814373147249924e+00	-4.279926991590706109e+00
-8.949814373147249924e+00	-4.279926991590706109e+00
-7.899125266944774459e+00	-2.833849301523410080e+00
-7.899125266944774459e+00	-2.833849301523410080e+00
-9.545274725677005634e+00	-3.789311173924523324e+00
-7.500234358910264909e+00	-2.668978496333419770e+00
-4.453997584679013855e+00	-3.616952648867087561e+00
-9.673797559365777232e+00	-8.176322993405255701e+00
-7.201098529309946983e+00	-5.685620208652355068e+00
-7.201098529309946983e+00	-5.685620208652355068e+00
-9.778040360107047135e+00	-4.164415690500651301e+00
-9.778040360107047135e+00	-4.164415690500651301e+00
-8.697608339800032340e+00	-5.227973061470701843e+00
-8.697608339800032340e+00	-5.227973061470701843e+00
-8.844960375130069608e+00	-2.246033122550372685e+00
-5.095731542725216556e+00	-1.118921102082633112e+01
-5.095731542725216556e+00	-1.118921102082633112e+01
-6.186505193032053818e+00	-3.644472094534929596e+00
-6.186505193032053818e+00	-3.644472094534929596e+00
-6.701643259705488020e+00	-8.927414017826054149e+00
-6.701643259705488020e+00	-8.927414017826054149e+00
-8.615790223860711805e+00	-9.431007466815472640e+00
-1.001863805909103000e+01	-8.545245334903903256e+00
-5.109447547583956251e+00	-4.641265416119644271e+00
-5.109447547583956251e+00	-4.641265416119644271e+00
-6.639262763501705855e+00	-1.184031401232611991e+01
-6.639262763501705855e+00	-1.184031401232611991e+01
-7.126652607535962858e+00	-8.668438385713542971e+00
-7.126652607535962858e+00	-8.668438385713542971e+00
-7.313396555915300468e+00	-7.534793972022990616e+00
-1.102348800426644537e+01	-6.755557043803890771e+00
-1.073680017802359643e+01	-5.541109045975908032e+00
-4.553005534463588688e+00	-2.144096938054615542e+00
-7.056011374280147130e+00	-1.087595358934230561e+01
-8.568684952384582942e+00	-6.353472727505560691e+00
-7.647884281369934811e+00	-3.269340554852819380e+00
-7.647884281369934811e+00	-3.269340554852819380e+00
-1.014399337711703986e+01	-5.801809640867164219e+00
-6.589026302641925348e+00	-3.651380677675045927e+00
-1.163092323359554392e+01	-2.821999825308953547e+00
-9.041317484249869807e+00	-8.963887410934004762e+00
-9.041317484249869807e+00	-8.963887410934004762e+00
-9.690014751956264050e+00	-1.963320426630096760e+00
-1.158475288558185134e+01	-7.106196449828578565e+00
-1.158475288558185134e+01	-7.106196449828578565e+00
-4.314092976825981474e+00	-5.599282274772678036e+00
-4.314092976825981474e+00	-5.599282274772678036e+00
-8.651428508238584669e+00	-6.303978299086841375e+00
-8.487392598456532156e+00	-3.195285990748886640e+00
-7.230702110426252105e+00	-1.083612990696964040e+01
-7.422481163650923364e+00	-1.088380353441089454e+01
-7.422481163650923364e+00	-1.088380353441089454e+01
-7.172524866635766827e+00	-1.047402830259576767e+01
-7.172524866635766827e+00	-1.047402830259576767e+01
-1.004149081438590407e+01	-8.706719191723740536e+00
-4.967523212222651807e+00	-8.601356816633829894e+00
-3.842056523646194766e+00	-5.317415595293988773e+00
-5.275541104528450376e+00	-1.289646155404420291e+00
-5.275541104528450376e+00	-1.289646155404420291e+00
-4.688988459883492332e+00	-3.215268913078932478e+00
-1.120369706489518080e+01	-9.289365314767922044e+00
-1.120369706489518080e+01	-9.289365314767922044e+00
-6.415774022679754829e+00	-8.453461687725773999e+00
-6.415774022679754829e+00	-8.453461687725773999e+00
-1.120126081916575700e+01	-2.059769240713125615e+00
-1.120126081916575700e+01	-2.059769240713125615e+00
-4.189668215817135888e+00	-8.121612581721928237e+00
-1.190044188590148444e+01	-5.328514572075797595e+00
-7.193668510664636528e+00	-1.187997098038857935e+01
-7.193668510664636528e+00	-1.187997098038857935e+01
-5.270964423934536569e+00	-2.671715253960750047e+00
-5.991750847285394421e+00	-8.616035974571142120e+00
-9.318595112879004105e+00	-5.862680164375445813e+00
-9.318595112879004105e+00	-5.862680164375445813e+00
-7.973161583846125389e+00	-1.043575878862005268e+01
-5.089137411424554891e+00	-2.810022124094004425e+00
-7.883491960675886645e+00	-1.024100547794181182e+01
-6.717630650234858614e+00	-3.876145490584003372e+00
-6.717630650234858614e+00	-3.876145490584003372e+00
-7.110666967542633721e+00	-3.811181355309027463e+00
-7.700207510614323070e+00	-1.000767624090380181e+01
-7.097604365216893640e+00	-5.841507134062989159e+00
-7.501327544349705612e+00	-7.021490313623160340e+00
-7.501327544349705612e+00	-7.021490313623160340e+00
-7.117711314398786016e+00	-7.765727081036450485e+00
-7.810975712628835055e+00	-1.673677210229466361e+00
-1.125345122315733093e+01	-9.979637705055319330e+00
-1.125345122315733093e+01	-9.979637705055319330e+00
-7.791300029377103975e+00	-6.000857965407572436e+00
-7.791300029377103975e+00	-6.000857965407572436e+00
-9.536150549243370023e+00	-1.189477986651461627e+01
-8.985563060804809155e+00	-4.570718114364875184e+00
-8.985563060804809155e+00	-4.570718114364875184e+00
-6.602916721676063361e+00	-9.654594155114564202e+00
-9.314053791593003950e+00	-5.747160451526847069e+00
-7.590184955260347088e+00	-8.722265986819554229e+00
-1.102454208193881691e+01	-4.298630123880329279e+00
-1.102454208193881691e+01	-4.298630123880329279e+00
-9.746085753901940762e+00	-7.132501309036817894e+00
-9.746085753901940762e+00	-7.132501309036817894e+00
-1.135925350257438460e+01	-3.553292093493629622e+00
-1.135925350257438460e+01	-3.553292093493629622e+00
-7.808558463606755318e+00	-2.838626352836672861e+00
-6.938108708617519937e+00	-4.370283583615131917e+00
-6.938108708617519937e+00	-4.370283583615131917e+00
-1.163540302062866161e+01	-4.449648309379014677e+00
-1.163540302062866161e+01	-4.449648309379014677e+00
-1.077379514650878711e+01	-4.672479634209572907e+00
-8.903835386043146727e+00	-2.798357041028094905e+00
-7.930556092914809341e+00	-1.157341313036926245e+01
-7.930556092914809341e+00	-1.157341313036926245e+01
-8.716064128025367452e+00	-3.687425233194615792e+00
-8.716064128025367452e+00	-3.687425233194615792e+00
-7.086671315220631762e+00	-7.731559074363312689e+00
-7.086671315220631762e+00	-7.731559074363312689e+00
-6.780528532136806952e+00	-5.590352950694319922e+00
-4.874866738433475177e+00	-2.528154899320238513e+00
-4.874866738433475177e+00	-2.528154899320238513e+00
-7.584667777406735922e+00	-1.077357792170721851e+01
-1.124587104534612081e+01	-9.289669963353468063e+00
-9.858476674003023632e+00	-7.771229624966887961e+00
-1.016051981873967591e+01	-1.067131172987987320e+01
-1.199449920258681246e+01	-7.317557690661750769e+00
-1.199449920258681246e+01	-7.317557690661750769e+00
-8.609374457401456127e+00	-6.203302998233203525e+00
-1.048274029032421595e+01	-4.283611185575836977e+00
-1.048274029032421595e+01	-4.283611185575836977e+00
-7.628649656023993586e+00	-7.660740877994588693e+00
-1.129065507928200418e+01	-9.436172145511870113e+00
-1.129065507928200418e+01	-9.436172145511870113e+00
-1.139820988233152121e+01	-9.773010998041469222e+00
-1.139820988233152121e+01	-9.773010998041469222e+00
-1.037394801194383831e+01	-4.695880830992453348e+00
-1.037394801194383831e+01	-4.695880830992453348e+00
-7.966382811529798325e+00	-9.852530876179663721e+00
-9.413848940703189783e+00	-9.380496798137643921e+00
-4.853623590426132672e+00	-1.110026274267650237e+01
-7.049988208702838044e+00	-5.685429996664836949e+00
-7.049988208702838044e+00	-5.685429996664836949e+00
-8.077442324429370046e+00	-3.850201996472847554e+00
-8.077442324429370046e+00	-3.850201996472847554e+00
-8.822862111872581181e+00	-1.014961097752141406e+01
-1.180703812048268020e+01	-7.222449346652361157e+00
-5.217010637198965739e+00	-1.126592112358767395e+01
-8.436090785581656704e+00	-7.974406334920931094e+00
-8.436090785581656704e+00	-7.974406334920931094e+00
-7.168586555887837442e+00	-5.251117618268984266e+00
-7.168586555887837442e+00	-5.251117618268984266e+00
-6.492713513431876748e+00	-3.874685660400065679e+00
-1.061622498392095082e+01	-1.164626672077577574e+01
-1.061622498392095082e+01	-1.164626672077577574e+01
-1.033412918086040122e+01	-9.577098697910075842e+00
-1.033412918086040122e+01	-9.577098697910075842e+00
-9.673846990798123713e+00	-8.229950762386740948e+00
-9.673846990798123713e+00	-8.229950762386740948e+00
-8.942613749373959919e+00	-7.734721717717464529e+00
-8.942613749373959919e+00	-7.734721717717464529e+00
-9.587220490139181095e+00	-8.413898790066806299e+00
-1.054750952509480655e+01	-9.445612098164854586e+00
-1.054750952509480655e+01	-9.445612098164854586e+00
-1.134675804532114185e+01	-8.494451930515991123e+00
-1.134675804532114185e+01	-8.494451930515991123e+00
-7.406361321518546426e+00	-4.548706895826533980e+00
-7.406361321518546426e+00	-4.548706895826533980e+00
-8.072011803232584271e+00	-5.613292820469590438e+00
-8.074294170752510880e+00	-7.719767898319366495e+00
-8.074294170752510880e+00	-7.719767898319366495e+00
-9.323401073313210219e+00	-1.031323942388725001e+01
-1.067331046241075754e+01	-5.737760795770915578e+00
-1.117719445035329962e+01	-2.339303209063969380e+00
-5.552374373827257514e+00	-7.974440617289699773e+00
-5.552374373827257514e+00	-7.974440617289699773e+00
-5.152660311684533312e+00	-4.835263769808397782e+00
-7.187656487702345665e+00	-8.383129571679106107e+00
-1.080655536081274981e+01	-8.392377767706362235e+00
-9.183180072868418975e+00	-5.630113084724965411e+00
-1.066530523468729719e+01	-9.438926365425924558e+00
-1.190472561745587399e+01	-1.876361378054207441e+00
-1.190472561745587399e+01	-1.876361378054207441e+00
-8.996998104958695563e+00	-5.933316876624076031e+00
-1.198092437813184574e+01	-7.585461412949119797e+00
-1.178053164193743640e+01	-1.127614090092706611e+01
-9.297377460846590225e+00	-1.166177883317291730e+01
-8.542363340990977605e+00	-1.030154997866588751e+01
-4.535725311557488482e+00	-4.348988407316192628e+00
-7.606427985420740612e+00	-2.618266789100078373e+00
-6.098046216867969882e+00	-9.193025231664091024e+00
-1.026033209671390445e+01	-1.020998353476532827e+01
-1.190831800230693993e+01	-7.663443300504409805e+00
-1.190831800230693993e+01	-7.663443300504409805e+00
-1.082797029950564749e+01	-1.180211344931454143e+01
-6.294843315484377477e+00	-7.132357958860004565e+00
-6.294843315484377477e+00	-7.132357958860004565e+00
-1.185942022739020452e+01	-1.009643106286526937e+01
-9.879811401233029144e+00	-6.725478725365308108e+00
-9.879811401233029144e+00	-6.725478725365308108e+00
-1.037933785484630711e+01	-6.025650652440839750e+00
-9.635443335270817755e+00	-6.538699854320050520e+00
-7.880250760771860818e+00	-3.659975429540657021e+00
-7.248231456004964990e+00	-1.489687012802868971e+00
-5.409993695562268279e+00	-8.828800814190804758e+00
-7.369641970496694228e+00	-9.761237116742321973e+00
-8.468957237961951989e+00	-7.503141615694004507e+00
-8.468957237961951989e+00	-7.503141615694004507e+00
-1.045976814144405864e+01	-7.405083444578659524e+00
-7.707840042910703460e+00	-8.461276824681309705e+00
-1.002016153948536648e+01	-8.714686908412021538e+00
-7.886979906267109541e+00	-6.635898395813982553e+00
-7.886979906267109541e+00	-6.635898395813982553e+00
-6.228449454950657049e+00	-8.871575389390246258e+00
-4.360123322118143463e+00	-3.530044913823826125e+00
-7.590663533900059434e+00	-8.002268499852890571e+00
-1.096947761189015580e+01	-7.406822788018094350e+00
-8.579486879540208832e+00	-9.909019856903217516e+00
-8.579486879540208832e+00	-9.909019856903217516e+00
-7.074881778710938818e+00	-6.933215287899474610e+00
-9.843122258707644789e+00	-9.864894438529825393e+00
-9.843122258707644789e+00	-9.864894438529825393e+00
-9.420404596627111715e+00	-7.208642644530541155e+00
-9.420404596627111715e+00	-7.208642644530541155e+00
-8.202634756561868912e+00	-1.144148773739138569e+01
-4.622929875030535207e+00	-7.229895461326972139e+00
-6.077491685108293851e+00	-1.198777458529760764e+01
-1.173888267799628871e+01	-4.375307254136776791e+00
-1.173888267799628871e+01	-4.375307254136776791e+00
-8.438480014216036551e+00	-6.974088853794571996e+00
-8.438480014216036551e+00	-6.974088853794571996e+00
-7.177698369632803832e+00	-9.712499132595672435e+00
-5.385486506213707614e+00	-6.351234847424768404e+00
-5.385486506213707614e+00	-6.351234847424768404e+00
-5.076628941816260010e+00	-1.076382819096433785e+01
-1.133752606630345383e+01	-7.958818231073215621e+00
-1.122292250407151926e+01	-6.890280260361879350e+00
-1.122292250407151926e+01	-6.890280260361879350e+00
-8.898961030019494345e+00	-3.721348609373431149e+00
-8.898961030019494345e+00	-3.721348609373431149e+00
-9.719374575392199844e+00	-1.008905128109300264e+01
-5.441634780382957004e+00	-1.045737115880672086e+01
-5.441634780382957004e+00	-1.045737115880672086e+01
-7.754460084241953766e+00	-7.951371070218439918e+00
-8.527581489710321705e+00	-4.192161657741542591e+00
-8.527581489710321705e+00	-4.192161657741542591e+00
-1.086039570790382314e+01	-1.394311354428569905e+00
-1.086039570790382314e+01	-1.394311354428569905e+00
-5.854595937081561452e+00	-6.629812552789703162e+00
-9.974071243207905724e+00	-2.658121507193003552e+00
-1.196399071004810466e+01	-1.100731504853349385e+01
-1.196399071004810466e+01	-1.100731504853349385e+01
-9.304619120343334160e+00	-8.325278668135714710e+00
-7.061028984967461675e+00	-5.791169987401817210e+00
-7.061028984967461675e+00	-5.791169987401817210e+00
-6.362109446402075541e+00	-8.402310870280693678e+00
-8.647344832362536593e+00	-1.831517409951592290e+00
-1.086163481131059250e+01	-3.043306908424654900e+00
-1.086163481131059250e+01	-3.043306908424654900e+00
-1.072964857029548824e+01	-8.143464084432881833e+00
-5.256240425416431883e+00	-2.305290816453582803e+00
-4.803293190420626857e+00	-8.034459802761814373e+00
-7.309174004084029619e+00	-1.178020201328231309e+01
-7.309174004084029619e+00	-1.178020201328231309e+01
-1.002522239683025340e+01	-5.703742234952090762e+00
-5.271245873022358808e+00	-3.641130754853054263e+00
-5.271245873022358808e+00	-3.641130754853054263e+00
-9.478900519747412545e+00	-2.146212447058950090e+00
-9.478900519747412545e+00	-2.146212447058950090e+00
-7.851522537064622220e+00	-2.972885846706835977e+00
-4.513005505047078536e+00	-1.043133153891289844e+01
-4.513005505047078536e+00	-1.043133153891289844e+01
-4.739348933270416175e+00	-2.123276814327544226e+00
-6.325625932478384783e+00	-1.144581619953729756e+01
-7.327421396339103943e+00	-4.833686862423513197e+00
-7.327421396339103943e+00	-4.833686862423513197e+00
-7.219254100740667646e+00	-1.001160282724442041e+01
-1.083558307683214039e+01	-3.884022119315007515e+00
-1.083558307683214039e+01	-3.884022119315007515e+00
-1.190042746327475243e+01	-1.116191357220194469e+01
-1.005347748313749179e+01	-2.946661553432816216e+00
-1.005347748313749179e+01	-2.946661553432816216e+00
-4.983431121103972572e+00	-9.715474252272404243e+00
-4.983431121103972572e+00	-9.715474252272404243e+00
-5.582643791262023925e+00	-6.144135910662976485e+00
-7.051602419666124888e+00	-1.121167791725608431e+01
-7.051602419666124888e+00	-1.121167791725608431e+01
-5.580040338486756291e+00	-1.000534234475207462e+01
-7.063418411159943844e+00	-9.024456696089529828e+00
-1.107531210463423577e+01	-7.331503965042733384e+00
-7.346624312601681694e+00	-8.348713234410013229e+00
-7.346624312601681694e+00	-8.348713234410013229e+00
-1.138485418626240708e+01	-8.658454096992825200e+00
-1.138485418626240708e+01	-8.658454096992825200e+00
-9.894952346761940021e+00	-5.783702794156180715e+00
-7.453044050313886615e+00	-5.867782438279000701e+00
-7.453044050313886615e+00	-5.867782438279000701e+00
-9.509864116230247078e+00	-5.950574138370743782e+00
-9.509864116230247078e+00	-5.950574138370743782e+00
-9.697335359547745171e+00	-1.110434590538881494e+01
-8.002511466680367391e+00	-2.523274078759231376e+00
-8.002511466680367391e+00	-2.523274078759231376e+00
-4.622000442288995536e+00	-8.094104290865182350e+00
-4.622000442288995536e+00	-8.094104290865182350e+00
-6.746429480277817525e+00	-2.082585259951377221e+00
-6.746429480277817525e+00	-2.082585259951377221e+00
-7.453166976893087714e+00	-6.027687984183524250e+00
-7.453166976893087714e+00	-6.027687984183524250e+00
-5.472263516239316061e+00	-1.748174282378204270e+00
-8.606921199906226505e+00	-3.236361124387728605e+00
-8.606921199906226505e+00	-3.236361124387728605e+00
-6.545910729150601348e+00	-3.042888733729191220e+00
-1.145034533671984889e+01	-6.121126989040133637e+00
-1.145034533671984889e+01	-6.121126989040133637e+00
-1.057779302406196464e+01	-6.477738349669411200e+00
-1.057779302406196464e+01	-6.477738349669411200e+00
-9.881162092759334215e+00	-1.199960615401657993e+00
-5.580997573390166444e+00	-1.138461373906864438e+01
-5.580997573390166444e+00	-1.138461373906864438e+01
-7.503953922256180853e+00	-1.059801609796239852e+01
-7.503953922256180853e+00	-1.059801609796239852e+01
-8.591181942928153958e+00	-3.173062752383106311e+00
-9.009347557840509779e+00	-7.671233310625763302e+00
-7.050582269666238133e+00	-5.238312164994993303e+00
-7.050582269666238133e+00	-5.238312164994993303e+00
-6.429206670110534816e+00	-1.130119599086678228e+01
-6.429206670110534816e+00	-1.130119599086678228e+01
-6.905430528183670980e+00	-7.719470925676087170e+00
-6.905430528183670980e+00	-7.719470925676087170e+00
-1.034987147364733495e+01	-1.713744613330041799e+00
-1.034987147364733495e+01	-1.713744613330041799e+00
-4.183432083176076510e+00	-5.441031327539210594e+00
-1.000844006585697343e+01	-1.030595971955338896e+01
-8.300459501193293121e+00	-1.110620510865033950e+01
-8.300459501193293121e+00	-1.110620510865033950e+01
-8.858563930204555348e+00	-6.189257036900449371e+00
-1.084129833857887881e+01	-4.533553273417011198e+00
-1.084129833857887881e+01	-4.533553273417011198e+00
-8.036674808010024762e+00	-3.493940628273489502e+00
-8.036674808010024762e+00	-3.493940628273489502e+00
-8.957444547809886970e+00	-3.132145661132919923e+00
-8.957444547809886970e+00	-3.132145661132919923e+00
-5.324190617355603727e+00	-1.099847651906641666e+01
-5.664919520874757808e+00	-1.086992425489652447e+01
-5.664919520874757808e+00	-1.086992425489652447e+01
-7.759491666282772648e+00	-3.873063034718544184e+00
-1.034470866139607104e+01	-1.154137342755793760e+01
-6.553355726631084011e+00	-5.922238998555178213e+00
-1.051177876852609572e+01	-1.113430102240168651e+01
-1.051177876852609572e+01	-1.113430102240168651e+01
-5.380569473047306595e+00	-1.450272359952780254e+00
-8.184067449889948165e+00	-1.124510957470286066e+01
-8.184067449889948165e+00	-1.124510957470286066e+01
-1.150265427014919517e+01	-1.796224426728136203e+00
-7.713449010508092840e+00	-5.786139035080903881e+00
-9.223414057544776057e+00	-3.944204138844453311e+00
-1.117443745262626820e+01	-6.822984389358272672e+00
-6.704691293617278447e+00	-2.729963845084582452e+00
-6.704691293617278447e+00	-2.729963845084582452e+00
-6.827594155895357453e+00	-6.300897732304357568e+00
-6.827594155895357453e+00	-6.300897732304357568e+00
-6.733450086962841752e+00	-7.037088654180073455e+00
-9.814067695643325706e+00	-5.005174418083352172e+00
-7.814961469957086848e+00	-1.001523306056185092e+01
-4.357011251373264393e+00	-7.763933910623101120e+00
-1.163695139337416684e+01	-1.154719088797529558e+01
-1.163695139337416684e+01	-1.154719088797529558e+01
-8.110309917601211893e+00	-8.728108842383914379e+00
-8.110309917601211893e+00	-8.728108842383914379e+00
-1.138634805966235142e+01	-6.461949244512321222e+00
-7.133847338462524945e+00	-1.122096083883875828e+01
-7.133847338462524945e+00	-1.122096083883875828e+01
-8.678192669082775978e+00	-3.638181567472485334e+00
-8.678192669082775978e+00	-3.638181567472485334e+00
-7.532252395865073780e+00	-4.516130217731141094e+00
-7.532252395865073780e+00	-4.516130217731141094e+00
-8.656479644970641374e+00	-2.615837598329122660e+00
-8.636065925909157670e+00	-1.009789150520770207e+01
-1.079404496509929778e+01	-1.121869711177499163e+01
-5.361975871553885220e+00	-7.503804624955003888e+00
-5.361975871553885220e+00	-7.503804624955003888e+00
-5.767492314507463469e+00	-2.845881792193106108e+00
-5.767492314507463469e+00	-2.845881792193106108e+00
-7.138398058024604254e+00	-4.703447230984085792e+00
-8.528275904097744942e+00	-9.042999980670224147e+00
-8.528275904097744942e+00	-9.042999980670224147e+00
-1.097438818958810458e+01	-2.954997813905159365e+00
-1.097438818958810458e+01	-2.954997813905159365e+00
-9.097405457715980859e+00	-4.647544342850406629e+00
-9.097405457715980859e+00	-4.647544342850406629e+00
-7.074664147583254348e+00	-1.047706014211329872e+01
-7.074664147583254348e+00	-1.047706014211329872e+01
-8.863235553843688663e+00	-7.679753007103191642e+00
-8.863235553843688663e+00	-7.679753007103191642e+00
-9.126309467536600550e+00	-8.492996106712388027e+00
-9.126309467536600550e+00	-8.492996106712388027e+00
-6.005954661676332407e+00	-6.010333292863505150e+00
-6.005954661676332407e+00	-6.010333292863505150e+00
-9.222609540969539665e+00	-1.167011291259494676e+01
-9.222609540969539665e+00	-1.167011291259494676e+01
-1.095137593537999265e+01	-6.525703408888070989e+00
-7.639016901549032568e+00	-3.541904169721618256e+00
-7.639016901549032568e+00	-3.541904169721618256e+00
-1.187549674154810120e+01	-1.079665363356846086e+01
-8.924888629112340155e+00	-1.688537374757753451e+00
-6.494130407979825215e+00	-8.596341454037945695e+00
-8.344169464086292010e+00	-9.068533351957970723e+00
-8.630360184630060161e+00	-2.161357655672854872e+00
-8.020795589582361274e+00	-6.493650060718394457e+00
-1.040348932661384040e+01	-6.195852288260787155e+00
-1.040348932661384040e+01	-6.195852288260787155e+00
-6.517560888744323933e+00	-2.530723475681419199e+00
-1.046710111445789870e+01	-7.932166554809299441e+00
-1.046710111445789870e+01	-7.932166554809299441e+00
-5.486411043137865207e+00	-3.350033317091744234e+00
-4.431262221471143015e+00	-8.264848015054372610e+00
-4.431262221471143015e+00	-8.264848015054372610e+00
-1.128646195069802083e+01	-7.394711973700258234e+00
-9.241959405948426465e+00	-2.459870730258917337e+00
-9.241959405948426465e+00	-2.459870730258917337e+00
-5.604224607805152303e+00	-8.643135988751472709e+00
-5.604224607805152303e+00	-8.643135988751472709e+00
-9.725089967147459546e+00	-1.692737270701172303e+00
-5.186850182176131696e+00	-9.837783597521239543e+00
-1.158167008737861359e+01	-3.461892417760851881e+00
-7.471624945476707857e+00	-2.269054328008534682e+00
-7.471624945476707857e+00	-2.269054328008534682e+00
-5.542510908126859093e+00	-2.073155672704878327e+00
-8.562580576695898671e+00	-3.685301644548120148e+00
-9.735948213744446633e+00	-3.302281092307318477e+00
-9.735948213744446633e+00	-3.302281092307318477e+00
-1.027091520898005683e+01	-1.038520515841645597e+01
-1.027091520898005683e+01	-1.038520515841645597e+01
-9.485330918525155752e+00	-5.224829086767260655e+00
-6.391018549633646018e+00	-7.689462385238512887e+00
-6.391018549633646018e+00	-7.689462385238512887e+00
-1.191834799135515688e+01	-8.360495165242227245e+00
-1.191834799135515688e+01	-8.360495165242227245e+00
-1.187781731272744601e+01	-4.729241356742448943e+00
-1.187781731272744601e+01	-4.729241356742448943e+00
-8.541966296485110632e+00	-3.908426702874964409e+00
-1.130947430126613362e+01	-5.953755770737109820e+00
-1.130947430126613362e+01	-5.953755770737109820e+00
-1.066398222794273742e+01	-6.499042569311966666e+00
-1.140614905309917759e+01	-6.092954919784162371e+00
-1.140614905309917759e+01	-6.092954919784162371e+00
-5.996531302284115128e+00	-8.285894651519884135e+00
-5.996531302284115128e+00	-8.285894651519884135e+00
-7.534626517820782077e+00	-5.219882759743989631e+00
-1.112940353155176609e+01	-1.049587362037992833e+01
-1.112940353155176609e+01	-1.049587362037992833e+01
-8.912593059624542846e+00	-1.867212642187424665e+00
-8.912593059624542846e+00	-1.867212642187424665e+00
-1.039479886113439910e+01	-7.573047101874821330e+00
-1.039479886113439910e+01	-7.573047101874821330e+00
-5.003379041637838753e+00	-3.699914809532583782e+00
-5.003379041637838753e+00	-3.699914809532583782e+00
-9.516568705620050750e+00	-9.739527812559259701e+00
-9.516568705620050750e+00	-9.739527812559259701e+00
-8.268186119107120646e+00	-1.006595812467458195e+01
-8.268186119107120646e+00	-1.006595812467458195e+01
-1.000536237993769895e+01	-3.583816353160467205e+00
-1.000536237993769895e+01	-3.583816353160467205e+00
-8.021262550027399740e+00	-2.343577594124051533e+00
-1.127348397608220765e+01	-9.408115564366598349e+00
-6.439399715709059890e+00	-6.634871303435741829e+00
-6.890925550019684209e+00	-8.831787094684980133e+00
-6.890925550019684209e+00	-8.831787094684980133e+00
-8.421772402755538067e+00	-5.725664769939003307e+00
-8.421772402755538067e+00	-5.725664769939003307e+00
-7.675706793034656528e+00	-1.049625230480799054e+01
-7.675706793034656528e+00	-1.049625230480799054e+01
-6.087146913410333759e+00	-1.102686027856607076e+01
-6.087146913410333759e+00	-1.102686027856607076e+01
-8.248110864540937115e+00	-3.198467667380824331e+00
-8.241763877112212811e+00	-2.773153341685000495e+00
-7.694049986223557624e+00	-2.018798942062543844e+00
-7.694049986223557624e+00	-2.018798942062543844e+00
-1.020207001431369065e+01	-7.533181218736496376e+00
-1.020207001431369065e+01	-7.533181218736496376e+00
-5.535004104499608779e+00	-7.604692190068774948e+00
-5.535004104499608779e+00	-7.604692190068774948e+00
-8.659219704055502120e+00	-1.160315373912145454e+01
-1.016658173518348640e+01	-1.015691514207702184e+01
-1.016658173518348640e+01	-1.015691514207702184e+01
-6.481717113058348190e+00	-3.816798495134031466e+00
-6.894381189383327779e+00	-7.065969864616689300e+00
-8.973177909099847582e+00	-5.047070964381810576e+00
-1.199977676056557918e+01	-8.786706194601119790e+00
-6.790929246605709402e+00	-6.541024767737288137e+00
-9.542591295302297993e+00	-6.660494666869271718e+00
-9.542591295302297993e+00	-6.660494666869271718e+00
-6.192161182388931984e+00	-5.626215399155491070e+00
-1.179867604634387490e+01	-5.817639859983984252e+00
-9.087145284586835459e+00	-3.581924028029247253e+00
-9.087145284586835459e+00	-3.581924028029247253e+00
-6.203102799173825233e+00	-5.586494624426498135e+00
-6.203102799173825233e+00	-5.586494624426498135e+00
-8.946455239821458960e+00	-9.614638932181090780e+00
-8.946455239821458960e+00	-9.614638932181090780e+00
-7.426844402562503333e+00	-4.033344083959836013e+00
-9.992336909663748656e+00	-7.952892706052298699e+00
-5.880700250271656770e+00	-8.009868332417152459e+00
-5.880700250271656770e+00	-8.009868332417152459e+00
-8.557351265607547219e+00	-7.621874554656061562e+00
-1.162789709574773234e+01	-1.129535101850096090e+01
-1.162789709574773234e+01	-1.129535101850096090e+01
-1.021020764518837076e+01	-9.080934590582321775e+00
-1.021020764518837076e+01	-9.080934590582321775e+00
-5.816212435003047965e+00	-8.181475160523088874e+00
-5.816212435003047965e+00	-8.181475160523088874e+00
-8.863836857760887256e+00	-3.395262806310864523e+00
-8.863836857760887256e+00	-3.395262806310864523e+00
-9.615955896531051650e+00	-4.929419447931141285e+00
-1.183486117896054246e+01	-5.191192492357729726e+00
-9.024766765671881075e+00	-1.018040448619250427e+01
-8.311823063546770030e+00	-9.473124511912539347e+00
-5.681236829691092893e+00	-8.606359850484830432e+00
-5.681236829691092893e+00	-8.606359850484830432e+00
-7.188468554553827161e+00	-1.087200471814674074e+01
-7.188468554553827161e+00	-1.087200471814674074e+01
-9.250221529456265301e+00	-4.419198250275887752e+00
-1.018050419605666335e+01	-1.090278441591905612e+01
-1.018050419605666335e+01	-1.090278441591905612e+01
-6.101066411649341603e+00	-2.152374223806857056e+00
-6.101066411649341603e+00	-2.152374223806857056e+00
-4.405997558513108814e+00	-1.642818065551550522e+00
-4.405997558513108814e+00	-1.642818065551550522e+00
-1.091550123083445634e+01	-5.567321917743456083e+00
-9.412838553483997117e+00	-2.811164793648662119e+00
-9.412838553483997117e+00	-2.811164793648662119e+00
-1.057315660981802630e+01	-7.882473893832935730e+00
-1.057315660981802630e+01	-7.882473893832935730e+00
-6.372131377784789663e+00	-1.488753196426500169e+00
-7.312783128635828689e+00	-8.656122459387061596e+00
-7.312783128635828689e+00	-8.656122459387061596e+00
-8.398092525337848002e+00	-3.033809725911385868e+00
-1.123361343149869818e+01	-1.047867250302944164e+01
-1.079406110800756302e+01	-1.905754458127724815e+00
-1.079406110800756302e+01	-1.905754458127724815e+00
-9.154990191268691291e+00	-1.107314728661703107e+01
-8.128973983961724770e+00	-4.742311832661832760e+00
-8.128973983961724770e+00	-4.742311832661832760e+00
-8.634204880713703290e+00	-1.112763041775014372e+01
-8.634204880713703290e+00	-1.112763041775014372e+01
-7.839995312475534384e+00	-5.190461045740714319e+00
-7.839995312475534384e+00	-5.190461045740714319e+00
-9.694786812822529853e+00	-8.216199780599561464e+00
-7.321308585232944033e+00	-8.294161239978228295e+00
-6.297926389829581417e+00	-6.751141456107880856e+00
-6.297926389829581417e+00	-6.751141456107880856e+00
-4.801514051388355853e+00	-1.078298737321085454e+01
-4.801514051388355853e+00	-1.078298737321085454e+01
-7.522064067934763010e+00	-8.039859001837006858e+00
-7.522064067934763010e+00	-8.039859001837006858e+00
-7.751651279605986211e+00	-5.403143339470688034e+00
-9.882972131159352358e+00	-4.292622703767721148e+00
-9.028630031164972536e+00	-8.344023521974223812e+00
-5.225384180088950004e+00	-2.344688939296247554e+00
-8.049209947448174418e+00	-2.883120835780785374e+00
-1.046572484074060050e+01	-6.240504969680034542e+00
-1.109730134814506641e+01	-1.075256769526057177e+01
-5.569586606247453275e+00	-7.343262955419762150e+00
-5.569586606247453275e+00	-7.343262955419762150e+00
-7.659270061257590356e+00	-1.010957532346999166e+01
-7.659270061257590356e+00	-1.010957532346999166e+01
-1.143568632136797092e+01	-2.596410087707584857e+00
-5.089070785574515199e+00	-1.757805552676656724e+00
-7.663608604668123547e+00	-8.681399711237387962e+00
-7.663608604668123547e+00	-8.681399711237387962e+00
-1.172102378258868072e+01	-3.354580248269941833e+00
-1.172102378258868072e+01	-3.354580248269941833e+00
-6.073741997765585765e+00	-7.929129272743599799e+00
-6.073741997765585765e+00	-7.929129272743599799e+00
-4.315888370792707818e+00	-6.443291164964943363e+00
-4.763978207182958613e+00	-1.128004011263304918e+01
-7.147601024001315473e+00	-9.703150931371435917e+00
-7.721948906556892034e+00	-8.372705526242505414e+00
-7.721948906556892034e+00	-8.372705526242505414e+00
-8.413520918186378594e+00	-8.155156700622567811e+00
-5.331851469837507906e+00	-9.202868082427418273e+00
-5.331851469837507906e+00	-9.202868082427418273e+00
-1.040616319220649366e+01	-1.059308433135846350e+01
-1.065983175970891317e+01	-1.548179914740118290e+00
-9.775449182748156218e+00	-1.129970504961922906e+01
-6.306936769078594907e+00	-3.428820397776440654e+00
-6.306936769078594907e+00	-3.428820397776440654e+00
-1.073058239603065545e+01	-3.632215563686253201e+00
-1.073058239603065545e+01	-3.632215563686253201e+00
-8.311907242214056524e+00	-4.458037687918658953e+00
-8.311907242214056524e+00	-4.458037687918658953e+00
-8.305949020637678260e+00	-6.317970212970426047e+00
-5.533335057591444617e+00	-3.141968546572559529e+00
-5.533335057591444617e+00	-3.141968546572559529e+00
-8.310714135479010167e+00	-1.027066065330057043e+01
-8.310714135479010167e+00	-1.027066065330057043e+01
-1.193589152990463376e+01	-7.122005462338863779e+00
-1.193589152990463376e+01	-7.122005462338863779e+00
-6.932048153157835735e+00	-9.156292177250222153e+00
-6.932048153157835735e+00	-9.156292177250222153e+00
-9.834766923704078678e+00	-1.103547210933511202e+01
-9.834766923704078678e+00	-1.103547210933511202e+01
-1.129814009719188128e+01	-5.594569176315602022e+00
-7.167669652153881188e+00	-1.544844485452511407e+00
-9.788415977676249824e+00	-8.016950706724253806e+00
-9.788415977676249824e+00	-8.016950706724253806e+00
-9.516221213067952434e+00	-8.639745812035348749e+00
-9.851304198479192920e+00	-5.486623035066357623e+00
-9.851304198479192920e+00	-5.486623035066357623e+00
-1.007146292458770631e+01	-8.736666738934699694e+00
-1.007146292458770631e+01	-8.736666738934699694e+00
-6.489348886972686969e+00	-2.030233486906062534e+00
-8.828916905782643099e+00	-1.189744895071600617e+01
-8.828916905782643099e+00	-1.189744895071600617e+01
-7.096150552847460879e+00	-5.234974854962563207e+00
-7.096150552847460879e+00	-5.234974854962563207e+00
-8.143354092935934929e+00	-9.275545938937396429e+00
-1.050311437751681787e+01	-9.091485600919183341e+00
-5.702802605718676254e+00	-8.840809596051785846e+00
-5.702802605718676254e+00	-8.840809596051785846e+00
-5.500158952660090250e+00	-4.378857442595815996e+00
-5.246504278636683338e+00	-5.548924702907759965e+00
-5.246504278636683338e+00	-5.548924702907759965e+00
-1.045345393747476948e+01	-9.528702063755105200e+00
-8.555952203637824383e+00	-5.378702716200367107e+00
-8.344486072538225940e+00	-5.915691662691749286e+00
-8.344486072538225940e+00	-5.915691662691749286e+00
-5.608753780386633636e+00	-7.729957440928449941e+00
-6.387049354749143149e+00	-7.616807365711284916e+00
-9.645697995776499667e+00	-5.999786594099827397e+00
-4.227096460309031301e+00	-2.422316092396630705e+00
-4.227096460309031301e+00	-2.422316092396630705e+00
-6.031761306417605439e+00	-1.327108650259415157e+00
-8.982876403848143454e+00	-3.000219312401136929e+00
-8.982876403848143454e+00	-3.000219312401136929e+00
-8.304749453598549991e+00	-3.526373252530281555e+00
-9.666968417295610294e+00	-5.611068642249549931e+00
-5.051180619485651668e+00	-8.447504407884769861e+00
-1.083407029780543596e+01	-6.416396801362781233e+00
-1.083407029780543596e+01	-6.416396801362781233e+00
-7.562868599314831464e+00	-7.038851869587059440e+00
-9.656850238865210656e+00	-8.361639723854105810e+00
-9.656850238865210656e+00	-8.361639723854105810e+00
-8.130525228668126658e+00	-7.035545010470045213e+00
-8.516313933159000982e+00	-6.652104775268582237e+00
-7.757749046753457556e+00	-2.881693773338524611e+00
-6.448023570910808466e+00	-5.393529159482258528e+00
-6.448023570910808466e+00	-5.393529159482258528e+00
-9.369230185522122056e+00	-1.176404847180496915e+01
-5.027270360961135331e+00	-8.091167895270892529e+00
-7.859555146193460295e+00	-4.775757749279588182e+00
-8.748387113837573281e+00	-1.963136793057351337e+00
-1.045883081852757890e+01	-1.666687871101171892e+00
-6.946236029757066888e+00	-1.419164146340772925e+00
-7.745341212564835764e+00	-3.307384423705660659e+00
-9.591311486706395328e+00	-9.178454630227735223e+00
-9.591311486706395328e+00	-9.178454630227735223e+00
-1.073847382939046824e+01	-6.831851688035912140e+00
-1.009886131207618831e+01	-4.919492378262660282e+00
-1.009886131207618831e+01	-4.919492378262660282e+00
-9.189646176167661551e+00	-1.850160474399412447e+00
-1.108788293279686776e+01	-7.051650253204245544e+00
-1.108788293279686776e+01	-7.051650253204245544e+00
-6.790264783611609012e+00	-1.443992238772812353e+00
-6.790264783611609012e+00	-1.443992238772812353e+00
-6.279102941319386844e+00	-7.626341941755875098e+00
-9.050008650410244826e+00	-1.057333793988710724e+01
-8.574237257488601216e+00	-8.131206712787614421e+00
-8.574237257488601216e+00	-8.131206712787614421e+00
-7.880506997073774222e+00	-6.358395685531226249e+00
-7.880506997073774222e+00	-6.358395685531226249e+00
-1.194561357137087043e+01	-9.106853947687278961e+00
-1.194561357137087043e+01	-9.106853947687278961e+00
-9.603193649641115215e+00	-4.621417074405522740e+00
-6.370087172190811664e+00	-3.263880885402830501e+00
-6.370087172190811664e+00	-3.263880885402830501e+00
-9.172590385708550897e+00	-1.026575543608478647e+01
-9.172590385708550897e+00	-1.026575543608478647e+01
-8.977696773261493846e+00	-7.673575352681714534e+00
-1.118589087755148981e+01	-1.195658515115387033e+01
-1.005069842022031423e+01	-3.618242251501370799e+00
-1.005069842022031423e+01	-3.618242251501370799e+00
-1.181155439725007916e+01	-3.412392569697080713e+00
-9.809692320751695505e+00	-1.079354422046868933e+01
-8.381931393027512556e+00	-8.531298036165209098e+00
-5.742537324142732658e+00	-3.568298260561260093e+00
-5.742537324142732658e+00	-3.568298260561260093e+00
-1.053325476143122863e+01	-7.583242969189574190e+00
-1.053325476143122863e+01	-7.583242969189574190e+00
-1.060329508933819120e+01	-9.966179277908144840e+00
-1.060329508933819120e+01	-9.966179277908144840e+00
-7.232409378345547424e+00	-4.590941496087109108e+00
-1.049206507788512255e+01	-1.007357491862251564e+01
-1.049206507788512255e+01	-1.007357491862251564e+01
-9.831132419536844580e+00	-9.537958112574960623e+00
-9.831132419536844580e+00	-9.537958112574960623e+00
-1.054438618004051698e+01	-7.564726934195054930e+00
-9.199107757287460885e+00	-7.264979312606475226e+00
-7.683607698905551509e+00	-5.610028050447398940e+00
-7.683607698905551509e+00	-5.610028050447398940e+00
-5.808739129279193669e+00	-3.666125975386604452e+00
-5.808739129279193669e+00	-3.666125975386604452e+00
-1.058194344137270626e+01	-7.055085751631883895e+00
-1.058194344137270626e+01	-7.055085751631883895e+00
-1.009403795201053455e+01	-6.126878416844391495e+00
-9.403989310026778625e+00	-5.941263925130148671e+00
-9.403989310026778625e+00	-5.941263925130148671e+00
-9.784398183436806562e+00	-4.594443135980064596e+00
-7.699981298864068791e+00	-7.176466334606712572e+00
-6.374886002034950927e+00	-5.770625741823645960e+00
-7.604582445250765765e+00	-2.652340176603426691e+00
-4.839713439549078622e+00	-1.069366788169197058e+01
-8.674270460016073159e+00	-3.657073881713562180e+00
-8.674270460016073159e+00	-3.657073881713562180e+00
-7.002680337223424090e+00	-1.145495850069753097e+01
-1.039633174719818598e+01	-9.999977320043500484e+00
-1.039633174719818598e+01	-9.999977320043500484e+00
-8.442723669115604679e+00	-1.036161396350873254e+01
-9.999155426020809756e+00	-6.714622655931659523e+00
-9.999155426020809756e+00	-6.714622655931659523e+00
-9.278900273100742169e+00	-9.175424450021658629e+00
-9.278900273100742169e+00	-9.175424450021658629e+00
-8.620739803565593107e+00	-6.789293517273922163e+00
-8.620739803565593107e+00	-6.789293517273922163e+00
-6.842426243080387493e+00	-6.181359213991182600e+00
-5.101123162608541151e+00	-3.713278684876607283e+00
-5.101123162608541151e+00	-3.713278684876607283e+00
-4.992646919590001175e+00	-9.319681601101370561e+00
-4.992646919590001175e+00	-9.319681601101370561e+00
-1.139590662982444513e+01	-1.927174443878082677e+00
-1.150273697591740252e+01	-8.901144273058761769e+00
-1.150273697591740252e+01	-8.901144273058761769e+00
-7.439906920735691820e+00	-7.445505912140091276e+00
-7.439906920735691820e+00	-7.445505912140091276e+00
-1.128703270659745961e+01	-1.088385973256438888e+01
-6.326371862314258188e+00	-8.822677134498743357e+00
-6.326371862314258188e+00	-8.822677134498743357e+00
-1.082130905741801463e+01	-5.021379871922468041e+00
-1.082130905741801463e+01	-5.021379871922468041e+00
-8.940847280817367349e+00	-4.427542721847399498e+00
-8.940847280817367349e+00	-4.427542721847399498e+00
-1.068922950282729190e+01	-1.138738371430213547e+01
-8.103014801041593884e+00	-6.795387665533433541e+00
-5.716653776042931234e+00	-7.617242553239317537e+00
-5.716653776042931234e+00	-7.617242553239317537e+00
-1.007936768259206772e+01	-7.008004999934107637e+00
-5.556929167648098300e+00	-9.445861674295986887e+00
-5.556929167648098300e+00	-9.445861674295986887e+00
-8.125717858182248676e+00	-4.990363157676797279e+00
-8.125717858182248676e+00	-4.990363157676797279e+00
-6.440362576848968068e+00	-9.044220873507983427e+00
-5.686570304362459360e+00	-2.408319303948926571e+00
-5.766289236904175830e+00	-8.299687857914465283e+00
-6.860886302862691188e+00	-1.077963684947220102e+01
-6.860886302862691188e+00	-1.077963684947220102e+01
-7.968295027601158154e+00	-7.050384531086062445e+00
-8.522148990093310061e+00	-2.000699199958321461e+00
-1.092986468979433212e+01	-1.159325696240875381e+01
-1.041401691448143119e+01	-1.111119866613497287e+01
-1.041401691448143119e+01	-1.111119866613497287e+01
-1.095651943380160631e+01	-8.483344140136070521e+00
-1.169879177147994120e+01	-9.742125519612081064e+00
-1.169879177147994120e+01	-9.742125519612081064e+00
-1.052608218615341862e+01	-8.106725551163076915e+00
-7.375156648520550640e+00	-6.765782338206090429e+00
-1.059246847511530554e+01	-1.053563101052830575e+01
-1.059246847511530554e+01	-1.053563101052830575e+01
-1.151333963903471158e+01	-5.109471994349120472e+00
-7.795047391999192499e+00	-7.044446942652138333e+00
-6.388082413572678142e+00	-7.767889345708557158e+00
-6.388082413572678142e+00	-7.767889345708557158e+00
-5.846427711725731946e+00	-2.864560573632471741e+00
-1.199083383927029800e+01	-5.028447864823140989e+00
-1.106832956105770904e+01	-4.045636932138253705e+00
-1.106832956105770904e+01	-4.045636932138253705e+00
-1.043265904131971489e+01	-1.615211413884540814e+00
-6.584066988985358471e+00	-8.557739069529493037e+00
-1.170440298694969883e+01	-6.126898786416735909e+00
-7.873043788730118564e+00	-4.168355614805956399e+00
-8.468009651197951015e+00	-5.279669719909695580e+00
-8.468009651197951015e+00	-5.279669719909695580e+00
-9.674098059752214596e+00	-5.323377205051118111e+00
-7.201294343159637457e+00	-8.716373613614470273e+00
-7.201294343159637457e+00	-8.716373613614470273e+00
-6.402962879556803877e+00	-4.508001979665647418e+00
-6.402962879556803877e+00	-4.508001979665647418e+00
-1.009887801461201917e+01	-7.690000414385630201e+00
-1.009887801461201917e+01	-7.690000414385630201e+00
-1.027378285290401294e+01	-1.104847216427772238e+01
-8.372398983948862394e+00	-8.446432160561178293e+00
-1.010318759250356635e+01	-6.676080145824812462e+00
-9.239315191255396797e+00	-4.057399294690583247e+00
-5.251260826112039481e+00	-7.574309267947591628e+00
-1.141778132062160367e+01	-1.014356977994484055e+01
-9.212497874779842277e+00	-1.199721347372372016e+01
-9.212497874779842277e+00	-1.199721347372372016e+01
-1.015804710119479992e+01	-7.987945456462272276e+00
-1.015804710119479992e+01	-7.987945456462272276e+00
-9.824688765887337638e+00	-5.869551120807300570e+00
-9.824688765887337638e+00	-5.869551120807300570e+00
-8.449766928309889735e+00	-7.735416991579600499e+00
-8.449766928309889735e+00	-7.735416991579600499e+00
-1.029682968339328930e+01	-4.217420789371234768e+00
-1.159258792355385026e+01	-7.439835258559903686e+00
-7.387928119062063814e+00	-5.332507233522816747e+00
-7.387928119062063814e+00	-5.332507233522816747e+00
-8.966102726651504540e+00	-9.280982856325531216e+00
-8.966102726651504540e+00	-9.280982856325531216e+00
-7.860586897876040702e+00	-5.311656260193985624e+00
-1.040795387920602266e+01	-9.934249851342798365e+00
-1.040795387920602266e+01	-9.934249851342798365e+00
-1.149507110529499698e+01	-5.905107816218144734e+00
-1.149507110529499698e+01	-5.905107816218144734e+00
-1.119235208001763837e+01	-1.024874094237827649e+01
-5.104587026976866504e+00	-1.306649973135524334e+00
-5.104587026976866504e+00	-1.306649973135524334e+00
-5.340576797696760636e+00	-5.760943530298250792e+00
-5.340576797696760636e+00	-5.760943530298250792e+00
-7.577949531019346097e+00	-7.274096000367705983e+00
-7.577949531019346097e+00	-7.274096000367705983e+00
-8.926685669111149579e+00	-1.199742841296425233e+01
-1.113547050521834336e+01	-2.092423252193519989e+00
-8.202389220684736415e+00	-4.000890415850109960e+00
-1.115699735405798698e+01	-1.146241032578819485e+01
-7.149073270856232121e+00	-5.480312759092224262e+00
-6.806150092998898060e+00	-8.882122380025951003e+00
-9.372526580447908984e+00	-1.004172575486521701e+01
-7.965287467765081786e+00	-1.575819233763525506e+00
-7.965287467765081786e+00	-1.575819233763525506e+00
-4.384433262477189785e+00	-6.124949542379979128e+00
-4.384433262477189785e+00	-6.124949542379979128e+00
-1.094081619554981444e+01	-1.028522814533667251e+01
-1.094081619554981444e+01	-1.028522814533667251e+01
-8.985192964276198069e+00	-5.277820029361961041e+00
-8.985192964276198069e+00	-5.277820029361961041e+00
-1.038213694391892084e+01	-3.766079491403278467e+00
-1.038213694391892084e+01	-3.766079491403278467e+00
-5.568374955492339851e+00	-4.406674854803330987e+00
-9.503445657621076847e+00	-4.463330135502261875e+00
-9.503445657621076847e+00	-4.463330135502261875e+00
-1.012099701079873526e+01	-7.204174194716324919e+00
-9.662491911723009252e+00	-5.641792445550949608e+00
-5.672971739229118349e+00	-9.502811555829458356e+00
-1.043105297107834240e+01	-5.510213686627705165e+00
-1.043105297107834240e+01	-5.510213686627705165e+00
-4.665950428362329205e+00	-4.912625013930127515e+00
-4.665950428362329205e+00	-4.912625013930127515e+00
-1.023656840731446138e+01	-2.218630206999235632e+00
-1.023656840731446138e+01	-2.218630206999235632e+00
-9.488491807568866676e+00	-1.041010271258246789e+01
-8.968498390442801949e+00	-2.473571482044832237e+00
-1.118162017634519501e+01	-1.154793414187652445e+01
-1.118162017634519501e+01	-1.154793414187652445e+01
-1.148332317362553212e+01	-9.450874637244409016e+00
-1.148332317362553212e+01	-9.450874637244409016e+00
-9.015810550925072775e+00	-1.821481258556594041e+00
-1.051924960814849186e+01	-3.953356338282925986e+00
-8.867078174912910171e+00	-9.340787612930967043e+00
-8.867078174912910171e+00	-9.340787612930967043e+00
-6.331733605156975919e+00	-3.088533776633703098e+00
-6.331733605156975919e+00	-3.088533776633703098e+00
-8.105270220875995690e+00	-3.780120519202342155e+00
-8.105270220875995690e+00	-3.780120519202342155e+00
-6.699114213715276378e+00	-8.031345722479979798e+00
-6.791945346858009991e+00	-3.184422935595189408e+00
-6.791945346858009991e+00	-3.184422935595189408e+00
-8.516132460888371725e+00	-9.211754403653037215e+00
-8.516132460888371725e+00	-9.211754403653037215e+00
-7.630628190543321310e+00	-2.320244972041735743e+00
-5.881264259741461053e+00	-2.726413223183314916e+00
-6.587152210831615839e+00	-4.944246991913814782e+00
-6.587152210831615839e+00	-4.944246991913814782e+00
-5.985672663267727067e+00	-8.004319505068760776e+00
-5.985672663267727067e+00	-8.004319505068760776e+00
-7.013126942539935627e+00	-4.877497065085553807e+00
-7.013126942539935627e+00	-4.877497065085553807e+00
-1.108709992934143962e+01	-2.624939724039710320e+00
-6.723518417226665100e+00	-4.155318951020610996e+00
-1.033481648626452021e+01	-8.821211678115995269e+00
-5.505443856681812242e+00	-8.603434253571620616e+00
-6.563742372180844775e+00	-5.263828178605030494e+00
-4.066034965138327628e+00	-1.016137580383480099e+01
-4.066034965138327628e+00	-1.016137580383480099e+01
-8.742240881426125654e+00	-3.738583759375086579e+00
-8.742240881426125654e+00	-3.738583759375086579e+00
-1.193000189339242745e+01	-5.262916521131046466e+00
-9.989924574285289793e+00	-5.156949015212017429e+00
-4.547997896930761286e+00	-1.067064381720621036e+01
-4.547997896930761286e+00	-1.067064381720621036e+01
-5.424012494338313672e+00	-9.025494836206510385e+00
-7.970605992049569544e+00	-4.275190321608785204e+00
-7.680021609320466069e+00	-1.117624161214794221e+01
-7.680021609320466069e+00	-1.117624161214794221e+01
-7.682543732260704417e+00	-2.991200475272425496e+00
-6.105138941707234146e+00	-5.765075410938113265e+00
-6.926770008128531941e+00	-7.509102487712679519e+00
-6.926770008128531941e+00	-7.509102487712679519e+00
-5.838779444633801496e+00	-1.016317247728368400e+01
-5.838779444633801496e+00	-1.016317247728368400e+01
-1.102374566164063374e+01	-2.789421266158758961e+00
-1.102374566164063374e+01	-2.789421266158758961e+00
-8.712607920269412887e+00	-6.225442051027660462e+00
-1.033486916367721165e+01	-7.414659887579487574e+00
-1.033486916367721165e+01	-7.414659887579487574e+00
-9.578679347280948164e+00	-6.596110213852813153e+00
-7.632536347450207259e+00	-1.749054261646733055e+00
-7.452708589225689906e+00	-4.277462123635054070e+00
-8.349172815370009104e+00	-5.864114853883842571e+00
-9.646220715513148747e+00	-4.167088166836870222e+00
-9.646220715513148747e+00	-4.167088166836870222e+00
-6.141482417547693196e+00	-4.656391385547872908e+00
-7.234904891082684308e+00	-1.017651943430823103e+01
-7.553895402320438990e+00	-1.144940526271329695e+01
-1.094565135032989822e+01	-6.884126156456961354e+00
-1.064667589065576436e+01	-9.580651114239500998e+00
-1.064667589065576436e+01	-9.580651114239500998e+00
-6.109557603229068157e+00	-9.159483644229633015e+00
-6.109557603229068157e+00	-9.159483644229633015e+00
-5.461607970737194506e+00	-3.342882928960415168e+00
-7.740949251567888822e+00	-2.875969049656522891e+00
-7.740949251567888822e+00	-2.875969049656522891e+00
-8.714919067250461282e+00	-5.309912873345996154e+00
-8.714919067250461282e+00	-5.309912873345996154e+00
-8.053551416156899734e+00	-2.313191095034216271e+00
-5.225771203809923549e+00	-1.925560236779876311e+00
-9.646792917435442760e+00	-5.313002369145253034e+00
-1.114842269857033941e+01	-1.032307226998439909e+01
-1.114842269857033941e+01	-1.032307226998439909e+01
-4.969915944577193656e+00	-1.003413641771300391e+01
-4.969915944577193656e+00	-1.003413641771300391e+01
-5.595794970247252920e+00	-2.015438369972526456e+00
-5.595794970247252920e+00	-2.015438369972526456e+00
-9.481130203283457902e+00	-9.514565981023020314e+00
-9.182260753055034641e+00	-1.174974157061319424e+01
-5.065675799734917994e+00	-9.335614386177752522e+00
-8.840756422351795152e+00	-5.306069479139068790e+00
-8.840756422351795152e+00	-5.306069479139068790e+00
-8.593078374671861752e+00	-9.781580561623675507e+00
-8.593078374671861752e+00	-9.781580561623675507e+00
-6.123429749974845571e+00	-7.154824911439400026e+00
-6.123429749974845571e+00	-7.154824911439400026e+00
-1.049131923677895628e+01	-1.113150444561897423e+01
-1.064315605682778099e+01	-1.292974864774233623e+00
-1.064315605682778099e+01	-1.292974864774233623e+00
-1.182865449266026481e+01	-7.284180413250675556e+00
-9.867771666866508085e+00	-3.913996914816797901e+00
-1.183661071645956397e+01	-2.160300032094738309e+00
-1.183661071645956397e+01	-2.160300032094738309e+00
-8.041975265311222643e+00	-5.995588968500868532e+00
-5.698892872318108260e+00	-9.656529180906439080e+00
-4.976229582278055119e+00	-1.137618943705733265e+01
-4.976229582278055119e+00	-1.137618943705733265e+01
-5.912227022302165125e+00	-2.747608426732908171e+00
-1.131207633618215702e+01	-2.649936021464732949e+00
-7.914134833628620136e+00	-5.693634183035679364e+00
-9.761403956256140546e+00	-4.194705484458822298e+00
-1.188585384284048452e+01	-4.388587559194813359e+00
-1.188585384284048452e+01	-4.388587559194813359e+00
-9.376837044609665384e+00	-1.092357105738980749e+01
-9.376837044609665384e+00	-1.092357105738980749e+01
-8.158818643696397643e+00	-1.986024558215531366e+00
-8.158818643696397643e+00	-1.986024558215531366e+00
-1.138099574580824402e+01	-1.030215840825449547e+01
-6.893166350522561103e+00	-1.679563505280875058e+00
-6.893166350522561103e+00	-1.679563505280875058e+00
-4.898950587265639811e+00	-2.477600508951342206e+00
-4.898950587265639811e+00	-2.477600508951342206e+00
-7.431298312652180549e+00	-5.212201523020652871e+00
-7.431298312652180549e+00	-5.212201523020652871e+00
-4.219232063754585482e+00	-5.157434544374252638e+00
-4.219232063754585482e+00	-5.157434544374252638e+00
-9.342658759866928619e+00	-1.191027371292166315e+01
-7.340483674585824403e+00	-5.526303129116724833e+00
-1.009737340402797301e+01	-7.298219232278155388e+00
-1.009737340402797301e+01	-7.298219232278155388e+00
-7.574762583318112696e+00	-4.487123558120305944e+00
-8.807424408620622813e+00	-1.009641870056592516e+01
-8.807424408620622813e+00	-1.009641870056592516e+01
-8.283086162661227547e+00	-5.581551858969712399e+00
-6.286755905266429245e+00	-9.242724915688778964e+00
-1.041320740521451604e+01	-7.339645770003048852e+00
-6.652249442500359322e+00	-7.830784073114616106e+00
-6.363650827863605919e+00	-4.466089710906754107e+00
-5.630800653964896263e+00	-2.363171153781771672e+00
-5.630800653964896263e+00	-2.363171153781771672e+00
-1.006147168440038442e+01	-9.769467430590216495e+00
-1.006147168440038442e+01	-9.769467430590216495e+00
-6.274098562650278765e+00	-3.902929477416419601e+00
-6.717943392976325256e+00	-1.952781764003145515e+00
-5.850511755611918829e+00	-8.111364794318346227e+00
-5.850511755611918829e+00	-8.111364794318346227e+00
-7.194232728537682142e+00	-3.590625285178052906e+00
-1.046596870545164037e+01	-2.980208223337240003e+00
-5.339704023425431600e+00	-4.289745060031635582e+00
-7.769916258111379648e+00	-7.773535653879832807e+00
-7.769916258111379648e+00	-7.773535653879832807e+00
-9.787958439975746217e+00	-9.586016866076697340e+00
-9.026137887665512949e+00	-5.306294280736916669e+00
-9.026137887665512949e+00	-5.306294280736916669e+00
-1.191211386055341492e+01	-1.159482870120509013e+01
-1.191211386055341492e+01	-1.159482870120509013e+01
-9.233819475286226819e+00	-1.012651303968896421e+01
-8.893979809136423498e+00	-9.241563317624482465e+00
-8.893979809136423498e+00	-9.241563317624482465e+00
-7.009816726387378516e+00	-6.456449961229342449e+00
-1.074172324810128920e+01	-8.958083001191578632e+00
-7.316840465029505580e+00	-1.275570944323264566e+00
-7.316840465029505580e+00	-1.275570944323264566e+00
-7.769766137976572118e+00	-5.604605941126478363e+00
-7.769766137976572118e+00	-5.604605941126478363e+00
-9.017540923379414153e+00	-3.628003116666897121e+00
-9.017540923379414153e+00	-3.628003116666897121e+00
-7.837199988765194192e+00	-7.160674243587864751e+00
-7.837199988765194192e+00	-7.160674243587864751e+00
-8.316746170203643373e+00	-2.678420337627496650e+00
-6.205578295242656139e+00	-9.356786698843048811e+00
-7.388435244865422469e+00	-1.947451559925141407e+00
-7.388435244865422469e+00	-1.947451559925141407e+00
-9.215357995844808414e+00	-5.744424270531536258e+00
-9.215357995844808414e+00	-5.744424270531536258e+00
-1.043806390473739043e+01	-3.021694569522328067e+00
-1.043806390473739043e+01	-3.021694569522328067e+00
-6.080701053717112003e+00	-5.654752733289640787e+00
-6.080701053717112003e+00	-5.654752733289640787e+00
-1.151126183938635705e+01	-2.172498383049775939e+00
-1.151126183938635705e+01	-2.172498383049775939e+00
-9.526062598684077898e+00	-3.441384640249464333e+00
-9.526062598684077898e+00	-3.441384640249464333e+00
-8.260470113391066960e+00	-6.311561614958893784e+00
-4.632997835437526746e+00	-6.732308751837281946e+00
-5.710964957275265874e+00	-2.492792600806449155e+00
-7.607201534842936042e+00	-7.864314328325036740e+00
-7.607201534842936042e+00	-7.864314328325036740e+00
-1.182911264422364894e+01	-1.948256868458579927e+00
-1.182911264422364894e+01	-1.948256868458579927e+00
-9.101437385302407534e+00	-3.482227603107796554e+00
-1.192999964761178688e+01	-5.162552046765794600e+00
-1.192999964761178688e+01	-5.162552046765794600e+00
-9.063488439012536091e+00	-1.080971310577089639e+01
-1.122838382589630513e+01	-6.064270680674715308e+00
-9.561511364080983455e+00	-2.511449668689627490e+00
-9.561511364080983455e+00	-2.511449668689627490e+00
-1.140227869172074371e+01	-9.699743629646429000e+00
-1.140227869172074371e+01	-9.699743629646429000e+00
-6.580764348712652811e+00	-6.396256787051695092e+00
-6.580764348712652811e+00	-6.396256787051695092e+00
-1.149819588685099880e+01	-1.555423492988923018e+00
-6.425440530314366683e+00	-7.646801319819161336e+00
-1.060344507560455085e+01	-8.966007436515868179e+00
-1.060344507560455085e+01	-8.966007436515868179e+00
-1.084141542764571042e+01	-9.553646943788569601e+00
-9.025131481219505147e+00	-5.767296711306307166e+00
-9.025131481219505147e+00	-5.767296711306307166e+00
-1.179104193725643768e+01	-3.485243900248355953e+00
-5.858623775103477982e+00	-3.723955876986041691e+00
-7.483646221872233717e+00	-5.576391863594337472e+00
-7.483646221872233717e+00	-5.576391863594337472e+00
-9.947464397576744943e+00	-1.048790991488379198e+01
-9.947464397576744943e+00	-1.048790991488379198e+01
-5.725069945351976664e+00	-9.076693243278928236e+00
-7.690220391965454816e+00	-1.105715912663936429e+01
-7.486599658836289528e+00	-7.906461515521252537e+00
-7.486599658836289528e+00	-7.906461515521252537e+00
-9.671424057614570913e+00	-3.325740568104784245e+00
-7.911683861333259848e+00	-9.893278060670265717e+00
-7.911683861333259848e+00	-9.893278060670265717e+00
-4.873271405363835740e+00	-5.163234094586469425e+00
-1.041814578470651220e+01	-9.007441017819495244e+00
-1.041814578470651220e+01	-9.007441017819495244e+00
-5.838259180956599792e+00	-1.093440489509354663e+01
-5.838259180956599792e+00	-1.093440489509354663e+01
-1.055763074197042251e+01	-2.048268064582477788e+00
-1.055763074197042251e+01	-2.048268064582477788e+00
-9.923183583058737156e+00	-3.394938278319030722e+00
-9.844448459506745408e+00	-1.032546028587659670e+01
-8.905118808257151741e+00	-5.292428634623738581e+00
-9.805872168006784406e+00	-1.012164280420961049e+01
-7.927370326259712385e+00	-3.604269716249050237e+00
-1.006641565088560952e+01	-6.787397967355770945e+00
-8.997408847128136600e+00	-4.978606380213789429e+00
-8.997408847128136600e+00	-4.978606380213789429e+00
-9.768766908529764592e+00	-2.102892320986439412e+00
-9.768766908529764592e+00	-2.102892320986439412e+00
-5.006438192080119087e+00	-8.771616138071772539e+00
-1.103813208225213316e+01	-9.602677338090252590e+00
-6.044127799426672887e+00	-1.034500900772796683e+01
-6.044127799426672887e+00	-1.034500900772796683e+01
-8.753435361197558606e+00	-7.671748673678026265e+00
-8.753435361197558606e+00	-7.671748673678026265e+00
-9.152549448311182445e+00	-9.616287799740215192e+00
-1.059454107114427934e+01	-1.025531152966502901e+01
-5.652139683985312857e+00	-3.628684614099057182e+00
-1.147707075928757980e+01	-5.357405542865510739e+00
-5.295218856823246334e+00	-9.752517449398315108e+00
-7.604177766323955368e+00	-1.167323475672208666e+01
-1.153781737738270330e+01	-8.416022664479601900e+00
-1.153781737738270330e+01	-8.416022664479601900e+00
-9.344504422341085359e+00	-5.073850169715336200e+00
-9.344504422341085359e+00	-5.073850169715336200e+00
-1.015760529908272325e+01	-1.338642423769477618e+00
-1.015760529908272325e+01	-1.338642423769477618e+00
-8.270816339966229336e+00	-1.029199149781449307e+01
-8.043162045063347421e+00	-2.279297683863375834e+00
-8.043162045063347421e+00	-2.279297683863375834e+00
-7.117884530878524352e+00	-7.713181843282433725e+00
-7.117884530878524352e+00	-7.713181843282433725e+00
-5.618048956628428847e+00	-6.132393373083620425e+00
-5.618048956628428847e+00	-6.132393373083620425e+00
-1.026415473776738629e+01	-3.024025081870335363e+00
-1.026415473776738629e+01	-3.024025081870335363e+00
-8.628674589199338385e+00	-5.103312987813611201e+00
-6.604530568434149984e+00	-8.256915990714896125e+00
-9.296177225082033146e+00	-2.491722422984857577e+00
-7.655701820226557430e+00	-1.073620714101204854e+01
-7.655701820226557430e+00	-1.073620714101204854e+01
-6.443810933333763202e+00	-6.177973646396530683e+00
-6.443810933333763202e+00	-6.177973646396530683e+00
-9.449509360748008291e+00	-5.118869163503396713e+00
-9.449509360748008291e+00	-5.118869163503396713e+00
-9.265497828169152683e+00	-4.756694896964513752e+00
-9.265497828169152683e+00	-4.756694896964513752e+00
-5.570480700322503864e+00	-8.181090335216028464e+00
-5.570480700322503864e+00	-8.181090335216028464e+00
-6.966310327380684342e+00	-9.800209423700559697e+00
-8.896426617738136144e+00	-1.176213747816115607e+01
-8.896426617738136144e+00	-1.176213747816115607e+01
-5.923038318063810870e+00	-5.096513118136100751e+00
-6.602774790895674428e+00	-1.199475649800897159e+01
-8.943187450080879231e+00	-5.505188137964601935e+00
-7.453964942115431924e+00	-9.252177739714078086e+00
-9.893766248419627374e+00	-6.595722410895336729e+00
-9.893766248419627374e+00	-6.595722410895336729e+00
-7.554927812528202224e+00	-6.844120567793931187e+00
-7.554927812528202224e+00	-6.844120567793931187e+00
-8.771074892782342758e+00	-7.042981830004204191e+00
-8.771074892782342758e+00	-7.042981830004204191e+00
-5.442156258054442475e+00	-1.079719907568320991e+01
-7.150578155351946741e+00	-1.744157765350436762e+00
-7.336809413621620202e+00	-8.371636126477392637e+00
-7.762673492828509048e+00	-1.048377104921509151e+01
-7.762673492828509048e+00	-1.048377104921509151e+01
-5.025433251553537595e+00	-7.051155630334107194e+00
-5.025433251553537595e+00	-7.051155630334107194e+00
-6.057179572144308466e+00	-6.530810626020888243e+00
-1.002748526824987607e+01	-9.588057868683712570e+00
-6.428803524966810734e+00	-1.060577656707589433e+01
-6.428803524966810734e+00	-1.060577656707589433e+01
-1.057686309628028276e+01	-6.026401036789179599e+00
-1.057686309628028276e+01	-6.026401036789179599e+00
-1.050408443413991399e+01	-2.483524569418599004e+00
-6.548720377156880268e+00	-7.543285912972266694e+00
-8.502927918088523995e+00	-6.182936791723343539e+00
-1.053438101385016346e+01	-6.241081889131981697e+00
-1.053438101385016346e+01	-6.241081889131981697e+00
-8.435661948532247933e+00	-9.671877733745905203e+00
-8.435661948532247933e+00	-9.671877733745905203e+00
-8.444169367757694999e+00	-4.539774500651431843e+00
-4.843483342955269499e+00	-7.768228731991311697e+00
-7.369196020333087738e+00	-1.014758692481706248e+01
-5.059989438379804305e+00	-4.735234649360624992e+00
-5.059989438379804305e+00	-4.735234649360624992e+00
-9.213033511842933621e+00	-5.155100447750311510e+00
-5.510059065009911272e+00	-4.879739200488772077e+00
-5.510059065009911272e+00	-4.879739200488772077e+00
-9.442092628183239356e+00	-5.444479068119300713e+00
-9.442092628183239356e+00	-5.444479068119300713e+00
-9.364235313036674668e+00	-8.098102829295628524e+00
-9.364235313036674668e+00	-8.098102829295628524e+00
-8.381307661531881337e+00	-1.163522307728546856e+01
-8.381307661531881337e+00	-1.163522307728546856e+01
-5.699894058118281315e+00	-9.971003970658768978e+00
-5.699894058118281315e+00	-9.971003970658768978e+00
-8.429983064987347063e+00	-9.512428158007967482e+00
-8.182530035755982922e+00	-1.115922193177958732e+01
-7.859374402310914220e+00	-4.109276398889875281e+00
-1.109791509649909891e+01	-6.295933448182573500e+00
-1.109791509649909891e+01	-6.295933448182573500e+00
-7.583489409189281716e+00	-9.693368664163706683e+00
-6.968391572542413037e+00	-2.715959483417886400e+00
-6.968391572542413037e+00	-2.715959483417886400e+00
-4.981956242559201442e+00	-3.690452123155568476e+00
-4.981956242559201442e+00	-3.690452123155568476e+00
-8.426888171059937704e+00	-6.087461541270762666e+00
-8.426888171059937704e+00	-6.087461541270762666e+00
-9.050166886987540238e+00	-5.814676981418005042e+00
-7.469478367413326048e+00	-5.211968233968115705e+00
-5.905852008667347164e+00	-8.658460906079133323e+00
-1.118804684675816219e+01	-4.469104719741228138e+00
-9.175656021486011227e+00	-8.470134323521239850e+00
-7.294927154762230970e+00	-2.632055139205456307e+00
-1.049414788209247718e+01	-3.413711049448133306e+00
-1.049414788209247718e+01	-3.413711049448133306e+00
-7.214636397557147696e+00	-5.505273079670393699e+00
-1.007246493259706277e+01	-9.272469382138000427e+00
-1.188421043328257021e+01	-9.074952534961267858e+00
-7.291707352939484466e+00	-8.718599553429056570e+00
-6.806471856352669825e+00	-1.572465657066980160e+00
-1.037450520202819249e+01	-4.432879912776670039e+00
-8.628637591565329501e+00	-6.703935694455497973e+00
-4.458053672127025635e+00	-1.022159972237620451e+01
-4.458053672127025635e+00	-1.022159972237620451e+01
-1.168804050218621171e+01	-1.003121495846335876e+01
-1.168804050218621171e+01	-1.003121495846335876e+01
-6.309453028067089519e+00	-8.408160236832978640e+00
-9.656184946252897916e+00	-8.391684126478548222e+00
-1.061045027439170774e+01	-8.200185194629534990e+00
-1.061045027439170774e+01	-8.200185194629534990e+00
-7.748933173409257691e+00	-1.069792892622510649e+01
-8.283339085100056565e+00	-5.725731952162113281e+00
-8.283339085100056565e+00	-5.725731952162113281e+00
-9.537438096855506586e+00	-7.757197171407629988e+00
-9.129623999020155978e+00	-6.603791262936559825e+00
-1.123737384864656974e+01	-1.070577176440593625e+01
-1.123737384864656974e+01	-1.070577176440593625e+01
-1.051267114605906094e+01	-7.234056893527666787e+00
-6.254763468657825953e+00	-8.108349230192066770e+00
-1.152849418843991103e+01	-1.034674533609702429e+01
-1.152849418843991103e+01	-1.034674533609702429e+01
-8.750720076105595879e+00	-5.520968184936861256e+00
-8.102387793887903200e+00	-1.158200904735153358e+01
-8.102387793887903200e+00	-1.158200904735153358e+01
-6.050755138707359038e+00	-7.093020150534481871e+00
-6.050755138707359038e+00	-7.093020150534481871e+00
-7.023416273601988280e+00	-7.949880758738224529e+00
-1.003618345667161371e+01	-2.315664139626969487e+00
-1.086113554571546835e+01	-9.790318256656657780e+00
-1.086113554571546835e+01	-9.790318256656657780e+00
-6.749816584929189567e+00	-1.569420948383517533e+00
-9.904650932072412317e+00	-3.119039869521190056e+00
-9.904650932072412317e+00	-3.119039869521190056e+00
-8.069459574501090415e+00	-5.599890780486490804e+00
-8.069459574501090415e+00	-5.599890780486490804e+00
-5.686625432518572332e+00	-6.013408768577976460e+00
-1.179378597666685380e+01	-5.538298332276090363e+00
-1.179378597666685380e+01	-5.538298332276090363e+00
-9.950648392336264081e+00	-6.333962470208992279e+00
-9.887064206994127247e+00	-5.020839159153825726e+00
-7.792145224861616093e+00	-9.681802887199987495e+00
-7.792145224861616093e+00	-9.681802887199987495e+00
-1.071062073617484600e+01	-7.544649013616932187e+00
-5.742215221790018198e+00	-1.132015473500871927e+01
-4.657058524003895528e+00	-2.366397941547950801e+00
-7.679175678817821371e+00	-6.912705483892408687e+00
-1.135226301950504357e+01	-1.199238237688629205e+01
-4.948576543271714812e+00	-1.001025966890283136e+01
-4.948576543271714812e+00	-1.001025966890283136e+01
-9.118486846777683397e+00	-8.021037744641605016e+00
-6.883713809077892876e+00	-6.449135369862058376e+00
-7.176917097597941719e+00	-8.939191700548711594e+00
-9.543393151938040830e+00	-1.052099672933326424e+01
-9.543393151938040830e+00	-1.052099672933326424e+01
-8.092134376067281920e+00	-1.032479335384031494e+01
-8.092134376067281920e+00	-1.032479335384031494e+01
-7.438240130516315496e+00	-7.691666577591730558e+00
-7.438240130516315496e+00	-7.691666577591730558e+00
-7.965127395987720682e+00	-5.436319567437041478e+00
-7.875767608572026290e+00	-9.365207605928558721e+00
-7.875767608572026290e+00	-9.365207605928558721e+00
-8.718028640018930631e+00	-3.794678821601776608e+00
-1.013899526380856209e+01	-7.417059376957776173e+00
-7.732254713710674743e+00	-6.427971860571560114e+00
-6.003010430172276202e+00	-6.480361892886910447e+00
-1.173510762316574763e+01	-4.120048200158457519e+00
-8.331093121118490430e+00	-3.466292075052973320e+00
-8.715579186964838243e+00	-6.281021727363362395e+00
-6.711733463620263684e+00	-5.037134001608537304e+00
-4.824799884031549801e+00	-1.046708166100088278e+01
-1.032534492008477223e+01	-2.105577992818789657e+00
-1.002099565192976272e+01	-5.616347562710686248e+00
-1.002099565192976272e+01	-5.616347562710686248e+00
-4.765747474112019155e+00	-1.172714732281803940e+01
-1.082824802596644886e+01	-9.874895485873324219e+00
-1.082824802596644886e+01	-9.874895485873324219e+00
-9.488570847382227669e+00	-1.067960465099542411e+01
-9.488570847382227669e+00	-1.067960465099542411e+01
-8.946737587214219189e+00	-1.196436224279756644e+01
-8.946737587214219189e+00	-1.196436224279756644e+01
-8.117924003756330720e+00	-3.131267779552183050e+00
-8.117924003756330720e+00	-3.131267779552183050e+00
-5.539229059989345672e+00	-3.725649526087432051e+00
-1.193349306165061208e+01	-8.375391289842388787e+00
-6.985116987675264788e+00	-9.093860670782103028e+00
-1.055288632616600530e+01	-6.433869838019067977e+00
-1.055288632616600530e+01	-6.433869838019067977e+00
-9.860924578415820818e+00	-1.122700041661689596e+01
-7.964401063990202090e+00	-2.711781922897012365e+00
-9.679343232754607840e+00	-4.435911843667612153e+00
-5.550051184050715847e+00	-1.181278206773844097e+01
-5.292601324634444104e+00	-4.488694406784869528e+00
-5.292601324634444104e+00	-4.488694406784869528e+00
-6.544976425368009387e+00	-1.149979201471462709e+01
-9.626037905299156705e+00	-6.805701498275489314e+00
-9.626037905299156705e+00	-6.805701498275489314e+00
-1.162500229799218410e+01	-4.399610556949014040e+00
-1.114443203518393588e+01	-1.185533818346710611e+01
-1.135751548483077578e+01	-7.202451992845332107e+00
-7.641617017595915939e+00	-7.633466724843722240e+00
-8.811078673774622061e+00	-2.123237617931245325e+00
-8.811078673774622061e+00	-2.123237617931245325e+00
-6.053883513450892373e+00	-9.792698343988815779e+00
-1.031147011251461798e+01	-3.960941710327653631e+00
-7.573593723227634911e+00	-3.039649020215868358e+00
-7.573593723227634911e+00	-3.039649020215868358e+00
-6.206594413736794102e+00	-9.833373629593456400e+00
-7.092727920822698096e+00	-9.725328533871033798e+00
-7.092727920822698096e+00	-9.725328533871033798e+00
-1.175261828169928613e+01	-4.903110740666322798e+00
-5.183387748888105939e+00	-7.015844105607545345e+00
-7.797731150101500752e+00	-3.824469322331356835e+00
-7.797731150101500752e+00	-3.824469322331356835e+00
-1.011573926653078459e+01	-2.714780434937174913e+00
-1.011573926653078459e+01	-2.714780434937174913e+00
-3.992642786190257365e+00	-8.784636124670269552e+00
-8.659252707797470805e+00	-6.111519729036894333e+00
-8.651534813796757817e+00	-8.979577525654569570e+00
-8.651534813796757817e+00	-8.979577525654569570e+00
-1.173650104600494437e+01	-3.955513025124615556e+00
-1.173650104600494437e+01	-3.955513025124615556e+00
-9.126964251602782241e+00	-5.781771772423214273e+00
-9.126964251602782241e+00	-5.781771772423214273e+00
-8.215011008985348084e+00	-5.696030647458284690e+00
-8.215011008985348084e+00	-5.696030647458284690e+00
-6.136422563061131541e+00	-5.865863751843855667e+00
-6.136422563061131541e+00	-5.865863751843855667e+00
-8.364028091298408185e+00	-4.037821737927004051e+00
-1.169463070776350833e+01	-2.806341955299068047e+00
-7.836203983896273151e+00	-3.090005603495416864e+00
-7.836203983896273151e+00	-3.090005603495416864e+00
-9.003166631665285635e+00	-8.707697473223980467e+00
-9.003166631665285635e+00	-8.707697473223980467e+00
-7.965963357040290127e+00	-4.463390781321955991e+00
-7.183640064939897485e+00	-2.962794271411663072e+00
-7.183640064939897485e+00	-2.962794271411663072e+00
-8.517395401877420724e+00	-8.364468555603227884e+00
-8.553235159022408496e+00	-8.382987959036430681e+00
-8.553235159022408496e+00	-8.382987959036430681e+00
-7.611838666737841486e+00	-4.978138657218506680e+00
-7.611838666737841486e+00	-4.978138657218506680e+00
-6.413039240998322121e+00	-7.581947635653145667e+00
-6.413039240998322121e+00	-7.581947635653145667e+00
-8.886357421958072322e+00	-3.506975152387967309e+00
-1.003630621569446646e+01	-1.433489449815494643e+00
-1.083611071700050488e+01	-5.701410016476263110e+00
-1.083611071700050488e+01	-5.701410016476263110e+00
-6.075252102435319657e+00	-7.649543702545667401e+00
-6.075252102435319657e+00	-7.649543702545667401e+00
-6.242821665625030825e+00	-6.484751106456653424e+00
-6.242821665625030825e+00	-6.484751106456653424e+00
-1.043574646233528114e+01	-9.921865503174663203e+00
-1.043574646233528114e+01	-9.921865503174663203e+00
-1.093837156178945946e+01	-7.964785642199482929e+00
-4.942062636593541392e+00	-4.481406181241215592e+00
-4.942062636593541392e+00	-4.481406181241215592e+00
-5.184039538720541351e+00	-8.818228757612839530e+00
-5.184039538720541351e+00	-8.818228757612839530e+00
-4.938110740315083014e+00	-1.167727118493300864e+01
-4.938110740315083014e+00	-1.167727118493300864e+01
-1.072138716734129815e+01	-1.049301342563571104e+01
-1.072138716734129815e+01	-1.049301342563571104e+01
-1.026948896351827933e+01	-1.068634776738802117e+01
-1.026948896351827933e+01	-1.068634776738802117e+01
-1.074511617222704629e+01	-7.262215910104084848e+00
-5.469798339455163472e+00	-6.486324444455140004e+00
-5.469798339455163472e+00	-6.486324444455140004e+00
-1.064501876568007077e+01	-8.514642374287765492e+00
-9.571280313293881292e+00	-1.196611491755448853e+01
-9.571280313293881292e+00	-1.196611491755448853e+01
-5.003723855258115805e+00	-6.003247008662289552e+00
-7.678848095617687441e+00	-3.873178980056093845e+00
-9.409490823066567700e+00	-8.565875414696009216e+00
-9.409490823066567700e+00	-8.565875414696009216e+00
-1.133352072322080062e+01	-8.528485309918718116e+00
-9.121426048585886903e+00	-3.139805166867806197e+00
-1.157606728048921241e+01	-4.672017245815792919e+00
-1.157606728048921241e+01	-4.672017245815792919e+00
-7.272245615099100391e+00	-8.882224004058151934e+00
-7.272245615099100391e+00	-8.882224004058151934e+00
-1.014549891240405977e+01	-7.571218415305219551e+00
-1.014549891240405977e+01	-7.571218415305219551e+00
-6.430979265207740880e+00	-1.170084953028638353e+01
-6.430979265207740880e+00	-1.170084953028638353e+01
-1.102328167121438973e+01	-1.156956744160108563e+01
-9.451360204968301204e+00	-1.105809901072291268e+01
-9.451360204968301204e+00	-1.105809901072291268e+01
-1.050271843616031120e+01	-7.990786766280217002e+00
-1.050271843616031120e+01	-7.990786766280217002e+00
-9.213433172166668683e+00	-6.788079446027209585e+00
-9.213433172166668683e+00	-6.788079446027209585e+00
-9.947606395772316645e+00	-1.156934544394535536e+01
-1.030377370291776451e+01	-1.104862832549640395e+01
-1.030377370291776451e+01	-1.104862832549640395e+01
-8.998308176764719946e+00	-2.868173147012220259e+00
-7.742925939225315801e+00	-2.375608840912863062e+00
-9.039368679395357375e+00	-4.070082477705985191e+00
-9.039368679395357375e+00	-4.070082477705985191e+00
-4.178568592196612919e+00	-9.339567225698727881e+00
-8.643979495628615339e+00	-1.104321302478471090e+01
-8.643979495628615339e+00	-1.104321302478471090e+01
-8.610874154669287961e+00	-8.295155065427474383e+00
-8.610874154669287961e+00	-8.295155065427474383e+00
-8.117672100310635130e+00	-8.851070162912149542e+00
-7.122742947784396428e+00	-8.164161416154502859e+00
-7.122742947784396428e+00	-8.164161416154502859e+00
-5.599571047572551308e+00	-1.166069814315799391e+01
-1.145412178786727431e+01	-1.414716097827507513e+00
-1.102061430199570502e+01	-1.151802825277794895e+01
-5.955299414369699562e+00	-6.888834841433707723e+00
-7.869180435226398984e+00	-7.315566205187069571e+00
-7.869180435226398984e+00	-7.315566205187069571e+00
-8.712671366238472714e+00	-8.688348909821041133e+00
-1.097129548183864678e+01	-1.152303209955351981e+01
-1.097753961373038578e+01	-1.072527682421782380e+01
-1.091567132415868535e+01	-3.148599625984667583e+00
-5.423003650924091978e+00	-5.550420856825885707e+00
-5.423003650924091978e+00	-5.550420856825885707e+00
-6.979490431245097604e+00	-8.659603880000707576e+00
-6.979490431245097604e+00	-8.659603880000707576e+00
-6.333182803617577683e+00	-9.169011297677355898e+00
-7.051240981365022087e+00	-7.434588645280030939e+00
-7.051240981365022087e+00	-7.434588645280030939e+00
-8.591377810449966290e+00	-9.283411204318770871e+00
-8.591377810449966290e+00	-9.283411204318770871e+00
-9.460157281641397020e+00	-9.974834755022365940e+00
-9.582361120223028550e+00	-3.981032389263739368e+00
-9.582361120223028550e+00	-3.981032389263739368e+00
-6.583516352494204860e+00	-6.846530116143868305e+00
-6.583516352494204860e+00	-6.846530116143868305e+00
-1.039955380418792608e+01	-6.911265025272663287e+00
-1.092279029108287247e+01	-8.643586915780883118e+00
-1.092279029108287247e+01	-8.643586915780883118e+00
-5.224467607606100295e+00	-4.872905332138633305e+00
-8.633231376776659971e+00	-1.067723154150815823e+01
-8.633231376776659971e+00	-1.067723154150815823e+01
-6.348710940216716558e+00	-4.960043707957611403e+00
-7.233906643107026468e+00	-7.726795562514165994e+00
-7.233906643107026468e+00	-7.726795562514165994e+00
-9.242061351727524965e+00	-1.162879830933641401e+01
-9.242061351727524965e+00	-1.162879830933641401e+01
-6.099061954925301343e+00	-1.110910415918534788e+01
-9.862963942971818554e+00	-6.173522555191544470e+00
-9.862963942971818554e+00	-6.173522555191544470e+00
-9.123317126744364458e+00	-1.131457300179315872e+01
-6.951884086141589592e+00	-9.961705470836690779e+00
-6.613961295017018571e+00	-6.677203957833532932e+00
-8.059553650824897275e+00	-9.810314196510040219e+00
-8.059553650824897275e+00	-9.810314196510040219e+00
-7.002610358488331244e+00	-2.167104567841847906e+00
-1.101739261977173356e+01	-1.567425159914400457e+00
-8.856142026599139072e+00	-7.563849284200169443e+00
-8.469194123792012974e+00	-2.591132737599285640e+00
-8.949701333109638668e+00	-6.283417137930488394e+00
-1.037309853414644678e+01	-2.496698294585375955e+00
-6.219184185444779800e+00	-6.745784070666919874e+00
-7.751710185772636486e+00	-3.387536897344984421e+00
-8.053384950665620323e+00	-7.013530472838780838e+00
-8.053384950665620323e+00	-7.013530472838780838e+00
-8.398099338095271094e+00	-9.197128009588292130e+00
-8.398099338095271094e+00	-9.197128009588292130e+00
-6.728575609173184091e+00	-9.146846042861165316e+00
-6.728575609173184091e+00	-9.146846042861165316e+00
-5.054990493208538993e+00	-8.907064003361826465e+00
-5.054990493208538993e+00	-8.907064003361826465e+00
-9.932926838089542798e+00	-5.300894097135658178e+00
-9.932926838089542798e+00	-5.300894097135658178e+00
-1.190220882209216846e+01	-6.948160995973235998e+00
-1.190220882209216846e+01	-6.948160995973235998e+00
-5.574693694464170513e+00	-8.615640626368763932e+00
-1.104423130780524431e+01	-9.547056376404261968e+00
-9.590757372823016880e+00	-3.475774518800458512e+00
-8.196888444595424872e+00	-1.134903720215402778e+01
-7.537291362093453628e+00	-2.611384609403907930e+00
-7.069611919183340198e+00	-7.804561457576173922e+00
-7.069611919183340198e+00	-7.804561457576173922e+00
-9.156845858165187479e+00	-4.783024098343140906e+00
-9.402133317495033893e+00	-1.077513961355888306e+01
-8.866820227375944441e+00	-5.040488845321760003e+00
-7.317329702654879142e+00	-1.124150120775793127e+01
-7.317329702654879142e+00	-1.124150120775793127e+01
-7.204548019728296282e+00	-4.360496672393279205e+00
-7.204548019728296282e+00	-4.360496672393279205e+00
-1.149763196053177872e+01	-6.497669124993195489e+00
-5.123823554895394317e+00	-1.015078621167774564e+01
-5.123823554895394317e+00	-1.015078621167774564e+01
-9.600748755069691498e+00	-7.435532947446066743e+00
-9.600748755069691498e+00	-7.435532947446066743e+00
-8.214151200193185787e+00	-1.031409571840428896e+01
-7.491630768453475753e+00	-4.385688301176239534e+00
-7.491630768453475753e+00	-4.385688301176239534e+00
-6.532486145171847447e+00	-7.786367630124931161e+00
-6.532486145171847447e+00	-7.786367630124931161e+00
-1.161662426443353269e+01	-2.588622328628881419e+00
-1.161662426443353269e+01	-2.588622328628881419e+00
-1.033989641569025331e+01	-4.880446507722144389e+00
-1.033989641569025331e+01	-4.880446507722144389e+00
-6.140403109770853796e+00	-3.734882581123584178e+00
-6.140403109770853796e+00	-3.734882581123584178e+00
-5.481953271637638458e+00	-2.162456905235023097e+00
-5.481953271637638458e+00	-2.162456905235023097e+00
-1.047417543414022845e+01	-1.078304966430225775e+01
-1.047417543414022845e+01	-1.078304966430225775e+01
-6.504731229899529232e+00	-4.577899441710089334e+00
-1.060915282132662618e+01	-4.480226833777703810e+00
-8.767166706376810836e+00	-1.093340566000733993e+01
-8.767166706376810836e+00	-1.093340566000733993e+01
-7.635503489085754047e+00	-4.615076135240324007e+00
-7.635503489085754047e+00	-4.615076135240324007e+00
-8.094292099906430948e+00	-8.596052930665740277e+00
-8.094292099906430948e+00	-8.596052930665740277e+00
-8.859096450596494421e+00	-3.066188223582487993e+00
-6.556448156197606458e+00	-1.317379818720998408e+00
-6.556448156197606458e+00	-1.317379818720998408e+00
-1.187921601288999085e+01	-2.273180748571383525e+00
-1.187921601288999085e+01	-2.273180748571383525e+00
-1.052881593988056963e+01	-7.911163865762676828e+00
-9.542537603840917981e+00	-1.190135241975168512e+01
-4.670782369206868623e+00	-1.194579030471458481e+01
-6.918194020762770791e+00	-4.868896239854186625e+00
-6.442302144838069289e+00	-2.576705692326480612e+00
-6.442302144838069289e+00	-2.576705692326480612e+00
-6.232182753740570291e+00	-5.266151553425459930e+00
-6.232182753740570291e+00	-5.266151553425459930e+00
-5.532671667427700335e+00	-4.195566518558854874e+00
-5.532671667427700335e+00	-4.195566518558854874e+00
-1.043995369694218311e+01	-7.177033252694379861e+00
-1.043995369694218311e+01	-7.177033252694379861e+00
-6.765567145529337800e+00	-8.852585522522698369e+00
-6.765567145529337800e+00	-8.852585522522698369e+00
-8.994525983562262184e+00	-1.163872001498886277e+01
-9.041966470593827410e+00	-5.538814041052636306e+00
-9.041966470593827410e+00	-5.538814041052636306e+00
-7.982484420266909630e+00	-1.001815411500360398e+01
-7.982484420266909630e+00	-1.001815411500360398e+01
-8.594208866852403261e+00	-9.940218617117384525e+00
-8.682657429698497964e+00	-5.363040114692362970e+00
-5.296927003080090124e+00	-8.895627525792399126e+00
-5.296927003080090124e+00	-8.895627525792399126e+00
-1.108158947257996196e+01	-8.032387193684414228e+00
-7.516470895569522526e+00	-1.839762561254862039e+00
-7.516470895569522526e+00	-1.839762561254862039e+00
-8.465782572529651162e+00	-1.018458621470612435e+01
-8.465782572529651162e+00	-1.018458621470612435e+01
-9.117987710899381426e+00	-2.950695672158015981e+00
-1.138068554163078971e+01	-2.653370454603983575e+00
-1.138068554163078971e+01	-2.653370454603983575e+00
-8.643707421918040978e+00	-4.779645443668497862e+00
-1.153516022055138990e+01	-1.198615211139699532e+01
-5.627037645145705369e+00	-2.230039007370315574e+00
-8.811696615188830961e+00	-9.771409057098127349e+00
-8.811696615188830961e+00	-9.771409057098127349e+00
-6.615677396672142052e+00	-3.577784455626287663e+00
-6.615677396672142052e+00	-3.577784455626287663e+00
-6.869704281102679388e+00	-2.125433169936830957e+00
-8.700488566602579965e+00	-8.504364494464814683e+00
-8.700488566602579965e+00	-8.504364494464814683e+00
-1.061580677684460738e+01	-5.090467622325165920e+00
-7.878413228471432106e+00	-1.012306206739977021e+01
-7.878413228471432106e+00	-1.012306206739977021e+01
-6.463197449271611994e+00	-3.767275348453969386e+00
-7.816986651261852437e+00	-8.404723250650848243e+00
-5.500520952864398794e+00	-3.886345949216405415e+00
-5.500520952864398794e+00	-3.886345949216405415e+00
-9.894836942518169920e+00	-7.823408034600675798e+00
-9.894836942518169920e+00	-7.823408034600675798e+00
-4.686224569939182238e+00	-8.525969721420500136e+00
-1.072024357284065488e+01	-3.135412175465399631e+00
-1.072024357284065488e+01	-3.135412175465399631e+00
-4.790567865780476886e+00	-2.178934278988176043e+00
-7.391298126982995598e+00	-1.147363079597805324e+01
-7.391298126982995598e+00	-1.147363079597805324e+01
-5.236056717347195466e+00	-3.098535579288917319e+00
-5.236056717347195466e+00	-3.098535579288917319e+00
-9.678344261973114371e+00	-1.071131709487187500e+01
-4.728516566049481895e+00	-3.832341221216805760e+00
-4.728516566049481895e+00	-3.832341221216805760e+00
-8.384993870859096532e+00	-3.281784296066158291e+00
-8.384993870859096532e+00	-3.281784296066158291e+00
-1.049525154187600506e+01	-4.006848976655757788e+00
-1.049525154187600506e+01	-4.006848976655757788e+00
-9.908229095377299345e+00	-4.545745383115507465e+00
-1.012382189594226389e+01	-2.277001217597908411e+00
-1.012382189594226389e+01	-2.277001217597908411e+00
-7.785635721813637389e+00	-6.025349180771932822e+00
-7.785635721813637389e+00	-6.025349180771932822e+00
-4.027186777724950595e+00	-2.909931610513177169e+00
-4.027186777724950595e+00	-2.909931610513177169e+00
-1.042240057478385040e+01	-4.340687472549245918e+00
-1.042240057478385040e+01	-4.340687472549245918e+00
-9.870806978948126087e+00	-2.218418161409686284e+00
-9.870806978948126087e+00	-2.218418161409686284e+00
-8.806702028740579280e+00	-3.012172593270908916e+00
-7.470425892627869935e+00	-9.711074181454714349e+00
-9.917669144382905699e+00	-5.820506334271257742e+00
-3.967244550649533519e+00	-1.082196086254960932e+01
-3.967244550649533519e+00	-1.082196086254960932e+01
-1.186319699199236943e+01	-4.790111479532679795e+00
-1.186319699199236943e+01	-4.790111479532679795e+00
-6.255356969357571018e+00	-4.510153056043413322e+00
-7.221875489275036308e+00	-1.170545047947054584e+01
-7.221875489275036308e+00	-1.170545047947054584e+01
-9.725815215840198036e+00	-3.559087593821233853e+00
-1.019531999775681896e+01	-5.567829299672290233e+00
-1.019531999775681896e+01	-5.567829299672290233e+00
-1.133485591491707645e+01	-1.827017947093306338e+00
-1.198098982803218959e+01	-8.843739249020378779e+00
-1.120414546333758743e+01	-6.297584022061758269e+00
-1.120414546333758743e+01	-6.297584022061758269e+00
-1.135225245620933165e+01	-8.908689587828966694e+00
-8.482359856987564228e+00	-1.858139183893709134e+00
-8.482359856987564228e+00	-1.858139183893709134e+00
-1.067239993805355880e+01	-1.002421959711270283e+01
-1.129786793767411979e+01	-1.100739401529625283e+01
-9.853060805945284883e+00	-1.163508046580843569e+01
-9.853060805945284883e+00	-1.163508046580843569e+01
-6.260426644188293643e+00	-9.927530319600791131e+00
-5.713877076967094126e+00	-2.802042328523925541e+00
-5.713877076967094126e+00	-2.802042328523925541e+00
-6.426240480122801912e+00	-1.187951736146236215e+01
-8.737372498380697294e+00	-9.710218421311408221e+00
-8.737372498380697294e+00	-9.710218421311408221e+00
-9.188543865541737077e+00	-3.238879666144381275e+00
-9.188543865541737077e+00	-3.238879666144381275e+00
-6.340865150832788011e+00	-9.708677258092306417e+00
-5.024152868530630478e+00	-1.106276733353101349e+01
-1.040306071803730603e+01	-7.915720078373913005e+00
-1.040306071803730603e+01	-7.915720078373913005e+00
-9.410475846795916866e+00	-8.278243983310934695e+00
-9.410475846795916866e+00	-8.278243983310934695e+00
-5.622596051369705528e+00	-8.101218059659688109e+00
-8.359382669903233420e+00	-8.987935944485819562e+00
-5.430739642620213026e+00	-2.934567142044525401e+00
-5.430739642620213026e+00	-2.934567142044525401e+00
-7.696764855010832740e+00	-7.985561303628469609e+00
-9.622969601527513461e+00	-6.843214795862939681e+00
-9.622969601527513461e+00	-6.843214795862939681e+00
-9.279205337293658928e+00	-2.712494529217529315e+00
-9.279205337293658928e+00	-2.712494529217529315e+00
-9.172089944018010144e+00	-5.325853054529796182e+00
-9.172089944018010144e+00	-5.325853054529796182e+00
-8.742026527862256202e+00	-6.490435257510318579e+00
-8.742026527862256202e+00	-6.490435257510318579e+00
-9.932705193382211917e+00	-8.967706675216536638e+00
-1.090742540413327788e+01	-6.251350223774505110e+00
-6.583889673126741116e+00	-5.961867260309049676e+00
-4.687384954076855514e+00	-7.045846112797786276e+00
-4.687384954076855514e+00	-7.045846112797786276e+00
-9.828007182867137814e+00	-8.198021592263941670e+00
-9.828007182867137814e+00	-8.198021592263941670e+00
-9.519666385601887271e+00	-7.814650896586668338e+00
-9.519666385601887271e+00	-7.814650896586668338e+00
-1.037618584813095524e+01	-1.903542374662877235e+00
-1.037618584813095524e+01	-1.903542374662877235e+00
-4.583470705679716595e+00	-4.140433403194089479e+00
-4.583470705679716595e+00	-4.140433403194089479e+00
-8.196565778260289648e+00	-7.695643107179632736e+00
-1.080206181878409488e+01	-4.033743037044272839e+00
-5.385978199576165970e+00	-9.620223901685406531e+00
-7.552416436569954428e+00	-6.760888416876080775e+00
-7.552416436569954428e+00	-6.760888416876080775e+00
-1.034977753273135548e+01	-1.013088097824257794e+01
-1.034977753273135548e+01	-1.013088097824257794e+01
-1.125353754371803561e+01	-6.871277063922804906e+00
-1.125353754371803561e+01	-6.871277063922804906e+00
-1.150867534975919781e+01	-2.078419755754081777e+00
-8.775615935277933488e+00	-2.280899482741696627e+00
-8.775615935277933488e+00	-2.280899482741696627e+00
-6.628020518099870806e+00	-4.488256068772478180e+00
-8.093547982093760140e+00	-3.882182632099486330e+00
-8.093547982093760140e+00	-3.882182632099486330e+00
-1.018183546900844227e+01	-6.650793863299764297e+00
-1.018183546900844227e+01	-6.650793863299764297e+00
-8.616549507785331130e+00	-7.322221962401870954e+00
-8.616549507785331130e+00	-7.322221962401870954e+00
-7.567412756399254370e+00	-6.605539829666117413e+00
-6.770074480448065479e+00	-1.768519310192958383e+00
-1.076400739408596152e+01	-4.832348816194345531e+00
-1.076400739408596152e+01	-4.832348816194345531e+00
-1.111055842255266590e+01	-9.883934857830551479e+00
-8.075309916884856776e+00	-1.016184776892943376e+01
-8.075309916884856776e+00	-1.016184776892943376e+01
-9.591203007570292982e+00	-5.428120096449675636e+00
-1.109087278205592497e+01	-8.788152318341321489e+00
-1.109087278205592497e+01	-8.788152318341321489e+00
-1.053850200961861283e+01	-6.979356240583072690e+00
-1.053850200961861283e+01	-6.979356240583072690e+00
-5.524861952897889950e+00	-1.160933607132689893e+01
-5.524861952897889950e+00	-1.160933607132689893e+01
-5.536391557590815360e+00	-7.059050407361488588e+00
-5.536391557590815360e+00	-7.059050407361488588e+00
-4.627449735297171074e+00	-9.495248535817641056e+00
-9.694487523214622371e+00	-1.151336380931764403e+01
-1.066398912893329687e+01	-4.057774178049952774e+00
-6.716022343815254203e+00	-2.831373580772969412e+00
-6.716022343815254203e+00	-2.831373580772969412e+00
-1.135552545448358686e+01	-1.282135250760208400e+00
-6.406721202485115896e+00	-1.062820457400492202e+01
-1.172827717452972429e+01	-4.049539021829923868e+00
-7.913801737694208249e+00	-6.501263509033845978e+00
-7.913801737694208249e+00	-6.501263509033845978e+00
-9.954828237916208522e+00	-2.161681353312859155e+00
-9.954828237916208522e+00	-2.161681353312859155e+00
-8.087740010071701846e+00	-4.765289018429191614e+00
-5.392268192772730728e+00	-9.763534491523849113e+00
-9.342302935395421670e+00	-3.213328519240568060e+00
-5.183865458420006789e+00	-9.117535964202010845e+00
-5.183865458420006789e+00	-9.117535964202010845e+00
-7.135812484137492362e+00	-3.075939721654107561e+00
-7.135812484137492362e+00	-3.075939721654107561e+00
-5.268584236513589758e+00	-1.039001664128475788e+01
-8.652236568822386786e+00	-9.525287826583321404e+00
-8.652236568822386786e+00	-9.525287826583321404e+00
-7.377195631687108346e+00	-9.486029995123784531e+00
-6.057152031143822057e+00	-5.787300145968013787e+00
-1.160314910656086873e+01	-1.931666377916635202e+00
-1.160314910656086873e+01	-1.931666377916635202e+00
-5.918144309335191089e+00	-8.805746936342631059e+00
-5.918144309335191089e+00	-8.805746936342631059e+00
-5.335253416471011256e+00	-1.116480252232972958e+01
-5.335253416471011256e+00	-1.116480252232972958e+01
-8.016034968238383129e+00	-6.557746402371689598e+00
-4.259934727411211597e+00	-6.508582765823335947e+00
-9.062813534276179084e+00	-4.448420693770357204e+00
-5.055515154265061817e+00	-1.588706533522199704e+00
-5.055515154265061817e+00	-1.588706533522199704e+00
-7.423454431652020347e+00	-6.087678278502012930e+00
-7.423454431652020347e+00	-6.087678278502012930e+00
-7.078307438796626272e+00	-2.809206821183050096e+00
-6.653335686087369361e+00	-1.032197476109434930e+01
-6.653335686087369361e+00	-1.032197476109434930e+01
-8.946049395272922311e+00	-9.158793669568463969e+00
-7.620239750651047750e+00	-4.893299841775329284e+00
-8.901393515435080062e+00	-8.897826269935036336e+00
-8.901393515435080062e+00	-8.897826269935036336e+00
-4.441434168964207174e+00	-2.435800411862241166e+00
-4.441434168964207174e+00	-2.435800411862241166e+00
-7.921927546502023354e+00	-1.518046400451060984e+00
-7.921927546502023354e+00	-1.518046400451060984e+00
-8.474482315121832698e+00	-3.085364542910642438e+00
-8.474482315121832698e+00	-3.085364542910642438e+00
-6.920099637627171951e+00	-4.543776371903495814e+00
-7.735468679217653687e+00	-4.664892480014906084e+00
-6.356611495593969430e+00	-1.405053848842634734e+00
-6.356611495593969430e+00	-1.405053848842634734e+00
-9.656409600503510049e+00	-4.869031731007535058e+00
-5.226808956289783481e+00	-7.794327690332091940e+00
-5.226808956289783481e+00	-7.794327690332091940e+00
-8.611849288345272413e+00	-2.628839508421529025e+00
-6.812608734391191412e+00	-9.657550098109407344e+00
-6.812608734391191412e+00	-9.657550098109407344e+00
-9.935651142149035664e+00	-1.338694638395049763e+00
-9.935651142149035664e+00	-1.338694638395049763e+00
-1.119774084985959384e+01	-9.161754875722154523e+00
-1.119774084985959384e+01	-9.161754875722154523e+00
-5.678618291053795453e+00	-3.683089710764034574e+00
-9.451262087714594529e+00	-9.845556557696012234e+00
-8.616397327181465116e+00	-9.242155837417881159e+00
-1.001099158304637271e+01	-1.738313079463217781e+00
-6.259401235016669673e+00	-1.139399060151596998e+01
-6.259401235016669673e+00	-1.139399060151596998e+01
-5.008903454959819257e+00	-8.902824874292953439e+00
-1.038493703955126435e+01	-9.465714533308016598e+00
-1.038493703955126435e+01	-9.465714533308016598e+00
-1.129370217756360972e+01	-3.431179711461826543e+00
-1.129370217756360972e+01	-3.431179711461826543e+00
-9.431383801212222195e+00	-2.655739075878329469e+00
-9.431383801212222195e+00	-2.655739075878329469e+00
-1.004500192563124727e+01	-4.613304097044352403e+00
-1.004500192563124727e+01	-4.613304097044352403e+00
-1.149864435944199670e+01	-3.626414582301210388e+00
-6.514878337232802075e+00	-1.158067125877800763e+01
-8.511710185208313462e+00	-4.471696194692118098e+00
-8.511710185208313462e+00	-4.471696194692118098e+00
-1.022739903572771070e+01	-6.104393383490958946e+00
-1.022739903572771070e+01	-6.104393383490958946e+00
-1.059830594297800310e+01	-4.437379283547082665e+00
-1.176916689850139441e+01	-1.679275467427522317e+00
-9.612471435926467578e+00	-7.434775828701325473e+00
-6.215982685909247962e+00	-9.366960901641482096e+00
-6.215982685909247962e+00	-9.366960901641482096e+00
-9.011333100757743964e+00	-5.695201353079470508e+00
-1.144774613991825341e+01	-3.932453862546312351e+00
-6.981845561154752744e+00	-3.702313706674059013e+00
-6.981845561154752744e+00	-3.702313706674059013e+00
-1.007827186212675841e+01	-3.201320158450380315e+00
-8.882967910729941963e+00	-4.721356713328090926e+00
-8.882967910729941963e+00	-4.721356713328090926e+00
-7.399000193827443006e+00	-8.835314676353235086e+00
-8.826373371302716819e+00	-4.132168761320943240e+00
-8.270861389681307685e+00	-4.991937449285666517e+00
-6.425275727489625943e+00	-8.952266708457155886e+00
-6.753091106935730892e+00	-6.899085514142797138e+00
-9.775922236523783226e+00	-1.099700381934025728e+01
-4.693968170413530316e+00	-8.103246553024819221e+00
-9.670790830733995591e+00	-5.822346831857657001e+00
-5.997385429717692062e+00	-2.256943274784391384e+00
-5.997385429717692062e+00	-2.256943274784391384e+00
-1.139650431289854460e+01	-9.123422419971774389e+00
-1.139650431289854460e+01	-9.123422419971774389e+00
-1.195154221207168277e+01	-4.344567618579540991e+00
-8.705077596528433048e+00	-9.909023646105788785e+00
-8.705077596528433048e+00	-9.909023646105788785e+00
-1.046585524149233670e+01	-2.440739842370415857e+00
-1.082440913180840880e+01	-6.811353115581941786e+00
-1.116317951187363278e+01	-1.076899273950908764e+01
-7.214880052225131735e+00	-3.559099641927613966e+00
-7.214880052225131735e+00	-3.559099641927613966e+00
-1.018199721788101009e+01	-7.394493801097831387e+00
-7.483747183442771345e+00	-8.089173243170503014e+00
-7.483747183442771345e+00	-8.089173243170503014e+00
-9.657154812219243212e+00	-1.154292276108857784e+01
-8.890564282074352676e+00	-1.039412310468011036e+01
-8.890564282074352676e+00	-1.039412310468011036e+01
-6.424155230324686272e+00	-2.118123896625355940e+00
-6.424155230324686272e+00	-2.118123896625355940e+00
-7.292184830271411400e+00	-1.650101008691693405e+00
-7.292184830271411400e+00	-1.650101008691693405e+00
-9.878223663661241716e+00	-9.527363122768331749e+00
-9.878223663661241716e+00	-9.527363122768331749e+00
-1.007896940833148847e+01	-7.030730520011922557e+00
-1.007896940833148847e+01	-7.030730520011922557e+00
-6.272065973125170224e+00	-1.007803438656543271e+01
-8.575048472786974685e+00	-3.497216246704580200e+00
-8.575048472786974685e+00	-3.497216246704580200e+00
-7.071193882670726794e+00	-7.746431458607252907e+00
-7.071193882670726794e+00	-7.746431458607252907e+00
-1.188694259973574141e+01	-7.997269138409183853e+00
-1.188694259973574141e+01	-7.997269138409183853e+00
-1.050279811795808271e+01	-4.000632285979277114e+00
-5.891634999704765008e+00	-6.432731606160151827e+00
-5.891634999704765008e+00	-6.432731606160151827e+00
-1.105381063784580320e+01	-8.507528363350171929e+00
-1.105381063784580320e+01	-8.507528363350171929e+00
-7.295180991899900214e+00	-7.274578247519809082e+00
-7.295180991899900214e+00	-7.274578247519809082e+00
-7.693629601673695362e+00	-2.725412227996673042e+00
-7.616636643238481774e+00	-5.865900889802914797e+00
-7.069518590883807185e+00	-1.094874491600541333e+01
-9.022083248874233519e+00	-6.285692875324346396e+00
-1.017314573790238619e+01	-3.219322160595156745e+00
-1.017314573790238619e+01	-3.219322160595156745e+00
-1.095685931369741439e+01	-7.450348970397283388e+00
-8.227846512832037718e+00	-9.614382533095946926e+00
-6.664640031151253474e+00	-3.818044828700050353e+00
-5.256917422169495424e+00	-8.525418792478296481e+00
-5.256917422169495424e+00	-8.525418792478296481e+00
-1.116627721582611876e+01	-1.077330348484839995e+01
-1.066125241847672100e+01	-3.770876934530421831e+00
-1.103415958071633085e+01	-9.053890605211792675e+00
-6.666426445548453650e+00	-1.893158024877781509e+00
-6.666426445548453650e+00	-1.893158024877781509e+00
-1.012680945647799646e+01	-6.248584128975015695e+00
-1.189870413435797225e+01	-8.962275759754634308e+00
-6.204556836501901707e+00	-1.098233177573456665e+01
-6.204556836501901707e+00	-1.098233177573456665e+01
-1.009504282132601638e+01	-4.428370206282858490e+00
-8.005234930470653154e+00	-1.111859421903652390e+01
-8.005234930470653154e+00	-1.111859421903652390e+01
-6.334592813535532940e+00	-2.012986142443650817e+00
-9.586831025811829221e+00	-4.130051304035213811e+00
-9.586831025811829221e+00	-4.130051304035213811e+00
-1.014799487579631077e+01	-1.151289342309472019e+01
-1.014799487579631077e+01	-1.151289342309472019e+01
-7.633284397977621261e+00	-9.285952641780852446e+00
-7.633284397977621261e+00	-9.285952641780852446e+00
-7.907246715079436328e+00	-9.186882955386016292e+00
-6.259279434239918061e+00	-2.440045151335164419e+00
-6.191465033287666841e+00	-6.780486719511577220e+00
-6.191465033287666841e+00	-6.780486719511577220e+00
-8.375275235277202412e+00	-9.134585860796176959e+00
-8.375275235277202412e+00	-9.134585860796176959e+00
-7.780993619511113124e+00	-1.068812019916030032e+01
-1.160100605901405935e+01	-1.027957321415609648e+01
-1.160100605901405935e+01	-1.027957321415609648e+01
-9.742337977197694343e+00	-7.381986348367049366e+00
-8.295674481838362979e+00	-7.236071221614812643e+00
-8.295674481838362979e+00	-7.236071221614812643e+00
-9.073755876060305425e+00	-9.750815603658653075e+00
-9.073755876060305425e+00	-9.750815603658653075e+00
-5.638327493604911922e+00	-1.188114442346124022e+01
-5.638327493604911922e+00	-1.188114442346124022e+01
-1.161668529733821487e+01	-2.240894958582920093e+00
-1.161668529733821487e+01	-2.240894958582920093e+00
-7.735144366367747715e+00	-3.073304842957074623e+00
-6.250641273358370498e+00	-7.342705139242234225e+00
-1.077437702875044856e+01	-2.795374117538035552e+00
-7.569658474383403224e+00	-5.738566747397183754e+00
-7.569658474383403224e+00	-5.738566747397183754e+00
-8.287840993209750096e+00	-6.596637488561371221e+00
-8.287840993209750096e+00	-6.596637488561371221e+00
-1.122955043212478188e+01	-5.851089870318928909e+00
-5.651228949130908674e+00	-7.572809915386160995e+00
-6.502177365608141635e+00	-6.563281121863476564e+00
-6.502177365608141635e+00	-6.563281121863476564e+00
-4.690409806874050069e+00	-6.486082709420009529e+00
-4.690409806874050069e+00	-6.486082709420009529e+00
-1.138383582073721989e+01	-1.009441114178656029e+01
-1.138383582073721989e+01	-1.009441114178656029e+01
-5.759863401502143709e+00	-2.198998895986124857e+00
-5.759863401502143709e+00	-2.198998895986124857e+00
-9.906309590301066947e+00	-3.799922920124642278e+00
-9.906309590301066947e+00	-3.799922920124642278e+00
-6.940069576609883661e+00	-8.540313545418866781e+00
-6.940069576609883661e+00	-8.540313545418866781e+00
-5.237871917656637955e+00	-8.469811430774520034e+00
-5.712644179636426678e+00	-1.034408721624073735e+01
-6.447614838614245336e+00	-2.079438226558891323e+00
-6.447614838614245336e+00	-2.079438226558891323e+00
-6.039766965903170082e+00	-7.044011952079196170e+00
-9.424331643937451375e+00	-7.698863115539515078e+00
-1.106970305819669953e+01	-9.946128549435021782e+00
-1.106970305819669953e+01	-9.946128549435021782e+00
-9.632820728420970369e+00	-6.418947895030057360e+00
-9.632820728420970369e+00	-6.418947895030057360e+00
-7.035115580803987356e+00	-6.524276486348409065e+00
-7.035115580803987356e+00	-6.524276486348409065e+00
-8.872944954112016447e+00	-1.106586854359248306e+01
-1.133916057079677486e+01	-5.357591339738353220e+00
-1.133916057079677486e+01	-5.357591339738353220e+00
-8.134620541588972742e+00	-9.331052013591389027e+00
-8.134620541588972742e+00	-9.331052013591389027e+00
-1.142437237375587955e+01	-8.255321934789689564e+00
-7.086948116969326250e+00	-9.914992584485004201e+00
-7.086948116969326250e+00	-9.914992584485004201e+00
-4.519952663540596660e+00	-2.814355675610694885e+00
-4.519952663540596660e+00	-2.814355675610694885e+00
-1.062846833426906734e+01	-9.552482416507515950e+00
-1.062846833426906734e+01	-9.552482416507515950e+00
-9.585896567296392945e+00	-3.590696095433664858e+00
-9.585896567296392945e+00	-3.590696095433664858e+00
-1.063989862146991960e+01	-3.306298123098095232e+00
-9.895137682058534168e+00	-2.419953204998888552e+00
-1.187328135643610061e+01	-1.084591133837446364e+01
-9.658919916544913775e+00	-3.998009805254323368e+00
-9.658919916544913775e+00	-3.998009805254323368e+00
-7.991520662636336425e+00	-2.810831842842662187e+00
-1.108299464358498021e+01	-1.097176250356574556e+01
-9.759210433119992700e+00	-4.778992050708697370e+00
-9.759210433119992700e+00	-4.778992050708697370e+00
-5.806965710793940971e+00	-5.262545018165292632e+00
-5.806965710793940971e+00	-5.262545018165292632e+00
-6.679555629455437682e+00	-5.049758793460138229e+00
-8.092490815233965407e+00	-4.746521478263839633e+00
-8.092490815233965407e+00	-4.746521478263839633e+00
-4.518433621902661734e+00	-5.604550778520363430e+00
-7.110963163871506509e+00	-3.851774162493663223e+00
-7.110963163871506509e+00	-3.851774162493663223e+00
-1.023384727273037242e+01	-1.063282024387364366e+01
-8.994007863612059950e+00	-2.316154791582360595e+00
-8.097027742981246945e+00	-2.251997677417004073e+00
-8.097027742981246945e+00	-2.251997677417004073e+00
-9.437064490966481145e+00	-5.144360120239960921e+00
-9.437064490966481145e+00	-5.144360120239960921e+00
-5.443963666773738552e+00	-9.529123261539181655e+00
-4.860743814254479211e+00	-1.368190682260658875e+00
-6.184659837410964478e+00	-7.159072403307511046e+00
-9.282544840297649813e+00	-2.332960442971571347e+00
-1.123253337248396910e+01	-1.064889339534895107e+01
-7.141776908065905261e+00	-5.507965073068334938e+00
-7.141776908065905261e+00	-5.507965073068334938e+00
-8.022165028410789489e+00	-3.585198367508976247e+00
-8.095393760790797089e+00	-1.155028864582504688e+01
-6.563727055884146289e+00	-2.925900049831981597e+00
-9.788603098816299308e+00	-3.687460718384307778e+00
-9.788603098816299308e+00	-3.687460718384307778e+00
-6.893953438096840358e+00	-7.191627200827781508e+00
-6.893953438096840358e+00	-7.191627200827781508e+00
-4.463231976987151128e+00	-2.279727027397506323e+00
-4.463231976987151128e+00	-2.279727027397506323e+00
-1.159946311035313116e+01	-8.992978728033687474e+00
-1.159946311035313116e+01	-8.992978728033687474e+00
-9.082537072340970852e+00	-7.809727079695595542e+00
-9.334548549840720355e+00	-1.087171498955925841e+01
-8.931017451924335049e+00	-6.998872118041218116e+00
-8.931017451924335049e+00	-6.998872118041218116e+00
-8.029322157581928465e+00	-1.086656111522180979e+01
-8.029322157581928465e+00	-1.086656111522180979e+01
-8.016463941552586903e+00	-7.583583897118899131e+00
-8.016463941552586903e+00	-7.583583897118899131e+00
-1.132947915669141281e+01	-5.403736358179992649e+00
-5.722685918079831957e+00	-1.094855399015463959e+01
-5.722685918079831957e+00	-1.094855399015463959e+01
-1.008932778638349959e+01	-3.008428412823132003e+00
-1.008932778638349959e+01	-3.008428412823132003e+00
-8.496706244428620991e+00	-8.125232508273001031e+00
-8.496706244428620991e+00	-8.125232508273001031e+00
-7.772561979158584045e+00	-2.477118621522742536e+00
-8.773595483394721839e+00	-1.784368018627442432e+00
-8.506071787462419209e+00	-9.648373788656671834e+00
-8.506071787462419209e+00	-9.648373788656671834e+00
-1.128217423240198336e+01	-1.010393888207829605e+01
-1.128217423240198336e+01	-1.010393888207829605e+01
-9.689906836868310336e+00	-1.006925702504793207e+01
-9.689906836868310336e+00	-1.006925702504793207e+01
-7.924467732820862587e+00	-3.208556782450188383e+00
-7.172757914783587374e+00	-9.501672391845758625e+00
-7.172757914783587374e+00	-9.501672391845758625e+00
-1.054532919687235903e+01	-1.183855885950602982e+01
-6.801137498891441702e+00	-2.319582245733151638e+00
-5.412543706743445426e+00	-1.013067325662542473e+01
-5.412543706743445426e+00	-1.013067325662542473e+01
-7.881222518594705129e+00	-2.762497277163295628e+00
-7.881222518594705129e+00	-2.762497277163295628e+00
-1.015201256034619171e+01	-1.043557617157535233e+01
-1.015201256034619171e+01	-1.043557617157535233e+01
-1.177201616954323526e+01	-1.090222981706537553e+01
-1.060147462792919093e+01	-1.049924530512436682e+01
-1.060147462792919093e+01	-1.049924530512436682e+01
-9.075733047507986484e+00	-4.763634137639114918e+00
-9.075733047507986484e+00	-4.763634137639114918e+00
-5.465808142522097235e+00	-5.514164013904601980e+00
-1.141875534692038840e+01	-6.691508656393791554e+00
-1.141875534692038840e+01	-6.691508656393791554e+00
-1.191994625110029027e+01	-9.029653752659468680e+00
-1.191994625110029027e+01	-9.029653752659468680e+00
-9.966073950087602995e+00	-7.240601333265900053e+00
-6.599544795946485465e+00	-7.713761237514245472e+00
-5.655432297160127852e+00	-3.806224746192799824e+00
-7.322123396447314470e+00	-1.022306343133390349e+01
-9.571638929758019998e+00	-1.172535236510011636e+01
-8.978281353760870331e+00	-3.564730130189968538e+00
-8.978281353760870331e+00	-3.564730130189968538e+00
-6.111955486335145515e+00	-4.051406762028001651e+00
-6.725371956019290387e+00	-1.081285919387128658e+01
-6.725371956019290387e+00	-1.081285919387128658e+01
-1.121462307924338120e+01	-4.550528021981985027e+00
-1.121462307924338120e+01	-4.550528021981985027e+00
-8.159659310525627873e+00	-1.011933049323879708e+01
-8.159659310525627873e+00	-1.011933049323879708e+01
-6.758489290920534742e+00	-1.058995870944521300e+01
-6.758489290920534742e+00	-1.058995870944521300e+01
-1.009847461271590596e+01	-1.360174581754609591e+00
-5.737663666099082960e+00	-9.259409809302376004e+00
-1.175763805499762604e+01	-5.826125314028899993e+00
-9.982771156276998070e+00	-4.958786300452130646e+00
-9.982771156276998070e+00	-4.958786300452130646e+00
-4.881166152768985356e+00	-3.177840432018000705e+00
-4.881166152768985356e+00	-3.177840432018000705e+00
-5.064092196829817816e+00	-8.474491398805540143e+00
-1.034473780181621905e+01	-6.803238739433464133e+00
-1.034473780181621905e+01	-6.803238739433464133e+00
-1.172713193685461341e+01	-8.826539880461217180e+00
-1.172713193685461341e+01	-8.826539880461217180e+00
-1.109774183957892646e+01	-4.416621743623148966e+00
-7.090701890380307404e+00	-2.003890221517619974e+00
-7.090701890380307404e+00	-2.003890221517619974e+00
-5.570510700413188410e+00	-9.156544284574142267e+00
-5.570510700413188410e+00	-9.156544284574142267e+00
-7.576566626493881351e+00	-2.751388758032282666e+00
-7.848683435540506181e+00	-9.224671886126209586e+00
-7.848683435540506181e+00	-9.224671886126209586e+00
-8.666694105723511399e+00	-1.038785005773822334e+01
-1.112649304836166486e+01	-6.486170008813461507e+00
-5.461458553924593673e+00	-1.444633753940990584e+00
-5.461458553924593673e+00	-1.444633753940990584e+00
-8.787079935816779042e+00	-9.357680392206797038e+00
-9.116982197391548581e+00	-1.313104228124267081e+00
-5.658212419900175760e+00	-8.717344616379227418e+00
-7.680952093761702848e+00	-9.655627245607330877e+00
-7.680952093761702848e+00	-9.655627245607330877e+00
-1.016855715314973807e+01	-5.052338972811553752e+00
-1.016855715314973807e+01	-5.052338972811553752e+00
-5.579819908725377253e+00	-3.045201448127548005e+00
-1.196646185366353521e+01	-2.983628835363191012e+00
-1.196646185366353521e+01	-2.983628835363191012e+00
-8.778526051436976729e+00	-4.234765775806383026e+00
-8.778526051436976729e+00	-4.234765775806383026e+00
-1.141977208179864611e+01	-1.173827720098020855e+01
-8.214609352930505537e+00	-1.046759649880286425e+01
-7.120437643886714518e+00	-7.868519362984486065e+00
-7.120437643886714518e+00	-7.868519362984486065e+00
-7.368194143869422952e+00	-9.266004391533776641e+00
-7.368194143869422952e+00	-9.266004391533776641e+00
-9.027102791701301143e+00	-5.190348782300448605e+00
-9.027102791701301143e+00	-5.190348782300448605e+00
-1.002620323533215441e+01	-8.951410117164266822e+00
-7.718566467713713131e+00	-8.543246207269257653e+00
-8.260734650757841635e+00	-8.249467807098390892e+00
-9.848890456008946970e+00	-1.111936272110884616e+01
-6.193622553066178149e+00	-4.497558171800185356e+00
-1.093457867806717942e+01	-7.803103152487187444e+00
-8.318335158058228984e+00	-1.267298412388641715e+00
-8.318335158058228984e+00	-1.267298412388641715e+00
-4.577977388943581083e+00	-6.544332759864395221e+00
-4.577977388943581083e+00	-6.544332759864395221e+00
-6.221776932290604911e+00	-5.968400385855542112e+00
-6.221776932290604911e+00	-5.968400385855542112e+00
-6.515711958643862545e+00	-6.144283783703530233e+00
-6.515711958643862545e+00	-6.144283783703530233e+00
-8.584079698804421454e+00	-6.314490430931580356e+00
-4.415082608888912574e+00	-9.227549203009926870e+00
-5.021531476357804280e+00	-9.296706189408896037e+00
-5.021531476357804280e+00	-9.296706189408896037e+00
-6.125039874327719680e+00	-3.865224603553426785e+00
-6.893265327403238274e+00	-7.979622946422141538e+00
-6.893265327403238274e+00	-7.979622946422141538e+00
-5.464070598330549089e+00	-7.600925058037704574e+00
-6.189771868153831846e+00	-5.479519232581949950e+00
-9.026064876234796586e+00	-2.105567624773284408e+00
-1.023078632975264846e+01	-2.252709650849599399e+00
-1.023078632975264846e+01	-2.252709650849599399e+00
-1.194197770800666980e+01	-4.667048811003884801e+00
-1.194197770800666980e+01	-4.667048811003884801e+00
-9.841086694232703991e+00	-8.106343469723165995e+00
-9.841086694232703991e+00	-8.106343469723165995e+00
-1.121166356039296552e+01	-1.911610640048988063e+00
-1.121166356039296552e+01	-1.911610640048988063e+00
-5.834655281849133956e+00	-8.175219499154188441e+00
-5.834655281849133956e+00	-8.175219499154188441e+00
-6.232617295586511119e+00	-3.606659421587202985e+00
-6.232617295586511119e+00	-3.606659421587202985e+00
-7.304632184896404645e+00	-6.719411142820696625e+00
-1.107203526835508534e+01	-4.126365746643612553e+00
-9.585298691314450892e+00	-4.522474384971359562e+00
-9.585298691314450892e+00	-4.522474384971359562e+00
-6.127597910104654488e+00	-5.867694558037019448e+00
-9.700020026595801426e+00	-3.272290990373987185e+00
-1.021193731173096886e+01	-2.913650578976521910e+00
-9.593881376961560292e+00	-3.131902850970055940e+00
-9.593881376961560292e+00	-3.131902850970055940e+00
-1.118176352489983927e+01	-1.667502675259382006e+00
-7.995321115382973964e+00	-7.918978263531871065e+00
-7.995321115382973964e+00	-7.918978263531871065e+00
-4.595859853458165389e+00	-6.947983943008036789e+00
-7.566520676730288386e+00	-7.050201414404944522e+00
-7.566520676730288386e+00	-7.050201414404944522e+00
-8.005328616386359286e+00	-7.796741468695907784e+00
-8.005328616386359286e+00	-7.796741468695907784e+00
-9.900941621766875755e+00	-6.062718250992195301e+00
-9.900941621766875755e+00	-6.062718250992195301e+00
-9.251212896232098970e+00	-7.958406219940870940e+00
-9.251212896232098970e+00	-7.958406219940870940e+00
-7.988539961115997734e+00	-7.574849218266741957e+00
-7.988539961115997734e+00	-7.574849218266741957e+00
-7.094021633633807333e+00	-2.086358811176310724e+00
-1.157419877751041248e+01	-8.832769852394852350e+00
-6.994621156997850697e+00	-8.507498022171175123e+00
-6.994621156997850697e+00	-8.507498022171175123e+00
-1.000281024791147821e+01	-6.702607080411393525e+00
-1.000281024791147821e+01	-6.702607080411393525e+00
-1.037099511040020161e+01	-9.473420642916572376e+00
-4.659540887243209362e+00	-7.662604288859345303e+00
-4.659540887243209362e+00	-7.662604288859345303e+00
-9.363429437521622489e+00	-4.661618710414034084e+00
-9.363429437521622489e+00	-4.661618710414034084e+00
-6.026660632340917090e+00	-4.924486791299879762e+00
-6.026660632340917090e+00	-4.924486791299879762e+00
-1.170847139555469774e+01	-5.192614540489228325e+00
-1.014286061941186468e+01	-4.035027577556858702e+00
-9.692300014100920791e+00	-5.065181796490431765e+00
-9.692300014100920791e+00	-5.065181796490431765e+00
-6.059007601893129369e+00	-1.190953717258875422e+01
-6.059007601893129369e+00	-1.190953717258875422e+01
-1.053204147967301552e+01	-5.707114171344317199e+00
-1.053204147967301552e+01	-5.707114171344317199e+00
-1.097632684818878168e+01	-5.684075147822508889e+00
-1.097632684818878168e+01	-5.684075147822508889e+00
-8.925317429336448782e+00	-8.402132054393483429e+00
-8.925317429336448782e+00	-8.402132054393483429e+00
-7.382009331453592615e+00	-1.139720705367312625e+01
-8.225136333673685129e+00	-1.980774402150046409e+00
-8.225136333673685129e+00	-1.980774402150046409e+00
-8.191291423665624905e+00	-6.204822932686167469e+00
-8.265084934992682264e+00	-5.929546530253582581e+00
-8.265084934992682264e+00	-5.929546530253582581e+00
-5.668079033808974820e+00	-4.317087301116082187e+00
-1.037124711772304941e+01	-7.535106969952392042e+00
-8.524093433604186032e+00	-9.237130108890493574e+00
-9.034477081431644407e+00	-1.178237119101594388e+01
-9.034477081431644407e+00	-1.178237119101594388e+01
-8.720951387081987249e+00	-6.333189685417384140e+00
-1.027103862433865800e+01	-1.069891020097021617e+01
-1.018774460308168450e+01	-1.063820116799584525e+01
-1.065925317343642575e+01	-8.223066174749041224e+00
-1.065925317343642575e+01	-8.223066174749041224e+00
-8.669043935187366046e+00	-8.817710378912689606e+00
-8.669043935187366046e+00	-8.817710378912689606e+00
-8.262993201459233106e+00	-4.103478222600240422e+00
-8.262993201459233106e+00	-4.103478222600240422e+00
-6.941260233593488316e+00	-6.400746490965218527e+00
-1.027072682937359716e+01	-1.061679466786383585e+01
-1.027072682937359716e+01	-1.061679466786383585e+01
-1.114416378343123881e+01	-1.026579913031796565e+01
-9.652582190931694228e+00	-4.031130727402583602e+00
-9.652582190931694228e+00	-4.031130727402583602e+00
-6.055199208609568728e+00	-5.150806682089634769e+00
-8.567486766952608690e+00	-3.555391210013635117e+00
-6.841168310058543867e+00	-6.700452721399104306e+00
-6.841168310058543867e+00	-6.700452721399104306e+00
-1.004109855283403441e+01	-3.077709759464815509e+00
-1.004109855283403441e+01	-3.077709759464815509e+00
-1.153633243075124426e+01	-1.047918568621257762e+01
-1.153633243075124426e+01	-1.047918568621257762e+01
-6.240967735830625251e+00	-6.900985625602864104e+00
-1.121301339600249669e+01	-1.193140971002209660e+01
-1.121301339600249669e+01	-1.193140971002209660e+01
-6.899937807573909510e+00	-3.907385765250974252e+00
-5.857845394819990226e+00	-8.667581808797450549e+00
-5.857845394819990226e+00	-8.667581808797450549e+00
-9.345506932233632824e+00	-5.682543426026367861e+00
-1.005711391539274580e+01	-1.029373473610875678e+01
-1.005711391539274580e+01	-1.029373473610875678e+01
-9.284139058392501198e+00	-1.130845708983525455e+01
-9.284139058392501198e+00	-1.130845708983525455e+01
-8.811908215264111277e+00	-9.972550143780010146e+00
-8.811908215264111277e+00	-9.972550143780010146e+00
-1.025302381868893775e+01	-5.126737824627497275e+00
-4.711372888982115370e+00	-7.064816835457238930e+00
-1.061180290164661244e+01	-5.797495473163678525e+00
-9.508298467099766782e+00	-5.640698189463116741e+00
-1.064238369743711132e+01	-5.751191872464582744e+00
-1.064238369743711132e+01	-5.751191872464582744e+00
-7.596553993808862870e+00	-3.205998150634569832e+00
-7.596553993808862870e+00	-3.205998150634569832e+00
-7.924296229527786117e+00	-8.131815606058928836e+00
-7.924296229527786117e+00	-8.131815606058928836e+00
-1.016514596891735955e+01	-4.174988158565705376e+00
-7.886998462911236629e+00	-5.422448861670845055e+00
-5.002073011826736249e+00	-8.870734444412414987e+00
-5.002073011826736249e+00	-8.870734444412414987e+00
-4.153088932250628140e+00	-1.164592415278179516e+01
-4.153088932250628140e+00	-1.164592415278179516e+01
-6.731904243451820591e+00	-9.602685868452780937e+00
-5.370469645323173502e+00	-7.682217311471471355e+00
-1.107250768996528656e+01	-2.426709011263782134e+00
-8.897117531417798375e+00	-1.096538325547510695e+01
-1.081326957985980819e+01	-1.045302561817926978e+01
-9.149683890992426072e+00	-1.024257865953906510e+01
-4.541529541952616711e+00	-5.594585078821035395e+00
-4.541529541952616711e+00	-5.594585078821035395e+00
-8.418969015530562316e+00	-8.571614294865742778e+00
-9.151404958392802769e+00	-3.597827080532107757e+00
-9.346010006723830088e+00	-5.037241420274527925e+00
-9.383015417957889071e+00	-1.135260584258418959e+01
-9.383015417957889071e+00	-1.135260584258418959e+01
-8.699089731132005454e+00	-1.009121129786950277e+01
-9.343097142147373191e+00	-8.757441997685615931e+00
-9.343097142147373191e+00	-8.757441997685615931e+00
-9.955582595719535632e+00	-9.160653511954254924e+00
-9.955582595719535632e+00	-9.160653511954254924e+00
-7.620510427658038211e+00	-7.164235471853618975e+00
-6.581484607008120769e+00	-9.339778230959055350e+00
-8.092834821146048796e+00	-9.430594364151186682e+00
-8.098010241598929682e+00	-3.275311190584846432e+00
-8.098010241598929682e+00	-3.275311190584846432e+00
-9.511321442075415078e+00	-1.140064388772787574e+01
-5.018510354570775434e+00	-1.111068691267499453e+01
-6.904401273056513411e+00	-1.150068216534069698e+01
-6.904401273056513411e+00	-1.150068216534069698e+01
-7.090208897592179760e+00	-6.398861697338126042e+00
-5.006323154484415561e+00	-6.336722545517166516e+00
-7.630872919127942744e+00	-1.012559690807452029e+01
-1.106781406845249549e+01	-3.230572679911748235e+00
-1.135558910013738831e+01	-1.146641774273270364e+01
-5.931564298269856650e+00	-1.132743026242648021e+01
-1.084994232119707824e+01	-1.037643664569996105e+01
-1.084994232119707824e+01	-1.037643664569996105e+01
-5.957763964104143106e+00	-1.956674813214742903e+00
-5.957763964104143106e+00	-1.956674813214742903e+00
-1.045356148784763839e+01	-3.340381259156958826e+00
-1.045356148784763839e+01	-3.340381259156958826e+00
-1.080429839156532168e+01	-1.036213941729647026e+01
-1.080429839156532168e+01	-1.036213941729647026e+01
-8.613060765385435857e+00	-6.916770398515793339e+00
-8.613060765385435857e+00	-6.916770398515793339e+00
-7.562263096907284599e+00	-7.497293912772732050e+00
-7.562263096907284599e+00	-7.497293912772732050e+00
-7.268789689014702127e+00	-1.004807166252743222e+01
-4.904964674425840165e+00	-3.194155894656166783e+00
-4.904964674425840165e+00	-3.194155894656166783e+00
-9.124198891416567037e+00	-3.879455023403333147e+00
-9.124198891416567037e+00	-3.879455023403333147e+00
-8.719978881083847000e+00	-4.351855237493821527e+00
-4.760903839331377618e+00	-9.336690933731295772e+00
-4.760903839331377618e+00	-9.336690933731295772e+00
-8.830977196019974329e+00	-2.346876521758645584e+00
-8.830977196019974329e+00	-2.346876521758645584e+00
-9.623039814749512644e+00	-6.589208380979501456e+00
-9.623039814749512644e+00	-6.589208380979501456e+00
-9.691470180732757456e+00	-1.000023869320621905e+01
-9.691470180732757456e+00	-1.000023869320621905e+01
-7.016252297204832011e+00	-6.415577409435066158e+00
-1.087676379278659233e+01	-5.107194793470671179e+00
-1.114041912007072810e+01	-4.121660983663456790e+00
-1.114041912007072810e+01	-4.121660983663456790e+00
-1.049845799056260631e+01	-4.128843722628930735e+00
-1.049845799056260631e+01	-4.128843722628930735e+00
-6.474545342893241795e+00	-1.000470334453196841e+01
-1.015940986962320913e+01	-9.727909693934108759e+00
-1.015940986962320913e+01	-9.727909693934108759e+00
-1.149652278652425075e+01	-8.407514480839001436e+00
-1.149652278652425075e+01	-8.407514480839001436e+00
-8.601407126676713588e+00	-9.644869176510756148e+00
-6.366333795303345866e+00	-6.463492377740108097e+00
-6.366333795303345866e+00	-6.463492377740108097e+00
-1.031185089714618641e+01	-9.403486549626331126e+00
-1.117625675444796407e+01	-7.142292373169524033e+00
-1.117625675444796407e+01	-7.142292373169524033e+00
-6.716426723312967084e+00	-1.158685483002548544e+01
-6.716426723312967084e+00	-1.158685483002548544e+01
-1.118461195886150783e+01	-4.289836770298252944e+00
-1.118461195886150783e+01	-4.289836770298252944e+00
-7.213626882690965303e+00	-4.849138139445200224e+00
-7.213626882690965303e+00	-4.849138139445200224e+00
-6.183734412656027857e+00	-1.102457846622716531e+01
-6.183734412656027857e+00	-1.102457846622716531e+01
-6.205647127868514801e+00	-1.165812769945354610e+01
-6.205647127868514801e+00	-1.165812769945354610e+01
-1.059354079930550796e+01	-3.306649363232830652e+00
-1.059354079930550796e+01	-3.306649363232830652e+00
-1.198673545523691786e+01	-1.096364765709794398e+01
-1.198673545523691786e+01	-1.096364765709794398e+01
-6.528856802824587469e+00	-6.866797757911567324e+00
-6.528856802824587469e+00	-6.866797757911567324e+00
-8.395243748900636405e+00	-8.676985351974911609e+00
-1.163372713745049936e+01	-1.132311966179138452e+01
-4.622440471568052267e+00	-4.063014140563346643e+00
-4.622440471568052267e+00	-4.063014140563346643e+00
-1.019398482612713863e+01	-9.384786925879078368e+00
-9.561914656820754033e+00	-5.493562686214986890e+00
-9.628976371857813632e+00	-8.022078207780904080e+00
-9.895890720010163122e+00	-7.266345324830330910e+00
-7.314592632821356410e+00	-4.060915017791044690e+00
-7.314592632821356410e+00	-4.060915017791044690e+00
-9.300084535039136568e+00	-8.935479970708673392e+00
-9.815963278618271559e+00	-3.411005332437212267e+00
-9.436668326350460489e+00	-1.180110240372558117e+01
-7.352262267105063032e+00	-3.862513701460911886e+00
-6.456122202637203600e+00	-1.449512176678919628e+00
-6.456122202637203600e+00	-1.449512176678919628e+00
-7.661886806256726246e+00	-2.428857735942363760e+00
-7.661886806256726246e+00	-2.428857735942363760e+00
-7.099744002543242338e+00	-3.700975758307600394e+00
-1.183629146705821888e+01	-6.373889223347326549e+00
-1.152462330725771800e+01	-8.600463529650593131e+00
-8.761201777346656172e+00	-9.871443851161931349e+00
-8.761201777346656172e+00	-9.871443851161931349e+00
-6.291149994108118371e+00	-1.685412543176925348e+00
-6.291149994108118371e+00	-1.685412543176925348e+00
-6.767298772976207744e+00	-9.773008723182220692e+00
-6.767298772976207744e+00	-9.773008723182220692e+00
-1.166664030456843371e+01	-3.433441709249864804e+00
-1.166664030456843371e+01	-3.433441709249864804e+00
-9.394473145676633052e+00	-8.921875001762613167e+00
-9.394473145676633052e+00	-8.921875001762613167e+00
-9.532622112994047825e+00	-1.040318788859916666e+01
-9.552792100075540915e+00	-4.980500835496756373e+00
-7.540950257904518672e+00	-7.081835067388747795e+00
-7.540950257904518672e+00	-7.081835067388747795e+00
-7.500628925423472815e+00	-2.750722715182566169e+00
-5.321722552534207118e+00	-4.451119309416172065e+00
-1.158146419095337443e+01	-9.010312081922613459e+00
-6.105215948220004130e+00	-4.419124253849918915e+00
-6.200452172855973387e+00	-2.439956111115635373e+00
-9.761566529859214469e+00	-1.030028114298492348e+01
-9.761566529859214469e+00	-1.030028114298492348e+01
-5.896818392598589753e+00	-3.574912284809237839e+00
-7.865554834064299783e+00	-5.090673623049601915e+00
-7.865554834064299783e+00	-5.090673623049601915e+00
-6.088964465732489728e+00	-1.028004835773571912e+01
-6.088964465732489728e+00	-1.028004835773571912e+01
-6.460362994369862832e+00	-1.128520545014840337e+01
-6.460362994369862832e+00	-1.128520545014840337e+01
-1.067912239182180478e+01	-4.109855958778566354e+00
-1.199763832245706219e+01	-6.466697178361690668e+00
-5.130673777275531755e+00	-1.170316064207894335e+01
-5.130673777275531755e+00	-1.170316064207894335e+01
-8.697833204308215826e+00	-7.259136265216948658e+00
-5.922425367885222336e+00	-4.151258703271270889e+00
-5.922425367885222336e+00	-4.151258703271270889e+00
-1.078540480590895179e+01	-6.960159034201542916e+00
-9.325686455276720466e+00	-1.654956122361366910e+00
-9.325686455276720466e+00	-1.654956122361366910e+00
-5.671482789534242563e+00	-1.187375909389928452e+01
-5.671482789534242563e+00	-1.187375909389928452e+01
-5.110703620701428029e+00	-4.422609195799909187e+00
-5.110703620701428029e+00	-4.422609195799909187e+00
-8.962906391237797976e+00	-4.011450892276647195e+00
-9.995790611898710765e+00	-9.707436657660613477e+00
-1.082102458171480031e+01	-7.684774140037180956e+00
-1.082102458171480031e+01	-7.684774140037180956e+00
-5.361846581784636356e+00	-5.183641350297913064e+00
-5.361846581784636356e+00	-5.183641350297913064e+00
-8.563390775930827203e+00	-1.680669242032202915e+00
-8.563390775930827203e+00	-1.680669242032202915e+00
-6.578269421651035564e+00	-6.087792563498075182e+00
-6.578269421651035564e+00	-6.087792563498075182e+00
-9.822816214040836158e+00	-4.145836955865544127e+00
-9.822816214040836158e+00	-4.145836955865544127e+00
-6.074256655274043126e+00	-9.662328136228570230e+00
-6.074256655274043126e+00	-9.662328136228570230e+00
-5.490182159353907743e+00	-8.745576486509570202e+00
-1.106580512195460386e+01	-5.375697850738418992e+00
-1.106580512195460386e+01	-5.375697850738418992e+00
-7.484470858126007542e+00	-9.060237402189422085e+00
-7.484470858126007542e+00	-9.060237402189422085e+00
-5.736855212352150346e+00	-2.425869679358584108e+00
-5.736855212352150346e+00	-2.425869679358584108e+00
-9.879975857947187023e+00	-9.688802318659204715e+00
-9.879975857947187023e+00	-9.688802318659204715e+00
-1.062950679884273519e+01	-3.121237191612424411e+00
-1.062950679884273519e+01	-3.121237191612424411e+00
-6.139510349230524078e+00	-8.603938016688946533e+00
-7.323595840354159670e+00	-8.533651491960400293e+00
-7.323595840354159670e+00	-8.533651491960400293e+00
-8.613168367202815645e+00	-3.939060567817607161e+00
-8.613168367202815645e+00	-3.939060567817607161e+00
-6.736227518669383407e+00	-8.446510860575894952e+00
-6.736227518669383407e+00	-8.446510860575894952e+00
-7.142339416707784494e+00	-9.632247274483148658e+00
-7.955347912676871580e+00	-3.074591448273841898e+00
-9.943201978909202765e+00	-9.903573859458289164e+00
-7.220787660924504969e+00	-8.132021175414665848e+00
-7.220787660924504969e+00	-8.132021175414665848e+00
-5.653891948675440204e+00	-5.874482098230956240e+00
-5.950357628112123543e+00	-1.134924523925538153e+01
-5.950357628112123543e+00	-1.134924523925538153e+01
-8.334463062289815483e+00	-9.297324675092916380e+00
-8.334463062289815483e+00	-9.297324675092916380e+00
-7.770695999032220413e+00	-9.788882636534856019e+00
-7.815474931544448722e+00	-9.806033391593082627e+00
-1.009233634580251859e+01	-7.198174692788374962e+00
-1.009233634580251859e+01	-7.198174692788374962e+00
-6.285544699442679573e+00	-1.152200660024606371e+01
-5.583127170986522891e+00	-3.513822326646981242e+00
-5.583127170986522891e+00	-3.513822326646981242e+00
-8.212160138625906214e+00	-3.160435163245800538e+00
-5.335658125150155584e+00	-5.939325438796179135e+00
-8.986464293484038635e+00	-6.495108569529369547e+00
-8.012025328801016144e+00	-2.571107289143581998e+00
-8.012025328801016144e+00	-2.571107289143581998e+00
-4.981117655928454901e+00	-6.217797673186867158e+00
-4.981117655928454901e+00	-6.217797673186867158e+00
-4.593158522638667307e+00	-9.745882240938977148e+00
-4.593158522638667307e+00	-9.745882240938977148e+00
-6.952053655251258846e+00	-9.013180320561250625e+00
-6.952053655251258846e+00	-9.013180320561250625e+00
-5.346002866364750084e+00	-1.186902045697194019e+01
-6.334584345742435119e+00	-6.434709843807024043e+00
-6.334584345742435119e+00	-6.434709843807024043e+00
-1.111311655075549254e+01	-3.522378840353696194e+00
-1.111311655075549254e+01	-3.522378840353696194e+00
-6.627430187183608545e+00	-1.154606288010272763e+01
-8.289639653089134086e+00	-7.667116861314828391e+00
-8.289639653089134086e+00	-7.667116861314828391e+00
-6.834065938367943183e+00	-1.032204939778241126e+01
-6.691831946633096884e+00	-8.441888227266522549e+00
-6.663803009170320202e+00	-9.036449888828293808e+00
-6.663803009170320202e+00	-9.036449888828293808e+00
-9.930194647772319527e+00	-6.829081406852727909e+00
-1.086046293924825434e+01	-2.195766138704168480e+00
-9.930279057326398373e+00	-1.059355074971081123e+01
-9.930279057326398373e+00	-1.059355074971081123e+01
-6.626648570854092313e+00	-8.649873252043599692e+00
-1.126163635161601384e+01	-9.776469493837630864e+00
-1.126163635161601384e+01	-9.776469493837630864e+00
-5.179522194219235764e+00	-1.168446894905090083e+01
-5.179522194219235764e+00	-1.168446894905090083e+01
-8.181484906017999492e+00	-2.381517316503728665e+00
-7.782947818889857317e+00	-1.193661478784568075e+01
-1.089700590387396062e+01	-9.716840377181348742e+00
-6.639659410176898646e+00	-4.645117833567205423e+00
-6.278028057234491754e+00	-7.295307949844772821e+00
-6.278028057234491754e+00	-7.295307949844772821e+00
-6.554792083994413154e+00	-5.638339757259268836e+00
-6.554792083994413154e+00	-5.638339757259268836e+00
-7.763688322198255776e+00	-2.649869655569895954e+00
-7.763688322198255776e+00	-2.649869655569895954e+00
-6.554479286831021767e+00	-9.927964717437378184e+00
-6.554479286831021767e+00	-9.927964717437378184e+00
-8.875048891288040309e+00	-4.266134684557928658e+00
-8.875048891288040309e+00	-4.266134684557928658e+00
-9.870639105152577031e+00	-5.346206643902894129e+00
-5.113950336243193284e+00	-3.732277340301245694e+00
-8.937712681148418881e+00	-7.971949879685159779e+00
-5.298075873952321935e+00	-7.596577938202457858e+00
-5.298075873952321935e+00	-7.596577938202457858e+00
-1.016986041194066814e+01	-1.050085302751717542e+01
-1.016986041194066814e+01	-1.050085302751717542e+01
-6.859804694006684578e+00	-8.245992155013627922e+00
-1.176832959648687016e+01	-5.811737758760203931e+00
-9.038845021675420810e+00	-1.014726952875027166e+01
-9.038845021675420810e+00	-1.014726952875027166e+01
-7.868911748019220553e+00	-5.419276356405981154e+00
-7.868911748019220553e+00	-5.419276356405981154e+00
-8.904491708924414439e+00	-5.180139117947467398e+00
-7.078859545795839203e+00	-8.748329477720696801e+00
-7.078859545795839203e+00	-8.748329477720696801e+00
-4.590085153275356156e+00	-3.284372171105433669e+00
-9.857935947575967361e+00	-1.016243369648024242e+01
-9.681345493944691682e+00	-9.038932482799571844e+00
-9.681345493944691682e+00	-9.038932482799571844e+00
-1.093853735412502637e+01	-5.483275911541775294e+00
-1.093853735412502637e+01	-5.483275911541775294e+00
-7.780065140136616542e+00	-6.380747272295522521e+00
-9.854362450351956682e+00	-1.071272111662394089e+01
-9.854362450351956682e+00	-1.071272111662394089e+01
-1.130322459116576006e+01	-7.756670788794160387e+00
-9.412830770715666873e+00	-7.618890596824736683e+00
-9.412830770715666873e+00	-7.618890596824736683e+00
-6.173365731445038307e+00	-1.046620524570366051e+01
-1.173368691477409342e+01	-5.338368974186459504e+00
-1.173368691477409342e+01	-5.338368974186459504e+00
-1.087630623400316843e+01	-4.984627593808617974e+00
-9.592362926748455365e+00	-5.958892737067652767e+00
-8.287440282052710216e+00	-1.192110458482940061e+01
-8.287440282052710216e+00	-1.192110458482940061e+01
-6.857782658830458011e+00	-4.310188382767829118e+00
-6.857782658830458011e+00	-4.310188382767829118e+00
-8.944800179364934323e+00	-3.735863835065170502e+00
-6.106583735372201005e+00	-8.569234636231218616e+00
-6.106583735372201005e+00	-8.569234636231218616e+00
-7.103064891848626772e+00	-1.750580536648464580e+00
-1.083195276534260465e+01	-2.864188526926674694e+00
-1.083195276534260465e+01	-2.864188526926674694e+00
-6.159414954490688210e+00	-8.112114913141127204e+00
-6.159414954490688210e+00	-8.112114913141127204e+00
-1.046113227710446303e+01	-1.188088215236081702e+01
-4.172678059606720780e+00	-6.131192681286083079e+00
-6.254577469645192345e+00	-9.366301342756280235e+00
-9.155355001025267114e+00	-6.992639620190904459e+00
-5.571581957416154474e+00	-7.549990082247921563e+00
-1.080308795729402149e+01	-6.597237035062006427e+00
-6.087061157941866973e+00	-3.150712798959038441e+00
-6.087061157941866973e+00	-3.150712798959038441e+00
-9.713743649180210937e+00	-5.726688718506694364e+00
-9.713743649180210937e+00	-5.726688718506694364e+00
-7.239862410296739270e+00	-4.472728481168108949e+00
-7.239862410296739270e+00	-4.472728481168108949e+00
-1.170252462415045080e+01	-1.717829343781883900e+00
-1.170252462415045080e+01	-1.717829343781883900e+00
-1.184231357372733129e+01	-1.034040711359762987e+01
-1.184231357372733129e+01	-1.034040711359762987e+01
-1.114113108485207881e+01	-5.466981793506107579e+00
-1.131769738142973125e+01	-6.986007879330157877e+00
-1.074250226035964495e+01	-8.547418940178015845e+00
-7.811579486565461750e+00	-8.403542807838828566e+00
-7.811579486565461750e+00	-8.403542807838828566e+00
-1.036403229796757408e+01	-8.856443547368481717e+00
-1.036403229796757408e+01	-8.856443547368481717e+00
-4.159581512599463515e+00	-9.439538390991721428e+00
-4.159581512599463515e+00	-9.439538390991721428e+00
-9.855908861054864190e+00	-1.070397137746024363e+01
-6.145000936490410126e+00	-4.673387798791219794e+00
-4.976987954420359905e+00	-4.258068922430311432e+00
-6.074049111953307545e+00	-6.107556584437570990e+00
-6.074049111953307545e+00	-6.107556584437570990e+00
-1.003671314442832774e+01	-3.205376609572959890e+00
-4.635862639740600422e+00	-3.749750306545270195e+00
-1.033011672105094902e+01	-9.438814883449403226e+00
-1.033011672105094902e+01	-9.438814883449403226e+00
-6.250967253146588298e+00	-9.634021123754445526e+00
-6.250967253146588298e+00	-9.634021123754445526e+00
-5.999477134503494291e+00	-6.146408231238898345e+00
-5.999477134503494291e+00	-6.146408231238898345e+00
-1.024136045809547113e+01	-9.575556773599609883e+00
-1.024136045809547113e+01	-9.575556773599609883e+00
-6.931723047572572405e+00	-1.065788527381020856e+01
-7.849797237327659438e+00	-4.114563228672247774e+00
-8.957162504152343274e+00	-6.212790297512884585e+00
-1.088007221036823857e+01	-1.171819893426086168e+01
-1.101530910997780310e+01	-5.650794488466613252e+00
-1.107430427184118393e+01	-8.429328702339812907e+00
-6.630691075329279371e+00	-1.032892767565577508e+01
-7.415549375736214088e+00	-7.995123061707927192e+00
-7.415549375736214088e+00	-7.995123061707927192e+00
-7.959079964762058701e+00	-8.389056075378091393e+00
-5.987696411602643209e+00	-5.200672381519741982e+00
-5.987696411602643209e+00	-5.200672381519741982e+00
-5.966045661138314138e+00	-8.829880631383186795e+00
-5.966045661138314138e+00	-8.829880631383186795e+00
-1.101091493924776010e+01	-3.431078905825282632e+00
-8.188013408765680623e+00	-4.478710137569333227e+00
-5.662361171440135621e+00	-5.541866008255127873e+00
-5.662361171440135621e+00	-5.541866008255127873e+00
-1.104438803113578693e+01	-9.759611396000881456e+00
-1.189483546654533441e+01	-1.815049240216406234e+00
-8.701872323048212010e+00	-8.739473825658011563e+00
-8.701872323048212010e+00	-8.739473825658011563e+00
-7.960028135183146780e+00	-2.738991070834904562e+00
-1.101042901041349253e+01	-8.940602726782566734e+00
-1.101042901041349253e+01	-8.940602726782566734e+00
-9.098062693965928815e+00	-3.321608320555432758e+00
-9.098062693965928815e+00	-3.321608320555432758e+00
-6.533082137469400585e+00	-2.336159805286857516e+00
-4.773454765651138132e+00	-9.096400982952593139e+00
-1.036203765196005122e+01	-9.466775366594653462e+00
-1.150770770081181382e+01	-1.124155995709317324e+01
-1.150770770081181382e+01	-1.124155995709317324e+01
-9.813467738685762498e+00	-1.049949629213662661e+01
-6.359545661946767403e+00	-8.308943855147269630e+00
-9.962167965556687932e+00	-1.780609085393868307e+00
-9.962167965556687932e+00	-1.780609085393868307e+00
-1.079207381588855696e+01	-3.126927670931086922e+00
-7.963785428056571192e+00	-2.064390886697264005e+00
-1.151084453850040923e+01	-1.175429276859736483e+01
-1.151084453850040923e+01	-1.175429276859736483e+01
-8.537534125549067099e+00	-1.153293478029166508e+01
-1.038974302941788608e+01	-6.445265458301334682e+00
-1.113248968377268611e+01	-1.144491477618247899e+01
-1.113248968377268611e+01	-1.144491477618247899e+01
-1.025971856666918747e+01	-8.785155331268731160e+00
-1.025971856666918747e+01	-8.785155331268731160e+00
-7.532486583306277517e+00	-1.083414804579524571e+01
-1.010623314193249200e+01	-2.908458702092747039e+00
-4.024305129889464538e+00	-8.956156371787423964e+00
-8.897932988842036650e+00	-2.522622285040070356e+00
-8.897932988842036650e+00	-2.522622285040070356e+00
-7.360204186975572327e+00	-2.678045155189934690e+00
-7.360204186975572327e+00	-2.678045155189934690e+00
-1.131146537043531097e+01	-7.300745163209010791e+00
-1.131146537043531097e+01	-7.300745163209010791e+00
-1.191123005268334367e+01	-6.099732643272410826e+00
-7.349940662446813988e+00	-9.610913413680746586e+00
-5.694951111414192191e+00	-1.019491100806216721e+01
-6.678750918845303808e+00	-8.287348291087017316e+00
-1.047922345356166218e+01	-4.019248580493616885e+00
-9.683710991787791045e+00	-5.781192719540603875e+00
-9.683710991787791045e+00	-5.781192719540603875e+00
-6.085842386373147228e+00	-4.415311692659890319e+00
-6.085842386373147228e+00	-4.415311692659890319e+00
-8.371805799461361275e+00	-1.123982271003786515e+01
-6.866543517936483099e+00	-2.778597962218869455e+00
-6.866543517936483099e+00	-2.778597962218869455e+00
-1.111230751797186933e+01	-5.428601689529245711e+00
-6.849110867966317073e+00	-6.896050673036882017e+00
-8.130876079907942255e+00	-5.428417424038944894e+00
-8.130876079907942255e+00	-5.428417424038944894e+00
-1.056694408835333121e+01	-9.211919247944475586e+00
-1.056694408835333121e+01	-9.211919247944475586e+00
-1.149955206621453208e+01	-3.944072260832694354e+00
-1.149955206621453208e+01	-3.944072260832694354e+00
-6.234289913557407026e+00	-9.589340129284364522e+00
-6.234289913557407026e+00	-9.589340129284364522e+00
-9.113984453212982118e+00	-6.664529134167013424e+00
-5.534119050546482121e+00	-1.718519739690665959e+00
-5.534119050546482121e+00	-1.718519739690665959e+00
-1.041024749430997964e+01	-1.014116244009920642e+01
-4.902850835891605641e+00	-1.089795363593428235e+01
-4.902850835891605641e+00	-1.089795363593428235e+01
-1.042785676300036712e+01	-6.648089714450201804e+00
-1.084316777792992603e+01	-9.011999421515692887e+00
-8.217517238704376226e+00	-5.122946756614367381e+00
-9.117879490296438405e+00	-1.103230689483318017e+01
-9.117879490296438405e+00	-1.103230689483318017e+01
-5.028877802916851714e+00	-1.063625689612536895e+01
-5.028877802916851714e+00	-1.063625689612536895e+01
-1.111373395993148172e+01	-9.165592082943486929e+00
-1.092784140454690167e+01	-6.725759972239226947e+00
-1.005911107850118036e+01	-6.380732598788442900e+00
-1.005911107850118036e+01	-6.380732598788442900e+00
-7.068219951563868619e+00	-1.030607042425738307e+01
-1.113157253057888951e+01	-5.079584415716292156e+00
-6.569490990044255518e+00	-4.099936362671543044e+00
-8.796989653364827078e+00	-2.423760481277015710e+00
-8.796989653364827078e+00	-2.423760481277015710e+00
-1.094530081991585391e+01	-7.433028153234293001e+00
-1.016533073082978156e+01	-6.599822740010236721e+00
-1.016533073082978156e+01	-6.599822740010236721e+00
-9.007979884264234016e+00	-7.757498609440619752e+00
-9.007979884264234016e+00	-7.757498609440619752e+00
-1.096258696408049360e+01	-1.031924525182736296e+01
-1.046255110139600752e+01	-6.081922073445868548e+00
-9.596614690738485720e+00	-4.171095966390001131e+00
-9.596614690738485720e+00	-4.171095966390001131e+00
-5.854139501226041986e+00	-8.301720403432994999e+00
-5.854139501226041986e+00	-8.301720403432994999e+00
-1.124392146262656667e+01	-8.928307576409853397e+00
-7.204446992641597269e+00	-1.014404711349335919e+01
-7.204446992641597269e+00	-1.014404711349335919e+01
-8.746496810713182413e+00	-1.187773967964531430e+01
-7.882411338653531274e+00	-3.032309291243524996e+00
-6.048170660877762117e+00	-7.285222275828138194e+00
-6.048170660877762117e+00	-7.285222275828138194e+00
-7.314724778012430484e+00	-9.911349673234031599e+00
-7.314724778012430484e+00	-9.911349673234031599e+00
-5.166090713114347643e+00	-1.162331197103656955e+01
-5.166090713114347643e+00	-1.162331197103656955e+01
-1.089144448919835462e+01	-5.217684081879295555e+00
-9.636212017594308676e+00	-2.122683242807069881e+00
-9.636212017594308676e+00	-2.122683242807069881e+00
-1.097060068733413374e+01	-1.033706491313562026e+01
-1.179777069176903836e+01	-1.196291116754748884e+01
-9.562125134981918961e+00	-7.276542993729691489e+00
-5.792847431984940343e+00	-2.875518422052081302e+00
-5.792847431984940343e+00	-2.875518422052081302e+00
-9.972268331214111825e+00	-3.989432019917391159e+00
-9.972268331214111825e+00	-3.989432019917391159e+00
-8.241197963363717349e+00	-9.047021488862240446e+00
-8.241197963363717349e+00	-9.047021488862240446e+00
-1.085491125776931476e+01	-1.062115809573891489e+01
-1.082365341532170611e+01	-3.203561039164716906e+00
-1.082365341532170611e+01	-3.203561039164716906e+00
-6.471351178010896099e+00	-1.153190823809881671e+01
-6.646620011472778700e+00	-8.550337964538337943e+00
-6.427795953578050003e+00	-1.040409130216483113e+01
-6.427795953578050003e+00	-1.040409130216483113e+01
-8.425595143198908232e+00	-6.997407827284048309e+00
-4.600246995107469594e+00	-5.437621845195787174e+00
-4.600246995107469594e+00	-5.437621845195787174e+00
-9.859264234356240664e+00	-9.453011087289491243e+00
-1.096156366278964178e+01	-2.849852513885321237e+00
-1.096156366278964178e+01	-2.849852513885321237e+00
-8.409026799568685817e+00	-1.035685978108459615e+01
-6.601026009055881438e+00	-4.250949072037492726e+00
-1.186408473698952548e+01	-6.745836090154285536e+00
-7.420245387067025078e+00	-8.870013954928209543e+00
-7.420245387067025078e+00	-8.870013954928209543e+00
-1.008264148151077855e+01	-4.160965684071336490e+00
-1.008264148151077855e+01	-4.160965684071336490e+00
-5.682394876973227760e+00	-6.730877535143093837e+00
-5.682394876973227760e+00	-6.730877535143093837e+00
-8.843906571738578748e+00	-8.068848473461716964e+00
-8.843906571738578748e+00	-8.068848473461716964e+00
-5.885559952916073811e+00	-3.157198460449302857e+00
-5.885559952916073811e+00	-3.157198460449302857e+00
-6.468185926990656753e+00	-7.066870529918602095e+00
-1.012001770672975098e+01	-8.117703409789402968e+00
-4.635348648525281057e+00	-1.085308711579865815e+01
-9.727534488148151581e+00	-1.117790099564239270e+01
-7.770953576639513471e+00	-4.813863078779765381e+00
-6.972018141014140191e+00	-3.434013759018647693e+00
-6.972018141014140191e+00	-3.434013759018647693e+00
-7.280168321778622165e+00	-3.895337590293092234e+00
-6.759957790368453345e+00	-2.758398477219744294e+00
-1.118172823114593051e+01	-2.052244439656907726e+00
-7.685674712793071350e+00	-1.549851973698392227e+00
-9.080059096134244001e+00	-7.440010016830833628e+00
-9.080059096134244001e+00	-7.440010016830833628e+00
-1.036508560003323076e+01	-5.870975068496060878e+00
-1.091206168548911037e+01	-1.620491378861642628e+00
-1.091206168548911037e+01	-1.620491378861642628e+00
-8.807440560425765952e+00	-4.832716252148446578e+00
-9.022600453377478402e+00	-1.730286221622580944e+00
-9.022600453377478402e+00	-1.730286221622580944e+00
-1.029001403118673430e+01	-8.797898859240202540e+00
-8.952118127351054611e+00	-6.522179045622499949e+00
-9.765770906112768657e+00	-2.770309969286449014e+00
-9.009992347397165702e+00	-1.019680430009145589e+01
-9.009992347397165702e+00	-1.019680430009145589e+01
-1.173206705356636093e+01	-1.514298245428807865e+00
-1.173206705356636093e+01	-1.514298245428807865e+00
-1.123873603974472601e+01	-1.184514167022419251e+01
-1.123873603974472601e+01	-1.184514167022419251e+01
-1.129122005155874753e+01	-1.683467570645692968e+00
-1.084659514435011829e+01	-2.321209330571034624e+00
-1.084659514435011829e+01	-2.321209330571034624e+00
-7.040683738330624664e+00	-1.011335705768407145e+01
-1.041129836505136375e+01	-6.527214206474231339e+00
-1.041129836505136375e+01	-6.527214206474231339e+00
-1.052319383674594810e+01	-7.221278172405925844e+00
-1.052319383674594810e+01	-7.221278172405925844e+00
-1.111654032811441084e+01	-1.177191644032220808e+01
-5.823774413038125708e+00	-3.115462502336675321e+00
-5.823774413038125708e+00	-3.115462502336675321e+00
-1.040995543162211234e+01	-7.903018160426782401e+00
-1.040995543162211234e+01	-7.903018160426782401e+00
-6.605912605850624786e+00	-9.535486654926657479e+00
-9.638929759822580934e+00	-5.222356008123649751e+00
-9.638929759822580934e+00	-5.222356008123649751e+00
-1.108632327064494838e+01	-7.340014317911485620e+00
-8.229138393544612740e+00	-1.175834439692604327e+01
-8.503901612682865263e+00	-9.921821072681140663e+00
-5.224794157912207027e+00	-2.483219679377898004e+00
-7.122406660787252264e+00	-2.478125338241115028e+00
-7.122406660787252264e+00	-2.478125338241115028e+00
-9.772502740112845032e+00	-6.287438507316562841e+00
-9.093631009186475822e+00	-3.502204827645674534e+00
-8.080160117504430417e+00	-6.099562782464824195e+00
-8.080160117504430417e+00	-6.099562782464824195e+00
-7.880003446256640842e+00	-7.558774703157085995e+00
-7.880003446256640842e+00	-7.558774703157085995e+00
-4.906772496057349997e+00	-5.189948189150382696e+00
-9.223509943765614949e+00	-6.734705257678556656e+00
-1.047947920664340060e+01	-1.126934795063022854e+01
-1.047947920664340060e+01	-1.126934795063022854e+01
-6.814658262192376803e+00	-5.404578840304004927e+00
-8.152919119065593634e+00	-3.335216286175096467e+00
-8.152919119065593634e+00	-3.335216286175096467e+00
-5.590114696102736147e+00	-9.416491272240143928e+00
-5.590114696102736147e+00	-9.416491272240143928e+00
-7.415758306066007499e+00	-1.116022853775209711e+01
-1.057237281729692491e+01	-4.826529607085625173e+00
-7.537534714140109671e+00	-5.190062106492473681e+00
-7.537534714140109671e+00	-5.190062106492473681e+00
-1.057506766888926997e+01	-1.076458221099302115e+01
-1.057506766888926997e+01	-1.076458221099302115e+01
-9.616371796448035525e+00	-6.018571051667837679e+00
-8.537877146116558791e+00	-5.850952752983251237e+00
-8.537877146116558791e+00	-5.850952752983251237e+00
-9.497983779161190299e+00	-1.097690916795545490e+01
-9.497983779161190299e+00	-1.097690916795545490e+01
-7.778390643875891186e+00	-1.131241140982504767e+01
-7.778390643875891186e+00	-1.131241140982504767e+01
-8.831938991689746388e+00	-7.879065781224045217e+00
-8.371732688048641791e+00	-1.029768645970843544e+01
-1.005758352797452559e+01	-7.524973769103533883e+00
-5.937889828758455835e+00	-9.513649709796812459e+00
-5.937889828758455835e+00	-9.513649709796812459e+00
-5.464102204452153444e+00	-6.295373795070027256e+00
-5.371311892972036262e+00	-3.002247198790640947e+00
-8.879622564844693144e+00	-8.397420280919828173e+00
-5.897523741589668411e+00	-4.321686769044109866e+00
-6.587125541793158234e+00	-1.660750149529099051e+00
-6.587125541793158234e+00	-1.660750149529099051e+00
-9.261516679706419453e+00	-4.809624598169031984e+00
-9.261516679706419453e+00	-4.809624598169031984e+00
-5.685840776447065537e+00	-9.070934852242707791e+00
-9.736067192961183281e+00	-6.733449089826242684e+00
-5.024546522143419125e+00	-3.460542476743281970e+00
-5.128367551392409851e+00	-6.782670175203374896e+00
-5.128367551392409851e+00	-6.782670175203374896e+00
-1.084655544598582466e+01	-3.020774424455145546e+00
-1.084655544598582466e+01	-3.020774424455145546e+00
-7.866445970204199334e+00	-4.840268947432366353e+00
-7.866445970204199334e+00	-4.840268947432366353e+00
-1.030126745090111129e+01	-6.162835013067581080e+00
-8.199652409632021133e+00	-1.015968913994340994e+01
-8.144764382514916079e+00	-6.753813440524971234e+00
-8.144764382514916079e+00	-6.753813440524971234e+00
-7.155162989123311945e+00	-4.068106256336996296e+00
-1.094179712965447315e+01	-6.519925803701758227e+00
-1.094179712965447315e+01	-6.519925803701758227e+00
-7.964470039824324665e+00	-8.316183750730081314e+00
-7.964470039824324665e+00	-8.316183750730081314e+00
-8.179271792812794928e+00	-3.986270718918598188e+00
-1.147870989142608522e+01	-2.799746567011395904e+00
-1.147870989142608522e+01	-2.799746567011395904e+00
-8.510100543953010188e+00	-4.257079880264362792e+00
-8.348662157702468889e+00	-9.526806537684869625e+00
-8.348662157702468889e+00	-9.526806537684869625e+00
-8.872872263513359670e+00	-1.124745552408556293e+01
-1.153330268221448129e+01	-1.132002072856608521e+01
-8.448193647679104856e+00	-7.631044659814004483e+00
-8.448193647679104856e+00	-7.631044659814004483e+00
-6.765096016598888262e+00	-6.756659402051893970e+00
-6.765096016598888262e+00	-6.756659402051893970e+00
-9.286352369182955258e+00	-7.320575631996775634e+00
-1.196229324508753500e+01	-1.934670442143930913e+00
-1.196229324508753500e+01	-1.934670442143930913e+00
-9.024310183176417866e+00	-7.543534897677043105e+00
-9.578130804819654287e+00	-1.056380375341011302e+01
-1.091854961789108991e+01	-9.682597216543632257e+00
-1.050254984408751469e+01	-9.510702156993573908e+00
-1.050254984408751469e+01	-9.510702156993573908e+00
-7.556291315434485512e+00	-2.556303240220249240e+00
-7.556291315434485512e+00	-2.556303240220249240e+00
-1.060454812942340475e+01	-1.059322287368952331e+01
-1.075601098826140323e+01	-8.885899620743037630e+00
-5.474051932835449996e+00	-6.056145763001364202e+00
-5.916039300865152839e+00	-7.634828089101961979e+00
-1.029861919242198809e+01	-4.243583246411104959e+00
-7.668554648694051679e+00	-4.901024197125565252e+00
-7.668554648694051679e+00	-4.901024197125565252e+00
-1.018533960212607425e+01	-3.105511429911721688e+00
-1.018533960212607425e+01	-3.105511429911721688e+00
-1.182727193141342781e+01	-2.190504003056811477e+00
-8.579046126398464978e+00	-8.104345694694538693e+00
-9.349763798709814111e+00	-1.168039290571942246e+01
-9.349763798709814111e+00	-1.168039290571942246e+01
-8.649182195826531583e+00	-7.899180472824445687e+00
-5.034062963687008896e+00	-5.518848340812494868e+00
-8.258380635890798516e+00	-7.936025417543746130e+00
-8.258380635890798516e+00	-7.936025417543746130e+00
-5.602554142975054496e+00	-8.547015004341954381e+00
-6.474694511738036340e+00	-2.186466809366795605e+00
-6.474694511738036340e+00	-2.186466809366795605e+00
-8.430570174978752718e+00	-6.764007580363458949e+00
-1.101365402938509064e+01	-4.843915318787619384e+00
-7.627390961942509762e+00	-2.772870244052269229e+00
-7.627390961942509762e+00	-2.772870244052269229e+00
-8.228497603663718962e+00	-5.904866949776160112e+00
-8.228497603663718962e+00	-5.904866949776160112e+00
-5.369593541630529820e+00	-5.624193849230446851e+00
-4.479621872956315976e+00	-1.902292690792507956e+00
-4.479621872956315976e+00	-1.902292690792507956e+00
-7.589711152933561245e+00	-7.589267521434428510e+00
-9.131588957576678212e+00	-4.921753700802862674e+00
-6.999796239768946826e+00	-9.848484160829444889e+00
-8.284822520595882978e+00	-1.064040425904284248e+01
-8.284822520595882978e+00	-1.064040425904284248e+01
-1.197419775803483510e+01	-5.010524151741720722e+00
-1.197419775803483510e+01	-5.010524151741720722e+00
-6.280467353811490128e+00	-9.079434913149489361e+00
-6.280467353811490128e+00	-9.079434913149489361e+00
-6.853062088545114783e+00	-4.068971323723876488e+00
-6.853062088545114783e+00	-4.068971323723876488e+00
-5.769948253845116781e+00	-8.781639384180612851e+00
-5.769948253845116781e+00	-8.781639384180612851e+00
-6.943855130316610946e+00	-1.126167385306000845e+01
-8.843174188981780759e+00	-8.921418037364954756e+00
-5.485424201531319710e+00	-1.111969313453063712e+01
-7.115777596685666673e+00	-6.909780756106635558e+00
-9.010076663662275109e+00	-7.214717401124611129e+00
-9.010076663662275109e+00	-7.214717401124611129e+00
-9.183310201624959035e+00	-6.276434854698837995e+00
-7.234744973498201226e+00	-7.963560862224009718e+00
-8.499163143273054999e+00	-1.084680722887289761e+01
-1.177547242569859520e+01	-4.072337768611103748e+00
-1.177547242569859520e+01	-4.072337768611103748e+00
-9.095762314205869004e+00	-7.077279915454385062e+00
-9.748899551594240265e+00	-5.582834821384209611e+00
-9.748899551594240265e+00	-5.582834821384209611e+00
-8.849244988344540985e+00	-8.155949470302294557e+00
-1.063063245000742718e+01	-2.574355873066951794e+00
-7.588636000136223636e+00	-6.662134900728319487e+00
-5.214604757250032918e+00	-9.834853663699778537e+00
-5.214604757250032918e+00	-9.834853663699778537e+00
-1.190357322555197506e+01	-8.514244827208077737e+00
-1.190357322555197506e+01	-8.514244827208077737e+00
-8.828867074747586585e+00	-5.595164683981798781e+00
-8.828867074747586585e+00	-5.595164683981798781e+00
-8.433928911588719046e+00	-8.910178700144793851e+00
-8.433928911588719046e+00	-8.910178700144793851e+00
-9.584290114854555398e+00	-3.294909238830792120e+00
-9.584290114854555398e+00	-3.294909238830792120e+00
-9.455801292980469341e+00	-8.070498113153195874e+00
-9.455801292980469341e+00	-8.070498113153195874e+00
-6.169707528644100769e+00	-9.039569220665498506e+00
-8.196084516309317891e+00	-2.690572547808564252e+00
-8.196084516309317891e+00	-2.690572547808564252e+00
-5.625662296351401359e+00	-1.146382691558285316e+01
-1.193680213636391052e+01	-1.185240830914982446e+01
-1.193680213636391052e+01	-1.185240830914982446e+01
-1.121618526296521345e+01	-3.686496450814882309e+00
-1.121618526296521345e+01	-3.686496450814882309e+00
-7.466677495324732128e+00	-3.640847454626963575e+00
-7.466677495324732128e+00	-3.640847454626963575e+00
-8.156695096908332943e+00	-6.993559235534050345e+00
-8.156695096908332943e+00	-6.993559235534050345e+00
-9.859797611019713415e+00	-1.084103507061223581e+01
-1.089071861347001402e+01	-2.590705346839077272e+00
-1.089071861347001402e+01	-2.590705346839077272e+00
-8.971485889812418790e+00	-4.775984593944059498e+00
-8.971485889812418790e+00	-4.775984593944059498e+00
-7.905963356513949769e+00	-1.102662123969798103e+01
-9.016092836593362136e+00	-1.063221160572903479e+01
-9.035001148319794950e+00	-4.987899118633357887e+00
-9.035001148319794950e+00	-4.987899118633357887e+00
-4.571095519869807333e+00	-7.022077507822284126e+00
-4.571095519869807333e+00	-7.022077507822284126e+00
-1.089719449259023776e+01	-7.485155867862724577e+00
-6.204496224763617285e+00	-9.207017576610901699e+00
-7.236769459150473871e+00	-9.875210346563806141e+00
-7.071887669790649866e+00	-7.501086425971131177e+00
-7.071887669790649866e+00	-7.501086425971131177e+00
-8.878045250053981263e+00	-1.147082236226824214e+01
-8.878045250053981263e+00	-1.147082236226824214e+01
-7.301708323716126436e+00	-1.025351331539662247e+01
-7.301708323716126436e+00	-1.025351331539662247e+01
-8.586644973828414962e+00	-3.686275966216776112e+00
-5.828579434700239759e+00	-5.618402149510217214e+00
-5.828579434700239759e+00	-5.618402149510217214e+00
-1.050208902502242481e+01	-7.193506597617061793e+00
-8.879226707246530736e+00	-8.572982051661952596e+00
-5.120524298104877303e+00	-1.015860864465966351e+01
-5.120524298104877303e+00	-1.015860864465966351e+01
-1.032373940039933302e+01	-6.474077029597856026e+00
-1.102774020880224271e+01	-1.025487133917637728e+01
-1.102774020880224271e+01	-1.025487133917637728e+01
-1.047939857854601975e+01	-6.079096536010814233e+00
-9.536122739856178754e+00	-2.435512867102227919e+00
-9.536122739856178754e+00	-2.435512867102227919e+00
-8.736559962030748139e+00	-6.241904023286182657e+00
-8.736559962030748139e+00	-6.241904023286182657e+00
-8.166198452031984800e+00	-6.670279610207454191e+00
-8.166198452031984800e+00	-6.670279610207454191e+00
-9.637047180677846825e+00	-8.864831193676117493e+00
-1.048453814921025007e+01	-3.697919870284873678e+00
-1.004011849651126731e+01	-7.256054262628999219e+00
-6.543816231824645335e+00	-9.766618233557977646e+00
-8.562117502108932854e+00	-7.418646932512840131e+00
-5.394331518169996897e+00	-7.843979365460951314e+00
-5.394331518169996897e+00	-7.843979365460951314e+00
-5.139222679431672880e+00	-3.266492169470047280e+00
-5.139222679431672880e+00	-3.266492169470047280e+00
-8.734940876967312917e+00	-1.034372882199987131e+01
-7.679752129146489636e+00	-7.988272832547184343e+00
-8.791944827427307985e+00	-4.228553444393094551e+00
-8.589623935214980577e+00	-3.635784254132769622e+00
-8.589623935214980577e+00	-3.635784254132769622e+00
-7.100696201934526108e+00	-7.478505646774953775e+00
-7.100696201934526108e+00	-7.478505646774953775e+00
-6.264156952937638856e+00	-3.261088180126507474e+00
-6.264156952937638856e+00	-3.261088180126507474e+00
-7.822347357843265847e+00	-1.130397210302416156e+01
-7.822347357843265847e+00	-1.130397210302416156e+01
-1.121772214821204727e+01	-7.638655365406675557e+00
-1.121772214821204727e+01	-7.638655365406675557e+00
-1.098232825928299050e+01	-1.420215258556586368e+00
-1.098232825928299050e+01	-1.420215258556586368e+00
-7.954382432183886742e+00	-1.124312348874141421e+01
-7.954382432183886742e+00	-1.124312348874141421e+01
-7.105385595350888650e+00	-7.422033815585664662e+00
-7.105385595350888650e+00	-7.422033815585664662e+00
-1.023595341474655029e+01	-1.021894345407490157e+01
-9.276165711326450847e+00	-3.505511170139446797e+00
-1.034642911183272318e+01	-6.134904158563613485e+00
-5.813597025470718549e+00	-6.012711829171844435e+00
-5.813597025470718549e+00	-6.012711829171844435e+00
-5.620965532889501404e+00	-8.501299286501916797e+00
-8.025931873245973236e+00	-3.408595061443120411e+00
-9.538878187295900091e+00	-5.895514563189300894e+00
-9.538878187295900091e+00	-5.895514563189300894e+00
-9.961076059864026888e+00	-3.565529887534628184e+00
-9.961076059864026888e+00	-3.565529887534628184e+00
-9.137173517610849061e+00	-5.829074721977308471e+00
-9.137173517610849061e+00	-5.829074721977308471e+00
-4.679652571577671338e+00	-8.507885869540050550e+00
-4.679652571577671338e+00	-8.507885869540050550e+00
-6.179882049387511067e+00	-5.661719382165190773e+00
-9.442270748587072049e+00	-5.198703950405782592e+00
-1.098581431096545558e+01	-3.716190315169304537e+00
-9.858704951232148517e+00	-1.083282074428554154e+01
-9.858704951232148517e+00	-1.083282074428554154e+01
-1.009357096285063449e+01	-9.094758663464817872e+00
-1.009357096285063449e+01	-9.094758663464817872e+00
-7.359823119776123690e+00	-4.616998253161868071e+00
-7.359823119776123690e+00	-4.616998253161868071e+00
-6.496161793981003463e+00	-1.037969355334914923e+01
-6.496161793981003463e+00	-1.037969355334914923e+01
-7.583576258136782933e+00	-3.864340201970138278e+00
-1.062882917013027040e+01	-6.346452266187384339e+00
-8.764294054654229171e+00	-1.071169900332935754e+01
-5.143666414976084234e+00	-3.073052178923184385e+00
-6.894769709924535306e+00	-1.793657139195273365e+00
-6.894769709924535306e+00	-1.793657139195273365e+00
-1.174281709220385217e+01	-7.961629969659739459e+00
-8.044258738397475739e+00	-1.101190140714455445e+01
-8.044258738397475739e+00	-1.101190140714455445e+01
-9.281580841941085680e+00	-1.125037243140847742e+01
-1.056568307207314206e+01	-1.962314110052102878e+00
-1.031180275551557912e+01	-7.980330873175244477e+00
-1.031180275551557912e+01	-7.980330873175244477e+00
-7.416112787881105284e+00	-5.472617699536064251e+00
-5.453495173987806588e+00	-1.142226705452278779e+01
-7.318488338004751625e+00	-6.390596960295318318e+00
-7.318488338004751625e+00	-6.390596960295318318e+00
-7.836595559845844328e+00	-5.754078273131101540e+00
-9.211369738145977593e+00	-9.899585980322333612e+00
-7.015091856213788724e+00	-2.583421437064076898e+00
-6.806498866693127425e+00	-7.758330413511338008e+00
-1.127585516127116350e+01	-1.035232329744858149e+01
-9.678052437603556157e+00	-3.304764431624072074e+00
-9.678052437603556157e+00	-3.304764431624072074e+00
-1.021457818832789144e+01	-1.039949155949392967e+01
-1.021457818832789144e+01	-1.039949155949392967e+01
-6.747920107826882230e+00	-2.262723516239006027e+00
-8.852513058156260328e+00	-2.218965668066577024e+00
-8.852513058156260328e+00	-2.218965668066577024e+00
-7.876987983153179940e+00	-7.857161837260139059e+00
-1.093294157055059124e+01	-7.111315049224156581e+00
-1.093294157055059124e+01	-7.111315049224156581e+00
-8.939016948041340171e+00	-1.863244303802011004e+00
-1.174088174832418652e+01	-1.002356422502005984e+01
-1.174088174832418652e+01	-1.002356422502005984e+01
-8.016427133299199426e+00	-2.701517476112336613e+00
-1.063736827244055760e+01	-3.210840684649386212e+00
-1.020371161705564589e+01	-1.129111163143426744e+01
-6.536093425085610420e+00	-4.772478582730394159e+00
-1.023528631006404765e+01	-1.015606046328449708e+01
-8.310017550283836485e+00	-1.099651779548609554e+01
-8.310017550283836485e+00	-1.099651779548609554e+01
-1.169369665865677277e+01	-1.011594441757776508e+01
-9.216949143523056165e+00	-7.767440447811647886e+00
-6.249922195424804983e+00	-1.133857993219520033e+01
-6.249922195424804983e+00	-1.133857993219520033e+01
-1.143690534425877381e+01	-4.946617813544492925e+00
-8.274758246855647315e+00	-3.335140668533939756e+00
-8.274758246855647315e+00	-3.335140668533939756e+00
-8.817156228594384970e+00	-3.403708649588042423e+00
-1.044253566861797644e+01	-1.679736929133081702e+00
-1.158591907778555452e+01	-3.952970626304510127e+00
-5.896535052920084397e+00	-7.087836559340174425e+00
-1.176819833639393487e+01	-2.992247864749188579e+00
-9.000521096302097845e+00	-7.290156393419492176e+00
-1.047458544747032327e+01	-7.192175960905127674e+00
-1.047458544747032327e+01	-7.192175960905127674e+00
-1.165212954356373487e+01	-4.917947880989871123e+00
-9.643061777461904072e+00	-3.890245274608421955e+00
-9.643061777461904072e+00	-3.890245274608421955e+00
-8.651045163340100430e+00	-8.347803032635219722e+00
-8.651045163340100430e+00	-8.347803032635219722e+00
-1.189254574643124229e+01	-1.067869071311890217e+01
-1.189254574643124229e+01	-1.067869071311890217e+01
-5.404482939405181874e+00	-1.038505781643133563e+00
-5.404482939405181874e+00	-1.038505781643133563e+00
-8.852536474263679622e+00	-2.322365841908409667e+00
-8.852536474263679622e+00	-2.322365841908409667e+00
-1.063866772694801632e+01	-2.954955554793122996e+00
-1.063866772694801632e+01	-2.954955554793122996e+00
-9.353194447112967325e+00	-8.812403351895452985e+00
-8.487415355241102688e+00	-7.095524952500015914e+00
-1.124744301148501613e+01	-8.404477512869151568e+00
-1.184082750233372749e+01	-9.719615661534819040e+00
-1.184082750233372749e+01	-9.719615661534819040e+00
-7.723103921631540025e+00	-3.802042023100275614e+00
-7.321861544173859926e+00	-3.109640554715972449e+00
-8.019771142683680409e+00	-7.509851040887481233e+00
-8.019771142683680409e+00	-7.509851040887481233e+00
-5.666142891413383786e+00	-5.666298284016919595e+00
-5.666142891413383786e+00	-5.666298284016919595e+00
-7.108433174323412373e+00	-5.739226656995320752e+00
-6.801918050557581807e+00	-5.788304418044031507e+00
-6.801918050557581807e+00	-5.788304418044031507e+00
-8.442681243377670341e+00	-1.143797067096727460e+01
-8.442681243377670341e+00	-1.143797067096727460e+01
-5.756971486511574199e+00	-1.142841967806399417e+01
-5.982598239591641942e+00	-7.260629713608879321e+00
-8.598814511961487383e+00	-3.412884619602586600e+00
-8.598814511961487383e+00	-3.412884619602586600e+00
-1.027721629591260033e+01	-2.603411722994565469e+00
-1.027721629591260033e+01	-2.603411722994565469e+00
-1.082050906310699290e+01	-7.312164879517565552e+00
-1.082050906310699290e+01	-7.312164879517565552e+00
-9.907218336814510806e+00	-7.923217374620110220e+00
-1.192525967443614299e+01	-5.440114522779994743e+00
-1.192525967443614299e+01	-5.440114522779994743e+00
-4.662085677415844565e+00	-1.069171217767140192e+01
-4.662085677415844565e+00	-1.069171217767140192e+01
-6.876073523211292837e+00	-4.925569678958412467e+00
-6.876073523211292837e+00	-4.925569678958412467e+00
-7.572455010266436304e+00	-2.928406991024764316e+00
-1.192960664679281102e+01	-3.593085361251294074e+00
-1.192960664679281102e+01	-3.593085361251294074e+00
-6.147150707448006735e+00	-7.027467133875898497e+00
-8.825999178120390809e+00	-6.936840742535830273e+00
-6.404873875650237913e+00	-9.826397487548137022e+00
-6.404873875650237913e+00	-9.826397487548137022e+00
-1.041653687899434644e+01	-2.800823454265096490e+00
-9.552972406442082232e+00	-4.411567052795558830e+00
-5.221559438109770745e+00	-3.892152226367082246e+00
-9.542653797788373637e+00	-2.571361088856838784e+00
-6.944079628972264828e+00	-1.059844258391060201e+01
-6.944079628972264828e+00	-1.059844258391060201e+01
-8.097235241520722937e+00	-9.086134626679680082e+00
-8.097235241520722937e+00	-9.086134626679680082e+00
-7.625298258448872879e+00	-1.105342167391239094e+01
-7.625298258448872879e+00	-1.105342167391239094e+01
-9.860064924142459830e+00	-7.434661972842696365e+00
-1.029502184177783874e+01	-1.103638983450196598e+01
-1.029502184177783874e+01	-1.103638983450196598e+01
-9.763207227815962952e+00	-8.303772421190952713e+00
-8.313231000641593482e+00	-5.105645897813570144e+00
-1.133857982223982575e+01	-7.037881506660306208e+00
-1.049950667800574955e+01	-3.458619837790776863e+00
-6.704963547386639355e+00	-8.900492054087457916e+00
-8.081053814805400748e+00	-9.056772106495577290e+00
-9.761673964948638371e+00	-1.174948596555898206e+01
-7.858467377827658140e+00	-9.209948526532215851e+00
-9.463235173350193818e+00	-6.660092156145285713e+00
-6.848378252444364378e+00	-6.453151272524543458e+00
-1.070886109386850293e+01	-1.137154632993988024e+01
-9.539730520174247275e+00	-5.776160022164921415e+00
-9.539730520174247275e+00	-5.776160022164921415e+00
-6.276833605260611293e+00	-7.955884152444429702e+00
-1.144542214327035801e+01	-1.079699837857194034e+01
-1.144542214327035801e+01	-1.079699837857194034e+01
-9.983204927039503573e+00	-6.328489755149646179e+00
-9.983204927039503573e+00	-6.328489755149646179e+00
-6.314228478888649576e+00	-9.662822698122148779e+00
-1.150701988532812337e+01	-1.090392312862303470e+01
-1.150701988532812337e+01	-1.090392312862303470e+01
-5.636082896433083356e+00	-4.511271636572224075e+00
-5.240722260366817764e+00	-1.174183888815686316e+01
-5.240722260366817764e+00	-1.174183888815686316e+01
-7.959539557750952454e+00	-5.455788079937118340e+00
-6.446085401660212710e+00	-9.597085137293735357e+00
-7.783672884549749149e+00	-1.896715066890189094e+00
-7.783672884549749149e+00	-1.896715066890189094e+00
-5.852340194192266587e+00	-1.073933217892593106e+01
-9.327169841496271374e+00	-4.501627359666309225e+00
-1.005713971813322871e+01	-1.131270707950298160e+01
-5.313341703577123987e+00	-3.911989695583526938e+00
-5.313341703577123987e+00	-3.911989695583526938e+00
-1.068960670090324250e+01	-2.351554255742298150e+00
-9.897707833727412918e+00	-5.447759915315339541e+00
-9.897707833727412918e+00	-5.447759915315339541e+00
-8.673019934259606600e+00	-9.010660289500309617e+00
-8.673019934259606600e+00	-9.010660289500309617e+00
-1.083516430845422462e+01	-7.466125810157890008e+00
-3.977354938307411381e+00	-9.979160622470585551e+00
-3.977354938307411381e+00	-9.979160622470585551e+00
-5.611629758176751359e+00	-3.182599545685627529e+00
-5.611629758176751359e+00	-3.182599545685627529e+00
-9.722299628450354447e+00	-1.191643357566278993e+01
-9.722299628450354447e+00	-1.191643357566278993e+01
-6.438819503659169996e+00	-7.539218223361009663e+00
-8.279890708374225028e+00	-4.127105566151795912e+00
-8.279890708374225028e+00	-4.127105566151795912e+00
-5.477054523213271686e+00	-9.037391676341927749e+00
-9.922695882893556529e+00	-8.237621231783405662e+00
-8.270574927707714963e+00	-9.454935439068314906e+00
-6.687061417072381886e+00	-7.707402356841552837e+00
-6.687061417072381886e+00	-7.707402356841552837e+00
-1.054474280835309941e+01	-7.593416749574461555e+00
-6.313616598574883554e+00	-2.369082143637073479e+00
-6.313616598574883554e+00	-2.369082143637073479e+00
-7.223136833726712780e+00	-8.642200712902260662e+00
-8.302223208741846605e+00	-2.916040537661957810e+00
-7.105233493232462116e+00	-4.164351948343560927e+00
-7.105233493232462116e+00	-4.164351948343560927e+00
-9.407668111247957654e+00	-8.806383764927469215e+00
-4.236384290260246210e+00	-1.099845599415558439e+01
-4.236384290260246210e+00	-1.099845599415558439e+01
-6.402839650961502649e+00	-1.083827044944107776e+01
-8.023227181557681220e+00	-8.250419240561889467e+00
-5.751368824360463705e+00	-8.260246228020292847e+00
-5.751368824360463705e+00	-8.260246228020292847e+00
-1.183093267064820253e+01	-9.169181503492650265e+00
-1.003928771079339377e+01	-4.781242732897307945e+00
-7.515337861165958699e+00	-7.585242117122650285e+00
-7.257775498952312887e+00	-8.500791011214888115e+00
-7.743042784038890680e+00	-1.739491831888451578e+00
-6.407196728989669410e+00	-8.252016167772643129e+00
-6.644122200114001231e+00	-7.284295500848277705e+00
-7.960244793639880356e+00	-3.146479374452622491e+00
-9.449936122923373816e+00	-2.467367211113017156e+00
-9.449936122923373816e+00	-2.467367211113017156e+00
-8.946813873365274006e+00	-4.630688426834179694e+00
-8.946813873365274006e+00	-4.630688426834179694e+00
-1.044800656135819850e+01	-8.292582193922433120e+00
-1.044800656135819850e+01	-8.292582193922433120e+00
-1.033032062510923943e+01	-8.322076183927967108e+00
-1.033032062510923943e+01	-8.322076183927967108e+00
-7.264543136484097552e+00	-2.826713037610478985e+00
-1.196382676360381225e+01	-1.105263264810591828e+01
-7.226576800082393781e+00	-3.344463033538588537e+00
-7.226576800082393781e+00	-3.344463033538588537e+00
-9.665772774162263659e+00	-7.150100700158155576e+00
-1.008104730305043439e+01	-4.414979675366524248e+00
-1.008104730305043439e+01	-4.414979675366524248e+00
-6.981394058909262235e+00	-1.050237597085431496e+01
-5.721874421575952496e+00	-8.391221129787648891e+00
-5.650106849848710588e+00	-9.944070127196978248e+00
-7.313524034108716876e+00	-1.105600301014490228e+01
-7.313524034108716876e+00	-1.105600301014490228e+01
-8.749365271061893878e+00	-1.407381419190886662e+00
-8.749365271061893878e+00	-1.407381419190886662e+00
-9.561558983904534514e+00	-1.015679194289191578e+01
-1.045471806512455970e+01	-4.341811560502356393e+00
-1.045471806512455970e+01	-4.341811560502356393e+00
-7.920142035078345799e+00	-8.576055696519640392e+00
-5.222790391668432619e+00	-4.845506240276916898e+00
-9.006712208593395275e+00	-9.446871698948969609e+00
-9.006712208593395275e+00	-9.446871698948969609e+00
-9.564925820948198876e+00	-1.084859074455914829e+01
-8.488580852275495303e+00	-3.677252531632289489e+00
-6.229386580969208609e+00	-4.553352524723822903e+00
-9.469930133554123941e+00	-5.192430830612782877e+00
-9.469930133554123941e+00	-5.192430830612782877e+00
-5.717554888239268607e+00	-1.151237810544872886e+01
-7.764109591149269463e+00	-1.075070661041899633e+01
-6.725604398286816554e+00	-2.111118540045722636e+00
-8.681013457971173963e+00	-1.005302882855269608e+01
-1.085777520521593331e+01	-4.986460794563479126e+00
-1.147004913558309980e+01	-4.304968395139268544e+00
-1.147004913558309980e+01	-4.304968395139268544e+00
-4.374837989193427923e+00	-7.307126554865191359e+00
-1.172568104593972294e+01	-8.254662292277197722e+00
-1.068302213247926602e+01	-7.011241751567535374e+00
-1.068302213247926602e+01	-7.011241751567535374e+00
-7.360601455442205676e+00	-8.438746315568936396e+00
-5.546374415879494535e+00	-8.029446140838095047e+00
-5.546374415879494535e+00	-8.029446140838095047e+00
-7.840591662684077257e+00	-6.531026116550061822e+00
-7.840591662684077257e+00	-6.531026116550061822e+00
-1.040563399607328599e+01	-1.051423303934813980e+01
-1.024059038578203840e+01	-7.357051685197467883e+00
-1.024059038578203840e+01	-7.357051685197467883e+00
-5.328805639542904871e+00	-8.000935194373825610e+00
-5.328805639542904871e+00	-8.000935194373825610e+00
-9.347148989223954985e+00	-5.526837200096793801e+00
-9.347148989223954985e+00	-5.526837200096793801e+00
-6.817414331101208980e+00	-7.244847746738147798e+00
-6.817414331101208980e+00	-7.244847746738147798e+00
-7.470984591862729118e+00	-1.106635366773549656e+01
-7.470984591862729118e+00	-1.106635366773549656e+01
-9.946963170802229470e+00	-9.723462147391030541e+00
-9.946963170802229470e+00	-9.723462147391030541e+00
-5.320892465066037857e+00	-1.123155359981951840e+01
-9.041382753954726681e+00	-4.041807276205738653e+00
-9.041382753954726681e+00	-4.041807276205738653e+00
-8.272248552329811488e+00	-1.067562416934530312e+01
-9.249773320924369102e+00	-9.595028679634912905e+00
-1.185671712767894448e+01	-1.109604605075480244e+01
-1.185671712767894448e+01	-1.109604605075480244e+01
-1.082741389494422357e+01	-7.042285724529507185e+00
-1.082741389494422357e+01	-7.042285724529507185e+00
-8.564249299997220177e+00	-1.194242631845354730e+01
-8.564249299997220177e+00	-1.194242631845354730e+01
-1.098313600119098510e+01	-4.266555893960613410e+00
-7.725154919779954277e+00	-8.195461248157899448e+00
-8.124707452298567389e+00	-7.673559473636483830e+00
-8.124707452298567389e+00	-7.673559473636483830e+00
-9.058772905976503864e+00	-6.700664032347506627e+00
-6.415941547083499508e+00	-6.923165629536140564e+00
-4.687573400775400856e+00	-1.678425972457819659e+00
-4.687573400775400856e+00	-1.678425972457819659e+00
-8.983551504397029319e+00	-1.132654818630373050e+01
-8.983551504397029319e+00	-1.132654818630373050e+01
-5.737247118447767136e+00	-1.914682304054167616e+00
-5.737247118447767136e+00	-1.914682304054167616e+00
-6.619886185321952610e+00	-1.034565851904872602e+01
-9.356332848815117842e+00	-9.971363524890147545e+00
-6.399347393730968392e+00	-9.265442290038615525e+00
-9.988204545889930230e+00	-9.538176607555616471e+00
-6.776224925537905008e+00	-1.752172784051827081e+00
-6.367971982491957839e+00	-1.066925153724818287e+01
-6.367971982491957839e+00	-1.066925153724818287e+01
-1.084759563752914779e+01	-1.024627481333372359e+01
-6.475047522716074866e+00	-6.203504455224265968e+00
-6.105350667100349682e+00	-1.099570022545859516e+01
-6.105350667100349682e+00	-1.099570022545859516e+01
-5.160335200869655914e+00	-6.956377240847626098e+00
-4.936217770954324457e+00	-9.701434148726621132e+00
-6.376380397438560443e+00	-6.752718645865806835e+00
-6.376380397438560443e+00	-6.752718645865806835e+00
-1.188260633651396425e+01	-5.600447407704573166e+00
-1.188260633651396425e+01	-5.600447407704573166e+00
-4.550287808887034657e+00	-1.935275999261659274e+00
-9.951151854242805683e+00	-6.748717747677831724e+00
-9.951151854242805683e+00	-6.748717747677831724e+00
-5.948874261761991633e+00	-7.117484910938323139e+00
-9.913321961180319164e+00	-6.237154618452727561e+00
-6.068600514482620945e+00	-8.859119867680169236e+00
-1.084319163916990014e+01	-5.520192724746693536e+00
-6.158468886933822439e+00	-5.181335072164122479e+00
-8.297156851356374929e+00	-6.725716417304595574e+00
-8.438775350700860045e+00	-4.622387828987234215e+00
-1.168785048233005419e+01	-6.265646647389029766e+00
-4.961784777701271132e+00	-3.868165520882635544e+00
-4.961784777701271132e+00	-3.868165520882635544e+00
-1.121784760741246778e+01	-4.560034329817142407e+00
-5.685356591200044107e+00	-3.358498421326296945e+00
-5.685356591200044107e+00	-3.358498421326296945e+00
-9.825087663944637839e+00	-9.715538856878330520e+00
-9.825087663944637839e+00	-9.715538856878330520e+00
-8.716295169041496038e+00	-8.381565594843083389e+00
-8.716295169041496038e+00	-8.381565594843083389e+00
-1.026622792513859928e+01	-6.436246643398057188e+00
-1.026622792513859928e+01	-6.436246643398057188e+00
-8.922703002868438205e+00	-1.927186780051551862e+00
-8.922703002868438205e+00	-1.927186780051551862e+00
-8.365956518140315268e+00	-1.012552578808847059e+01
-8.365956518140315268e+00	-1.012552578808847059e+01
-1.135017288092900500e+01	-8.429207364849487405e+00
-6.550566467206789589e+00	-4.477643269769546741e+00
-6.550566467206789589e+00	-4.477643269769546741e+00
-1.046053564659908552e+01	-5.127808801021348728e+00
-4.341148670247455321e+00	-1.075027990584801429e+01
-1.033195091672687838e+01	-9.990537431675221569e+00
-1.033195091672687838e+01	-9.990537431675221569e+00
-5.699645779369842735e+00	-5.275013216710018327e+00
-7.052283295386953199e+00	-1.017716464588117553e+01
-7.052283295386953199e+00	-1.017716464588117553e+01
-7.256861220982332661e+00	-1.178807701162890886e+01
-6.762689178641831944e+00	-2.278492284507524168e+00
-7.554898788957572719e+00	-1.187735045005429768e+01
-8.777437820682587599e+00	-8.178024033691977834e+00
-1.005640076435470220e+01	-7.746563342103486072e+00
-1.005640076435470220e+01	-7.746563342103486072e+00
-1.094483540211591688e+01	-4.364625550710148794e+00
-1.094483540211591688e+01	-4.364625550710148794e+00
-9.032980845207235987e+00	-8.332015575139331887e+00
-6.683759086412514705e+00	-1.039408145914461201e+01
-6.683759086412514705e+00	-1.039408145914461201e+01
-7.918740615692922979e+00	-7.977439129709156695e+00
-7.918740615692922979e+00	-7.977439129709156695e+00
-8.814169345941778033e+00	-3.446898095129876438e+00
-9.345728435785375154e+00	-9.610115684584874529e+00
-9.345728435785375154e+00	-9.610115684584874529e+00
-1.156423235808239447e+01	-2.071054986482278260e+00
-7.034463832379082682e+00	-8.403762872789878102e+00
-7.889407010364268835e+00	-1.958488867360501207e+00
-7.889407010364268835e+00	-1.958488867360501207e+00
-1.189515463927056871e+01	-9.219621199285285229e+00
-6.925464327436209544e+00	-2.873384471205941093e+00
-1.152348737703133175e+01	-1.191829783469613169e+01
-1.054003465825539543e+01	-1.028404090305228102e+01
-5.240059591116803084e+00	-1.954973463523240529e+00
-6.426283310537012738e+00	-1.015533507894885190e+01
-6.426283310537012738e+00	-1.015533507894885190e+01
-7.578614548988602984e+00	-1.085237299624560237e+01
-7.578614548988602984e+00	-1.085237299624560237e+01
-1.054625297619087299e+01	-2.916972554400642181e+00
-1.054625297619087299e+01	-2.916972554400642181e+00
-8.296018108974058336e+00	-1.131322554553877247e+01
-9.943129342780700597e+00	-1.120326569766320723e+01
-9.943129342780700597e+00	-1.120326569766320723e+01
-7.076623187110574698e+00	-2.023088704058507048e+00
-7.076623187110574698e+00	-2.023088704058507048e+00
-9.314154949099309633e+00	-6.603523422121137187e+00
-9.314154949099309633e+00	-6.603523422121137187e+00
-1.013989224461314009e+01	-2.069383054167056368e+00
-8.138504094387585042e+00	-5.718094456583326490e+00
-1.013652746450191877e+01	-7.702089905868302999e+00
-1.013652746450191877e+01	-7.702089905868302999e+00
-1.069338752449412944e+01	-2.550875584027060938e+00
-7.209512734041405579e+00	-4.695308832361316576e+00
-7.209512734041405579e+00	-4.695308832361316576e+00
-6.828011630951122513e+00	-3.093107337860361739e+00
-9.252873054216777859e+00	-5.491922477888565801e+00
-9.252873054216777859e+00	-5.491922477888565801e+00
-1.166328027243811682e+01	-1.155220589349631588e+01
-7.430346559475336399e+00	-4.647375357651588601e+00
-1.138766022522002430e+01	-2.452867396529141875e+00
-8.734437288787699316e+00	-5.552788536585812729e+00
-8.734437288787699316e+00	-5.552788536585812729e+00
-1.092262263286062485e+01	-5.066283363801823647e+00
-5.280228857332589953e+00	-9.924932795104332683e+00
-6.363839073512106204e+00	-3.559424133270291613e+00
-1.064240574829044839e+01	-4.130020713388274700e+00
-1.058492051362112463e+01	-1.100053007163892183e+01
-7.579474618095161986e+00	-2.314995234182203543e+00
-1.034195711426512077e+01	-1.044486435413207914e+01
-9.088952771899021954e+00	-1.963430618905021463e+00
-6.415498396867354458e+00	-7.003617892691142544e+00
-8.572919126967676107e+00	-6.558484087320731959e+00
-1.097294248825609664e+01	-8.258939913665217958e+00
-9.260041659387169943e+00	-9.327470218844915451e+00
-5.780360098588542606e+00	-9.528908911281950722e+00
-9.671157483298049584e+00	-3.752250640272369431e+00
-6.587536579998904074e+00	-4.783737102632342975e+00
-6.368242784898089148e+00	-1.136369175242080054e+01
-1.125083553450604867e+01	-9.777033151059702831e+00
-6.916036913145294562e+00	-7.238907875123705260e+00
-6.916036913145294562e+00	-7.238907875123705260e+00
-1.108911953474108714e+01	-4.642260265108109962e+00
-1.108911953474108714e+01	-4.642260265108109962e+00
-4.288091388945093563e+00	-3.695694754476875232e+00
-8.277987389017305020e+00	-2.502736813788679626e+00
-6.998411366007555756e+00	-9.208945430020669676e+00
-1.163172772740016292e+01	-9.055125278801943622e+00
-1.163172772740016292e+01	-9.055125278801943622e+00
-9.610421742931826827e+00	-6.058036083089588963e+00
-1.166212979877553835e+01	-8.926418153339977124e+00
-9.881468012335755446e+00	-8.197779595473296155e+00
-8.804715704786516994e+00	-7.392064507660289330e+00
-8.804715704786516994e+00	-7.392064507660289330e+00
-9.789175963402513503e+00	-9.969854341245200757e+00
-9.789175963402513503e+00	-9.969854341245200757e+00
-9.944268467823519586e+00	-6.891613807915163648e+00
-9.944268467823519586e+00	-6.891613807915163648e+00
-7.250266811541147938e+00	-9.153289591178873863e+00
-7.250266811541147938e+00	-9.153289591178873863e+00
-1.105720952641345711e+01	-5.822003074005897005e+00
-1.105720952641345711e+01	-5.822003074005897005e+00
-7.047351805484299625e+00	-1.045859026301333650e+01
-7.047351805484299625e+00	-1.045859026301333650e+01
-9.184516189219158022e+00	-1.014223682965394069e+01
-9.184516189219158022e+00	-1.014223682965394069e+01
-1.061274570277766038e+01	-4.524716755351912312e+00
-5.540120584915681157e+00	-5.656408603555208359e+00
-5.540120584915681157e+00	-5.656408603555208359e+00
-9.796283763820865076e+00	-2.254153038215110705e+00
-9.796283763820865076e+00	-2.254153038215110705e+00
-1.135537050626874311e+01	-3.571236078859136409e+00
-1.135537050626874311e+01	-3.571236078859136409e+00
-1.091939486206544174e+01	-7.355587823905824330e+00
-8.844662363735823263e+00	-3.081057672741399411e+00
-5.527035081405162309e+00	-3.794324357626621236e+00
-5.527035081405162309e+00	-3.794324357626621236e+00
-6.042577667131865837e+00	-7.565425046874729276e+00
-6.042577667131865837e+00	-7.565425046874729276e+00
-6.572594733627454389e+00	-7.392300858656247975e+00
-6.572594733627454389e+00	-7.392300858656247975e+00
-8.578226027795222919e+00	-3.975044294381051557e+00
-8.578226027795222919e+00	-3.975044294381051557e+00
-1.098937272046956437e+01	-8.978854109685189044e+00
-9.038741639078581969e+00	-1.080130954982807623e+01
-6.183534673486818178e+00	-8.655723105435736642e+00
-6.183534673486818178e+00	-8.655723105435736642e+00
-1.008945289652776367e+01	-9.861226164886273793e+00
-8.430359169142725762e+00	-1.090910853196812091e+01
-8.430359169142725762e+00	-1.090910853196812091e+01
-8.954245724210343482e+00	-6.513846182493436388e+00
-7.117526281581530334e+00	-9.269159325805286898e+00
-7.117526281581530334e+00	-9.269159325805286898e+00
-7.402113419204981781e+00	-6.331270189937075799e+00
-4.774503129041738347e+00	-8.885573382466878556e+00
-1.044417790000494151e+01	-1.895842829886925207e+00
-1.044417790000494151e+01	-1.895842829886925207e+00
-9.059351090235974624e+00	-9.114035027566341540e+00
-9.508113865109876883e+00	-6.581757471012074312e+00
-9.508113865109876883e+00	-6.581757471012074312e+00
-7.193492497261198437e+00	-6.642289768963476781e+00
-8.062300500650346535e+00	-1.074460221967224527e+01
-8.062300500650346535e+00	-1.074460221967224527e+01
-8.767430945975320356e+00	-1.036926341586874400e+01
-1.066863087055352111e+01	-3.577926111559232680e+00
-1.167224094056812689e+01	-1.914314056306959833e+00
-5.645386664320147574e+00	-1.154975959456799295e+01
-1.038190152672420119e+01	-8.197467595166004983e+00
-1.038190152672420119e+01	-8.197467595166004983e+00
-5.838820702078368008e+00	-9.003351506791627656e+00
-5.838820702078368008e+00	-9.003351506791627656e+00
-5.864054781352841417e+00	-6.529035640820196384e+00
-5.864054781352841417e+00	-6.529035640820196384e+00
-7.620176912061968011e+00	-3.002849548035081195e+00
-7.620176912061968011e+00	-3.002849548035081195e+00
-9.541279879544743991e+00	-8.609454414660719479e+00
-7.479277680626354119e+00	-1.009381470107202183e+01
-7.479277680626354119e+00	-1.009381470107202183e+01
-9.185469349280550588e+00	-8.257104425406227577e+00
-6.425276891368001841e+00	-1.173830577496928207e+01
-8.089808132265680740e+00	-2.014601383530191026e+00
-8.089808132265680740e+00	-2.014601383530191026e+00
-1.100604527980858904e+01	-9.255813402865051387e+00
-1.034644337222055377e+01	-1.190161753167016911e+01
-5.284437284241068511e+00	-4.603485085535091947e+00
-5.284437284241068511e+00	-4.603485085535091947e+00
-6.712103073937884190e+00	-4.025579481927604952e+00
-9.221302593809756587e+00	-9.272635038139636521e+00
-9.146251033071024494e+00	-1.054058488997894294e+01
-7.318927400801211292e+00	-5.754459417131169374e+00
-7.570922121711535446e+00	-1.600995482043722440e+00
-8.551662418726397874e+00	-2.952240849300466152e+00
-8.551662418726397874e+00	-2.952240849300466152e+00
-9.229652076703846575e+00	-2.752588756556203275e+00
-6.291044583880608165e+00	-6.300594580290225899e+00
-5.290183087401786999e+00	-7.115976577536284431e+00
-1.027720274394527777e+01	-1.075241004860040661e+01
-1.027720274394527777e+01	-1.075241004860040661e+01
-8.508780664566520713e+00	-7.443107935356652050e+00
-9.721538971816251262e+00	-1.115017179222986776e+01
-9.332192122757611230e+00	-3.357949574286075656e+00
-6.840914582250421816e+00	-8.162126735644052999e+00
-8.692796889805549654e+00	-7.173313632530558870e+00
-8.692796889805549654e+00	-7.173313632530558870e+00
-9.499839743679627801e+00	-1.140795511834586584e+01
-9.499839743679627801e+00	-1.140795511834586584e+01
-8.021036506388426801e+00	-9.971386566213851665e+00
-1.054729853967270081e+01	-1.005247718991052785e+01
-1.031658786886266910e+01	-9.831213576076359928e+00
-6.168673585490938471e+00	-7.609634685700938483e+00
-5.262340738272931695e+00	-1.058233175204543564e+01
-6.277449904767168576e+00	-1.181191357299936229e+01
-1.194208577468396903e+01	-1.161875621954333404e+01
-6.271963361078502608e+00	-3.720874377559805879e+00
-6.999513849587852832e+00	-4.305124646188486892e+00
-5.856620123438140979e+00	-2.009004515118995027e+00
-7.592151412146769474e+00	-4.042863235439581260e+00
-6.380102177320658541e+00	-1.090277409205454440e+01
-7.143054036165782605e+00	-9.716321485640438738e+00
-7.143054036165782605e+00	-9.716321485640438738e+00
-1.160602895578100302e+01	-3.429191694144703373e+00
-1.160602895578100302e+01	-3.429191694144703373e+00
-8.898537260587406905e+00	-2.081897476822108128e+00
-8.898537260587406905e+00	-2.081897476822108128e+00
-5.194955146715587446e+00	-1.124517881082695858e+01
-9.139383490664707566e+00	-3.667147381872255529e+00
-9.139383490664707566e+00	-3.667147381872255529e+00
-1.061026461929359321e+01	-3.557316208756759579e+00
-4.836842596986505427e+00	-8.306822647406965743e+00
-8.386064494906202427e+00	-8.399114304890225924e+00
-5.587526889993745804e+00	-2.320149975793989849e+00
-4.265362278485003600e+00	-1.170894874601705204e+01
-4.265362278485003600e+00	-1.170894874601705204e+01
-8.881504434883243704e+00	-5.841272521356977165e+00
-8.327883808849421143e+00	-4.552967091036504321e+00
-8.327883808849421143e+00	-4.552967091036504321e+00
-1.125415324523339855e+01	-3.375072747525253547e+00
-5.251649542585045793e+00	-4.943956865717478166e+00
-8.093787495404695775e+00	-9.611093601514490103e+00
-8.408313018430670027e+00	-7.801600177651188517e+00
-8.408313018430670027e+00	-7.801600177651188517e+00
-7.562689396073372095e+00	-4.253444124512481217e+00
-7.562689396073372095e+00	-4.253444124512481217e+00
-1.044703546348026713e+01	-1.191977097126774510e+01
-1.080217839168171245e+01	-5.797129141638778904e+00
-6.270752256271016734e+00	-8.371174733672672730e+00
-6.388970772635982343e+00	-9.464977491720139469e+00
-5.553609600688468539e+00	-9.911341520750287515e+00
-8.554624981181925492e+00	-7.733189569736725666e+00
-1.156884086037781145e+01	-4.099715154123777516e+00
-1.156884086037781145e+01	-4.099715154123777516e+00
-7.383085244479646647e+00	-2.255825234994907280e+00
-1.170322507078748764e+01	-1.029184163429459886e+01
-1.170322507078748764e+01	-1.029184163429459886e+01
-6.584644485841232964e+00	-2.152228397930215031e+00
-9.706870390757218914e+00	-6.623073666065775633e+00
-9.706870390757218914e+00	-6.623073666065775633e+00
-8.310094348299122302e+00	-4.776238260876102260e+00
-8.816178222521145358e+00	-7.503457848428790378e+00
-1.034565023791724947e+01	-9.050315901199310176e+00
-1.034565023791724947e+01	-9.050315901199310176e+00
-1.004865331449742527e+01	-7.456128648756664035e+00
-1.179569397974701594e+01	-1.078194698761725867e+01
-1.179569397974701594e+01	-1.078194698761725867e+01
-1.105844161397115677e+01	-7.554788422944759496e+00
-5.984051735851886988e+00	-6.393075669065433786e+00
-6.035255107924591300e+00	-3.976123451225309857e+00
-6.035255107924591300e+00	-3.976123451225309857e+00
-1.195814212583985103e+01	-9.288895924613445487e+00
-1.195814212583985103e+01	-9.288895924613445487e+00
-5.451347724543214923e+00	-6.766149655932380824e+00
-1.162835684841711981e+01	-1.488532480888118847e+00
-8.647855632077041221e+00	-4.135877524459393939e+00
-1.039779176260201154e+01	-1.038405538346232504e+01
-1.077524858578395417e+01	-1.180811112541818098e+01
-1.077524858578395417e+01	-1.180811112541818098e+01
-1.069102452142066895e+01	-6.904005908698732874e+00
-1.069102452142066895e+01	-6.904005908698732874e+00
-9.598771349540843545e+00	-7.030473298462447396e+00
-8.356983468801830739e+00	-3.542260319697120963e+00
-9.991505702846835035e+00	-4.593971513828182474e+00
-9.991505702846835035e+00	-4.593971513828182474e+00
-5.435948468656119026e+00	-1.761084716867530320e+00
-5.435948468656119026e+00	-1.761084716867530320e+00
-7.691119053952521156e+00	-9.304476947121418817e+00
-7.231570896550525873e+00	-9.122216606063222599e+00
-8.098940419850077177e+00	-3.071680545808699314e+00
-8.098940419850077177e+00	-3.071680545808699314e+00
-8.039336721290789356e+00	-1.026509124762032243e+01
-8.039336721290789356e+00	-1.026509124762032243e+01
-6.109483307830131160e+00	-9.162382176869051875e+00
-6.109483307830131160e+00	-9.162382176869051875e+00
-1.089482676854506771e+01	-8.256031945738255828e+00
-5.016655191926807866e+00	-9.160074713205636598e+00
-5.016655191926807866e+00	-9.160074713205636598e+00
-7.841596513089640119e+00	-2.180007283523016426e+00
-8.874942246583605865e+00	-3.911101372513082985e+00
-8.874942246583605865e+00	-3.911101372513082985e+00
-8.180082153056808636e+00	-5.741837769772224043e+00
-8.180082153056808636e+00	-5.741837769772224043e+00
-1.123280570534897116e+01	-3.445609338023170931e+00
-1.123280570534897116e+01	-3.445609338023170931e+00
-8.443330892815566813e+00	-6.213827512329084257e+00
-6.460985908972743275e+00	-4.926248750837743273e+00
-6.460985908972743275e+00	-4.926248750837743273e+00
-1.013110079869652935e+01	-1.098645874581083781e+01
-5.555921772527113056e+00	-1.160573830469413714e+01
-6.099185069018781213e+00	-1.076019814811241382e+01
-6.099185069018781213e+00	-1.076019814811241382e+01
-1.009361011140735620e+01	-2.341643347555198318e+00
-1.197623253310798397e+01	-1.121944101770993818e+01
-1.020256861563617612e+01	-6.582589531403174377e+00
-6.206201318508159481e+00	-8.357705431618937197e+00
-6.206201318508159481e+00	-8.357705431618937197e+00
-9.496426177284622128e+00	-6.459245800034683960e+00
-7.690012056184458267e+00	-7.663579794010753510e+00
-7.690012056184458267e+00	-7.663579794010753510e+00
-9.031623703074728837e+00	-9.356700596495464595e+00
-9.031623703074728837e+00	-9.356700596495464595e+00
-6.409795648009536606e+00	-9.792822750755805217e+00
-6.409795648009536606e+00	-9.792822750755805217e+00
-9.692835320103197816e+00	-7.657598800082570989e+00
-9.692835320103197816e+00	-7.657598800082570989e+00
-9.878072525601325538e+00	-5.128901117812260324e+00
-9.878072525601325538e+00	-5.128901117812260324e+00
-7.494304885667702365e+00	-2.518265991784135238e+00
-6.115994256332990098e+00	-8.233078430597322139e+00
-5.002860398630723182e+00	-3.468485627144577421e+00
-1.192553289523779725e+01	-1.167969396741088950e+01
-1.019372046167050350e+01	-1.179143582337128926e+01
-8.312298496853669505e+00	-1.150309513245440840e+01
-5.096461049581913372e+00	-2.497005494186884889e+00
-1.094394115324914729e+01	-9.959152370439900537e+00
-1.078405989176497748e+01	-9.030772096528853154e+00
-7.839166873951830539e+00	-6.781585580169611660e+00
-7.839166873951830539e+00	-6.781585580169611660e+00
-8.391313150357571971e+00	-7.674279015119161329e+00
-8.391313150357571971e+00	-7.674279015119161329e+00
-1.070143280024453070e+01	-7.112715190809486998e+00
-8.420417582230316000e+00	-9.532121998470959312e+00
-8.420417582230316000e+00	-9.532121998470959312e+00
-1.174480550571589355e+01	-7.160125924149708609e+00
-1.083559453557733221e+01	-5.680694942148504012e+00
-7.952124091115229554e+00	-4.957331622209437683e+00
-1.080607997115449059e+01	-7.874106749505265235e+00
-4.804467362472365721e+00	-9.597814505273612795e+00
-1.003361720141140978e+01	-8.454907050851710792e+00
-6.245008449836146447e+00	-1.084779778880416856e+01
-9.970365976525439322e+00	-5.266464732563068019e+00
-6.343675837925816907e+00	-1.162130717101553934e+01
-9.540695499261408585e+00	-5.042280267896726897e+00
-8.733815546915202788e+00	-4.182232061417098024e+00
-8.733815546915202788e+00	-4.182232061417098024e+00
-9.803246463006647815e+00	-8.071324995431572447e+00
-9.803246463006647815e+00	-8.071324995431572447e+00
-1.078605500992167165e+01	-1.014901113318730097e+01
-8.802963258622915177e+00	-7.634876126167220889e+00
-4.258040392052524048e+00	-3.105605743777743566e+00
-4.979880894515170908e+00	-9.331623629340374038e+00
-4.979880894515170908e+00	-9.331623629340374038e+00
-9.955490287728663290e+00	-1.091173887500846007e+01
-4.767081849566136675e+00	-1.166953293346883314e+01
-4.767081849566136675e+00	-1.166953293346883314e+01
-5.067591330607129407e+00	-2.629330810184741907e+00
-8.783704222007296281e+00	-1.035790961723611758e+01
-8.109888291822951345e+00	-1.192674384790995212e+01
-8.109888291822951345e+00	-1.192674384790995212e+01
-9.096523404494696763e+00	-6.230275613464115736e+00
-8.335371047762453856e+00	-2.476161320896619333e+00
-8.335371047762453856e+00	-2.476161320896619333e+00
-8.095176204791561858e+00	-6.901415808933608176e+00
-7.581332810694609847e+00	-9.468659402141286208e+00
-7.581332810694609847e+00	-9.468659402141286208e+00
-6.904207694267428863e+00	-5.813358371578131845e+00
-7.987583933170969708e+00	-1.122701851282487162e+01
-7.987583933170969708e+00	-1.122701851282487162e+01
-1.169924639870714600e+01	-1.124608517855059731e+01
-1.169924639870714600e+01	-1.124608517855059731e+01
-7.649428154912082611e+00	-4.924415531617486685e+00
-7.649428154912082611e+00	-4.924415531617486685e+00
-6.801895637797303884e+00	-4.548627394351956177e+00
-1.112533302878174801e+01	-1.816728179990233727e+00
-7.938670744982514016e+00	-2.070330576311770088e+00
-9.783092933283496606e+00	-5.789970206508841422e+00
-1.152052743743731078e+01	-8.099927650218852193e+00
-1.133732117718775534e+01	-6.959225570750228407e+00
-1.194018574966414725e+01	-1.045839026367435132e+01
-1.196241924213610019e+01	-8.114603273950013573e+00
-1.196241924213610019e+01	-8.114603273950013573e+00
-7.888538216797955194e+00	-1.045227074212796836e+01
-1.032369982158168042e+01	-4.392904676050351398e+00
-4.847152448190848339e+00	-8.525097138504703409e+00
-4.847152448190848339e+00	-8.525097138504703409e+00
-6.588016315157175562e+00	-1.139017967313304069e+01
-6.534020579906743897e+00	-1.094958306827458472e+01
-6.534020579906743897e+00	-1.094958306827458472e+01
-7.686726478164743526e+00	-9.961546791517452704e+00
-6.483556509280187008e+00	-8.048144866879963999e+00
-6.483556509280187008e+00	-8.048144866879963999e+00
-9.559754585137334004e+00	-1.835313681517971141e+00
-9.559754585137334004e+00	-1.835313681517971141e+00
-6.373966192796479469e+00	-3.526170104947382367e+00
-6.373966192796479469e+00	-3.526170104947382367e+00
-9.913127054808148486e+00	-9.941735596613016313e+00
-9.913127054808148486e+00	-9.941735596613016313e+00
-1.164275523805938128e+01	-2.926453680198681351e+00
-1.122026452790759876e+01	-1.086938193848762069e+01
-8.485935669042792284e+00	-1.105296118790610826e+01
-8.485935669042792284e+00	-1.105296118790610826e+01
-1.061540498397051735e+01	-1.095460353259343300e+01
-9.467723553723063290e+00	-5.142013744198269620e+00
-1.085132311529446092e+01	-3.808130615127454544e+00
-8.013386016825705838e+00	-2.698222125784451197e+00
-8.620026507684695360e+00	-2.142902178935757629e+00
-8.620026507684695360e+00	-2.142902178935757629e+00
-7.417751975876001325e+00	-6.087342277884576269e+00
-8.029488102682153183e+00	-6.251340368551684179e+00
-8.029488102682153183e+00	-6.251340368551684179e+00
-9.587039218653986339e+00	-3.434254356853169821e+00
-1.147626598397945052e+01	-1.066363629986717143e+01
-1.147626598397945052e+01	-1.066363629986717143e+01
-4.909447663060714895e+00	-2.913398922483485087e+00
-4.909447663060714895e+00	-2.913398922483485087e+00
-5.417726855026908872e+00	-9.667567034175771568e+00
-1.186836943198164285e+01	-1.178344162044126087e+01
-1.186836943198164285e+01	-1.178344162044126087e+01
-6.704739700477738928e+00	-9.570541448625400349e+00
-9.379734410856514160e+00	-3.010312148464572068e+00
-9.379734410856514160e+00	-3.010312148464572068e+00
-1.050537246496256572e+01	-1.893630102761290068e+00
-1.050537246496256572e+01	-1.893630102761290068e+00
-9.860943794006901797e+00	-2.918888721901638394e+00
-9.860943794006901797e+00	-2.918888721901638394e+00
-9.100187882767411196e+00	-7.166655311643219228e+00
-9.100187882767411196e+00	-7.166655311643219228e+00
-1.080010336873156440e+01	-4.041655248570655168e+00
-5.521360576230097017e+00	-5.177610572089591301e+00
-5.521360576230097017e+00	-5.177610572089591301e+00
-9.365697245737553800e+00	-1.687766797019836451e+00
-5.010107495786640719e+00	-8.829481852236481743e+00
-6.727957999264911670e+00	-6.862815947879999712e+00
-7.793285566840025602e+00	-2.741499995666604850e+00
-7.793285566840025602e+00	-2.741499995666604850e+00
-5.739552597873606388e+00	-4.334101153895884906e+00
-5.739552597873606388e+00	-4.334101153895884906e+00
-8.273050294822160922e+00	-4.899872781648295650e+00
-8.273050294822160922e+00	-4.899872781648295650e+00
-5.918529350790625365e+00	-2.576803826324345348e+00
-1.078305817114166310e+01	-1.036242618880091726e+01
-1.034874432273116263e+01	-5.924173146275401258e+00
-7.879113031840981662e+00	-6.422379811109943049e+00
-7.404725865036633436e+00	-4.048469397119034419e+00
-6.032055546702442150e+00	-2.505033009793682375e+00
-6.639226832936747869e+00	-3.751922518948075158e+00
-1.048960724328851768e+01	-3.946526270572800588e+00
-6.982080096575486117e+00	-2.976165616444649054e+00
-7.769308252529944170e+00	-8.100207474111631001e+00
-5.875392353108948917e+00	-7.014011746914099454e+00
-1.187243113369602376e+01	-1.123628635137110976e+01
-8.510169075456136767e+00	-3.291810998594936422e+00
-8.821746495517393427e+00	-1.566377083851101748e+00
-9.415274489773036493e+00	-5.901378610176593931e+00
-1.195950057463674376e+01	-1.029617406084629216e+01
-1.195950057463674376e+01	-1.029617406084629216e+01
-8.858247027126626705e+00	-2.949484117962304808e+00
-5.402718219620346041e+00	-6.758991828749730146e+00
-5.402718219620346041e+00	-6.758991828749730146e+00
-9.611376893313465786e+00	-4.712272677374964580e+00
-9.611376893313465786e+00	-4.712272677374964580e+00
-5.561482954344784346e+00	-8.104131331831926133e+00
-5.561482954344784346e+00	-8.104131331831926133e+00
-9.948223740075228250e+00	-8.935440355513865285e+00
-6.636209252772840017e+00	-4.210016010271436571e+00
-6.636209252772840017e+00	-4.210016010271436571e+00
-5.734634791503336437e+00	-4.020344944588130076e+00
-1.181532025309091338e+01	-4.328525165324399460e+00
-9.154070921499005919e+00	-6.063868008264331699e+00
-9.154070921499005919e+00	-6.063868008264331699e+00
-1.060981136602794628e+01	-4.068997616894546532e+00
-6.586211061010791568e+00	-3.217192239692625577e+00
-1.045762061333327075e+01	-1.187687854933273535e+01
-7.024827672317813132e+00	-2.617846041200252216e+00
-4.599288797243643145e+00	-3.324432400054703418e+00
-5.119330623830647298e+00	-1.132685830673969463e+01
-5.119330623830647298e+00	-1.132685830673969463e+01
-7.905796224827772001e+00	-1.154035613849399589e+01
-7.905796224827772001e+00	-1.154035613849399589e+01
-1.144289704156760479e+01	-4.442443500146070257e+00
-1.144289704156760479e+01	-4.442443500146070257e+00
-8.741055245108610094e+00	-3.668171624197391179e+00
-9.927346843000457000e+00	-1.817778490552290016e+00
-5.582950753017827950e+00	-6.615745719950123949e+00
-6.177842110635149098e+00	-7.249660516107196528e+00
-6.177842110635149098e+00	-7.249660516107196528e+00
-4.376628419515027346e+00	-1.181692616031611642e+01
-4.376628419515027346e+00	-1.181692616031611642e+01
-7.884602185539261399e+00	-5.090664715216916214e+00
-1.112875694045306041e+01	-5.286587516892984340e+00
-9.410152865645052600e+00	-5.251372739911340126e+00
-6.271108751457422414e+00	-2.557338904952884739e+00
-1.006170259847470128e+01	-5.545215897912338932e+00
-7.900602092444182212e+00	-5.880463241489173321e+00
-7.900602092444182212e+00	-5.880463241489173321e+00
-7.167024909432913482e+00	-8.067895334232495941e+00
-7.167024909432913482e+00	-8.067895334232495941e+00
-8.115276775859143754e+00	-1.842781719051516109e+00
-7.422606565522137601e+00	-7.113213446395499240e+00
-5.563433566151366527e+00	-1.694399532741238446e+00
-1.135996380803563532e+01	-3.506038407041023319e+00
-6.197318219180655063e+00	-6.622714519534715905e+00
-7.278762800944948097e+00	-2.711104892493129359e+00
-7.278762800944948097e+00	-2.711104892493129359e+00
-8.747457916945847956e+00	-3.505443634502956485e+00
-8.747457916945847956e+00	-3.505443634502956485e+00
-7.072442516639230625e+00	-3.212058463767704986e+00
-7.054198787385867142e+00	-8.810497276028511848e+00
-1.076178919400286382e+01	-9.883155552796306864e+00
-1.114258885028803192e+01	-6.570023452663092733e+00
-5.356254106327787312e+00	-1.066467518757072952e+01
-9.905600010952730017e+00	-4.039845765598386151e+00
-9.905600010952730017e+00	-4.039845765598386151e+00
-5.033813922253699502e+00	-1.063288556868749879e+01
-5.456156355775229727e+00	-5.833551352050903915e+00
-8.839773759571315281e+00	-1.982553916350232814e+00
-8.409758095200592365e+00	-5.476221363867828984e+00
-9.680002130316726294e+00	-5.112744088522232389e+00
-9.680002130316726294e+00	-5.112744088522232389e+00
-7.987776488472372094e+00	-4.343474488973277481e+00
-4.850886057732205714e+00	-8.376777931681191447e+00
-4.821798808642845380e+00	-5.870500826258670202e+00
-4.821798808642845380e+00	-5.870500826258670202e+00
-7.850336182505233573e+00	-2.847074749958148576e+00
-6.442119494543412372e+00	-8.591548127488943365e+00
-1.002291986408267022e+01	-1.188349904221977305e+01
-9.795079670139942962e+00	-7.626448083509388631e+00
-8.918843917055168546e+00	-2.189501878119616496e+00
-8.918843917055168546e+00	-2.189501878119616496e+00
-1.000889449700021139e+01	-6.469162708435748144e+00
-1.094440247099225871e+01	-1.154001141339841574e+01
-5.452470549060669747e+00	-1.031383250904380233e+01
-6.550597009625289679e+00	-1.110329796295378735e+01
-6.550597009625289679e+00	-1.110329796295378735e+01
-1.008815174339606102e+01	-4.162941105587408153e+00
-1.008815174339606102e+01	-4.162941105587408153e+00
-8.774766007227729148e+00	-9.681051022888331303e+00
-1.073629229067705282e+01	-5.420397825702054639e+00
-1.073629229067705282e+01	-5.420397825702054639e+00
-8.828389354314015947e+00	-8.701768818215116497e+00
-6.896074758245422487e+00	-9.622821350901856974e+00
-7.820199293592176026e+00	-9.103255732525326493e+00
-8.449287000208382636e+00	-4.349977834483721217e+00
-8.449287000208382636e+00	-4.349977834483721217e+00
-1.073644571351398547e+01	-3.922622007377172260e+00
-1.073644571351398547e+01	-3.922622007377172260e+00
-8.919968615588349081e+00	-4.776590619437697249e+00
-1.044992401529973947e+01	-5.553560656314497912e+00
-1.044992401529973947e+01	-5.553560656314497912e+00
-1.069249788437906545e+01	-2.599972237750202364e+00
-1.136807073717058536e+01	-2.986500179942566557e+00
-8.000344866143912270e+00	-3.265600588011031924e+00
-8.000344866143912270e+00	-3.265600588011031924e+00
-5.244113827738712708e+00	-8.373227014289879477e+00
-5.244113827738712708e+00	-8.373227014289879477e+00
-7.110591592748264134e+00	-7.338844940510941939e+00
-7.110591592748264134e+00	-7.338844940510941939e+00
-8.522570375963169909e+00	-6.054751668440909285e+00
-8.522570375963169909e+00	-6.054751668440909285e+00
-8.095276980508751663e+00	-3.828906331988718215e+00
-6.844182520956825222e+00	-1.655674561897718222e+00
-4.274653017475946726e+00	-7.536511474130207944e+00
-7.026447741260961166e+00	-3.450720382272665532e+00
-9.193959615246395600e+00	-9.354665021553900672e+00
-1.010922010669936100e+01	-2.256950432121977101e+00
-1.010922010669936100e+01	-2.256950432121977101e+00
-1.197254972612831558e+01	-1.159362916474779936e+01
-1.080653798004401978e+01	-9.479720108424494640e+00
-1.080653798004401978e+01	-9.479720108424494640e+00
-5.163787167287339663e+00	-2.210959642801255232e+00
-6.396639924384829534e+00	-1.072065547119380469e+01
-6.396639924384829534e+00	-1.072065547119380469e+01
-1.112531762552660197e+01	-2.909549554029681406e+00
-8.190448187831286475e+00	-7.625070877126513658e+00
-8.190448187831286475e+00	-7.625070877126513658e+00
-8.697713663606316814e+00	-8.879649700598829298e+00
-8.697713663606316814e+00	-8.879649700598829298e+00
-7.671400738054267698e+00	-1.401960875307899146e+00
-9.649341087671412964e+00	-1.058010015518148172e+01
-8.340895202494944982e+00	-1.028168751777331202e+01
-8.684629951056976438e+00	-2.621199832411537756e+00
-1.011844656108342377e+01	-9.963778883377154116e+00
-9.688602247128258682e+00	-1.130087542901483388e+01
-7.513168686437867727e+00	-1.015133830137596682e+01
-7.513168686437867727e+00	-1.015133830137596682e+01
-5.829186615204572597e+00	-1.036564608340379401e+01
-5.829186615204572597e+00	-1.036564608340379401e+01
-1.011483234845662338e+01	-9.015647575608687347e+00
-8.325029846368911635e+00	-2.059859258516631542e+00
-9.208009904729673067e+00	-7.446424066650762619e+00
-1.077377749696685250e+01	-3.287820192527909136e+00
-1.077377749696685250e+01	-3.287820192527909136e+00
-9.118587809555213752e+00	-1.130789593235925317e+01
-9.118587809555213752e+00	-1.130789593235925317e+01
-1.176950872236439594e+01	-5.258654069324343538e+00
-8.742397892904113732e+00	-6.084986909418346634e+00
-7.402714669752139542e+00	-4.857172844765232256e+00
-5.441307706990796689e+00	-2.733613273507505159e+00
-7.224614370489057080e+00	-4.142580082745658032e+00
-7.224614370489057080e+00	-4.142580082745658032e+00
-6.401830008086628609e+00	-1.758926406224091910e+00
-7.001502587090842944e+00	-8.368567164486567123e+00
-9.101778035057279226e+00	-4.529150511863679895e+00
-7.158468072023879358e+00	-1.009218312485801583e+01
-7.930204996488804170e+00	-1.181683476786078124e+01
-7.930204996488804170e+00	-1.181683476786078124e+01
-1.118309870456425337e+01	-1.064834392362128135e+01
-1.118309870456425337e+01	-1.064834392362128135e+01
-8.349545609597793572e+00	-5.068053830680233851e+00
-8.349545609597793572e+00	-5.068053830680233851e+00
-9.549942883273502048e+00	-1.130189787599396922e+01
-1.144936296782679541e+01	-5.744264358584628916e+00
-1.012476760146910948e+01	-3.723362003430171097e+00
-1.012476760146910948e+01	-3.723362003430171097e+00
-6.961891031505242466e+00	-8.972421175684520023e+00
-6.303923382448727075e+00	-9.504957038065448671e+00
-8.175372916577837046e+00	-8.766688496658451513e+00
-6.970197804756609550e+00	-5.025894425714639624e+00
-6.970197804756609550e+00	-5.025894425714639624e+00
-6.075836799351938211e+00	-1.952954936533445540e+00
-1.101236686725234826e+01	-6.454967842387808297e+00
-1.101236686725234826e+01	-6.454967842387808297e+00
-6.930476885310554280e+00	-4.932754902324688828e+00
-7.382460841577543675e+00	-4.281876031338637922e+00
-7.382460841577543675e+00	-4.281876031338637922e+00
-6.857862588733087073e+00	-5.282993684940120005e+00
-1.005241684488852449e+01	-1.112393646960910409e+01
-8.099753453394237468e+00	-8.460482615310144894e+00
-8.099753453394237468e+00	-8.460482615310144894e+00
-9.786658469248139980e+00	-6.255945149748647793e+00
-8.776530790359712952e+00	-4.224969673875170528e+00
-1.064555903062010600e+01	-5.997958108964607682e+00
-1.139304337788635202e+01	-1.108145294415279380e+01
-1.139304337788635202e+01	-1.108145294415279380e+01
-1.054185137192540012e+01	-8.452157901890817726e+00
-1.054185137192540012e+01	-8.452157901890817726e+00
-9.724886959652943474e+00	-6.749961896159224040e+00
-8.158881160761172424e+00	-9.560532342819556106e+00
-8.158881160761172424e+00	-9.560532342819556106e+00
-5.503437497315419868e+00	-4.958763304563467145e+00
-6.341934745644454807e+00	-2.189213465939181091e+00
-6.341934745644454807e+00	-2.189213465939181091e+00
-7.786651042908456333e+00	-7.572515101126362502e+00
-5.546364808890380971e+00	-6.613549526998294681e+00
-5.546364808890380971e+00	-6.613549526998294681e+00
-5.896033379579257883e+00	-9.499831742157020642e+00
-9.209052930552337202e+00	-1.963417909005419126e+00
-1.077439903114648700e+01	-8.884344432433568528e+00
-1.055802357519087664e+01	-5.240434500145465080e+00
-4.505182783233809829e+00	-6.607094642649613547e+00
-6.723059118428385439e+00	-1.026560212668274730e+01
-6.723059118428385439e+00	-1.026560212668274730e+01
-8.042760486513561347e+00	-9.284237365278098508e+00
-6.395434749123118934e+00	-5.128743702294668694e+00
-1.178310304663605557e+01	-2.098568224120339831e+00
-1.178310304663605557e+01	-2.098568224120339831e+00
-7.094273422369851367e+00	-8.238368791767392452e+00
-5.224936945718084758e+00	-8.183012746280633465e+00
-5.224936945718084758e+00	-8.183012746280633465e+00
-6.867700214031167150e+00	-2.358727213444063331e+00
-6.751936335075518159e+00	-5.649335144352729543e+00
-9.811572366155431268e+00	-5.997937117507226468e+00
-8.817756562700511225e+00	-3.063655721994717140e+00
-6.360613928097337499e+00	-2.879458518770036779e+00
-1.093204789431138302e+01	-1.040138474047736672e+01
-8.846219696470079441e+00	-9.650892723458118994e+00
-8.846219696470079441e+00	-9.650892723458118994e+00
-8.707613614304136718e+00	-9.241611110566756437e+00
-8.707613614304136718e+00	-9.241611110566756437e+00
-7.923963509066380695e+00	-1.124390986869168785e+01
-7.923963509066380695e+00	-1.124390986869168785e+01
-8.788273446582044457e+00	-2.811278254346052385e+00
-8.554885375786970059e+00	-8.221097421812418204e+00
-8.554885375786970059e+00	-8.221097421812418204e+00
-9.584124739812704519e+00	-4.333447359544206456e+00
-5.845945107771613358e+00	-3.973358699276835715e+00
-5.845945107771613358e+00	-3.973358699276835715e+00
-7.127258714911123505e+00	-9.777661528298235538e+00
-1.028168545107931742e+01	-9.630265466619560399e+00
-1.171388335643098877e+01	-1.782845542800824523e+00
-1.171388335643098877e+01	-1.782845542800824523e+00
-7.581062170222485186e+00	-6.838233069439382028e+00
-7.134614352767338019e+00	-2.345149182296777379e+00
-7.134614352767338019e+00	-2.345149182296777379e+00
-1.013548628830419496e+01	-4.589529393856896178e+00
-1.104567198548627083e+01	-1.061353247837748448e+01
-1.104567198548627083e+01	-1.061353247837748448e+01
-1.151473564670381577e+01	-1.132244139109913483e+01
-8.450730810712760999e+00	-8.918879678310787540e+00
-7.939592048461428853e+00	-8.915614503219631004e+00
-7.939592048461428853e+00	-8.915614503219631004e+00
-1.012406259997842106e+01	-8.191190807363788906e+00
-7.993145511467014686e+00	-4.060923461797830036e+00
-1.025179292472614456e+01	-7.122595966866378525e+00
-7.645512914025624163e+00	-3.903824929403449939e+00
-6.848110027166996794e+00	-2.031032331847146821e+00
-6.848110027166996794e+00	-2.031032331847146821e+00
-6.070598538441632108e+00	-6.650987684149449741e+00
-6.070598538441632108e+00	-6.650987684149449741e+00
-4.817883973374047279e+00	-8.657475805374541977e+00
-7.389948309931836157e+00	-8.954734792106028962e+00
-9.632848743460710850e+00	-4.154433811200085813e+00
-9.632848743460710850e+00	-4.154433811200085813e+00
-9.593692730472120900e+00	-4.125496721306708636e+00
-7.167693703222218105e+00	-9.019452372236761661e+00
-1.156362501163511425e+01	-7.033646714636796915e+00
-1.156362501163511425e+01	-7.033646714636796915e+00
-6.524768107253442473e+00	-9.798515139585608935e+00
-9.230960795367080252e+00	-3.529128578890770029e+00
-9.230960795367080252e+00	-3.529128578890770029e+00
-8.152513659271740210e+00	-6.369814759663051440e+00
-9.500824835066680407e+00	-2.550954293378519644e+00
-7.259733284033672795e+00	-8.015551722188332562e+00
-7.259733284033672795e+00	-8.015551722188332562e+00
-6.255734763717251568e+00	-1.061831566132116400e+01
-1.126868885713014024e+01	-6.501497113049000909e+00
-8.946668230157632351e+00	-9.985457862236291504e+00
-8.946668230157632351e+00	-9.985457862236291504e+00
-9.067587180074882625e+00	-7.004971457403367907e+00
-1.094521646003340365e+01	-9.920531725167995418e+00
-1.020532314567942755e+01	-2.963304547505978270e+00
-1.020532314567942755e+01	-2.963304547505978270e+00
-5.711251407442591521e+00	-5.331973484460890589e+00
-5.141560318044702704e+00	-1.192753847901721187e+01
-5.141560318044702704e+00	-1.192753847901721187e+01
-8.143077520205464381e+00	-7.025898740433175860e+00
-6.529250631928213977e+00	-1.087019140926081207e+01
-6.529250631928213977e+00	-1.087019140926081207e+01
-9.002002366201027783e+00	-4.543306762862753700e+00
-9.571521762056084626e+00	-1.045833329755268970e+01
-9.571521762056084626e+00	-1.045833329755268970e+01
-5.383493378853568601e+00	-5.956276781072162407e+00
-5.383493378853568601e+00	-5.956276781072162407e+00
-1.067815070828738655e+01	-6.648611508319606678e+00
-9.800655050292634840e+00	-8.521431380629978847e+00
-5.811695517882605522e+00	-9.500006447915318120e+00
-7.429110092593224302e+00	-7.290985373715786366e+00
-8.824223607638625566e+00	-5.348320871880301475e+00
-8.824223607638625566e+00	-5.348320871880301475e+00
-5.027957359338041776e+00	-1.147432273611234343e+01
-8.509833035565369741e+00	-6.536232455350177162e+00
-9.972335850371077726e+00	-5.212832978796333450e+00
-7.896942527587593297e+00	-7.050999301588618096e+00
-7.896942527587593297e+00	-7.050999301588618096e+00
-6.369556770633133524e+00	-8.135283660925232141e+00
-9.427296399998120080e+00	-5.081883787829334587e+00
-9.898508523531107883e+00	-7.422326177936518832e+00
-8.574218234539442207e+00	-2.156863159921168283e+00
-8.975619604199884805e+00	-7.587958144965765150e+00
-6.393192781333269181e+00	-1.187247454183630957e+01
-1.153278897078861576e+01	-6.436803436543469203e+00
-1.109665093084366028e+01	-5.111171874215463262e+00
-1.109665093084366028e+01	-5.111171874215463262e+00
-6.033337862571535481e+00	-6.022914607027729517e+00
-6.033337862571535481e+00	-6.022914607027729517e+00
-1.167279272285230007e+01	-7.904106110738793767e+00
-8.720836183640489736e+00	-9.834732931170844239e+00
-8.720836183640489736e+00	-9.834732931170844239e+00
-8.756297429473743676e+00	-5.040143303958642740e+00
-9.526186640508466752e+00	-5.219074994748877039e+00
-8.323739099736773284e+00	-8.665267568941105836e+00
-9.814676154562910426e+00	-3.057353398534368605e+00
-4.518833534665184004e+00	-1.080260625342847725e+01
-6.924415324740938793e+00	-4.959740084873248911e+00
-4.486990557027009885e+00	-8.804990903043965034e+00
-4.486990557027009885e+00	-8.804990903043965034e+00
-8.180419026923107850e+00	-2.694355374947099868e+00
-8.153349587898537365e+00	-2.230124001583264626e+00
-8.153349587898537365e+00	-2.230124001583264626e+00
-6.335307875566189573e+00	-4.972107430669678863e+00
-6.270269595793854123e+00	-4.881827217845244427e+00
-6.691296663075369189e+00	-8.849277928979100594e+00
-8.201147923125745365e+00	-2.277488404369629738e+00
-9.192462209197694634e+00	-2.165486866085371442e+00
-7.069446260549280936e+00	-8.015794321967625535e+00
-1.033222540230622322e+01	-8.279868693556007742e+00
-7.824674221976710697e+00	-1.097293221187423740e+01
-1.021098155692754794e+01	-1.014312559435901129e+01
-7.443415785300633303e+00	-2.185525237396817477e+00
-9.217849599125129245e+00	-8.740553411128285433e+00
-9.217849599125129245e+00	-8.740553411128285433e+00
-7.009320501442210194e+00	-6.580112654670900341e+00
-8.089274321564341008e+00	-7.182687083933948280e+00
-7.986836356835726569e+00	-8.875101374807410792e+00
-1.187977983130459414e+01	-4.066757541032666623e+00
-8.665468173980842792e+00	-3.691176288975380082e+00
-8.665468173980842792e+00	-3.691176288975380082e+00
-1.163688755068219649e+01	-9.885007152499191818e+00
-8.763323120031346392e+00	-5.558470488799858167e+00
-7.859344367176396950e+00	-5.800245294373244320e+00
-6.301369886893548156e+00	-9.006624633660875290e+00
-9.032939208724915403e+00	-6.335271262676319459e+00
-9.032939208724915403e+00	-6.335271262676319459e+00
-5.710690341409788928e+00	-3.635130080938842045e+00
-5.710690341409788928e+00	-3.635130080938842045e+00
-8.689163531894820380e+00	-3.557884301593749576e+00
-7.567697433062138046e+00	-9.431347061247425501e+00
-7.993216520370174827e+00	-8.835455003934370666e+00
-7.993216520370174827e+00	-8.835455003934370666e+00
-6.688452272749668914e+00	-6.043107682520753698e+00
-1.011183781514118962e+01	-6.163731426300796734e+00
-1.139655694860026536e+01	-6.971083533906952567e+00
-1.139655694860026536e+01	-6.971083533906952567e+00
-6.074982874989588666e+00	-9.130097622434695026e+00
-1.100822463619893199e+01	-7.489519447183534240e+00
-7.538514053585635644e+00	-1.089900065511386096e+01
-7.489661608211224397e+00	-1.539101121398527061e+00
-7.489661608211224397e+00	-1.539101121398527061e+00
-6.117655556077925993e+00	-6.803614112228899558e+00
-8.785858063352661063e+00	-4.541331857133023675e+00
-8.010329113883923213e+00	-1.089900454897859916e+01
-1.039610488625280382e+01	-9.602061443226689974e+00
-1.004485630785148942e+01	-6.422900092558554874e+00
-1.182045785932951532e+01	-5.898804732528987849e+00
-7.576539271292732636e+00	-9.349639619547707170e+00
-7.576539271292732636e+00	-9.349639619547707170e+00
-8.228808687258736043e+00	-4.264851467230355908e+00
-4.944678876808765722e+00	-1.185343243243216627e+01
-4.944678876808765722e+00	-1.185343243243216627e+01
-6.868891174957104440e+00	-1.390556765152948238e+00
-1.135439931137549507e+01	-7.359371200447006878e+00
-1.135439931137549507e+01	-7.359371200447006878e+00
-7.925825781788620183e+00	-1.169307290476707095e+01
-6.350124496569748977e+00	-2.016389579342786398e+00
-1.072697590945399959e+01	-9.695132421787812760e+00
-1.062476649325993172e+01	-6.964246270360579416e+00
-8.457112061541138814e+00	-4.334360847773532477e+00
-9.996790275281096427e+00	-1.176924334704512987e+01
-9.526141530223116050e+00	-2.774914934672831901e+00
-7.447127314932605380e+00	-7.294897696023880052e+00
-7.461692170693271287e+00	-9.012795590428357428e+00
-7.461692170693271287e+00	-9.012795590428357428e+00
-6.174566020266976096e+00	-1.902986293006583285e+00
-1.035911940385649466e+01	-1.177599585662852100e+01
-1.035911940385649466e+01	-1.177599585662852100e+01
-8.373843227119634136e+00	-4.480991117413060110e+00
-4.567560418295984803e+00	-9.695526692456621021e+00
-4.567560418295984803e+00	-9.695526692456621021e+00
-1.148775846021017166e+01	-7.477849163105195096e+00
-1.148775846021017166e+01	-7.477849163105195096e+00
-7.033668834196861397e+00	-4.045729784256558048e+00
-7.033668834196861397e+00	-4.045729784256558048e+00
-7.414572161660017535e+00	-3.833495901904039993e+00
-9.794158911234449150e+00	-1.092826610581702163e+01
-1.095888205334956922e+01	-2.360963485377108206e+00
-1.072282528893707720e+01	-2.883074456323933443e+00
-7.962251291599552694e+00	-5.448503945357338729e+00
-7.341439701257713502e+00	-6.618673552976077623e+00
-7.341439701257713502e+00	-6.618673552976077623e+00
-9.428614413991297738e+00	-7.029612118371808549e+00
-1.052511946034502621e+01	-7.717422952595474506e+00
-4.826109783551175703e+00	-9.385481571950736068e+00
-1.064279434184301110e+01	-2.124647518527313039e+00
-8.866193306117864381e+00	-9.097533997600583788e+00
-9.267732074030771372e+00	-3.172347338158600483e+00
-1.149086074185027151e+01	-6.136266215895094689e+00
-1.149086074185027151e+01	-6.136266215895094689e+00
-9.118911145030365262e+00	-7.067577046915099359e+00
-5.594602039254020553e+00	-1.017508544723371244e+01
-5.594602039254020553e+00	-1.017508544723371244e+01
-1.023868363619331667e+01	-9.178222094643487594e+00
-1.116749499677378488e+01	-8.933652912940438284e+00
-7.497220895649269856e+00	-1.124461353914582062e+01
-1.054855220908033075e+01	-3.283443214747296945e+00
-5.834464595827955513e+00	-8.697417601857672764e+00
-4.893793674759568724e+00	-5.534405295033801409e+00
-1.022594778678094229e+01	-7.229252866245258424e+00
-1.022820011415306141e+01	-9.682044468137226190e+00
-1.022820011415306141e+01	-9.682044468137226190e+00
-6.997112908864686176e+00	-1.184045118617253500e+01
-6.175190033628063624e+00	-5.703848524599308689e+00
-6.175190033628063624e+00	-5.703848524599308689e+00
-6.851380953941490937e+00	-3.616304084057759827e+00
-1.180127928136227133e+01	-4.152720632466534667e+00
-1.023468863396099771e+01	-9.005406469146231885e+00
-6.733893545633953259e+00	-3.952537905686348996e+00
-9.906527401120268195e+00	-6.368653253840378170e+00
-1.044907701276287781e+01	-1.160101280751242214e+01
-1.003108288052344932e+01	-9.500814911974641674e+00
-9.317420382453111216e+00	-3.000089734675460917e+00
-5.341315991257606477e+00	-1.172599048635594343e+01
-8.945922705057345325e+00	-4.983211731770429864e+00
-8.945922705057345325e+00	-4.983211731770429864e+00
-9.929123992143063404e+00	-6.223182003147706531e+00
-8.899617099330258796e+00	-2.650667178270866842e+00
-1.185053685568585813e+01	-1.363314838251449057e+00
-1.185053685568585813e+01	-1.363314838251449057e+00
-1.141104825186499028e+01	-9.685035575968598209e+00
-1.141104825186499028e+01	-9.685035575968598209e+00
-1.096545862493564982e+01	-5.778274238964843157e+00
-1.096545862493564982e+01	-5.778274238964843157e+00
-6.408545762778205201e+00	-1.173836880704754471e+01
-7.961396410200422658e+00	-2.966964040968094185e+00
-7.007420987633759424e+00	-7.485250122953129193e+00
-1.061010322062977984e+01	-9.000605157192769212e+00
-9.308630649449558092e+00	-7.326141574336643814e+00
-9.308630649449558092e+00	-7.326141574336643814e+00
-6.795083715176405192e+00	-9.294684056342013889e+00
-6.795083715176405192e+00	-9.294684056342013889e+00
-1.157879609345390648e+01	-7.028494273208586662e+00
-6.002243232022255626e+00	-5.023256715245814519e+00
-1.057769793920517643e+01	-2.912412204176487940e+00
-8.297370268815186023e+00	-1.113026283417037909e+01
-7.061267283071418710e+00	-9.020065835446565927e+00
-7.061267283071418710e+00	-9.020065835446565927e+00
-9.185290229083147295e+00	-4.981103535571195451e+00
-1.161035332409035625e+01	-7.158028443239428995e+00
-1.102486709811512533e+01	-4.119214287552662057e+00
-1.192335112291052823e+01	-5.288420629189763744e+00
-1.192335112291052823e+01	-5.288420629189763744e+00
-8.883994846957413927e+00	-2.172912246107886247e+00
-7.554733673488764900e+00	-5.010775015052275627e+00
-6.636691098629124319e+00	-8.083479177375414437e+00
-7.694199022319843095e+00	-8.167026691906578151e+00
-8.450764937281812550e+00	-8.250675813542555304e+00
-5.298499338653135382e+00	-2.418489726839556209e+00
-9.763336452494380424e+00	-7.911394374955158071e+00
-8.301370717866477733e+00	-5.040039277581226607e+00
-6.860756254183771219e+00	-4.029403267849196446e+00
-8.269323291300766599e+00	-1.163153199134863058e+01
-9.835640624054985182e+00	-4.305908211868969104e+00
-9.835640624054985182e+00	-4.305908211868969104e+00
-8.573291199803849238e+00	-6.567635429354955257e+00
-8.573291199803849238e+00	-6.567635429354955257e+00
-1.160257787081434344e+01	-6.031290184074315164e+00
-5.715813087033043693e+00	-7.247772724504044639e+00
-8.816647423201199985e+00	-7.484287158733482492e+00
-1.092836247384231463e+01	-7.017159212130521517e+00
-5.623213663747886670e+00	-4.120846676200865311e+00
-1.150297275732724778e+01	-8.739999514858972418e+00
-6.010926773792371058e+00	-9.380715873267162053e+00
-1.076527857241081954e+01	-9.554523267298138833e+00
-5.797415025557703494e+00	-1.085601163039762262e+01
-5.797415025557703494e+00	-1.085601163039762262e+01
-4.994013831459764852e+00	-3.669380465460019280e+00
-1.041666281278936346e+01	-4.315128091099749597e+00
-1.041666281278936346e+01	-4.315128091099749597e+00
-7.954798360520289435e+00	-1.039715856652822801e+01
-7.954798360520289435e+00	-1.039715856652822801e+01
-5.888050944507868145e+00	-1.906147944424448903e+00
-5.888050944507868145e+00	-1.906147944424448903e+00
-1.011366078062024343e+01	-5.706556559578203291e+00
-1.179618538219386359e+01	-4.206230659106321212e+00
-8.716463436597106096e+00	-6.109268306031274243e+00
-8.716463436597106096e+00	-6.109268306031274243e+00
-6.196816254206224173e+00	-3.670233180035512355e+00
-6.196816254206224173e+00	-3.670233180035512355e+00
-9.117596832275989271e+00	-5.158469540123068242e+00
-9.117596832275989271e+00	-5.158469540123068242e+00
-7.869238290313861128e+00	-2.889773139525182000e+00
-1.026580996358221576e+01	-1.108867993744311065e+01
-6.791241348787071530e+00	-3.894365489561536275e+00
-6.791241348787071530e+00	-3.894365489561536275e+00
-1.175302133805905846e+01	-1.166566202282599285e+01
-1.196657685122998771e+01	-1.577167820316630831e+00
-7.119848939717239311e+00	-1.047075944326963004e+01
-5.594734633197119500e+00	-1.174933645128124837e+01
-5.594734633197119500e+00	-1.174933645128124837e+01
-9.330970135900939155e+00	-9.141291740686412481e+00
-9.330970135900939155e+00	-9.141291740686412481e+00
-9.450625631699825391e+00	-1.130840712635469814e+01
-9.450625631699825391e+00	-1.130840712635469814e+01
-7.167051039813003399e+00	-4.821735426710162642e+00
-1.195494325946910408e+01	-8.225264116668189018e+00
-9.863156256546881551e+00	-4.048312909220994626e+00
-6.642805000460121789e+00	-5.188242658740398916e+00
-1.010425526794259987e+01	-7.377761696166794891e+00
-9.884526641377926026e+00	-4.160320836437914949e+00
-7.164698395240403528e+00	-1.123462676454951037e+01
-7.164698395240403528e+00	-1.123462676454951037e+01
-8.370484237475555034e+00	-8.988474950199250912e+00
-1.156747786317896853e+01	-1.794366862769402049e+00
-1.156747786317896853e+01	-1.794366862769402049e+00
-8.241635584418174787e+00	-7.815072773686835284e+00
-4.931921347071923201e+00	-2.470826802046201198e+00
-4.931921347071923201e+00	-2.470826802046201198e+00
-8.831815003575130163e+00	-1.102369820517495747e+01
-5.215183673681112353e+00	-2.976154782894444573e+00
-1.017739418746767122e+01	-8.707520396698464893e+00
-4.464581101486132297e+00	-9.299325565527860604e+00
-1.159650208998863796e+01	-8.881447305220971700e+00
-8.485779616777064049e+00	-5.080455329144078824e+00
-8.485779616777064049e+00	-5.080455329144078824e+00
-5.306189142807353321e+00	-9.095643502975645944e+00
-6.927731078217905569e+00	-6.703658511105066609e+00
-6.927731078217905569e+00	-6.703658511105066609e+00
-5.839740865280832693e+00	-1.112127756964441261e+01
-8.931449597365462623e+00	-2.219346080510329777e+00
-8.822871096298884552e+00	-2.854639257258819285e+00
-1.093267864102453224e+01	-2.261616124853097709e+00
-1.093267864102453224e+01	-2.261616124853097709e+00
-1.136218700400637438e+01	-9.901867235091732056e+00
-1.136218700400637438e+01	-9.901867235091732056e+00
-1.036491583797844740e+01	-8.888977615635308638e+00
-6.924935440901438533e+00	-1.191000125025533762e+01
-5.107015424661520697e+00	-8.957478937009527797e+00
-5.107015424661520697e+00	-8.957478937009527797e+00
-6.016306323131632716e+00	-6.572232068566441932e+00
-1.008908225881002174e+01	-1.081176573602305702e+01
-1.008908225881002174e+01	-1.081176573602305702e+01
-5.046963790317239962e+00	-2.804163106632513447e+00
-5.046963790317239962e+00	-2.804163106632513447e+00
-9.481925343506819814e+00	-1.041981425418967611e+01
-8.283388332625428063e+00	-9.431345117380040222e+00
-9.255401734865946750e+00	-3.021918822350281530e+00
-7.633739064383995299e+00	-4.727156098199079004e+00
-7.633739064383995299e+00	-4.727156098199079004e+00
-5.884422608025935197e+00	-4.088284881427169282e+00
-1.024823246413934363e+01	-9.877643937171820099e+00
-1.037347691868768251e+01	-5.271547385866641733e+00
-1.037347691868768251e+01	-5.271547385866641733e+00
-8.534141008955360874e+00	-8.115186624248227787e+00
-9.063234651568658151e+00	-8.038793790700237807e+00
-9.063234651568658151e+00	-8.038793790700237807e+00
-9.558845266218565229e+00	-3.903840735564723552e+00
-9.558845266218565229e+00	-3.903840735564723552e+00
-1.126058869227353121e+01	-3.038397389392049508e+00
-1.093178203196083764e+01	-1.064655024437163888e+01
-1.064886565258598772e+01	-7.592462606432666128e+00
-5.301112136060297075e+00	-8.520386593719512902e+00
-1.133207287300463406e+01	-9.505111114974214459e+00
-6.606489622034026787e+00	-2.685602286864707811e+00
-1.083345097798350487e+01	-7.785720583153726615e+00
-5.571970055988400894e+00	-2.998010948947448906e+00
-1.074653809158054152e+01	-5.923532166959850187e+00
-7.168249500732412294e+00	-6.816806718666993170e+00
-5.471895146407287136e+00	-1.139674942745305586e+01
-1.171001363776799664e+01	-5.684433302716991321e+00
-9.571733949529296126e+00	-2.470799254508882381e+00
-7.634227308464068606e+00	-8.657548037818894926e+00
-7.634227308464068606e+00	-8.657548037818894926e+00
-1.106657406353926554e+01	-9.049453142872215139e+00
-1.106657406353926554e+01	-9.049453142872215139e+00
-6.670680143642139903e+00	-4.685294624803681529e+00
-8.512060853940907279e+00	-5.549753388964093759e+00
-1.172848467499786729e+01	-8.511249406927388961e+00
-1.172848467499786729e+01	-8.511249406927388961e+00
-6.642375218084940691e+00	-1.143161068575045647e+01
-5.949950226331054637e+00	-7.755993364561758696e+00
-1.002866720014087498e+01	-8.296750225836079906e+00
-6.751793007429901294e+00	-6.216663187742547336e+00
-6.751793007429901294e+00	-6.216663187742547336e+00
-8.021674302160569425e+00	-8.027430906258208765e+00
-8.535658803623030977e+00	-6.557457718357381893e+00
-8.151848494504415399e+00	-6.922261798185940229e+00
-9.339181795359651872e+00	-5.051861185196741211e+00
-1.053093720615273554e+01	-3.084054559133865503e+00
-8.750254608554305591e+00	-7.426543112774354860e+00
-6.011663598586681090e+00	-3.438437892243823235e+00
-7.242561280707297655e+00	-4.971505498514795285e+00
-7.242561280707297655e+00	-4.971505498514795285e+00
-1.010457780443462461e+01	-2.284252203809932880e+00
-9.907975983523826358e+00	-1.088795075306980920e+01
-1.151281731148738352e+01	-1.524916855472919330e+00
-6.648018080119520334e+00	-1.708226842773666432e+00
-5.356606366541191377e+00	-8.014487317498158347e+00
-6.685515278228717939e+00	-5.429214549391286226e+00
-6.685515278228717939e+00	-5.429214549391286226e+00
-9.119787086157517209e+00	-5.270824434888280230e+00
-7.656164411014201754e+00	-1.145987961673673539e+01
-1.044643301255634960e+01	-1.870606112582790637e+00
-5.876557978375283930e+00	-9.246291215935729113e+00
-1.052611796271387412e+01	-7.444516322878974357e+00
-6.392891882568155104e+00	-1.070055924772413825e+01
-1.032026547261730798e+01	-4.816042145129067364e+00
-8.012466571482347533e+00	-9.583309824419147915e+00
-1.191988724885560913e+01	-1.714685719219024351e+00
-9.490552448835023469e+00	-5.028897279602382753e+00
-6.179084421201736177e+00	-3.520561561896320413e+00
-5.815353894603788376e+00	-1.069867878147228168e+01
-1.124490590644695942e+01	-3.408204273831173747e+00
-1.124490590644695942e+01	-3.408204273831173747e+00
-6.991698774070873590e+00	-5.181291496995613421e+00
-6.991698774070873590e+00	-5.181291496995613421e+00
-6.594510747345490920e+00	-5.738931892534175461e+00
-8.655406896797561700e+00	-1.009586533932370145e+01
-1.083208990658931192e+01	-6.553374151133525949e+00
-8.662492911253512062e+00	-4.896509031953124591e+00
-8.662492911253512062e+00	-4.896509031953124591e+00
-6.313297468203073137e+00	-6.034556639721931681e+00
-1.090580918209963990e+01	-6.027636626169959655e+00
-1.090580918209963990e+01	-6.027636626169959655e+00
-7.509757930025875439e+00	-1.089989671840420549e+01
-7.603227448398844679e+00	-5.457318046431276493e+00
-1.035291335428572346e+01	-1.827841896998466220e+00
-9.789808750507447144e+00	-1.071004533447160512e+01
-9.046514356612929575e+00	-1.893929681928715025e+00
-9.046514356612929575e+00	-1.893929681928715025e+00
-1.090111435757371794e+01	-1.075921757479397201e+01
-1.090111435757371794e+01	-1.075921757479397201e+01
-9.199414024587609262e+00	-2.260018462953790941e+00
-1.006969428798010746e+01	-6.738143021184146875e+00
-7.375113393823897745e+00	-1.087794151484233574e+01
-1.112586141618546698e+01	-2.176140181337758328e+00
-1.032243891907457289e+01	-4.203279601001257859e+00
-8.032864362718534323e+00	-6.591378172973326066e+00
-8.032864362718534323e+00	-6.591378172973326066e+00
-1.077126253790084576e+01	-1.798069229709140071e+00
-1.084691839113876100e+01	-2.872349830893523581e+00
-7.959885825752698985e+00	-6.931573166576228573e+00
-1.163538701901429562e+01	-2.370230666932684027e+00
-7.175551310089367973e+00	-5.666396157819467483e+00
-1.047168119592518387e+01	-9.856648493385977261e+00
-9.080880075445152855e+00	-1.008634582168031812e+01
-6.239334901163228864e+00	-1.047741117740598149e+01
-1.028907392942501531e+01	-4.072152921520718394e+00
-1.004804338302066213e+01	-5.697379317584139180e+00
-1.075896345837636758e+01	-1.016599961153067966e+01
-5.441367337545330862e+00	-1.014053706111991815e+01
-9.702792806698541384e+00	-5.836535355615213305e+00
-9.702792806698541384e+00	-5.836535355615213305e+00
-1.017299121140889895e+01	-2.711557455016838425e+00
-1.133227553115066932e+01	-1.151310041254574124e+01
-1.153244977512757785e+01	-1.129069636972866064e+01
-7.948502005019641103e+00	-8.844790940647451194e+00
-4.118163870712011843e+00	-3.123940866180190845e+00
-9.111850563164169969e+00	-6.115807366768990505e+00
-9.111850563164169969e+00	-6.115807366768990505e+00
-5.477423336351049166e+00	-4.314883588570602058e+00
-5.477423336351049166e+00	-4.314883588570602058e+00
-4.926119386289935065e+00	-2.499734236422190836e+00
-7.637486187778788072e+00	-1.068287290119481980e+01
-1.177687488382211001e+01	-1.072276983628211688e+01
-8.643318884680768477e+00	-8.020838540324596977e+00
-1.083145796161842256e+01	-4.917600313554955527e+00
-1.083145796161842256e+01	-4.917600313554955527e+00
-1.054562629815629471e+01	-9.486823569278653778e+00
-1.116265791995798828e+01	-8.224990823972465392e+00
-8.700062400569027687e+00	-1.124652090718362452e+01
-5.944851372731029926e+00	-6.071740948859356557e+00
-7.206039855268995709e+00	-2.649593777720524290e+00
-7.747018414703640055e+00	-4.833834575497172992e+00
-7.668987900937540125e+00	-6.255725222344141301e+00
-7.919753436948495207e+00	-4.998196310822827115e+00
-7.919753436948495207e+00	-4.998196310822827115e+00
-7.231169359554452392e+00	-2.972403652505725358e+00
-1.107026146908921049e+01	-8.461466275534821335e+00
-5.289018542459149153e+00	-1.002589233180378514e+01
-1.002821769520539519e+01	-2.957034275093781694e+00
-4.838347338306172141e+00	-9.556038497064127668e+00
-8.969074306778475503e+00	-8.229910353760077513e+00
-1.176710275123869032e+01	-1.199386407979144842e+01
-1.176710275123869032e+01	-1.199386407979144842e+01
-4.406919441239191215e+00	-5.540834539740592923e+00
-8.735538534939236044e+00	-4.651507389146826377e+00
-6.376764516353931711e+00	-3.305646855020181185e+00
-1.082027404873071141e+01	-8.524936962933969298e+00
-9.626926232631150882e+00	-8.079277696677586107e+00
-9.626926232631150882e+00	-8.079277696677586107e+00
-9.000748216240101129e+00	-7.934525946576985511e+00
-9.000748216240101129e+00	-7.934525946576985511e+00
-8.532031436414911241e+00	-6.424925838539926382e+00
-7.309664347403368012e+00	-4.892874134069440828e+00
-7.309664347403368012e+00	-4.892874134069440828e+00
-8.279282758539450171e+00	-6.485320826750348822e+00
-5.992512568740328227e+00	-5.260777220007752497e+00
-5.992512568740328227e+00	-5.260777220007752497e+00
-8.537257338006510210e+00	-2.308853674243676490e+00
-8.537257338006510210e+00	-2.308853674243676490e+00
-6.603878335769419294e+00	-2.581326057778764227e+00
-5.118155958712117481e+00	-5.157211152659971987e+00
-5.118155958712117481e+00	-5.157211152659971987e+00
-5.867600800483447010e+00	-1.090096899502248107e+01
-6.526510535932662727e+00	-8.281434276856055376e+00
-7.935008928416189100e+00	-2.575316656015631978e+00
-5.639737082847539718e+00	-3.802118010549602634e+00
-5.639737082847539718e+00	-3.802118010549602634e+00
-1.122782918059559876e+01	-1.712682707902202006e+00
-4.821878284438598783e+00	-3.593241471836758905e+00
-4.821878284438598783e+00	-3.593241471836758905e+00
-8.047964601704332921e+00	-6.553568320111897272e+00
-9.256088488044518670e+00	-8.131100877035526864e+00
-1.034649054443935512e+01	-6.773247254303504050e+00
-5.483076123983916084e+00	-8.405485516020522851e+00
-1.037655452627558539e+01	-3.768473250562880850e+00
-8.570302913404097112e+00	-1.678367943328841871e+00
-8.647523079053382133e+00	-1.149194301358447845e+01
-5.159799854336261760e+00	-7.846747454939451139e+00
-8.579522191895099681e+00	-2.984761365926955623e+00
-5.373494013741110464e+00	-9.399365186052595078e+00
-1.113226350811066467e+01	-6.804674687846130610e+00
-5.028309181861136068e+00	-4.982192147149656414e+00
-8.634705932944061857e+00	-1.139112939544575376e+01
-7.921413808654484079e+00	-7.003152361325851061e+00
-7.704811471692289082e+00	-3.174528107109232167e+00
-9.009610853512537432e+00	-3.495721144895394872e+00
-8.656576559280772187e+00	-6.954211969341117516e+00
-1.060148179247397593e+01	-6.127856045571030030e+00
-1.060148179247397593e+01	-6.127856045571030030e+00
-6.002742044738759830e+00	-2.618533996400848274e+00
-6.002742044738759830e+00	-2.618533996400848274e+00
-9.914783248716325659e+00	-6.646393603019292939e+00
-8.470606215864478372e+00	-6.924059396498722485e+00
-8.470606215864478372e+00	-6.924059396498722485e+00
-8.163739219638214806e+00	-3.977101119585469746e+00
-8.163739219638214806e+00	-3.977101119585469746e+00
-1.111466312149928548e+01	-7.090414115483548052e+00
-9.775938530557409578e+00	-1.111906744202656050e+01
-1.020871785125472542e+01	-6.017422361087890970e+00
-1.020871785125472542e+01	-6.017422361087890970e+00
-1.116556188942532302e+01	-4.546253355888953962e+00
-1.018135003290656648e+01	-1.015181201003843903e+01
-8.478795909763917393e+00	-6.445677776122160196e+00
-7.988419974357412912e+00	-8.013080141408966739e+00
-7.793487215218985575e+00	-3.500801691123204051e+00
-8.450391897850408895e+00	-7.829602761519780962e+00
-1.100169754783766152e+01	-7.186709568850159435e+00
-5.110331426831413282e+00	-6.900821589892023766e+00
-7.980494212511432650e+00	-7.579772611105295432e+00
-9.927000837867025140e+00	-6.975456607276337095e+00
-5.709659386856009711e+00	-4.718223768913875737e+00
-1.168607218924010560e+01	-3.793064252988724849e+00
-9.969937553104418981e+00	-9.609220337441739090e+00
-9.969937553104418981e+00	-9.609220337441739090e+00
-5.674571964008310765e+00	-1.951634691970579816e+00
-7.592727690704569099e+00	-8.065650808374925873e+00
-9.428821495790231211e+00	-1.037118478030932778e+01
-9.971468769199839599e+00	-5.761738617590205003e+00
-1.042682249147652485e+01	-1.110426761968613185e+01
-8.424707598329616687e+00	-6.578390262291325286e+00
-9.002028461673621251e+00	-5.259764912214943244e+00
-5.202181642616448443e+00	-1.107979632945194837e+01
-9.554635811251754873e+00	-3.646128354226619184e+00
-1.111225326846179051e+01	-5.692277240117409320e+00
-1.030605994154570304e+01	-8.079260615511106636e+00
-9.915933224334105844e+00	-6.686076084390977670e+00
-5.279412231548917589e+00	-1.078961002033970118e+01
-8.504339587400281175e+00	-7.780676829342374923e+00
-1.055701267456670855e+01	-8.002195180093721660e+00
-9.008227493502731775e+00	-7.843251134092805721e+00
-9.008227493502731775e+00	-7.843251134092805721e+00
-5.515571789542007330e+00	-1.446636466098493612e+00
-9.270663643125775621e+00	-6.102835143958331265e+00
-6.405819731029525954e+00	-1.080407006762014177e+01
-6.405819731029525954e+00	-1.080407006762014177e+01
-9.647716618333509686e+00	-7.367846717225644326e+00
-6.730767625220884121e+00	-1.185591451219688075e+01
-9.836695215942873105e+00	-5.566354738294819526e+00
-6.129135116319638144e+00	-9.135066489407144275e+00
-7.143807198301438177e+00	-9.905748052060953768e+00
-1.084806192001097536e+01	-9.781891578767965001e+00
-6.222212655112293156e+00	-5.013869809219236195e+00
-6.222212655112293156e+00	-5.013869809219236195e+00
-4.877116129100114605e+00	-6.724774490617092759e+00
-5.905483619654530614e+00	-1.048770873645735513e+01
-7.865405342968258218e+00	-1.067768868420619022e+01
-7.865405342968258218e+00	-1.067768868420619022e+01
-1.153456327889003319e+01	-4.117435949210604740e+00
-9.622282973615575941e+00	-3.930472363870544328e+00
-5.615178971997383250e+00	-1.048096305779585080e+01
-7.754831792015582259e+00	-1.012124258648650965e+01
-6.220836367583817861e+00	-3.247990915788339095e+00
-6.386556919241412444e+00	-5.078053555837988675e+00
-6.386556919241412444e+00	-5.078053555837988675e+00
-1.121982767078067589e+01	-3.056568002659584948e+00
-9.908735327135424598e+00	-2.434296828021273562e+00
-5.838259332200857799e+00	-9.664583361723201094e+00
-9.344924764077344292e+00	-9.690555882903611362e+00
-6.267464863661992958e+00	-9.014548312142430575e+00
-6.267464863661992958e+00	-9.014548312142430575e+00
-8.841308635300666907e+00	-7.161953771485576326e+00
-6.284807558395645088e+00	-4.105910479803515756e+00
-1.141513052797378336e+01	-5.560986603847394960e+00
-1.141513052797378336e+01	-5.560986603847394960e+00
-8.492242309086746488e+00	-2.111195987867711565e+00
-8.492242309086746488e+00	-2.111195987867711565e+00
-7.149169021556003756e+00	-6.531262946824845095e+00
-1.035693287964616971e+01	-3.559086075345293310e+00
-9.869479379344602066e+00	-6.655904285513294383e+00
-9.869479379344602066e+00	-6.655904285513294383e+00
-7.659024916411108386e+00	-1.104553410911306344e+01
-7.659024916411108386e+00	-1.104553410911306344e+01
-1.167235331460104319e+01	-1.775578267159233281e+00
-8.956856683353528581e+00	-1.090542564820576033e+01
-6.248909256216733432e+00	-5.844240813929514999e+00
-8.439907513747368029e+00	-5.116340250816870494e+00
-8.439907513747368029e+00	-5.116340250816870494e+00
-1.022781519920792803e+01	-2.067637467048816013e+00
-8.066561356897722135e+00	-6.842394430726667309e+00
-1.002708959616319717e+01	-5.136400395516321105e+00
-1.002708959616319717e+01	-5.136400395516321105e+00
-1.023252127276934509e+01	-1.004106883158846486e+01
-9.219614937382720754e+00	-9.030870627017620222e+00
-8.787023288901046669e+00	-7.627319205781334155e+00
-1.115457017549428897e+01	-1.054545557963369973e+01
-1.016682487716780159e+01	-7.539543924961956911e+00
-1.107518350056288625e+01	-4.985960682554502199e+00
-5.210202731271992072e+00	-8.367776773040848326e+00
-1.137118302963190075e+01	-1.146144175959254063e+01
-1.137118302963190075e+01	-1.146144175959254063e+01
-1.057018789827072780e+01	-5.839482267284307859e+00
-1.058668009051687164e+01	-7.090199109393005017e+00
-7.144497393241663552e+00	-1.178733192483938730e+01
-7.144497393241663552e+00	-1.178733192483938730e+01
-9.421045936423016798e+00	-6.083922881578708086e+00
-9.421045936423016798e+00	-6.083922881578708086e+00
-9.026456466872140538e+00	-1.144537219363290070e+01
-9.026456466872140538e+00	-1.144537219363290070e+01
-1.045671378649915795e+01	-5.949351035564481194e+00
-8.680090869800601183e+00	-1.021765139060739358e+01
-5.880185994010116879e+00	-2.639316465645241472e+00
-1.043457639256467218e+01	-7.817040571965610418e+00
-1.047644497878438408e+01	-5.562462627402167570e+00
-5.474525531447921978e+00	-1.130001823916318848e+01
-9.858799398730271335e+00	-1.167374726897157977e+01
-8.346131814376393621e+00	-7.995769158369694374e+00
-6.716792500873780547e+00	-7.714504884188848166e+00
-1.132869612595988507e+01	-1.063943606790474661e+01
-6.124433707584899800e+00	-3.703206891238542298e+00
-6.124433707584899800e+00	-3.703206891238542298e+00
-8.645165079461939683e+00	-9.542610155440108599e+00
-1.127303707604259131e+01	-9.388731677419380972e+00
-1.153454586455734621e+01	-1.087017221384440546e+01
-7.969297301597375593e+00	-9.080964266895842130e+00
-5.145263032041947682e+00	-8.828927474931907327e+00
-1.120592566689328429e+01	-1.975083443312158904e+00
-6.380368596814804505e+00	-8.385489227806599999e+00
-6.320039762182892318e+00	-4.595988413133296646e+00
-1.046370735125456264e+01	-9.432491650245731662e+00
-4.822200253189203423e+00	-7.231256055823047646e+00
-4.822200253189203423e+00	-7.231256055823047646e+00
-1.170786460541627960e+01	-9.063414362788364542e+00
-1.170786460541627960e+01	-9.063414362788364542e+00
-9.986400626391949586e+00	-9.012557213393407096e+00
-8.792971021809766086e+00	-5.407002791192134339e+00
-5.806717708691614632e+00	-3.678882774184969673e+00
-7.050706613987371973e+00	-5.159071336234612559e+00
-7.050706613987371973e+00	-5.159071336234612559e+00
-8.094496217332951105e+00	-4.505880939584686828e+00
-1.090456096513283946e+01	-1.075669785834310233e+01
-1.090456096513283946e+01	-1.075669785834310233e+01
-6.938512619598943054e+00	-7.140971603616254271e+00
-1.128730489533358572e+01	-3.664051959473246800e+00
-1.128730489533358572e+01	-3.664051959473246800e+00
-1.039998679336824239e+01	-5.610599781406875763e+00
-1.005793021045791669e+01	-5.315545743708200099e+00
-7.012651358411469360e+00	-4.824362143231068600e+00
-7.012651358411469360e+00	-4.824362143231068600e+00
-1.136987704936007759e+01	-6.701567031594765744e+00
-1.136987704936007759e+01	-6.701567031594765744e+00
-9.660901181062373055e+00	-1.117418735454890211e+01
-8.161532669898996062e+00	-2.511527878090120236e+00
-7.777037305041213600e+00	-1.571575248866968089e+00
-8.282820222886634554e+00	-7.379970937276198129e+00
-7.254407785722052360e+00	-2.311481502890085693e+00
-8.267387722623046997e+00	-8.253374929141321203e+00
-8.267387722623046997e+00	-8.253374929141321203e+00
-8.043387894394946613e+00	-3.050617185487401795e+00
-7.709608936633365772e+00	-7.891060370082517039e+00
-7.809484512147516710e+00	-4.981693313366091225e+00
-1.081942509957658416e+01	-9.790579940622077260e+00
-9.737874159731338963e+00	-9.369325512057059768e+00
-9.737874159731338963e+00	-9.369325512057059768e+00
-4.868093206147355190e+00	-8.096941303323502481e+00
-4.868093206147355190e+00	-8.096941303323502481e+00
-1.026994907369197207e+01	-2.425642864621183836e+00
-1.016843042980458378e+01	-3.241362174610769920e+00
-1.016843042980458378e+01	-3.241362174610769920e+00
-1.029801258289747601e+01	-1.139187264904317587e+01
-1.029801258289747601e+01	-1.139187264904317587e+01
-7.880813553668203575e+00	-1.190069313783427418e+01
-7.880813553668203575e+00	-1.190069313783427418e+01
-9.786016724273771672e+00	-8.677993682227093331e+00
-6.594236663022026157e+00	-9.347651231404237038e+00
-1.119777306511419646e+01	-3.501640691237041025e+00
-8.219238009562319647e+00	-3.873773146682602864e+00
-8.219238009562319647e+00	-3.873773146682602864e+00
-6.739022567286510501e+00	-1.189828786857145992e+01
-6.859707256694938415e+00	-8.308552182902721128e+00
-8.334067863303724621e+00	-6.867276884380716595e+00
-8.334067863303724621e+00	-6.867276884380716595e+00
-9.190631404816963723e+00	-2.971299609281200738e+00
-9.190631404816963723e+00	-2.971299609281200738e+00
-7.859195917294082179e+00	-8.728472254348529802e+00
-7.859195917294082179e+00	-8.728472254348529802e+00
-9.191832098792986017e+00	-8.177533910703550291e+00
-9.191832098792986017e+00	-8.177533910703550291e+00
-1.086715507677257442e+01	-1.278785428207828145e+00
-9.943190003846581249e+00	-1.192492136902204614e+01
-9.943190003846581249e+00	-1.192492136902204614e+01
-1.022103596675622939e+01	-7.186054097124187301e+00
-6.034942043669899725e+00	-1.025761579367071796e+01
-9.581956303427594079e+00	-1.197181039219121601e+01
-9.581956303427594079e+00	-1.197181039219121601e+01
-8.050728470559899819e+00	-6.891862666211301836e+00
-8.400655392384226872e+00	-9.058317506867483715e+00
-8.400655392384226872e+00	-9.058317506867483715e+00
-6.778308079214156123e+00	-8.012590441616335823e+00
-1.077927293143772047e+01	-2.789265568408231477e+00
-1.104948681892888196e+01	-8.659040816830485099e+00
-1.018460058025789827e+01	-1.095767370612702685e+01
-8.002309967804174917e+00	-3.104850441446859399e+00
-5.537589307605919942e+00	-1.022396530439129236e+01
-5.537589307605919942e+00	-1.022396530439129236e+01
-7.352526286252526688e+00	-8.770955684565262089e+00
-8.592035530160824663e+00	-1.635185709669394916e+00
-9.875764741386159784e+00	-1.044867899060168526e+01
-9.875764741386159784e+00	-1.044867899060168526e+01
-8.309589185012407953e+00	-3.113476685915169906e+00
-1.148853992396255919e+01	-1.966526677562908221e+00
-7.510959680352104151e+00	-6.979645845429294226e+00
-1.098010110483417101e+01	-1.113554672599786777e+01
-9.111295312841379612e+00	-5.609697362224753903e+00
-6.431579045608100564e+00	-8.657145799641316586e+00
-7.475528607543352244e+00	-6.004524585169114026e+00
-9.680327760828602024e+00	-8.692584268637356004e+00
-8.159132949578605576e+00	-6.405950518766831081e+00
-9.330756684261288569e+00	-1.541581063916079852e+00
-4.434173172072847890e+00	-3.278113500343194708e+00
-7.736401933473212367e+00	-9.116706265171032442e+00
-5.388116558130715994e+00	-1.063780957390816084e+01
-5.388116558130715994e+00	-1.063780957390816084e+01
-1.149848799459043391e+01	-1.890023417921901538e+00
-6.859476290120571029e+00	-9.144559596749326502e+00
-8.698862318638060032e+00	-6.220307292229848350e+00
-7.580818670414812388e+00	-1.080495016710406198e+01
-7.793352262487730719e+00	-7.743491260954802335e+00
-9.884367480628972302e+00	-9.023796556725098839e+00
-5.585223399932969457e+00	-4.289493711383081553e+00
-5.386514382599914441e+00	-1.890021983392945693e+00
-1.018946853933274355e+01	-6.426750356507278994e+00
-1.018946853933274355e+01	-6.426750356507278994e+00
-9.182860464004084733e+00	-6.226726113725003842e+00
-6.524670266812718999e+00	-2.563442714520026477e+00
-9.646114817634849459e+00	-1.019863475812961084e+01
-1.062151306215744739e+01	-1.146754792639418419e+01
-5.567282806536495876e+00	-2.687497190144477521e+00
-7.579714451079546222e+00	-1.106516034684583794e+01
-8.174195683278339786e+00	-9.306408785980563536e+00
-8.174195683278339786e+00	-9.306408785980563536e+00
-7.777795865546229592e+00	-1.154244400418668448e+01
-7.777795865546229592e+00	-1.154244400418668448e+01
-9.049450227255221080e+00	-9.581085398135906317e+00
-6.857150667430393476e+00	-9.055879223339603712e+00
-1.144684556004032316e+01	-9.993267038350756692e+00
-8.222410184696265389e+00	-9.703728532179827226e+00
-5.367333877101398976e+00	-6.901297171192620539e+00
-5.367333877101398976e+00	-6.901297171192620539e+00
-4.607371783993475134e+00	-5.984651081625146141e+00
-8.674588870918221062e+00	-3.453054861581258184e+00
-1.071398033516201309e+01	-4.717172289847481714e+00
-1.031161286795284227e+01	-1.048247111191410319e+01
-1.174683403896011669e+01	-7.797542497743951806e+00
-1.133898101862965646e+01	-7.709953625318573422e+00
-1.086851242014958530e+01	-1.040231702107681677e+01
-1.026304733902805388e+01	-2.321735875863642828e+00
-1.178470346306580652e+01	-2.766787973493794350e+00
-6.398884676104025893e+00	-5.499109194290197955e+00
-1.041487179251918249e+01	-4.111468258073543325e+00
-8.143216067803917824e+00	-1.015085506417803174e+01
-1.014529411377343315e+01	-1.156255005524285018e+01
-1.067339955202057311e+01	-6.338197939155737259e+00
-1.067339955202057311e+01	-6.338197939155737259e+00
-7.035648314448439855e+00	-9.972613560650239961e+00
-7.035648314448439855e+00	-9.972613560650239961e+00
-8.239323094777397216e+00	-6.924056927053395150e+00
-9.210992727776394773e+00	-1.154442234903919839e+01
-8.683220188476317603e+00	-7.567077572629703930e+00
-6.993651491592430602e+00	-5.780167298399921272e+00
-7.572012669875977764e+00	-3.176070245712650841e+00
-7.886185981154372193e+00	-1.032216771328659277e+01
-6.394860165614892011e+00	-7.936048556312781166e+00
-1.064729414451985612e+01	-8.039933705711474587e+00
-7.844770896390177661e+00	-1.067885525312791728e+01
-1.192990811764721926e+01	-4.851317607083327488e+00
-5.941456191988526925e+00	-5.494410114816783874e+00
-1.098781053606563063e+01	-4.986199047653231631e+00
-1.098781053606563063e+01	-4.986199047653231631e+00
-1.041086863126595219e+01	-9.661903475507839900e+00
-9.395817919228450776e+00	-8.561708247625032797e+00
-1.012258028338314020e+01	-9.724679533958095590e+00
-1.012258028338314020e+01	-9.724679533958095590e+00
-7.816877405608782858e+00	-1.096102496483856115e+01
-7.816877405608782858e+00	-1.096102496483856115e+01
-1.195163359999955333e+01	-4.355560988406864453e+00
-1.073853349803637158e+01	-7.545573496333572550e+00
-1.073853349803637158e+01	-7.545573496333572550e+00
-8.619738885421732277e+00	-3.000424854088496573e+00
-1.072002646233321421e+01	-4.333005522120342512e+00
-1.072002646233321421e+01	-4.333005522120342512e+00
-9.078286689367375928e+00	-2.116777432659273206e+00
-9.078286689367375928e+00	-2.116777432659273206e+00
-8.611444109501109168e+00	-6.500038549070379368e+00
-5.089477168827293063e+00	-1.023660800677259886e+01
-8.290288387929406255e+00	-8.054750897824664690e+00
-9.669366325146699026e+00	-9.109732652873081094e+00
-8.643436637367827302e+00	-6.977796753427021770e+00
-1.002828710425942660e+01	-8.561046791985598148e+00
-8.105688295459280823e+00	-8.336596068242547730e+00
-6.124291545010687621e+00	-1.168329657130789911e+01
-6.124291545010687621e+00	-1.168329657130789911e+01
-1.062707344768246287e+01	-7.857512614490875791e+00
-1.034497322634031669e+01	-3.247256353383009664e+00
-9.210604562545587015e+00	-4.468929094388185419e+00
-8.690669152389903118e+00	-8.314059493882353991e+00
-8.567612694082193059e+00	-5.447992788309065304e+00
-8.567612694082193059e+00	-5.447992788309065304e+00
-7.993867883039723843e+00	-6.650897998790130217e+00
-8.413109658516829015e+00	-8.709149480243262076e+00
-8.413109658516829015e+00	-8.709149480243262076e+00
-6.557315845279792832e+00	-3.321312835764349103e+00
-6.557315845279792832e+00	-3.321312835764349103e+00
-1.076689402236963566e+01	-8.495241291617009693e+00
-5.262559414140534741e+00	-5.578428339520348445e+00
-1.199591105744069885e+01	-1.174931059215494678e+01
-1.199591105744069885e+01	-1.174931059215494678e+01
-8.154060717844746620e+00	-9.631109487014379411e+00
-8.001859102254639922e+00	-4.521836467603048249e+00
-8.001859102254639922e+00	-4.521836467603048249e+00
-5.887521220643286313e+00	-8.024374752314898274e+00
-4.615104636619974166e+00	-8.488741367528426451e+00
-7.695552120529497664e+00	-7.323050614614063036e+00
-7.973177116628007433e+00	-1.070236804202457748e+01
-7.973177116628007433e+00	-1.070236804202457748e+01
-7.283327509208047168e+00	-8.091482823104310995e+00
-1.051282292689286990e+01	-8.837412981063833328e+00
-5.134539447743708074e+00	-3.689122765183066921e+00
-5.042008476872728906e+00	-1.045319178472941424e+01
-5.042008476872728906e+00	-1.045319178472941424e+01
-7.563328634263401185e+00	-6.292484294479915086e+00
-1.086771202720488105e+01	-3.553709488968236130e+00
-1.086771202720488105e+01	-3.553709488968236130e+00
-9.970598704707839488e+00	-1.128147686849769293e+01
-8.229784844338045247e+00	-6.853692664729752693e+00
-8.579944140795765506e+00	-6.315466361656538297e+00
-1.069742632900818613e+01	-7.634259149509590614e+00
-6.576876733575989675e+00	-1.921911591344057202e+00
-6.352959796071298015e+00	-8.040931479748035571e+00
-1.153319449376370187e+01	-3.315371698320168647e+00
-1.059382357722567214e+01	-7.874868818448426566e+00
-1.163449113984864169e+01	-1.055262456627869305e+01
-6.497615439529885961e+00	-4.288927839060614033e+00
-6.497615439529885961e+00	-4.288927839060614033e+00
-9.656406977391510438e+00	-2.350899181850254926e+00
-9.704683727324253439e+00	-6.059601001149381716e+00
-6.512726822905471558e+00	-7.075274918488108078e+00
-6.258445837932023359e+00	-1.124762453085604719e+01
-7.994115180486477179e+00	-8.861813990996639134e+00
-1.062482990360395263e+01	-3.682300431353009440e+00
-9.496938432745251291e+00	-7.350543717189752080e+00
-9.652327476701051623e+00	-9.346368113545047152e+00
-9.652327476701051623e+00	-9.346368113545047152e+00
-9.928164439665327023e+00	-8.877212731116793876e+00
-9.928164439665327023e+00	-8.877212731116793876e+00
-6.699028425211948523e+00	-5.280490238075484122e+00
-7.591657967753934422e+00	-5.882177606245882373e+00
-7.591657967753934422e+00	-5.882177606245882373e+00
-1.158156203448874422e+01	-2.825813472930122749e+00
-1.158156203448874422e+01	-2.825813472930122749e+00
-6.729652665981749493e+00	-2.189631586618830283e+00
-7.340056935255110382e+00	-6.434262277044523692e+00
-6.401978137618644205e+00	-4.106779060813888549e+00
-9.142333004790083706e+00	-6.513557211862528895e+00
-9.142333004790083706e+00	-6.513557211862528895e+00
-1.124445499693866424e+01	-7.276771583124530096e+00
-6.566828035811228759e+00	-4.822170839307147183e+00
-1.043281530789873202e+01	-6.799325928764698546e+00
-1.043281530789873202e+01	-6.799325928764698546e+00
-8.041417744342949092e+00	-2.969596677515267125e+00
-1.157475258051643330e+01	-7.740746616440444150e+00
-6.471615567223054200e+00	-6.926001312142545885e+00
-1.097238719108202964e+01	-1.045896570721138730e+01
-1.197753261229766686e+01	-7.926190245617058316e+00
-8.274197907551988251e+00	-1.427745709746412572e+00
-1.080142328580083522e+01	-6.470561126418344244e+00
-6.451733005543492716e+00	-4.552335025131261759e+00
-6.451733005543492716e+00	-4.552335025131261759e+00
-8.973196428225646670e+00	-2.581941303454988734e+00
-4.880539097502101242e+00	-5.294160567310363774e+00
-4.880539097502101242e+00	-5.294160567310363774e+00
-8.069032357565555813e+00	-9.605644545674088874e+00
-6.664937689988115643e+00	-1.985904747532348802e+00
-7.944276128153094696e+00	-7.197243542843501096e+00
-6.591373426008085623e+00	-8.536384814871054161e+00
-1.137729680894398854e+01	-5.666643037492685053e+00
-5.029696857028385537e+00	-1.112948621673159799e+01
-5.029696857028385537e+00	-1.112948621673159799e+01
-7.350190183438793490e+00	-9.284585015969721411e+00
-4.688479992256753270e+00	-1.832984799210392479e+00
-4.688479992256753270e+00	-1.832984799210392479e+00
-1.042713014622794532e+01	-6.520304226534649139e+00
-1.148692200364867588e+01	-9.363295638086629680e+00
-1.096188778010868603e+01	-1.125625302518362680e+01
-5.998955262657699627e+00	-1.186281773482280144e+01
-8.700381152850004796e+00	-5.599804389605390398e+00
-8.450904788714778348e+00	-2.128533597253135401e+00
-9.143427975317900191e+00	-1.178227536115522867e+01
-6.928004661974551226e+00	-4.808131286634178991e+00
-1.167292925899309530e+01	-2.237619875619107024e+00
-1.167292925899309530e+01	-2.237619875619107024e+00
-1.014392035874475617e+01	-9.452356938050101576e+00
-6.352075965116601886e+00	-5.112054205297532405e+00
-1.131228291307523648e+01	-5.221387490764670680e+00
-1.131228291307523648e+01	-5.221387490764670680e+00
-8.309879368789703236e+00	-3.250013332016946865e+00
-1.154419467398433241e+01	-2.641629227308669670e+00
-1.154419467398433241e+01	-2.641629227308669670e+00
-4.731384034448882225e+00	-8.794869870096558628e+00
-4.731384034448882225e+00	-8.794869870096558628e+00
-7.065496178277510531e+00	-9.443918183577816094e+00
-7.358277627206092575e+00	-1.058892277353092659e+01
-7.358277627206092575e+00	-1.058892277353092659e+01
-8.206233372534676107e+00	-2.743193711620310449e+00
-8.206233372534676107e+00	-2.743193711620310449e+00
-8.296676785493467321e+00	-2.145505729507048986e+00
-1.043658444390734630e+01	-6.529965404018834185e+00
-9.672271528185397926e+00	-8.960174314660598327e+00
-1.165450276200200896e+01	-8.631806515843937433e+00
-7.666167591717657714e+00	-9.836205535727273741e+00
-7.882288010404016276e+00	-4.753419609077198515e+00
-7.268671225103377154e+00	-8.289192251813107148e+00
-7.268671225103377154e+00	-8.289192251813107148e+00
-8.525558298906830146e+00	-2.472421593628203684e+00
-8.217109680666286664e+00	-1.019419154736674749e+01
-9.149678891252076340e+00	-1.152502530500244937e+01
-7.335861806143361363e+00	-1.013413582197850182e+01
-1.021959105559063552e+01	-7.748288730804402391e+00
-7.117205264600609205e+00	-7.063124902389723125e+00
-9.644174898339857194e+00	-1.085791784245016167e+01
-9.068644628250151385e+00	-2.557539440909747164e+00
-8.387720565464396927e+00	-2.263435339714202854e+00
-6.416845461714312471e+00	-5.295992753919439799e+00
-6.416845461714312471e+00	-5.295992753919439799e+00
-7.132831515298847513e+00	-8.146374882134994166e+00
-8.582779733422036372e+00	-7.752828183836923515e+00
-7.139148578161472081e+00	-1.755143007806955424e+00
-7.139148578161472081e+00	-1.755143007806955424e+00
-5.798216951098137173e+00	-5.902448310871852399e+00
-4.999908471691892231e+00	-9.136326232129505343e+00
-1.059317462729360315e+01	-1.028840399858783883e+01
-1.059317462729360315e+01	-1.028840399858783883e+01
-9.771772794912683580e+00	-7.470333794450056963e+00
-1.176182761882514249e+01	-4.614032275428068708e+00
-9.003630455101784946e+00	-1.877567874350722477e+00
-9.226092361699237188e+00	-9.314457023970641458e+00
-7.662297247855764937e+00	-7.741665231503711553e+00
-8.516859921318975069e+00	-4.989334463854147472e+00
-8.516859921318975069e+00	-4.989334463854147472e+00
-7.936009595719213827e+00	-3.473999402336138242e+00
-9.007755395017134958e+00	-2.128375433179505283e+00
-7.838201603555718933e+00	-1.045504215048100427e+01
-1.116874146100213316e+01	-5.409343098908446557e+00
-8.815769162785933588e+00	-6.304887481451848963e+00
-8.464037132257303142e+00	-1.156850083031407372e+01
-7.124662747984142896e+00	-2.913516311508716150e+00
-8.081184404035406388e+00	-8.523235688699809742e+00
-1.038309460434559561e+01	-1.037936348775055606e+01
-8.670182285620571250e+00	-9.682214260157207875e+00
-6.289791681280879843e+00	-1.011773488360922535e+01
-9.892641734556782751e+00	-9.799091802835777187e+00
-9.892641734556782751e+00	-9.799091802835777187e+00
-1.128463063706916714e+01	-7.928509632083946101e+00
-1.128463063706916714e+01	-7.928509632083946101e+00
-7.330589239072272001e+00	-5.112481904373478159e+00
-4.582171927418273505e+00	-3.852122673982474765e+00
-7.765756844051727725e+00	-9.388681584395506263e+00
-8.476422117032813119e+00	-1.122800117425360611e+01
-8.465019665031633167e+00	-8.361045664010056555e+00
-9.692194802640425877e+00	-1.814374065320975893e+00
-9.344012711791197745e+00	-9.891862889617229371e+00
-7.817394522990261940e+00	-6.524656190230666120e+00
-5.722092976023288813e+00	-8.230923317562561792e+00
-8.239006618986845609e+00	-1.154150094576854002e+01
-8.239006618986845609e+00	-1.154150094576854002e+01
-9.170525348741263016e+00	-6.114424271344829798e+00
-6.924555427890392245e+00	-1.190380701997123758e+01
-6.924555427890392245e+00	-1.190380701997123758e+01
-9.966165986490361561e+00	-8.821944408380668179e+00
-9.966165986490361561e+00	-8.821944408380668179e+00
-1.095840341280897512e+01	-1.155862124595651608e+01
-7.944569903123382737e+00	-6.119566262543590263e+00
-1.128727442810342829e+01	-1.000904956019667225e+01
-6.976991688657134816e+00	-3.326612971044576206e+00
-6.976991688657134816e+00	-3.326612971044576206e+00
-1.178922880450178212e+01	-6.597237701968124313e+00
-1.178922880450178212e+01	-6.597237701968124313e+00
-8.045195503654314351e+00	-2.967700378448111742e+00
-7.922211636316696115e+00	-8.275594263381304216e+00
-9.013994660517413493e+00	-8.773719912339876359e+00
-5.578031042228444036e+00	-1.142352469283934013e+01
-4.836545353409011483e+00	-4.798898974285457975e+00
-1.056844322883215703e+01	-7.737904283821087859e+00
-6.331802101520969117e+00	-9.980863099216948697e+00
-6.331802101520969117e+00	-9.980863099216948697e+00
-1.027806576492464430e+01	-5.989587116827198798e+00
-5.017448532831550345e+00	-2.294536694097045526e+00
-9.000670640002677914e+00	-3.068255658609904568e+00
-1.126571099518193542e+01	-9.832398671710361526e+00
-1.144114127746729359e+01	-1.043397977698340995e+01
-8.389396559151018451e+00	-1.161713174661368164e+01
-1.185685255800419391e+01	-1.182340170262576784e+01
-5.375302704486237815e+00	-1.186534772517357084e+01
-5.375302704486237815e+00	-1.186534772517357084e+01
-1.030360814415018211e+01	-1.099576928540587950e+01
-9.814880876324048486e+00	-7.800872207510288092e+00
-9.814880876324048486e+00	-7.800872207510288092e+00
-8.487149168294777724e+00	-9.237777752641683549e+00
-7.180910321353417558e+00	-2.254457857935150855e+00
-7.180910321353417558e+00	-2.254457857935150855e+00
-5.109395352494250808e+00	-8.444052623606975061e+00
-5.109395352494250808e+00	-8.444052623606975061e+00
-8.141468415001147818e+00	-4.912182326541552513e+00
-1.002940987927535943e+01	-1.149692820001289739e+01
-1.070407068613709356e+01	-1.170532069917882545e+01
-1.070407068613709356e+01	-1.170532069917882545e+01
-1.040883455327614016e+01	-9.147801840973992071e+00
-9.634658229199180468e+00	-2.825186385222123953e+00
-7.195223185691484780e+00	-1.092992936148704786e+01
-1.005400154843217209e+01	-7.716472490975624154e+00
-8.607449824535709837e+00	-9.094513385586088461e+00
-7.368227984030976785e+00	-4.639690307826558779e+00
-7.497422025811990132e+00	-5.425184939777515147e+00
-1.187673465721936239e+01	-3.861367700082214416e+00
-1.037504619359076052e+01	-2.050402513846678154e+00
-7.261914576243674979e+00	-3.664139206848752828e+00
-7.261914576243674979e+00	-3.664139206848752828e+00
-1.046055471728150543e+01	-5.420890061517412484e+00
-6.853811136855873620e+00	-8.842735168218251118e+00
-7.704831214424924468e+00	-6.915754759789282780e+00
-8.951613516141650351e+00	-3.454811707527540854e+00
-5.627889758779930141e+00	-5.970229783128472967e+00
-5.627889758779930141e+00	-5.970229783128472967e+00
-8.303773278570915295e+00	-9.075166175676310232e+00
-8.492589784915152151e+00	-9.520872711181189274e+00
-1.068648927824332162e+01	-3.101672115384997763e+00
-1.068648927824332162e+01	-3.101672115384997763e+00
-8.464376046422696476e+00	-1.060760158360184846e+01
-7.877692970797157912e+00	-2.517822742543850634e+00
-6.943830690940456130e+00	-6.184792935056700358e+00
-9.233163865087909983e+00	-8.559132386358399458e+00
-9.233163865087909983e+00	-8.559132386358399458e+00
-7.218108848382495779e+00	-5.128550415720066091e+00
-1.127702760077098887e+01	-8.772167871477241974e+00
-1.127702760077098887e+01	-8.772167871477241974e+00
-6.469159383038753042e+00	-2.498110121381964976e+00
-1.163290567747069204e+01	-1.130406816341032616e+01
-1.030778403560029943e+01	-2.049858127999151236e+00
-1.184344478051323257e+01	-3.977592545558856774e+00
-1.114068156814955834e+01	-8.013200908510167864e+00
-9.053744841399755217e+00	-1.024669259890362127e+01
-1.127313978687844198e+01	-6.426322019507855643e+00
-8.971005964053480497e+00	-1.146531410496675285e+01
-8.709824380430942981e+00	-6.215274864897745388e+00
-6.732550753758510531e+00	-1.055680013262140982e+01
-6.457910483817856928e+00	-3.104230646168360419e+00
-1.119899108799129728e+01	-2.115815913139616811e+00
-1.119899108799129728e+01	-2.115815913139616811e+00
-1.049356772643165314e+01	-3.595175171335460718e+00
-1.085710974954305996e+01	-4.938879709356966075e+00
-6.569563743223479690e+00	-1.191117212314073726e+01
-8.901627580209614976e+00	-1.124839931002023974e+01
-4.721941908224133400e+00	-2.149454002768151462e+00
-4.721941908224133400e+00	-2.149454002768151462e+00
-1.048092976721468084e+01	-5.593491628684824413e+00
-1.190781634240335407e+01	-4.602347465868019682e+00
-1.190781634240335407e+01	-4.602347465868019682e+00
-7.380004261662567622e+00	-8.429078151500212002e+00
-6.413189971491962460e+00	-2.619552543437753123e+00
-9.978585702722591932e+00	-7.726521616255614511e+00
-1.158866444950497510e+01	-1.146209923631068683e+01
-1.158866444950497510e+01	-1.146209923631068683e+01
-6.374940411721540023e+00	-6.163566379099914450e+00
-6.374940411721540023e+00	-6.163566379099914450e+00
-6.855639197162724408e+00	-1.192462830577937716e+01
-5.835235152070193720e+00	-8.058806982504748362e+00
-4.900947717434350537e+00	-6.747329706960507600e+00
-7.964244740656779342e+00	-1.173352408514413980e+01
-8.245623530568890303e+00	-1.103916410841781470e+01
-8.337585215565987085e+00	-1.073420062307390310e+01
-7.091392456467545458e+00	-1.627920998156793031e+00
-6.925376918882556687e+00	-9.270066351782416447e+00
-9.228562851695029323e+00	-8.401847033220080974e+00
-1.160144098459294959e+01	-5.563226183295192584e+00
-1.091977068692423636e+01	-8.000842658771329496e+00
-8.891636629158146121e+00	-1.140531859586881502e+01
-1.117728733833686050e+01	-8.492989527764816415e+00
-9.178337469892188238e+00	-1.104223585721646295e+01
-8.830085220360112785e+00	-2.953400834858086910e+00
-9.322935436000713949e+00	-1.694386142377199311e+00
-6.404004098111252929e+00	-3.002715279648577873e+00
-6.244693454331519789e+00	-8.147887882324436504e+00
-8.414453252957802221e+00	-2.967194773098239757e+00
-6.486213052590556138e+00	-9.557851785890845164e+00
-8.861083729019641808e+00	-1.292071894357966544e+00
-8.861083729019641808e+00	-1.292071894357966544e+00
-9.204700868981069206e+00	-5.487452240399835368e+00
-9.204700868981069206e+00	-5.487452240399835368e+00
-1.063318262506660616e+01	-9.115472711387837990e+00
-6.852430576143950347e+00	-5.296223476102435157e+00
-6.852430576143950347e+00	-5.296223476102435157e+00
-9.441070740126994210e+00	-9.436603754349565776e+00
-9.026660032252081578e+00	-1.002398310105945178e+01
-7.868418036977782748e+00	-8.651205425149019135e+00
-7.868418036977782748e+00	-8.651205425149019135e+00
-1.164137385541900649e+01	-3.477970749423758168e+00
-9.333529460232636410e+00	-2.095774056280004238e+00
-7.246200021381982381e+00	-1.174787001824607380e+01
-5.421394634648591726e+00	-9.588616257627624151e+00
-8.574021842604070187e+00	-6.266912744053745321e+00
-1.161551238141897180e+01	-4.870921522991831232e+00
-9.912726141569804028e+00	-9.805331109676956203e+00
-9.495240479183967963e+00	-9.319975235272133673e+00
-9.657519683707716851e+00	-7.065869499483666161e+00
-6.455794026344626957e+00	-9.008148438984424189e+00
-9.046325054178732117e+00	-4.031692433598887071e+00
-9.785676476849411998e+00	-6.410962334403900620e+00
-5.260751708059286713e+00	-3.940033453991774515e+00
-5.360223879275837433e+00	-8.991701103847265841e+00
-5.360223879275837433e+00	-8.991701103847265841e+00
-6.614318943804816442e+00	-2.252046354330643485e+00
-7.521809893639014533e+00	-9.876624114021719691e+00
-5.335966649237923853e+00	-8.299424286652749672e+00
-8.786142429451304636e+00	-1.173562111752710990e+01
-7.002374896443584795e+00	-4.255914229809051541e+00
-7.849108601501148641e+00	-9.860902033788205401e+00
-9.934447122552994003e+00	-4.476608995050604278e+00
-5.405783027526527285e+00	-5.425483737678960416e+00
-7.387525135633300266e+00	-4.813322610599118256e+00
-6.353966428271757394e+00	-5.906599407786670142e+00
-8.339262158437339423e+00	-3.429717536640834119e+00
-1.180931553551658730e+01	-7.439424520512360139e+00
-1.180931553551658730e+01	-7.439424520512360139e+00
-8.275126441912142639e+00	-6.239106218978170304e+00
-9.787009528665713276e+00	-1.014475991582704495e+01
-6.747927592763333315e+00	-4.610539996816597430e+00
-6.932036885178175289e+00	-2.456027592649574487e+00
-6.932036885178175289e+00	-2.456027592649574487e+00
-6.587505616401780451e+00	-9.585470927697334886e+00
-1.152059033997669779e+01	-8.318536830571705565e+00
-1.152059033997669779e+01	-8.318536830571705565e+00
-1.015697748932610267e+01	-3.998937451488166595e+00
-1.015697748932610267e+01	-3.998937451488166595e+00
-1.126113169294423422e+01	-1.030956550304519581e+01
-5.942639116446953196e+00	-5.918176751087892207e+00
-7.087369024858364952e+00	-4.210091033798108562e+00
-6.701543263904539138e+00	-5.133820071614786151e+00
-8.123218042094734415e+00	-5.616947161519821208e+00
-8.123218042094734415e+00	-5.616947161519821208e+00
-8.700835733838953701e+00	-3.175645802626629877e+00
-8.582753653488548906e+00	-1.108833461062372905e+01
-9.376704179996250943e+00	-6.979482754060470029e+00
-7.235911880653335793e+00	-1.115203224141266425e+01
-5.023533257732395008e+00	-5.473499630327633092e+00
-5.670321516310361964e+00	-1.671456186592183091e+00
-7.498639471105886578e+00	-9.694198929379712837e+00
-1.171751178080783262e+01	-2.631679784487186868e+00
-1.121673547860460296e+01	-9.721448833134230583e+00
-1.009593069086517581e+01	-9.545096678735566442e+00
-7.400773795663789123e+00	-6.349608760499068971e+00
-1.156787841602306521e+01	-8.580884686872016331e+00
-1.194985088236464144e+01	-1.005628996950092890e+01
-1.194985088236464144e+01	-1.005628996950092890e+01
-1.139978992871144037e+01	-5.988557788702583373e+00
-7.034661002435600885e+00	-1.139948768516379118e+01
-9.653944304945197175e+00	-9.643024461405808268e+00
-5.815433632979909007e+00	-1.990410377252094243e+00
-9.426105641773878219e+00	-7.938240760511909855e+00
-7.392647259891385936e+00	-5.328568150870045095e+00
-7.392647259891385936e+00	-5.328568150870045095e+00
-1.056290897649800620e+01	-9.935382647782596166e+00
-6.439901362086051684e+00	-4.631073924750839232e+00
-6.439901362086051684e+00	-4.631073924750839232e+00
-8.714234867348940483e+00	-1.086653409957857797e+01
-6.361865917457519615e+00	-4.763881722705873401e+00
-1.098132111840690150e+01	-6.829118790663964766e+00
-8.605276277665000251e+00	-5.636875896689179655e+00
-9.441871016227427305e+00	-8.928358273144660018e+00
-1.147110192196802458e+01	-6.358269637032305077e+00
-6.292811676634818774e+00	-4.943849356925889893e+00
-7.788333561634360969e+00	-7.238870701357232207e+00
-6.741229429254133265e+00	-5.800778942948819683e+00
-7.643715235302170896e+00	-3.904121232625186622e+00
-1.183778018972108370e+01	-6.436252554027353412e+00
-8.447059816880566174e+00	-1.118989115626304098e+01
-9.534207845953568849e+00	-8.378756010760730177e+00
-4.848666620987734710e+00	-5.015483250052147568e+00
-9.315538945589869613e+00	-4.610132092885733890e+00
-8.238430071723096049e+00	-9.250694370326442595e+00
-5.217478804049966890e+00	-3.767254901032557779e+00
-5.217478804049966890e+00	-3.767254901032557779e+00
-7.712627527130337057e+00	-8.143830602067334112e+00
-1.033908047699776134e+01	-6.087665340780705314e+00
-1.033908047699776134e+01	-6.087665340780705314e+00
-1.190386681189687934e+01	-1.196337839499129352e+01
-1.064420339044259833e+01	-4.329427489888999503e+00
-1.129064759902756521e+01	-3.471111993651443406e+00
-8.653789593472350106e+00	-1.187676819139366380e+01
-8.653789593472350106e+00	-1.187676819139366380e+01
-8.358345311576641734e+00	-2.738341246026678721e+00
-8.358345311576641734e+00	-2.738341246026678721e+00
-6.077472590121031359e+00	-5.293595342299660444e+00
-7.847695493297905500e+00	-1.196663764623906623e+01
-4.926773100561013585e+00	-9.423956686660593718e+00
-5.032817162484396256e+00	-1.941337631538180952e+00
-1.019789920994989174e+01	-3.116787692906802576e+00
-4.332172955921228308e+00	-7.157959061252249455e+00
-1.022567807204442936e+01	-6.221806998529332056e+00
-1.022567807204442936e+01	-6.221806998529332056e+00
-1.041519275702967917e+01	-1.805555711154802179e+00
-8.832177011141741474e+00	-9.558559739759610707e+00
-5.003669116411962214e+00	-1.129688573775618110e+01
-7.534187850721175472e+00	-3.651256368320352941e+00
-1.035041564730232011e+01	-1.726810068026653378e+00
-6.290326659866969372e+00	-4.707878311303120178e+00
-1.144344544969866995e+01	-8.474382681292071950e+00
-6.548136885773457649e+00	-9.081220348816156474e+00
-1.072632142394448707e+01	-4.591250185996272215e+00
-7.738742183258196405e+00	-1.091691107515333670e+01
-1.094445861151367794e+01	-5.316236011600945943e+00
-7.029151719999462422e+00	-4.344635343765698821e+00
-6.360527626656096167e+00	-3.097691041494217590e+00
-1.021630667385396585e+01	-1.100592373329856599e+01
-4.414757756845088643e+00	-6.194830087389965989e+00
-1.062441682562199574e+01	-8.755358273245937184e+00
-8.417348962335477580e+00	-5.675280952167388371e+00
-4.568480427676600897e+00	-4.022593017193054621e+00
-7.840722460324670351e+00	-7.724255638327498730e+00
-7.840722460324670351e+00	-7.724255638327498730e+00
-5.791191017416373654e+00	-5.775013606227259899e+00
-8.254692660282060501e+00	-5.586130042874967394e+00
-1.147776508135327411e+01	-7.247285790459231158e+00
-6.203519084153221286e+00	-1.061328452720108118e+01
-7.748505264413263482e+00	-1.032444358356770131e+01
-6.352024882352423241e+00	-9.376719231318151770e+00
-9.210547878103568564e+00	-4.669283122620047521e+00
-1.084800336050773772e+01	-4.150493835729065495e+00
-6.553952554921711915e+00	-9.858834139404583752e+00
-6.327304416516374985e+00	-6.020124047154060243e+00
-1.034620775554072125e+01	-2.391548789703013433e+00
-9.928366732465313760e+00	-8.690957482074688656e+00
-1.076285042276316695e+01	-7.951628553366387742e+00
-1.076285042276316695e+01	-7.951628553366387742e+00
-1.041278492210161843e+01	-2.157223225525336741e+00
-6.582976955906563177e+00	-1.113932643403140510e+01
-1.131300959476167378e+01	-2.377529824226938260e+00
-5.601767854399136048e+00	-9.645886199905135072e+00
-5.601767854399136048e+00	-9.645886199905135072e+00
-5.008327195142360466e+00	-2.966062270197564743e+00
-7.880716270451216587e+00	-1.101748183825132621e+01
-7.144769930831970761e+00	-1.062900370389946403e+01
-7.558327632630962967e+00	-4.846825410499981501e+00
-1.026782916773812460e+01	-8.184004788248365969e+00
-6.151802792354814642e+00	-1.193490640267801517e+01
-9.528953936314533024e+00	-9.364614718441352181e+00
-8.253638687154507991e+00	-2.186970147095861350e+00
-7.071036563706280198e+00	-2.908450392195304435e+00
-7.071036563706280198e+00	-2.908450392195304435e+00
-9.933611973266655681e+00	-1.141069156741728818e+01
-8.235556056055338914e+00	-7.799293698773521299e+00
-8.235556056055338914e+00	-7.799293698773521299e+00
-6.789259719921549419e+00	-1.006903956163839631e+01
-1.133536374458485696e+01	-5.072380458600269648e+00
-1.003169676625485174e+01	-2.206753108945593844e+00
-6.885780227845888390e+00	-9.869907102657546005e+00
-7.303654305675446601e+00	-7.324296051193932122e+00
-5.998298066074208457e+00	-2.263840520583695781e+00
-7.587980626582456978e+00	-3.448604079956115509e+00
-1.113215997489881204e+01	-8.157952372812394159e+00
-9.763434246693888596e+00	-4.838714843881954941e+00
-8.149541391356553532e+00	-6.426028332282145428e+00
-6.970609852564076725e+00	-1.039715250862247942e+01
-1.014282249460334562e+01	-9.545861509035182380e+00
-6.047021171548163210e+00	-1.138992699630024674e+01
-9.712453959196283293e+00	-8.573381671119397751e+00
-5.022900644475388532e+00	-1.082972459355508654e+01
-1.140474568976102887e+01	-9.050359699828522508e+00
-9.710592766735786086e+00	-7.257265056774243384e+00
-9.710592766735786086e+00	-7.257265056774243384e+00
-9.862071928254687592e+00	-8.553859057867816418e+00
-1.095511926577665918e+01	-7.508336857051355118e+00
-1.095511926577665918e+01	-7.508336857051355118e+00
-7.623726595524757954e+00	-4.834989837722257100e+00
-8.227381487434566765e+00	-7.406987297960912819e+00
-1.007355846034933222e+01	-4.162802325721844277e+00
-7.598210681867100469e+00	-6.019813559937196246e+00
-7.598210681867100469e+00	-6.019813559937196246e+00
-7.616992661963005062e+00	-6.638875131293479726e+00
-7.616992661963005062e+00	-6.638875131293479726e+00
-9.554959826847966298e+00	-6.089719319565848998e+00
-6.300000868153711409e+00	-1.157666489912831409e+01
-1.185996408491098819e+01	-1.934943798747970511e+00
-1.199404860260937156e+01	-7.297311702083266738e+00
-1.199404860260937156e+01	-7.297311702083266738e+00
-7.782068188428384659e+00	-4.928001880206526408e+00
-7.087635222641250898e+00	-1.026493105421354457e+01
-9.998724834734565192e+00	-2.592056421801946176e+00
-9.998724834734565192e+00	-2.592056421801946176e+00
-8.295283077529951754e+00	-1.085636880246783242e+01
-1.153003136358193892e+01	-8.389477030704760807e+00
-8.911222865551962968e+00	-7.712802600876014658e+00
-8.911222865551962968e+00	-7.712802600876014658e+00
-1.131548109933734736e+01	-3.996682513327083353e+00
-9.283232278887220801e+00	-5.991453363223427253e+00
-9.283232278887220801e+00	-5.991453363223427253e+00
-9.794705848879475596e+00	-1.072424987305111266e+01
-9.794705848879475596e+00	-1.072424987305111266e+01
-6.703613583607491933e+00	-6.764074702003304296e+00
-1.161761094846921338e+01	-5.604801105810659045e+00
-1.161761094846921338e+01	-5.604801105810659045e+00
-1.148080376851154583e+01	-4.478668555473205082e+00
-5.437270169830461519e+00	-1.106513108573436277e+01
-5.437270169830461519e+00	-1.106513108573436277e+01
-1.140987271029366568e+01	-3.453984188453933957e+00
-5.844520775820464031e+00	-6.370838953728043208e+00
-1.031900362116229530e+01	-1.137017958103993998e+01
-1.196787065088099489e+01	-6.436806279788090279e+00
-8.316993354679878436e+00	-7.861592336185418084e+00
-1.021136504282097945e+01	-1.049773283260450540e+01
-9.193200476251925934e+00	-6.713184967740774667e+00
-8.584919876161055896e+00	-8.193761270449094525e+00
-7.138487232706036245e+00	-7.187254422065059600e+00
-7.138487232706036245e+00	-7.187254422065059600e+00
-1.157729330874395224e+01	-7.273858045410060313e+00
-7.707883679359301077e+00	-5.142970788494707790e+00
-9.208716731911016140e+00	-8.971703341153865807e+00
-1.006938223697123114e+01	-9.304154943895216689e+00
-1.006938223697123114e+01	-9.304154943895216689e+00
-1.191367632450164216e+01	-4.249387178437133983e+00
-1.191367632450164216e+01	-4.249387178437133983e+00
-1.000983565264089137e+01	-1.131809521559638299e+01
-1.000983565264089137e+01	-1.131809521559638299e+01
-1.065685242182191672e+01	-2.625843211971202518e+00
-1.065685242182191672e+01	-2.625843211971202518e+00
-5.946267966443221198e+00	-1.122853623257376832e+01
-5.700023338680426654e+00	-1.133861057047837129e+01
-5.700023338680426654e+00	-1.133861057047837129e+01
-6.485978186991183669e+00	-1.014901640360687729e+01
-1.034493323137799159e+01	-7.867211229880404666e+00
-5.330868402930756034e+00	-2.741698940759766945e+00
-7.248257204441308943e+00	-9.636453274745447217e+00
-8.263000593999418442e+00	-8.249028173846944867e+00
-6.175344912064412384e+00	-3.788424753491933306e+00
-4.518478664354068641e+00	-1.031757511518793713e+01
-6.710588224041830863e+00	-1.039004561234249202e+01
-5.635580502831652794e+00	-7.753149974428203528e+00
-7.772197936795863349e+00	-6.573987458357798630e+00
-9.694484562224612745e+00	-9.386933008755015351e+00
-4.338168462813499993e+00	-1.062953701529681538e+01
-8.809293370548930469e+00	-9.568870378997273107e+00
-9.229261658797026868e+00	-9.479094518487304555e+00
-8.730159540487868242e+00	-6.241737476830943265e+00
-1.168513208284789506e+01	-4.863456460726223618e+00
-6.815089760175919054e+00	-1.962193692936715639e+00
-8.653521042988115752e+00	-6.397587138242013971e+00
-6.181489568904412479e+00	-9.982821206285695581e+00
-8.495612409080326444e+00	-9.107179495145917514e+00
-5.689676244201158362e+00	-1.010891206059439895e+01
-6.307935204553786868e+00	-4.871103070508524091e+00
-8.833257991833248113e+00	-4.291873928458562304e+00
-1.170973499571810095e+01	-9.237470601748221100e+00
-4.821610087242875764e+00	-7.481869802143825687e+00
-7.850104989568916558e+00	-6.719098148559709216e+00
-9.766260896708558903e+00	-7.754730179577501659e+00
-7.346128795927477029e+00	-9.308013735515391573e+00
-7.346128795927477029e+00	-9.308013735515391573e+00
-7.692766697107558116e+00	-1.055003485597317869e+01
-9.722873169617750833e+00	-2.555217733241288869e+00
-9.722873169617750833e+00	-2.555217733241288869e+00
-9.253056425418520803e+00	-7.291905113699569618e+00
-1.127657174773964499e+01	-8.579856312460170997e+00
-7.111589488151879301e+00	-1.116883676954213911e+01
-1.098854604599330109e+01	-9.230176435428873560e+00
-1.132001282047030877e+01	-1.049726555452487098e+01
-6.462723538226036624e+00	-1.892143645387628581e+00
-6.505036620871390340e+00	-2.804202711080337362e+00
-8.484894788507746810e+00	-1.121739167187940822e+01
-7.024430625198016642e+00	-6.134524010751070122e+00
-1.046284524911974856e+01	-8.974706252654408800e+00
-8.278648712950690935e+00	-1.066854469583236309e+01
-8.621473582676514980e+00	-8.033207786607098555e+00
-1.130072435525905306e+01	-2.181610619759778658e+00
-8.273891369890991498e+00	-2.923818977071131808e+00
-8.470703760467594989e+00	-3.651902299025908682e+00
-7.157816261883318987e+00	-9.072907305872833561e+00
-7.157816261883318987e+00	-9.072907305872833561e+00
-7.979702562355011963e+00	-3.909833268662501471e+00
-7.979702562355011963e+00	-3.909833268662501471e+00
-1.026617631313314050e+01	-3.513368990015474758e+00
-6.912631223171315398e+00	-2.229344500719564248e+00
-1.139941433849468844e+01	-1.148451955168344085e+01
-4.798558695878660352e+00	-5.004869161490195673e+00
-6.026545332648233000e+00	-6.608981713303082373e+00
-7.405121278136610030e+00	-7.523864987430982865e+00
-1.076404725204539403e+01	-3.251558898846011125e+00
-1.076404725204539403e+01	-3.251558898846011125e+00
-8.323034539035530699e+00	-1.096318506678532323e+01
-6.738298489083865306e+00	-9.881503700324811845e+00
-6.738298489083865306e+00	-9.881503700324811845e+00
-4.866169825388197090e+00	-3.109614636620741557e+00
-5.815688759922468698e+00	-8.178222840872932053e+00
-8.164114118259849562e+00	-7.594487496284782146e+00
-1.059900890465421242e+01	-7.319763032425036009e+00
-6.957470042083905071e+00	-2.594246356118679486e+00
-6.047919264183152954e+00	-5.021246118015121773e+00
-6.047919264183152954e+00	-5.021246118015121773e+00
-7.507186576729387717e+00	-1.199974487457028260e+01
-9.014369031087603901e+00	-2.138773490723082205e+00
-1.058392273766343195e+01	-1.068887907785245339e+01
-9.228854392247214378e+00	-3.812188037691422782e+00
-7.704926069445078518e+00	-1.014547018016020274e+01
-8.271622124909786322e+00	-8.353672215942831158e+00
-4.511778871791937817e+00	-1.592241512004131554e+00
-1.038227460784073841e+01	-6.284783891492419450e+00
-6.862139486896621676e+00	-7.554826274929094865e+00
-7.723362356259512396e+00	-5.682185846647110239e+00
-8.314439606643230007e+00	-2.962226583451534889e+00
-8.493709382874365943e+00	-8.760145283462140497e+00
-9.787218834087919817e+00	-7.784467672696790963e+00
-1.082637551026296840e+01	-9.937497954374295617e+00
-8.006855042986096294e+00	-7.226668177097089085e+00
-8.229907705736195567e+00	-6.392179325260570977e+00
-8.089449970565594228e+00	-4.178608280548812282e+00
-1.015087447323772452e+01	-1.133511492630534079e+01
-1.059144271544239935e+01	-6.942471998893053886e+00
-7.921755710227531111e+00	-1.196586181062549947e+01
-6.727618791202457871e+00	-9.789699957922026741e+00
-9.493937856806580200e+00	-8.210459554710183738e+00
-1.169118047109298253e+01	-1.021869840354726655e+01
-5.768308453747271969e+00	-1.092391389851031569e+01
-1.012926847567382893e+01	-6.487189202212660710e+00
-1.018332441839732105e+01	-8.309315114685151826e+00
-4.345151412066169172e+00	-1.060730349992789989e+01
-7.124642781438030426e+00	-4.668618050515743079e+00
-8.828255015784499449e+00	-7.085261017142824969e+00
-8.706286469714221710e+00	-8.414655715301339711e+00
-6.730640996878773485e+00	-7.189553674050602972e+00
-8.964826297406148115e+00	-9.695350320960665513e+00
-1.092570575127759192e+01	-2.317988159864603048e+00
-7.373031310857166787e+00	-1.045955349652586364e+01
-1.028482940833153236e+01	-1.076757001533254332e+01
-1.064172526475103631e+01	-3.250644358035896353e+00
-4.963289895088761838e+00	-6.001564041898443946e+00
-4.963289895088761838e+00	-6.001564041898443946e+00
-4.717054759637044903e+00	-3.348816994045512807e+00
-8.456587849073830654e+00	-2.677530116626711365e+00
-1.087057265741563761e+01	-1.177117898047544742e+01
-5.843418205761099493e+00	-7.028344475044884021e+00
-6.771727654638358018e+00	-9.398657954258052172e+00
-1.141761300504451171e+01	-1.149920701112666777e+01
-7.129022073697577788e+00	-1.034989642100906870e+01
-6.420759156643865317e+00	-6.693652406878844552e+00
-6.072113388404511092e+00	-2.314287768832526293e+00
-8.524058400096484078e+00	-2.470903565370164756e+00
-8.506346379302630822e+00	-4.750118868680331730e+00
-5.559085609785679338e+00	-7.789046977707403840e+00
-5.559085609785679338e+00	-7.789046977707403840e+00
-1.087132950458279979e+01	-9.407770090621610848e+00
-8.230343767948570033e+00	-9.908898048994709384e+00
-9.612843193101173966e+00	-9.828732802544035252e+00
-9.058293395861355179e+00	-1.033948890776271234e+01
-9.248296471854871470e+00	-3.773659280006657291e+00
-9.248296471854871470e+00	-3.773659280006657291e+00
-8.399549410476968347e+00	-1.121661768060644526e+01
-4.771390203318930823e+00	-4.382786458526766182e+00
-6.585135798465656443e+00	-5.924256756775482913e+00
-1.055508892516935759e+01	-9.572677985972459780e+00
-1.001660283367168702e+01	-1.032228791582416605e+01
-9.133326615839102658e+00	-1.100016635240874940e+01
-1.109105297247923616e+01	-4.888334314389736868e+00
-1.106493884804715755e+01	-7.626392890427697857e+00
-1.061825668479210805e+01	-4.396585063672080906e+00
-1.109591804935206660e+01	-2.692628689770225847e+00
-9.646169438047476064e+00	-8.155898160191387802e+00
-9.062741574118728494e+00	-3.958849559835439624e+00
-8.365399505566868399e+00	-8.022031517580471061e+00
-8.365399505566868399e+00	-8.022031517580471061e+00
-7.014945330996815720e+00	-4.712765278200015118e+00
-7.131830135519954261e+00	-5.916318502068600438e+00
-9.814831641972636689e+00	-2.326930142345246200e+00
-9.814831641972636689e+00	-2.326930142345246200e+00
-8.274963693136609066e+00	-1.163619096020407184e+01
-6.705869898354478664e+00	-4.349402041192698576e+00
-9.140314310222882099e+00	-1.040915697714652843e+01
-5.248532181637485472e+00	-2.062137784527285689e+00
-7.630242925728279779e+00	-9.604619531339881888e+00
-1.099161292240799881e+01	-8.766807237302900901e+00
-4.892486349285613656e+00	-8.703987871304155632e+00
-4.892486349285613656e+00	-8.703987871304155632e+00
-1.123395459126590090e+01	-4.044831052308545338e+00
-1.123395459126590090e+01	-4.044831052308545338e+00
-7.167327826939502877e+00	-9.999358133553217343e+00
-1.014893857805209620e+01	-4.588081789551386791e+00
-9.925643158378681719e+00	-2.564903041378159720e+00
-8.943407874701128080e+00	-2.785170036059409604e+00
-7.813636878881279557e+00	-9.410970312197886045e+00
-1.071245218465366023e+01	-4.959736622301491593e+00
-1.032550533992915476e+01	-5.439609287332421772e+00
-1.168849558324626692e+01	-1.094509524662775846e+01
-1.100775451297643848e+01	-9.249159690146766977e+00
-7.894963343683383705e+00	-6.479250970194740944e+00
-1.114029558528756247e+01	-5.801379183833831554e+00
-8.726209058189207113e+00	-4.008583253290828985e+00
-7.108699272269561220e+00	-9.660684362615128862e+00
-7.241609448242773084e+00	-7.213098577119930077e+00
-4.947349694418297084e+00	-6.060511795340081775e+00
-4.947349694418297084e+00	-6.060511795340081775e+00
-1.043393173056979073e+01	-9.823264990970802302e+00
-1.059598223712782072e+01	-2.353795926004709216e+00
-6.321708935515168548e+00	-8.558213612121797098e+00
-6.615601064756306826e+00	-1.606639674589882105e+00
-4.808279823299078437e+00	-2.150753185959718206e+00
-1.029425746137260944e+01	-5.442018073767096453e+00
-9.740389912553119700e+00	-9.025609481094644337e+00
-7.862331468709356841e+00	-9.385370447904085367e+00
-9.975080834064826263e+00	-7.822746739359033974e+00
-9.975080834064826263e+00	-7.822746739359033974e+00
-6.050221442857375287e+00	-6.544606603356017516e+00
-1.180280326124106871e+01	-7.137262417408424042e+00
-1.015429097138158632e+01	-9.728918786633999005e+00
-7.415260418347884297e+00	-6.995653218956940478e+00
-5.808059341910396078e+00	-1.068003027488425438e+01
-5.808059341910396078e+00	-1.068003027488425438e+01
-7.250380631481093019e+00	-1.073307815485958905e+01
-1.139200124589806506e+01	-1.017671264587072066e+01
-1.139200124589806506e+01	-1.017671264587072066e+01
-1.180953965722540389e+01	-4.042681467343300028e+00
-8.128301034932045255e+00	-1.051119551362710602e+01
-7.682322821517096223e+00	-6.773538073775831947e+00
-8.973214307732598982e+00	-4.106660219289680391e+00
-1.193884388296010890e+01	-1.115622568287306748e+01
-6.967275826595404453e+00	-1.074419400146089920e+01
-7.847743010656619944e+00	-1.010482073534455338e+01
-4.722957925927652845e+00	-6.304659081283952915e+00
-8.077008487190086683e+00	-4.872044673359517297e+00
-7.251336059870539863e+00	-2.986769619402504627e+00
-7.245412271844318575e+00	-9.972853814278828111e+00
-1.024472768604989525e+01	-1.006973114552184434e+01
-9.498359319767988751e+00	-3.771180212103320439e+00
-1.137854996228325355e+01	-5.996937815517172865e+00
-1.090961602006117026e+01	-7.793160537090865425e+00
-9.242235866762582575e+00	-3.597426225858094906e+00
-8.409966025910723175e+00	-1.122443156272397857e+01
-8.227973451840000507e+00	-1.048344442839207069e+01
-1.197622330972763649e+01	-5.315284598564371521e+00
-1.081922813332989719e+01	-3.467330399301083776e+00
-1.035616455974050787e+01	-1.063506506283183661e+01
-6.795032577488255399e+00	-2.910311297911785111e+00
-9.831347772017673847e+00	-6.079766531059912715e+00
-1.198507584120420333e+01	-5.498080942187661080e+00
-1.175960279154740640e+01	-1.083341801767289425e+01
-5.065770028611877862e+00	-4.083810026172464802e+00
-1.089761796554429907e+01	-9.391077694259196917e+00
-1.067904057763061410e+01	-7.477175102625809977e+00
-7.413386035694237819e+00	-1.013102206198550093e+01
-5.242068721525680708e+00	-7.447985206335139274e+00
-4.710450821999260462e+00	-7.238176752988265683e+00
-1.006342342461280737e+01	-4.223931973397499817e+00
-1.006342342461280737e+01	-4.223931973397499817e+00
-6.517387773029535758e+00	-7.704924811594711542e+00
-6.517387773029535758e+00	-7.704924811594711542e+00
-8.898741830277693055e+00	-5.191528521186399736e+00
-1.173927468062273505e+01	-8.896158120924290813e+00
-6.491980382621355794e+00	-3.893654682837671022e+00
-7.047414494800118945e+00	-2.885426277337137524e+00
-6.844542221595934173e+00	-9.699065694089373579e+00
-6.291728803061711339e+00	-2.823808094348096986e+00
-7.866795983332907305e+00	-1.096684786804725498e+01
-1.039053524038481058e+01	-2.126676710762567701e+00
-1.039053524038481058e+01	-2.126676710762567701e+00
-8.128509519219740298e+00	-5.193330845662196715e+00
-6.028382967976153139e+00	-1.003833890433972265e+01
-5.743097035412360718e+00	-8.883887374814742444e+00
-9.332940671472465866e+00	-5.754517491666931939e+00
-5.323053863502374305e+00	-7.024904745981924492e+00
-7.807200407151765553e+00	-3.924021060833860375e+00
-6.011245536658839761e+00	-3.493045845855983877e+00
-8.873698740082565095e+00	-2.676097615846920519e+00
-6.182787070670635821e+00	-4.170343321819895088e+00
-8.295622000067444546e+00	-8.454792585587616927e+00
-9.894647298483869591e+00	-9.294560489424114280e+00
-8.767374310732892084e+00	-4.771576113572555400e+00
-7.813369075926929419e+00	-7.662900851144373249e+00
-6.185454216230932722e+00	-1.118194865035400554e+01
-6.526753490067131125e+00	-1.009728297423991705e+01
-5.009130533650739459e+00	-5.042723354872451047e+00
-1.097202082541726220e+01	-5.614737817731151992e+00
-1.101947695049525322e+01	-7.775320958383010073e+00
-1.165606751484660997e+01	-7.610614613967491948e+00
-8.168694847783820379e+00	-5.369543595992904095e+00
-1.005034764253149504e+01	-7.679999641083423256e+00
-7.998153801490875736e+00	-2.239257879508506743e+00
-9.733995539189329804e+00	-3.329953079994023124e+00
-8.130751288574982638e+00	-1.060457312638718186e+01
-1.117625743154350815e+01	-9.714006769991350154e+00
-1.131199268822459558e+01	-1.078834391360013001e+01
-6.146642218965360449e+00	-3.612980124361076406e+00
-5.136096397758526777e+00	-6.379420284245582273e+00
-1.029745038290782588e+01	-9.556555336478288254e+00
-6.858761093458870306e+00	-1.621736602971657337e+00
-6.100006225246013436e+00	-5.264503822653599840e+00
-5.335903465437007220e+00	-3.309182974997522564e+00
-6.169928638052169845e+00	-9.987597108106990973e+00
-6.169928638052169845e+00	-9.987597108106990973e+00
-9.026173813120740519e+00	-1.133947603024692796e+01
-7.040040961573417633e+00	-7.835879924033054778e+00
-5.173992902051375964e+00	-9.231940106450959860e+00
-1.094565228186960759e+01	-5.437067646266840804e+00
-5.580131362441831833e+00	-1.107539324458462637e+01
-8.461026889752135460e+00	-5.845907378696662882e+00
-5.422263777783301819e+00	-6.333437839770706290e+00
-7.510648934435646851e+00	-2.910829148542551259e+00
-9.746910872202432685e+00	-8.834382220470084590e+00
-4.787672836425863387e+00	-3.662873016491279721e+00
-4.787672836425863387e+00	-3.662873016491279721e+00
-9.263925891401102675e+00	-1.122683232113499585e+01
-8.430787288586632400e+00	-2.219275141143548069e+00
-7.155434074775463671e+00	-9.297193121271225991e+00
-6.384216631493159433e+00	-2.114157355743708333e+00
-6.384216631493159433e+00	-2.114157355743708333e+00
-8.444101007129457770e+00	-7.428005308802530848e+00
-6.891153308021280566e+00	-6.039812606483719648e+00
-9.415005243879521757e+00	-9.299340460760095795e+00
-6.640413512802538776e+00	-9.915214273542050094e+00
-6.640413512802538776e+00	-9.915214273542050094e+00
-6.420608980730214910e+00	-9.842530361636802283e+00
-1.092450507739697052e+01	-6.747420670343228011e+00
-8.069838199711037774e+00	-5.171598169245219978e+00
-6.020958816450527884e+00	-8.752861563580960791e+00
-5.916901547594655142e+00	-1.164922964169961794e+01
-1.136929523976456125e+01	-8.109462684753655282e+00
-1.189824402686805804e+01	-4.614617714622179179e+00
-7.650394417948150227e+00	-5.593979450260383679e+00
-6.039148756289624664e+00	-1.081908355513583864e+01
-1.093176958477989302e+01	-7.625486953140403479e+00
-9.199188513154609836e+00	-2.343431600182749097e+00
-9.199188513154609836e+00	-2.343431600182749097e+00
-1.107497947903843993e+01	-3.665385526592101151e+00
-1.120576530202716548e+01	-1.031344187138971513e+01
-8.201792410291776747e+00	-8.206353176381789183e+00
-8.386707609719479706e+00	-6.620269433366677170e+00
-7.073115941350625491e+00	-7.665532336026982030e+00
-1.078498687500327691e+01	-5.309507114184254917e+00
-7.820946008271168814e+00	-6.671609490781916563e+00
-9.393465915271063338e+00	-8.624001389514740268e+00
-8.547837221258015816e+00	-3.354009934983111396e+00
-1.165864224087369472e+01	-1.857849437442886886e+00
-1.035961954038891619e+01	-6.497512244814698690e+00
-6.434840075743940346e+00	-4.959309951434625496e+00
-8.298774269575185158e+00	-8.504000461082949158e+00
-1.114681467643254820e+01	-1.091985679299326684e+01
-1.024840864303947896e+01	-4.903706000895866168e+00
-9.530561387458446276e+00	-2.435109544745807320e+00
-1.166170878665530708e+01	-4.378850032788617064e+00
-9.562957262931817581e+00	-1.003343882609048165e+01
-1.165667127755128085e+01	-8.034975141386203390e+00
-6.213749906055654471e+00	-7.459427776104281982e+00
-5.211246454707858078e+00	-5.600695591397808926e+00
-6.637654890770107841e+00	-5.877631401796405974e+00
-1.102311414254806188e+01	-8.278663266361967032e+00
-7.523731760609107866e+00	-9.164540661191210802e+00
-8.948140080791008089e+00	-7.751997368981050407e+00
-8.458966526615721904e+00	-4.233960653703134014e+00
-1.147152694912164783e+01	-9.970561031903825366e+00
-8.323345544312049427e+00	-1.185289309946901959e+01
-1.082941786571885245e+01	-4.361594830509014642e+00
-6.688901446825272323e+00	-6.339666751673568967e+00
-7.888005264473116007e+00	-4.045026916991071531e+00
-9.606569795665306444e+00	-6.931202348582891304e+00
-8.536784667075774991e+00	-1.122243020646502210e+01
-8.252794929791253509e+00	-7.272536681034066142e+00
-1.160881924223017059e+01	-5.951124376703649688e+00
-5.442330450597748559e+00	-4.731607405239736330e+00
-8.320547876752769412e+00	-6.738563297110233385e+00
-8.793979499696074953e+00	-3.970363805107449018e+00
-7.481297226554729285e+00	-5.519364555648805570e+00
-1.058607058810926027e+01	-5.606334477470410249e+00
-1.022933067296183829e+01	-1.008954308421374257e+01
-5.430602549421180925e+00	-7.779200749917397850e+00
-7.987389055218242717e+00	-6.779893628419808138e+00
-4.321358186147462810e+00	-7.385932924974784264e+00
-5.936655249168449444e+00	-1.079589178210521005e+01
-1.082073014650854148e+01	-3.722321525434372891e+00
-7.128068915013894724e+00	-2.466222259877800305e+00
-5.333844169658149781e+00	-1.176080335391417719e+01
-5.858082511036513118e+00	-7.132520066649475687e+00
-5.090424070302657533e+00	-7.509607721629901533e+00
-9.452141460952306673e+00	-9.224173423231876612e+00
-7.151809414434430856e+00	-6.041225175014913518e+00
-1.159100874031512696e+01	-9.102032574604685067e+00
-1.159100874031512696e+01	-9.102032574604685067e+00
-1.154508115523112899e+01	-8.559119476979384800e+00
-6.730312505925744482e+00	-7.096242650234138694e+00
-6.730312505925744482e+00	-7.096242650234138694e+00
-7.857976874175264470e+00	-5.903039492973708668e+00
-1.075181412958990990e+01	-4.688688543072224491e+00
-9.134866152826623065e+00	-1.159847925913890698e+01
-4.927821936394252589e+00	-8.417472244834639739e+00
-7.608179016858161781e+00	-3.798906450470494800e+00
-8.406723064202115125e+00	-5.888957665262083196e+00
-5.193734049430817734e+00	-5.405982970833862922e+00
-1.056200000730134647e+01	-2.039564057222265081e+00
-1.016466526374853707e+01	-1.896097431785234155e+00
-6.060564593829792734e+00	-3.689718054649599122e+00
-8.970863078480789454e+00	-3.037660587756124020e+00
-1.058846675071298726e+01	-6.782830430064842098e+00
-9.783802009698350233e+00	-5.196996582030256384e+00
-6.550870842281974582e+00	-8.034830238164774485e+00
-4.438242801118075676e+00	-1.159499146665213587e+01
-7.006023623650975196e+00	-1.955810577883531076e+00
-4.996505299507145281e+00	-5.062616410964069225e+00
-9.631848402446202329e+00	-5.976147736433194524e+00
-9.834882845676274243e+00	-7.093349151604132707e+00
-9.339066002906635688e+00	-6.049302986394915038e+00
-9.282107710054271266e+00	-8.053420806871834259e+00
-9.949112805744515953e+00	-8.713652852484203848e+00
-1.009871190928657469e+01	-1.059998996466822341e+01
-8.023686202663709466e+00	-3.115913852646695847e+00
-1.035181475890908587e+01	-1.941669036350953670e+00
-1.132742344912051280e+01	-2.824081387836076651e+00
-8.636152483586544193e+00	-1.067539665026066054e+01
-5.945560750790501281e+00	-8.314226455289031037e+00
-6.438394691342205434e+00	-8.493224832569213234e+00
-8.763978659167028340e+00	-7.072877705210323107e+00
-7.988615838307338457e+00	-1.149748884078193178e+01
-7.173225476849696136e+00	-7.048449556923477743e+00
-5.235536171422497276e+00	-7.510817748599150079e+00
-9.835265595620995782e+00	-2.702233127269457746e+00
-1.061543707846895934e+01	-8.551932641070568053e+00
-7.029738595586662697e+00	-3.059754312418029087e+00
-8.208908928354851753e+00	-1.167879988524271084e+01
-6.653615021817705255e+00	-4.001895604386143113e+00
-6.066355014203493212e+00	-1.192518197538471902e+01
-7.271855511565672003e+00	-9.176406605745999201e+00
-5.730170618139307059e+00	-8.890569293235612847e+00
-9.920591631198702132e+00	-3.457603235835226219e+00
-5.881562001473141343e+00	-7.700170488652071654e+00
-5.737401324056105700e+00	-3.944566644329457805e+00
-6.429317765793773454e+00	-8.852283548260762913e+00
-1.163094360990471898e+01	-6.564544669021831425e+00
-8.701740243635885719e+00	-2.572952466761651458e+00
-8.802098089853171103e+00	-5.388855531571622670e+00
-8.224167807446724154e+00	-8.286881455236102312e+00
-4.648604847950301711e+00	-7.256931241689133394e+00
-1.005123574920784790e+01	-1.057330197052730369e+01
-1.043418495760194808e+01	-2.608962178471889715e+00
-1.176260163915047308e+01	-4.827687438849064705e+00
-1.007946226834520864e+01	-3.139119387005348649e+00
-7.117148186702385360e+00	-1.147124337183596587e+01
-1.077876793314682047e+01	-1.177037148279720924e+01
-7.416779531018817373e+00	-5.057894990344206754e+00
-7.546797863159597775e+00	-1.015903649058176761e+01
-7.546797863159597775e+00	-1.015903649058176761e+01
-6.099818355375562717e+00	-1.135402521408338394e+01
-8.443858666701885340e+00	-8.235355973338013058e+00
-8.163446572889707653e+00	-8.300588495390739396e+00
-7.279999207798933725e+00	-6.475368031028714277e+00
-6.257611555394704261e+00	-2.338120393289265575e+00
-9.489813797921108574e+00	-5.916452422634653985e+00
-9.341144778330214393e+00	-3.153754881658787479e+00
-8.905822551636646267e+00	-7.441250894811251015e+00
-9.524529573292710438e+00	-4.742815366766051532e+00
-9.524529573292710438e+00	-4.742815366766051532e+00
-9.319744517082117596e+00	-9.977525689404284748e+00
-6.409880325421691616e+00	-2.559419919787423670e+00
-5.756857885093736193e+00	-9.021786073424928887e+00
-1.035901737146559043e+01	-8.985412300852207323e+00
-1.006898002551892013e+01	-7.564072418967587197e+00
-8.567891689015315393e+00	-9.342354070274783595e+00
-6.482736580550167105e+00	-1.169240786231372553e+01
-1.065042030359297165e+01	-2.800338641631952896e+00
-6.302092526123029614e+00	-4.898066095522131569e+00
-1.182045640796921937e+01	-9.299171132834869624e+00
-7.432466936313459449e+00	-7.043593266261678920e+00
-4.975763363906053449e+00	-2.584216519341209217e+00
-9.466240663024651170e+00	-2.467485766666327685e+00
-1.017589555004596491e+01	-6.906351695790406531e+00
-8.526616214513540015e+00	-1.087920125796192217e+01
-6.918089557150734592e+00	-6.752951776152985808e+00
-5.543473267122585035e+00	-8.184064442772362113e+00
-7.336928754667080277e+00	-9.304898557885330490e+00
-7.336928754667080277e+00	-9.304898557885330490e+00
-1.064367059446757580e+01	-7.008497920228894174e+00
-1.064367059446757580e+01	-7.008497920228894174e+00
-1.132017588446776557e+01	-6.234781338954396901e+00
-7.012790159717865457e+00	-1.015877224437243065e+01
-6.711728706306290704e+00	-6.491237663042642048e+00
-1.094848611967226581e+01	-1.002578195545777717e+01
-9.505012925803852042e+00	-9.332925083375119613e+00
-5.821438403969856346e+00	-2.843326889708278848e+00
-5.018386637959084240e+00	-1.178092209554589864e+01
-5.018386637959084240e+00	-1.178092209554589864e+01
-1.014397584551071674e+01	-6.721212505801879900e+00
-6.817652623921728328e+00	-7.754316144970418989e+00
-1.024259061612941757e+01	-4.094880799345054001e+00
-1.111325179895885285e+01	-2.560868982007463934e+00
-9.834444917430344546e+00	-6.441762344489426972e+00
-7.090053577811154639e+00	-3.116113403677528648e+00
-6.946607395220563141e+00	-6.044095767016244736e+00
-9.457016254316569004e+00	-5.968403648866654976e+00
-9.568184878889177014e+00	-4.650491891254252330e+00
-1.103301969121388204e+01	-4.792723991335043010e+00
-1.005821886125004383e+01	-5.727446369914718893e+00
-9.008229967896481227e+00	-4.240964101676993891e+00
-7.560763782198967498e+00	-1.075939425000025906e+01
-6.568254118722233414e+00	-8.566644324233154251e+00
-4.323698629796803417e+00	-5.720879651010064570e+00
-7.123166087510060862e+00	-1.169170161423748411e+01
-8.338442591638026258e+00	-5.048290370200311905e+00
-9.444861328258159716e+00	-3.829892048890287892e+00
-1.151383747614918640e+01	-9.421380267414583898e+00
-7.441039082245708869e+00	-3.875349294346756679e+00
-1.189333346290861471e+01	-8.006270746233900226e+00
-1.141281251040892464e+01	-1.114718509214403852e+01
-8.494463297087907705e+00	-4.832590155195515713e+00
-8.412453290248633309e+00	-2.323801430272826707e+00
-8.822794862209860867e+00	-9.605310639576041254e+00
-5.240371275547022201e+00	-5.293426370347671828e+00
-5.240371275547022201e+00	-5.293426370347671828e+00
-6.320629944076761042e+00	-1.066574627106619744e+01
-5.576520412491697165e+00	-8.217834448990739560e+00
-1.054170497070431267e+01	-7.965988982083770154e+00
-1.061751412625905289e+01	-4.443988990871013733e+00
-6.678348811679647667e+00	-5.694134205875091226e+00
-9.900482012856468117e+00	-4.450002071682740201e+00
-1.058557184599006362e+01	-2.534528139851528472e+00
-7.095717652917187479e+00	-2.669978301505857576e+00
-1.184439386342436329e+01	-9.427573432522899921e+00
-8.660187412346758151e+00	-5.039620174941735087e+00
-7.467306082977908765e+00	-9.651602864991771114e+00
-1.170366078789990283e+01	-1.004318908024051105e+01
-1.158990690587527084e+01	-1.197453322581555213e+01
-1.147337557190413371e+01	-2.173811561559366723e+00
-1.006888454580395376e+01	-6.514133599547926146e+00
-1.030665800244713814e+01	-8.755749532324431428e+00
-5.437903879131334328e+00	-6.297993390315512308e+00
-7.359546965053498369e+00	-1.093770307486007987e+01
-8.013890572244880772e+00	-9.645341397323829113e+00
-6.483247600877970918e+00	-4.272760957312495833e+00
-5.907532872446743077e+00	-2.241642451462368069e+00
-7.073095990665886568e+00	-6.297929283462858407e+00
-1.001525455591363389e+01	-3.160174081611152541e+00
-7.519596515472200871e+00	-1.051918357563762463e+01
-6.079425668482067557e+00	-7.800570309145734349e+00
-5.165747998590995316e+00	-1.030102399042035266e+01
-6.119700320120168513e+00	-7.404665532452608723e+00
-7.352748361799494425e+00	-9.027986089426626393e+00
-4.715550065580194072e+00	-6.876894166651246643e+00
-8.565643080880816385e+00	-7.797850330702003063e+00
-8.289437636516597152e+00	-2.810324485038209197e+00
-1.107463724489856816e+01	-5.872013735603863971e+00
-1.020234611747351572e+01	-8.911311537840356678e+00
-9.287126718289746563e+00	-4.870372613378528115e+00
-1.141616080474300787e+01	-6.935962427181521228e+00
-1.052829996597147222e+01	-3.110285119727036918e+00
-1.090011353636439573e+01	-7.974449645719661639e+00
-4.899680986329279619e+00	-4.505489281792935508e+00
-9.384794383557755637e+00	-8.513593715977213705e+00
-9.384794383557755637e+00	-8.513593715977213705e+00
-8.084949437118719828e+00	-2.262872850154701521e+00
-1.037591224237393028e+01	-8.056555071540051571e+00
-5.493849516120524967e+00	-7.696979926136760852e+00
-1.052321601087011338e+01	-3.413573350028916931e+00
-1.122119032659726479e+01	-2.182244118015545631e+00
-9.241988091454427234e+00	-5.386445072908387033e+00
-6.430082402164657651e+00	-1.053518431264530975e+01
-9.737841013614112029e+00	-8.380266475493819200e+00
-1.162218261785733198e+01	-3.873782938611272986e+00
-1.016709708898251030e+01	-1.003213261345614704e+01
-7.586579400140254670e+00	-3.851454040460772443e+00
-9.754287016075092964e+00	-1.144040010568253329e+01
-1.054921679028474024e+01	-3.166300833458654207e+00
-1.009986355164777905e+01	-1.193794326900773406e+01
-5.977913247800194618e+00	-2.502285600204540827e+00
-6.727983988720718678e+00	-2.160568376918240219e+00
-6.431858173116664190e+00	-8.896179986010022134e+00
-1.057112094170859073e+01	-6.533305832844934713e+00
-6.848879920440929858e+00	-7.080826625145201447e+00
-1.092228290050773332e+01	-8.915064895252884369e+00
-1.116202657182172331e+01	-5.287177829486606306e+00
-7.940713186792435430e+00	-9.250698118109299983e+00
-7.426869554649793592e+00	-2.932858744718882971e+00
-8.748098447806311739e+00	-1.190154699423476714e+01
-1.122191088276735904e+01	-9.122072412606682335e+00
-9.946206175886219469e+00	-6.558007222285956672e+00
-5.405226400893356598e+00	-6.834473991215594069e+00
-7.219261526467088075e+00	-8.464936189139724121e+00
-8.155025914041102553e+00	-1.165789161852950784e+01
-1.094346652446320611e+01	-1.807306195536202420e+00
-1.144854262790741295e+01	-9.224053399328182579e+00
-1.066889060352408158e+01	-8.903660325728266045e+00
-9.369715939349424261e+00	-1.178684447982402617e+01
-1.083365877071189054e+01	-4.541527734360233381e+00
-8.038593065718341535e+00	-6.075341722128103861e+00
-9.054309803376504817e+00	-1.183530416769920812e+01
-9.921063653573673591e+00	-5.910362217348255065e+00
-9.294047384115943444e+00	-4.969662964243857672e+00
-9.024400763446498885e+00	-4.625498634457852809e+00
-1.062037275295097949e+01	-8.355124162658865927e+00
-9.973092177690146443e+00	-8.409018427698562448e+00
-7.865657623196899983e+00	-1.116682899925442207e+01
-7.251956409995027109e+00	-3.503707795319971563e+00
-8.750560900771656492e+00	-9.765926241062357960e+00
-9.369670663189806348e+00	-1.088334997623357836e+01
-6.133168877238497352e+00	-8.646103163872517428e+00
-1.006334025776178009e+01	-1.107054906820442142e+01
-5.920895815070069013e+00	-2.941711543036397813e+00
-1.071620393524626458e+01	-5.285893634136650476e+00
-7.569942186844149212e+00	-1.124777048659997725e+01
-5.916136951581431269e+00	-3.078885389193797728e+00
-9.176570339196786108e+00	-1.072604604957319907e+01
-6.355817184151005605e+00	-2.596588248646401809e+00
-1.001720515432765701e+01	-6.443030137999183005e+00
-1.038139821538644370e+01	-5.405265972739059066e+00
-9.137762345860423352e+00	-7.321264393680167792e+00
-9.788503334622514984e+00	-9.838087618498462916e+00
-1.176094174160190242e+01	-8.728757273137810913e+00
-6.660345493228048142e+00	-8.059408090853088069e+00
-7.166271998658461762e+00	-8.565680813767439616e+00
-1.006611541972830004e+01	-1.161489883832813952e+01
-1.156491558884640725e+01	-5.291793239592321285e+00
-1.156491558884640725e+01	-5.291793239592321285e+00
-9.652384243441288092e+00	-4.225575062488811540e+00
-9.794592348394298043e+00	-1.048965508647344969e+01
-7.136661579965549507e+00	-4.637636432103192874e+00
-7.260190766210015134e+00	-3.103884899958965882e+00
-7.959383575374722852e+00	-5.972743133158234130e+00
-6.870244235273690769e+00	-3.508799984784454207e+00
-6.754859634656752654e+00	-6.182059070467720296e+00
-1.058456780763842886e+01	-1.107783591375821430e+01
-9.832740576166223434e+00	-6.260797835492716956e+00
-7.103124893768270276e+00	-2.574294320836054251e+00
-8.835427441587510700e+00	-6.203414960056933936e+00
-8.835427441587510700e+00	-6.203414960056933936e+00
-6.037580562925772831e+00	-1.092452655601850964e+01
-8.881238727436018721e+00	-9.377269637193519358e+00
-5.031256516268221901e+00	-6.050691819891121703e+00
-6.881671608838521692e+00	-1.096263639877888529e+01
-7.796342911287395872e+00	-3.929770415925559757e+00
-6.475759392208508380e+00	-9.748448692220812006e+00
-1.136274522010040755e+01	-7.734165048673416365e+00
-5.822882183787646326e+00	-4.380045747642887122e+00
-7.763635928115384388e+00	-3.261043048695569269e+00
-5.588813594410086516e+00	-9.933924978344276013e+00
-7.799981395107985271e+00	-6.169389226700654483e+00
-1.143540213854371146e+01	-9.211490707297466329e+00
-6.628627443589023116e+00	-7.769903364253604394e+00
-9.798453618235244633e+00	-1.170688039777313527e+01
-8.991406281346545626e+00	-4.349630559538864460e+00
-4.617056532565346316e+00	-7.818752513664528614e+00
-1.002898416687308725e+01	-4.461600888731240389e+00
-1.181372579325356043e+01	-4.240910700970339064e+00
-8.413319472179534131e+00	-8.697589810276719291e+00
-6.402452727670967292e+00	-2.103548296461095646e+00
-7.702744014335721978e+00	-4.571797452455709454e+00
-9.499773997613418786e+00	-8.243185177740764757e+00
-9.065307952443681927e+00	-5.935131912029139478e+00
-8.980215185264990296e+00	-8.146132719891969742e+00
-1.114010844223146890e+01	-6.311779081257892443e+00
-9.216742375545758037e+00	-1.015552790575939035e+01
-9.216742375545758037e+00	-1.015552790575939035e+01
-1.136459791659882868e+01	-2.470703908699885876e+00
-1.098878690555796211e+01	-5.576234227836876833e+00
-9.153136471627016491e+00	-1.172792967610356385e+01
-6.887108812740923902e+00	-5.313945344351671984e+00
-8.832156610828123533e+00	-9.070306512815141886e+00
-1.199750212084215839e+01	-4.532731159716328229e+00
-7.136592744705916758e+00	-1.122927295559180827e+01
-7.642632151727494438e+00	-4.754486678342272121e+00
-7.806962513029926498e+00	-8.087040545475916886e+00
-7.887926309255374413e+00	-4.524664602841941274e+00
-4.425329110092314444e+00	-1.071276029620704406e+01
-5.957518014729627609e+00	-1.030226444603634661e+01
-5.957518014729627609e+00	-1.030226444603634661e+01
-6.441288166214881983e+00	-3.561512542235647949e+00
-9.612136577488694655e+00	-1.164748928010557094e+01
-1.153304681440798696e+01	-2.432695760905613014e+00
-6.321785395808808161e+00	-1.163012166704030648e+01
-1.095840679748117097e+01	-8.475509635096150518e+00
-5.488013508133400720e+00	-7.495222724387327951e+00
-7.580129760394636484e+00	-5.615497850834779037e+00
-9.034683577017529998e+00	-9.009478035628438519e+00
-1.063606690325263315e+01	-1.681974717949411113e+00
-5.760195113613633566e+00	-8.124822577220186304e+00
-7.667057422855683591e+00	-1.112801884115434348e+01
-9.150363647658572575e+00	-5.592964079986443515e+00
-6.099882594005348047e+00	-6.270310677390982690e+00
-6.231328154355781024e+00	-2.880841250145203425e+00
-6.675210273492366397e+00	-1.036013363944223897e+01
-1.026394496078526508e+01	-6.165266909651775151e+00
-1.000705365523837820e+01	-6.207740064855470585e+00
-9.684138115587968443e+00	-1.004826332027795388e+01
-7.458654791931000005e+00	-1.632338554180169599e+00
-8.625713530057485201e+00	-3.724525145742949572e+00
-9.747954506019024024e+00	-7.553587736150798371e+00
-8.861257514240126199e+00	-2.906644008914679222e+00
-9.413031331786806177e+00	-1.010989762542988935e+01
-1.138908256866491442e+01	-5.809869417709236039e+00
-7.332048172786797657e+00	-8.233088577995181012e+00
-1.180167165658112260e+01	-1.177977295555839632e+01
-9.042152756074136377e+00	-1.057407031815324849e+01
-6.212611431731306588e+00	-9.730237654995855578e+00
-6.212611431731306588e+00	-9.730237654995855578e+00
-1.058102908919204488e+01	-9.879096426484418103e+00
-1.155274834302337084e+01	-4.152255302029391970e+00
-5.980072848033536559e+00	-4.878978182325009350e+00
-1.155485174370492274e+01	-1.062827871084248521e+01
-1.160782199081660337e+01	-5.913288377373717708e+00
-1.010621684169294809e+01	-1.053192392173387937e+01
-7.559905435534898466e+00	-5.084948551382713511e+00
-9.427393503201285441e+00	-1.194481085487092464e+01
-5.174633627953240556e+00	-7.131923826982034420e+00
-1.037986837576257138e+01	-4.083098443250598564e+00
-9.463991274603491988e+00	-6.968014395289212182e+00
-1.085174178797944222e+01	-6.594244226697671074e+00
-7.025500800967868109e+00	-2.327220298883240446e+00
-7.564907907530966646e+00	-1.075847084446238355e+01
-8.268306805933860915e+00	-3.072343496446248601e+00
-1.137995351967232160e+01	-9.988276151824267757e+00
-8.061298352296853764e+00	-1.071008874697570690e+01
-6.195537174255997037e+00	-1.129283846925543067e+01
-7.330404917250064933e+00	-1.825326508682200588e+00
-6.600993821894221902e+00	-1.096422025338397432e+01
-8.284217930427585586e+00	-5.197090256325698654e+00
-7.100617321826121930e+00	-4.987412912494811223e+00
-4.810006545192050176e+00	-1.755658276577880095e+00
-6.226601181844052313e+00	-2.251461856930982997e+00
-7.278046033440493723e+00	-5.393291294605027097e+00
-1.084521338256710798e+01	-1.008846960701647610e+01
-1.018175519430608666e+01	-7.074997023978099264e+00
-8.644480289970708498e+00	-7.112965133661060868e+00
-7.878937754363777302e+00	-8.264119250864874644e+00
-4.708021681476699527e+00	-5.053401809745585282e+00
-4.743399065115170288e+00	-9.430480906586087286e+00
-7.217944369857857367e+00	-6.329469478488199741e+00
-6.945762171966082477e+00	-1.042303264747616609e+01
-6.867643290040211568e+00	-6.329869151993804621e+00
-1.033517177279289356e+01	-8.612329322007113319e+00
-1.116815415131056177e+01	-3.633157130838527316e+00
-1.020122714956556820e+01	-9.529676948489305133e+00
-1.020122714956556820e+01	-9.529676948489305133e+00
-7.355325718950243008e+00	-4.681285367087023808e+00
-8.504092439347129329e+00	-3.097661901461813194e+00
-1.134674644701760293e+01	-1.191194815081752267e+01
-7.302133037394185067e+00	-8.484763182677648174e+00
-8.858658050973854614e+00	-9.019094853549542989e+00
-7.536077164653272042e+00	-1.048956943840247114e+01
-7.612336929351713799e+00	-8.181383661233418536e+00
-5.851250709448526877e+00	-1.186509347347361754e+01
-9.461534348495932889e+00	-6.057500924216042471e+00
-9.461534348495932889e+00	-6.057500924216042471e+00
-5.973959081227947721e+00	-1.022138585042445946e+01
-7.046928334843821418e+00	-8.255266931262497110e+00
-4.642980714202296966e+00	-1.981745257132386584e+00
-6.853294110467798461e+00	-1.118319139633532977e+01
-1.189956178299331313e+01	-6.513664925669916173e+00
-5.869621550905876894e+00	-9.615983011681588977e+00
-1.196549092499207489e+01	-3.810321474357436955e+00
-1.144690463227198407e+01	-6.743621289580212341e+00
-6.445721121693408939e+00	-2.035558680133485954e+00
-7.224209787338092603e+00	-5.672543300819743450e+00
-5.349794599231864289e+00	-2.705782787102539722e+00
-8.204614887410187407e+00	-3.922836421743427504e+00
-1.117002997784991614e+01	-8.852640547672550042e+00
-7.666946100956561594e+00	-2.294879024692662028e+00
-6.511424319166509989e+00	-6.171038070128745723e+00
-1.154245952271155140e+01	-3.888989419392129943e+00
-1.190993385792607384e+01	-7.283307366071715805e+00
-5.986100509303778239e+00	-3.008960697686392738e+00
-5.032483367681606090e+00	-1.992320664228532268e+00
-7.331425984257271544e+00	-6.314320760716339187e+00
-9.779511306263103165e+00	-3.620560075698958435e+00
-7.798788527165029016e+00	-6.694087245472627679e+00
-1.122898259605682370e+01	-9.170965902671666115e+00
-8.252810152616854467e+00	-4.592272848095326765e+00
-8.581083342121377910e+00	-1.172289061593449944e+01
-4.888767312161943046e+00	-4.397873113455402994e+00
-1.066075002611879796e+01	-1.779025227269916076e+00
-5.612136829220306211e+00	-8.590214739554742351e+00
-8.880431306329638730e+00	-5.419522156060512685e+00
-7.675253650978993036e+00	-1.724036161388580402e+00
-4.531406470833212907e+00	-2.929389380955515154e+00
-1.187796935919538299e+01	-1.139680252506166447e+01
-9.615499826837796249e+00	-2.811502815076147854e+00
-6.381200297613307093e+00	-4.970450897551406122e+00
-8.484916557860866959e+00	-6.918835475526409873e+00
-6.733444570537789886e+00	-1.134693611681713321e+01
-9.412299001771621931e+00	-7.879975700260797744e+00
-4.882324378264170761e+00	-5.713428400797017304e+00
-1.016564631759018056e+01	-1.797102637735425557e+00
-5.159163333746645819e+00	-3.226318846535426665e+00
-8.663165930961135075e+00	-2.004009424905151882e+00
-1.166949904699177409e+01	-1.821724078153144077e+00
-6.526968438497616987e+00	-3.153410648946703532e+00
-1.037950173274742660e+01	-4.995933120716507858e+00
-8.821370943198909131e+00	-3.250793619899166043e+00
-7.867868782076701706e+00	-1.042898364067445804e+01
-1.131353844434068279e+01	-9.147362197912908499e+00
-1.157360317750279677e+01	-1.066647141229851137e+01
-8.249047754538768373e+00	-5.895779920132114604e+00
-6.260225700134689930e+00	-4.749252714852759460e+00
-5.215443844399444195e+00	-2.794623913313657670e+00
-6.834506623597584429e+00	-1.035478780461602000e+01
-7.363706507274176083e+00	-7.633384512939268340e+00
-1.102270699421602984e+01	-3.908025573347514658e+00
-1.140813803739295018e+01	-2.095611509480832080e+00
-9.956041821433290195e+00	-6.311944419128663775e+00
-1.183076157367626635e+01	-7.504847432289372122e+00
-9.969062934602654025e+00	-1.064397855789868430e+01
-1.084192605624588879e+01	-1.060141058333868536e+01
-6.828469110405915643e+00	-6.886883572886755900e+00
-6.319973258244804271e+00	-4.564631555775672034e+00
-1.041762010775841318e+01	-1.059425478455423608e+01
-8.634461705819109767e+00	-1.586425607690779005e+00
-7.430397339876968488e+00	-4.955689432636277481e+00
-7.284932168205775049e+00	-7.611619789822536397e+00
-4.577863980612996819e+00	-3.424747188524476904e+00
-1.072581814591355531e+01	-1.008828868447982252e+01
-1.032702623361293348e+01	-7.700007339336813139e+00
-7.008756317866644991e+00	-1.172803696282467989e+01
-1.011777989524033750e+01	-8.340069759555289508e+00
-1.140219557066562928e+01	-1.070390275590626672e+01
-1.036682560795038555e+01	-9.479796855563922264e+00
-1.027221482471547098e+01	-9.912529406025701206e+00
-7.218520482805175220e+00	-9.871797201781113529e+00
-5.280162296086658991e+00	-6.418246092018581095e+00
-7.449448139816373882e+00	-9.201016723038883072e+00
-1.065310855209481034e+01	-9.907091829075985956e+00
-4.756188377036203008e+00	-4.552309230519969496e+00
-1.052094488937524375e+01	-2.830249611762281514e+00
-7.113104696196459464e+00	-9.767385982395232702e+00
-1.030691445758186120e+01	-1.088613921884105018e+01
-1.140709156303668870e+01	-4.894964248202582802e+00
-8.164822186956349981e+00	-9.392333132163168230e+00
-1.083294358528615398e+01	-2.625611314762044568e+00
-1.139943297241626041e+01	-3.428124277116693097e+00
-7.798648601134535063e+00	-9.845410302220169996e+00
-1.187641353693052793e+01	-8.040747876983196818e+00
-1.154884497180954206e+01	-3.690257885865229959e+00
-9.246549916253650636e+00	-4.966943620240782842e+00
-7.193237598709512071e+00	-1.041995230870993083e+01
-9.918054600388039432e+00	-9.605999149512928881e+00
-9.960419406498104422e+00	-3.632211933080987887e+00
-1.192483111594549072e+01	-1.066737290746822175e+01
-5.891515344496333739e+00	-9.445613406060255457e+00
-5.908070958006178763e+00	-1.026546742182287630e+01
-1.028694703216593176e+01	-1.022808004579737329e+01
-1.126825597463720108e+01	-3.810636397756959060e+00
-1.109085746571501652e+01	-9.705531131398478450e+00
-8.082952440095821700e+00	-1.188618638744557288e+01
-1.145836986466328966e+01	-6.661011394535476526e+00
-8.658628378834828609e+00	-2.748245754065290924e+00
-1.095887017859022272e+01	-2.431579642238332006e+00
-1.155591986402430216e+01	-1.114161857917112464e+01
-7.560657842836237208e+00	-6.953334613843960454e+00
-8.022946457691343625e+00	-7.852005637694194462e+00
-1.077542831204389984e+01	-6.589978858303122244e+00
-6.028128405667970924e+00	-3.232946209597382659e+00
-6.233314012562948925e+00	-3.043813395586311810e+00
-9.941249865301577060e+00	-8.011757957678245390e+00
-7.045577840830058669e+00	-1.467019951374416431e+00
-6.313314151599782598e+00	-1.150214749008482329e+01
-1.064963578668588973e+01	-7.216171451316403918e+00
-5.403175484983845145e+00	-7.287505305189551308e+00
-9.994619829973894198e+00	-7.628918345559581482e+00
-9.091446590292450836e+00	-1.097561642208235533e+01
-9.625431489722952705e+00	-5.082341607516240423e+00
-1.038971172141014421e+01	-4.107238562641001955e+00
-1.066667749383519492e+01	-2.566516913486464713e+00
-7.488106011890407032e+00	-7.415445985046206445e+00
-1.010113124194182177e+01	-6.740541308545158650e+00
-6.106386379210391624e+00	-8.218673678631230217e+00
-4.752392238820470460e+00	-6.720228901685860734e+00
-1.068839760440267384e+01	-1.903944889598822021e+00
-1.123559122937744803e+01	-1.041739510846430328e+01
-8.508903213831336743e+00	-5.322931079940295795e+00
-1.151761585175483127e+01	-2.455721161760461513e+00
-1.139766977792877611e+01	-2.694531172642847139e+00
-7.859585253884231015e+00	-1.466163725387986894e+00
-9.393928734352344989e+00	-1.990258561394621983e+00
-7.385164435652935566e+00	-4.937570167135818089e+00
-7.142675940631225018e+00	-5.283439929838401383e+00
-7.553195027441005571e+00	-4.450844087431796048e+00
-8.134339681300826186e+00	-6.114348832511566023e+00
-8.205483994569554795e+00	-6.687897312992344467e+00
-1.049962312505057938e+01	-1.030355039655579574e+01
-1.164359229635093129e+01	-7.355936842977476076e+00
-1.124758402433004711e+01	-5.462397074469186542e+00
-5.125538886438222974e+00	-4.303180761428698986e+00
-8.536900618208745684e+00	-2.751572864132901586e+00
-7.296341440727949212e+00	-2.298577171178072476e+00
-9.665645798168977620e+00	-5.660811956765830821e+00
-9.616697907508164889e+00	-1.081538037110636807e+01
-8.871255642200631897e+00	-8.912239716505391485e+00
-7.963889225882238243e+00	-6.843439789951784924e+00
-7.500344764561591049e+00	-8.463012520769185087e+00
-9.955703113676191762e+00	-7.935609108647942556e+00
-1.144573157229751637e+01	-5.436885575689125893e+00
-1.106586245861690365e+01	-3.030004552215752600e+00
-1.198547361320747306e+01	-9.217812928931337524e+00
-9.893459885216431715e+00	-5.534160892148799249e+00
-9.831669064681092252e+00	-4.435400938556611550e+00
-1.051826035832323747e+01	-7.749609234269886571e+00
-5.428387255881975015e+00	-3.663620893356636099e+00
-1.147771045861497186e+01	-2.580715517598503261e+00
-8.423513893515380602e+00	-1.129568630032508025e+01
-6.576797324842607040e+00	-9.266333235628929188e+00
-6.940290399066399551e+00	-8.395984850454862425e+00
-7.751424014743850677e+00	-1.075453155754102674e+01
-8.764798688849893438e+00	-4.482912337417941373e+00
-1.075073961067108641e+01	-4.682589274770712073e+00
-9.209617065560259164e+00	-5.647100870154033281e+00
-4.927125500593341201e+00	-6.074437431336455973e+00
-9.469631365791268962e+00	-9.756543243094197848e+00
-9.508192015624844728e+00	-1.086046753772106399e+01
-1.012754814858396379e+01	-9.122438115192490926e+00
-8.672160847875671763e+00	-8.659147229138156376e+00
-8.893665545820105933e+00	-4.924123927284659530e+00
-9.736117001002405402e+00	-1.883120022560675677e+00
-1.192113018565392046e+01	-3.887690288109860948e+00
-1.089600279823879703e+01	-6.074852418913789798e+00
-1.144815321698725441e+01	-9.453217636445302219e+00
-8.196211334274023486e+00	-7.983074499064026774e+00
-8.480216136825895035e+00	-2.200144169642285874e+00
-8.072367995371861227e+00	-1.992192875937695007e+00
-1.064819525714093018e+01	-8.092925442231946320e+00
-1.136790553591599462e+01	-7.520273316655008422e+00
-1.086437807530256627e+01	-3.284911297466042157e+00
-5.586975818200302868e+00	-3.121722636088352321e+00
-5.268971765854896461e+00	-8.635268925399831375e+00
-8.732785696144924614e+00	-1.119498582645774043e+01
-8.744669182670007146e+00	-4.665314431790486438e+00
-1.021144326189519624e+01	-1.029691396842872031e+01
-1.059284996722308136e+01	-9.658303533370997229e+00
-6.807444310090700945e+00	-2.121474753812977454e+00
-4.614273732643431103e+00	-4.155851204930232967e+00
-1.014688789573782479e+01	-5.951404345629831560e+00
-8.351966794021398854e+00	-3.748706271499403719e+00
-8.908485479677450414e+00	-4.574622840710455662e+00
-5.875219757002697385e+00	-8.204613044127910371e+00
-8.494319643939617137e+00	-2.519580312960960633e+00
-1.107690667297948650e+01	-9.079948939736313562e+00
-7.356553216952963048e+00	-8.620528602534122342e+00
-6.664584759083513887e+00	-9.661736718030693893e+00
-7.240238416779082975e+00	-9.339581288992082619e+00
-8.303766232156865712e+00	-1.088035277276367019e+01
-9.922835086017103734e+00	-7.388527718984379433e+00
-8.957527274488631619e+00	-4.675568929563763021e+00
-1.191626681679552036e+01	-8.744391072533622022e+00
-1.120182954006841847e+01	-5.697137932867812005e+00
-1.085664675734597573e+01	-1.942582641313587821e+00
-7.380197132447404051e+00	-2.279007178041707604e+00
-1.011700463116347137e+01	-1.177094448084188549e+01
-1.109760458918922232e+01	-2.099806736634013404e+00
-7.878391907107202385e+00	-6.307311438309512575e+00
-5.272128617636644421e+00	-4.962517709487742401e+00
-8.824817821955436514e+00	-1.194703734937633222e+01
-1.005940175815671722e+01	-3.919314572978280342e+00
-9.976305986577763463e+00	-8.527489531762832087e+00
-8.520335446341640306e+00	-9.425419154978994740e+00
-6.671584195429502095e+00	-9.166875822646595395e+00
-1.045532629123253976e+01	-3.822161802683571086e+00
-1.116709582023967151e+01	-3.892730348831194398e+00
-1.068977893194464457e+01	-1.193946831994276714e+01
-1.199266165056368116e+01	-1.483110958846265870e+00
-1.005115514384473308e+01	-8.072732492148871231e+00
-1.025859823089978917e+01	-5.869807189027739902e+00
-8.879965608141120015e+00	-2.192042333011942290e+00
-8.367242524525050129e+00	-5.788535083572571516e+00
-7.934506481689561852e+00	-1.009388397572690721e+01
-8.385244340977735078e+00	-8.190010670368470969e+00
-6.419772055421741896e+00	-3.984616484632440780e+00
-1.088623225616942136e+01	-8.369555409041259608e+00
-8.000389307704592667e+00	-6.430123610711161675e+00
-8.090306732654912736e+00	-5.750916234463558041e+00
-1.070697827796267632e+01	-1.097095925597833421e+01
-1.071670714283042258e+01	-9.469782215450937457e+00
-5.276603071249700960e+00	-7.360103382562595442e+00
-8.158878669868629530e+00	-9.849251131373177870e+00
-1.066249173463218369e+01	-5.388215262964293650e+00
-7.476588875050423688e+00	-9.747428036933365902e+00
-1.112899863363767317e+01	-3.308693557766942295e+00
-7.524598612241233830e+00	-1.183211673435725864e+01
-6.713355554093773492e+00	-9.503553128377314252e+00
-9.949019700512206299e+00	-3.153361511858926214e+00
-9.967909603906550231e+00	-7.632493215998537472e+00
-6.696174575915033067e+00	-2.087455119734500819e+00
-1.075144160246528102e+01	-8.155560347129396703e+00
-1.138795558891640347e+01	-1.143114123049386954e+01
-7.538695131780484893e+00	-3.385323802555767703e+00
-1.025787850394660872e+01	-4.683729821562068629e+00
-6.949029636449192360e+00	-8.715581455397950705e+00
-1.106943114414439044e+01	-3.138175657538039509e+00
-6.161776415559135245e+00	-6.929439295005766830e+00
-9.044331432388515779e+00	-1.058595964175474968e+01
-7.895296784776601129e+00	-2.861548525640492002e+00
-1.112384005513108143e+01	-3.448711580485663841e+00
-6.593463745979740942e+00	-8.207244590616699753e+00
-6.404743669751058910e+00	-4.856712342540869365e+00
-7.860314628823957150e+00	-1.178079000369911888e+01
-8.331315657378617345e+00	-3.167283265276291448e+00
-1.071172651700553757e+01	-6.930118384676738685e+00
-1.046286935683878205e+01	-4.230654534263471156e+00
-7.004625545605644987e+00	-5.887010571561313022e+00
-4.840777004400738548e+00	-1.068822542586735302e+01
-1.066232562250090510e+01	-6.818628633097707059e+00
-9.210256350126330815e+00	-1.060782867501645654e+01
-8.680096913812754167e+00	-9.353859026075966199e+00
-7.759837351832198138e+00	-8.897061368261718783e+00
-8.976459885865919475e+00	-5.980728418577013095e+00
-9.074289298655726199e+00	-7.268718811539390146e+00
-7.635119935675922065e+00	-8.523698403513938260e+00
-6.265082120969569957e+00	-2.788373673253085716e+00
-5.694305528032931996e+00	-9.100954211198462929e+00
-6.691337217021179562e+00	-9.887096331366636903e+00
-9.621987773440586977e+00	-8.102490834041155665e+00
-1.194244128423798301e+01	-1.167799909294013716e+01
-6.411592142240562175e+00	-9.202195118463363244e+00
-1.106485808809460991e+01	-7.611968258245708441e+00
-1.063369239460469373e+01	-1.101340786813144845e+01
-1.024412038080509646e+01	-1.652227358482966091e+00
-1.063425875776540508e+01	-1.182930100555525499e+01
-9.553764777821580623e+00	-8.030278752364377937e+00
-1.027259483204673707e+01	-6.409942392385399756e+00
-5.052331037147449244e+00	-4.487173917581076310e+00
-7.731414785177867621e+00	-1.053434909595649849e+01
-7.036937177826359857e+00	-1.061946735472392511e+01
-6.030017002867277931e+00	-1.917912256098399881e+00
-7.695221256051369529e+00	-7.917072205344248381e+00
-1.071922357366133483e+01	-7.356067853666033329e+00
-9.205353727547683107e+00	-7.048165765078247880e+00
-1.083655362128414801e+01	-7.619885950859845103e+00
-1.076348582954409849e+01	-8.132943739334978162e+00
-7.112355390475904038e+00	-5.038140180340991314e+00
-1.017525353467646276e+01	-3.905798973091182180e+00
-1.115769346154880992e+01	-6.598029019457853472e+00
-6.339941876504875395e+00	-8.323712426539504605e+00
-6.170070741318386176e+00	-7.250540511938679877e+00
-1.095247720971368999e+01	-3.415509253717043947e+00
-8.900060757402393108e+00	-3.716099153568755309e+00
-1.092071763337412627e+01	-7.626849874237961124e+00
-9.584839066833103161e+00	-1.104771683423197359e+01
-1.174893487240185763e+01	-5.591352228612289643e+00
-7.592430525593285573e+00	-8.613009920005769260e+00
-7.354744400454708675e+00	-8.643298207090650109e+00
-1.170725440335001366e+01	-2.373230391482194612e+00
-4.875229907351757319e+00	-1.178696546086648844e+01
-9.715926006533134540e+00	-6.359807187230407166e+00
-6.958827873229456173e+00	-3.338941340993063278e+00
-5.240182439701945860e+00	-2.965717441625925321e+00
-7.852735852184001608e+00	-1.152625494329172540e+01
-6.751278931413738249e+00	-9.215792533284126620e+00
-1.156357034561754382e+01	-7.507282812798049321e+00
-8.516117922836434317e+00	-1.039671987576239331e+01
-8.937468078724938536e+00	-8.073769711185391884e+00
-5.448156073529004217e+00	-8.306007604908357322e+00
-6.146693423671776735e+00	-9.250209615374517469e+00
-8.887414691587698812e+00	-6.301937727240519038e+00
-1.182822796019978107e+01	-4.099764312628143337e+00
-6.156464126976736395e+00	-6.666643529699475046e+00
-6.523294592692415961e+00	-1.041048174002636983e+01
-9.531603927697236855e+00	-8.029184417397626561e+00
-8.935454101865765608e+00	-1.821331998540207664e+00
-6.135953970502594501e+00	-9.828751755339206753e+00
-9.835456060357854469e+00	-6.377327209849780409e+00
-1.004317761517177843e+01	-7.638294055463148879e+00
-4.935818006022968163e+00	-5.681975224617556997e+00
-1.160761462798385857e+01	-1.162355828377506128e+01
-7.879732908980358275e+00	-5.974645143878606568e+00
-9.515860357436608297e+00	-1.071889926702721496e+01
-8.092813197741179465e+00	-4.496784824371823142e+00
-1.121585389742456229e+01	-2.851533789867186641e+00
-8.334113727880897216e+00	-7.169282423293636519e+00
-6.499180705691263604e+00	-6.064566464303237758e+00
-1.110104855646252275e+01	-5.161257592912505743e+00
-1.044492224601975217e+01	-8.130899254073302274e+00
-1.064051200036400857e+01	-8.776434777788523434e+00
-7.574456613014977968e+00	-6.065337486428260760e+00
-8.358439703579563229e+00	-6.269080965205248823e+00
-1.163010506327402993e+01	-8.440802230885552149e+00
-8.668885821164867167e+00	-9.889466141313530301e+00
-6.791957761149766348e+00	-4.907848652807349055e+00
-1.057908703895162361e+01	-3.809054667738609457e+00
-9.863419768796481080e+00	-6.691921127302899563e+00
-1.012924317847759426e+01	-7.532317831102820271e+00
-6.120909245549397859e+00	-7.895789534260400977e+00
-7.899574137276621499e+00	-6.649690622244345484e+00
-6.596146562762633891e+00	-6.800595657724863408e+00
-1.044145025152823969e+01	-6.921964513902170602e+00
-1.058470735713408217e+01	-1.190654667228218067e+01
-6.128890964865110647e+00	-2.048049537092686556e+00
-1.084779914741972995e+01	-5.180726052716720709e+00
-7.339581880694564298e+00	-9.725815130899276184e+00
-1.079255669958841679e+01	-9.506855420105583931e+00
-8.336927793087108185e+00	-4.725183342619526883e+00
-9.367968749150941576e+00	-7.069065854555779183e+00
-8.643695471697155241e+00	-1.014446245319419582e+01
-9.121632272952817644e+00	-7.707151497964049192e+00
-5.504360590467438641e+00	-1.169171336528216010e+01
-9.956396349438520588e+00	-2.757761568321189571e+00
-6.731999913615780429e+00	-1.014619610839623931e+01
-9.986631889136516449e+00	-9.382205808676234327e+00
-9.056241086939476048e+00	-5.551832468026743683e+00
-1.021114283823677127e+01	-8.240054695456436207e+00
-1.100830435487399761e+01	-8.904669494523179907e+00
-8.960691540308550529e+00	-9.356716551348487343e+00
-1.110195303440217884e+01	-5.425384120913911090e+00
-1.004187107381583033e+01	-5.475641000546834114e+00
-7.093304555789523569e+00	-3.636023983989953301e+00
-5.901799151049441861e+00	-1.195761068582948994e+01
-8.340284306405864712e+00	-4.483047508227054223e+00
-1.181160712341424812e+01	-1.038942941974626777e+01
-9.097564806974732576e+00	-5.102642752101556489e+00
-8.673174586761886573e+00	-9.400123095094926384e+00
-1.005506617418083160e+01	-4.154921811946424626e+00
-6.940137336546184699e+00	-3.972642184133399645e+00
-8.213348318604142051e+00	-9.787753265934357572e+00
-9.812095051733344064e+00	-4.834237506511945170e+00
-8.319589951721354737e+00	-5.095078088510358150e+00
-8.282707069055311067e+00	-3.129497740556045127e+00
-8.973642553985710535e+00	-5.112734176261164443e+00
-7.119327704201527496e+00	-2.577136634018097006e+00
-9.828678985369256438e+00	-1.026431498603962211e+01
-1.029827320730995766e+01	-9.505838680194578671e+00
-9.799936977395779181e+00	-3.542160809104574870e+00
-4.735542650296158840e+00	-1.137613543506120450e+01
-8.193965176170596720e+00	-6.629174733535291963e+00
-5.975815979310302062e+00	-2.555534635420315670e+00
-8.872214298941381472e+00	-9.713592287347982079e+00
-9.767501376753333631e+00	-9.037210985741461755e+00
-7.631077335166350117e+00	-9.394543644567800555e+00
-6.883251544193686122e+00	-3.033039704186284879e+00
-8.916181105332917411e+00	-5.105740301008735216e+00
-1.152252487675942128e+01	-6.070335085387449148e+00
-8.161589046689428528e+00	-9.650542354175817295e+00
-1.066049017573755719e+01	-8.911410881159024910e+00
-1.103154155956243443e+01	-1.094110702201253105e+01
-5.380321780226722694e+00	-4.667994825747860510e+00
-9.936994762601909059e+00	-9.958577152513816699e+00
-1.115097015145141413e+01	-7.424761468793562358e+00
-7.219758302061002553e+00	-7.268668588401124175e+00
-8.710820521227455870e+00	-1.124097863467941494e+01
-1.146295272715550340e+01	-5.105662298550104339e+00
-1.100985317355345749e+01	-8.506920833544622695e+00
-5.017686945247235464e+00	-2.123644744245882343e+00
-1.152069314301772351e+01	-6.687749671363013348e+00
-1.155365147225998612e+01	-1.042329493974548527e+01
-5.413249012978233132e+00	-7.256813420073110699e+00
-7.346082300558541611e+00	-3.675446505132645036e+00
-6.121341857610717696e+00	-3.545108543995993955e+00
-7.810220992310370924e+00	-1.007623693010900112e+01
-7.484292888764898066e+00	-1.070450690780127800e+01
-8.179797787726309721e+00	-1.068507572281581908e+01
-9.782632699539867360e+00	-2.077950660483928846e+00
-1.028186759082872470e+01	-1.042791812872668622e+01
-4.627350590582201662e+00	-9.816217280760307418e+00
-6.270533018107039780e+00	-4.347871867294769821e+00
-7.661298878629435372e+00	-1.069211005516263313e+01
-1.094528688528047944e+01	-9.108803371244944103e+00
-1.096013522846005195e+01	-3.261618104845773303e+00
-7.505731528651864437e+00	-8.997746943889881166e+00
-1.111397916172983535e+01	-2.178701896940366201e+00
-9.924215232835308598e+00	-5.134422513233571017e+00
-6.995107410504139978e+00	-6.361688104126660193e+00
-8.899076173061022388e+00	-3.140793238866455894e+00
-1.028267582100887623e+01	-1.098607358149087787e+01
-1.057783020075110159e+01	-1.146724995014936077e+01
-9.906065823504201617e+00	-4.197522750085356691e+00
-5.682092588125197352e+00	-7.992040542782610224e+00
-5.566218005328030571e+00	-2.575278882988839335e+00
-1.061260077619033027e+01	-5.778340015907209803e+00
-1.034968202725937658e+01	-4.363796098591120831e+00
-7.060924517635053022e+00	-3.875186001750624776e+00
-6.731203677215662040e+00	-1.636018681751119308e+00
-6.138748663003323003e+00	-4.389143941964388951e+00
-5.013889648852114966e+00	-8.702520204835686002e+00
-1.124944225508328621e+01	-6.802895503935038057e+00
-1.044894213011000517e+01	-5.529751423940587607e+00
-1.114178667827478009e+01	-1.082816786027593992e+01
-8.827033135134106701e+00	-1.170693891989699154e+01
-7.333561434834957815e+00	-8.587836844519413759e+00
-5.152631318019182061e+00	-1.176193204824662253e+01
-1.051825677233002487e+01	-4.947712691400903751e+00
-7.925187717947008714e+00	-9.707088814406837685e+00
-1.120294547650727779e+01	-8.935574381023098312e+00
-7.096816463980563761e+00	-9.275250797793148649e+00
-6.033478208559265532e+00	-3.499981924425537461e+00
-7.611010956400438232e+00	-3.485425013893873381e+00
-6.344150669288119992e+00	-5.551597417001631563e+00
-7.098171975667375122e+00	-2.565253429116329809e+00
-1.019195514667725710e+01	-6.583480847553084381e+00
-8.839190559195932551e+00	-4.064769102342554952e+00
-8.423447712892217609e+00	-8.435857942204659565e+00
-1.053364807406557446e+01	-9.337361991064032196e+00
-9.399105386708592746e+00	-1.141115816577717901e+01
-6.150044811200013228e+00	-9.623236246593144472e+00
-8.086072867132131137e+00	-2.566113539493393603e+00
-5.222639743228443265e+00	-2.778678929925208152e+00
-1.109474175372345606e+01	-8.563473513024732142e+00
-7.100234058399934156e+00	-2.567695909688025413e+00
-1.136097358089979004e+01	-9.949644258060828861e+00
-4.984206104656378145e+00	-7.559804375488925920e+00
-6.449949462918156406e+00	-7.869901725228634959e+00
-1.138178243999112382e+01	-5.053251101698883474e+00
-8.215974596154968168e+00	-1.662409073072413035e+00
-7.549579855448198984e+00	-3.295860743392963421e+00
-1.002117844692464210e+01	-1.137327012044104002e+01
-1.086989727555197582e+01	-8.108066670279960420e+00
-8.271023543310429105e+00	-1.122678699112262279e+01
-9.303219625241595736e+00	-6.395012530300158815e+00
-6.883475150412385446e+00	-5.127795122672694994e+00
-5.676010135378803056e+00	-3.895265029121456113e+00
-8.985405761116027179e+00	-6.801465001703861368e+00
-8.713776977105405663e+00	-8.342963375412502103e+00
-1.084548784326628379e+01	-9.799153775035115643e+00
-9.466717228430987063e+00	-4.992999039963471830e+00
-8.153612920931029961e+00	-3.466140124922039600e+00
-1.060989231126864851e+01	-1.047277788374401730e+01
-5.838624885067040360e+00	-6.155619285712926825e+00
-9.686067568139376860e+00	-6.216922398736198119e+00
-8.848406685261451798e+00	-7.143862028776755579e+00
-7.217371015984065608e+00	-4.300451058082286337e+00
-1.126036698009082215e+01	-9.820242009977976139e+00
-1.108490103448603037e+01	-9.816796413133229038e+00
-7.739402561346701681e+00	-6.148434473930154631e+00
-1.192509917130207775e+01	-8.876987089979570200e+00
-9.557234129906550635e+00	-1.188711723430665401e+01
-5.885948738687610593e+00	-7.353086170190072934e+00
-8.957646490990033072e+00	-8.033930799258433453e+00
-5.727016983673271611e+00	-1.032629797938116312e+01
-1.067603292548718308e+01	-2.610888431008012045e+00
-5.414923340797674456e+00	-7.523939693745234969e+00
-9.771684149763130378e+00	-2.555025694529573066e+00
-1.147529434041079632e+01	-3.852869264879703159e+00
-5.383228551862529798e+00	-5.722138412603777091e+00
-1.054271060346038880e+01	-9.983306332120037041e+00
-5.347090418684970814e+00	-6.850622839238566186e+00
-7.124510648644160504e+00	-1.814563160472126624e+00
-9.382714968459652027e+00	-3.884115409722868506e+00
-7.494428281097905931e+00	-1.112175341103609760e+01
-9.786641334283061155e+00	-4.763790572122750255e+00
-8.481171151850022127e+00	-8.200508181010125242e+00
-4.996273974472054569e+00	-8.815704815683478301e+00
-6.002726503474393738e+00	-1.057973969896442945e+01
-5.208458997479224806e+00	-7.370869944279386132e+00
-4.457119841154771223e+00	-9.316485082648165772e+00
-1.058524853269092780e+01	-1.094677172179011571e+01
-7.947055582750307323e+00	-9.672100661242120978e+00
-7.165378650005283845e+00	-1.098655260115322996e+01
-9.305156635103463358e+00	-3.661605750294866013e+00
-9.772880419637699489e+00	-8.654247686683509855e+00
-7.406124102905523365e+00	-4.797598270288252031e+00
-6.207035655460180656e+00	-2.615721016088872197e+00
-1.084145989041642366e+01	-5.407847155280872009e+00
-5.494836578886079792e+00	-6.858806245626350773e+00
-9.441690892284478664e+00	-8.686481451987496882e+00
-7.319989062771998789e+00	-2.572025530173239094e+00
-8.103198418979774331e+00	-8.170765433882964501e+00
-1.039559733577864442e+01	-4.772566734624090756e+00
-4.995628651564471667e+00	-1.524557873436235500e+00
-5.413640546114011798e+00	-1.129626862892371975e+01
-1.155952206613970645e+01	-4.106523358053554951e+00
-7.777430351826055244e+00	-7.812386029883204408e+00
-5.269704828851348388e+00	-1.096179859927318567e+01
-1.003981600688591946e+01	-1.148118365205744418e+01
-4.710917606750333775e+00	-2.545856789787975138e+00
-8.937960596861055151e+00	-7.588169806956720720e+00
-1.170447468026440774e+01	-8.718770015921421646e+00
-9.531806945370638218e+00	-2.849521350124768926e+00
-6.493496863238545025e+00	-2.089050858757163009e+00
-1.116583630233012059e+01	-2.012904457493752908e+00
-9.979589340561609845e+00	-5.529227295766396821e+00
-4.967265090662901450e+00	-9.793512287431191510e+00
-6.576717829236485180e+00	-9.624748834984684365e+00
-6.748907581196331940e+00	-3.555807125008964231e+00
-7.868889274165481673e+00	-8.100190935785809287e+00
-5.432509365884280683e+00	-3.004479272399493528e+00
-6.817811476711350238e+00	-2.009982568176840623e+00
-7.107465437907956485e+00	-5.817855521872978386e+00
-1.020970542942215786e+01	-5.805158487265586587e+00
-1.030231845427740822e+01	-9.388650066310619380e+00
-8.321757633369339047e+00	-1.001309920064251457e+01
-6.857716845681803619e+00	-4.097436026924153651e+00
-1.149677068085837917e+01	-8.737824024856715610e+00
-8.517824828911729540e+00	-4.252861770561692012e+00
-1.105151903705591998e+01	-7.292940000641695342e+00
-1.021339427508664599e+01	-2.629202156341762020e+00
-9.750401233314068605e+00	-3.586146673649487582e+00
-6.825701417064230725e+00	-3.450492409621704226e+00
-1.160498417842838670e+01	-7.802060620692373938e+00
-5.534900972995587587e+00	-2.775192474234231543e+00
-7.913285454770249139e+00	-8.633655118485172864e+00
-9.691643294031512923e+00	-5.781715011411703742e+00
-7.339208380953410327e+00	-1.185032471671063625e+01
-1.152710152416066336e+01	-3.600333364424184612e+00
-9.133768095339936721e+00	-1.750828458626534800e+00
-1.021558711441697298e+01	-6.529788812450463276e+00
-1.062492894778053021e+01	-2.481100936168260773e+00
-1.008790575417162394e+01	-8.094164149395743024e+00
-9.844124431654975638e+00	-1.972334983018678045e+00
-1.152534935359945223e+01	-3.853812665713960861e+00
-1.050569768995278963e+01	-6.826553426615354248e+00
-6.445209460488031894e+00	-4.216465466303525034e+00
-9.760392694503440936e+00	-2.862303413481292136e+00
-1.096832190903563742e+01	-6.043801593170792685e+00
-1.024280211580281907e+01	-7.284432082332763514e+00
-1.000217882600713537e+01	-1.157186654068347487e+01
-1.121833530702291881e+01	-8.323043116565841615e+00
-6.170308925439248249e+00	-9.842565396375549724e+00
-9.940882839552141803e+00	-1.188423707120420936e+01
-5.162036467111636995e+00	-4.047580262260110473e+00
-9.725983365934098401e+00	-2.167524114484952413e+00
-1.195754434199175265e+01	-9.159256719685966885e+00
-8.234359559860116917e+00	-8.568800227264299352e+00
-7.566642926317423523e+00	-4.576202531195713519e+00
-6.793250262160446695e+00	-9.190467041293878481e+00
-7.717562736802213941e+00	-6.277468595932658602e+00
-6.227364560863060561e+00	-6.552159072915381799e+00
-1.177573051449771668e+01	-4.701817044997275374e+00
-1.009778702332778622e+01	-3.856199006792786044e+00
-9.781720462123196569e+00	-1.150249160426834294e+01
-8.962428914524881662e+00	-1.031693064196013054e+01
-1.001868267172001836e+01	-5.669617254653074312e+00
-9.888018662319955965e+00	-3.354428791974033430e+00
-8.627949258188778003e+00	-6.194827533642365047e+00
-1.033019711973429722e+01	-9.343584063003422813e+00
-6.099430548936689789e+00	-6.152647469337783726e+00
-4.958390454889874732e+00	-9.102589457996659306e+00
-6.656114331610119450e+00	-1.935452456281898659e+00
-7.566194579623010341e+00	-7.313325636123973794e+00
-7.603807168746095080e+00	-4.788243329525152525e+00
-7.166342697040041010e+00	-3.013521382319615860e+00
-1.160614831645758649e+01	-9.007182547630330660e+00
-1.032785847414134572e+01	-5.757101723849422648e+00
-1.126722391965926207e+01	-6.137723311638962009e+00
-5.785020757345916920e+00	-9.324459162955580638e+00
-1.101731114535139611e+01	-6.974281950165203803e+00
-9.187371915419070945e+00	-7.533376203084832134e+00
-6.084633365914594805e+00	-9.559198789437614252e+00
-8.748546795094355844e+00	-9.039970253604280970e+00
-1.159425970925143901e+01	-4.421958075305615132e+00
-1.011744550567967060e+01	-2.595158997032566806e+00
-4.797512812078905675e+00	-1.147144167028134731e+01
-1.067673098263095177e+01	-5.950186668333053319e+00
-1.009310111225182993e+01	-6.990719312347927428e+00
-9.403827001063570279e+00	-1.163828758458088508e+01
-1.061006702866079010e+01	-1.032584894281409937e+01
-1.014431583751015786e+01	-8.653202530104950441e+00
-5.114586851352401986e+00	-1.022088157577552714e+01
-1.075137385031711901e+01	-2.237028740021799855e+00
-8.891265937158644661e+00	-7.271140590021547112e+00
-7.780224865228675846e+00	-2.955055637726450968e+00
-5.488870531838121458e+00	-6.585607407738179653e+00
-5.520561656298650810e+00	-9.617009579672259889e+00
-9.882772587171951173e+00	-4.379269006002563636e+00
-9.507931133562665948e+00	-5.773437335575555274e+00
-7.627095685153648219e+00	-9.116010944221143220e+00
-6.654066814326808910e+00	-6.360449980961543126e+00
-7.144406399992699441e+00	-5.333406496643340766e+00
-7.155918689255767795e+00	-5.566060560543540703e+00
-9.012092772832703602e+00	-9.261838821867335980e+00
-9.289300701990510944e+00	-3.055650642239187142e+00
-7.009396640405348045e+00	-6.752456966642390590e+00
-1.009428624068730684e+01	-8.029457390107856085e+00
-1.193813837279673962e+01	-5.858788938242216027e+00
-8.225409419896093866e+00	-2.285992364295634349e+00
-6.707875076099689693e+00	-1.043101508786558362e+01
-5.420693170055749910e+00	-7.993864407158804752e+00
-7.046685789902688235e+00	-8.567693793028922755e+00
-1.105852665229643783e+01	-1.768237798921257653e+00
-5.793929418544585985e+00	-4.639377909919228493e+00
-9.266561372549704245e+00	-1.032290455660570494e+01
-8.004858592001637518e+00	-1.071401998034208702e+01
-9.414878413861005768e+00	-5.116784736677031376e+00
-1.186548713950113587e+01	-6.922861460783751753e+00
-6.535191416879073678e+00	-1.104880833962268127e+01
-9.093825776180187503e+00	-1.181606208928278257e+01
-6.510773952403956955e+00	-2.061126009962683359e+00
-7.258693318187646959e+00	-9.276233162527297793e+00
-7.755708084669536539e+00	-9.987449531945220116e+00
-7.447280360368869090e+00	-3.466022300913956578e+00
-1.028021153433220469e+01	-3.340253926573180099e+00
-1.115400944358529323e+01	-6.736989787595433654e+00
-1.006107770598579521e+01	-8.847955228230638625e+00
-7.508042445024927680e+00	-8.655668578311706440e+00
-7.430646531112784281e+00	-8.937638642613379147e+00
-6.375474267344714008e+00	-4.928248185354100031e+00
-7.417782529292248128e+00	-8.141530579228074771e+00
-5.774651837880893979e+00	-8.079319713082201204e+00
-8.595077110999730152e+00	-3.230100115855181198e+00
-1.033918617727794320e+01	-7.081190544885563654e+00
-8.585188082028301082e+00	-6.196086692388026229e+00
-1.090041799115690679e+01	-8.112352718653266237e+00
-1.117241294009976471e+01	-3.677648209235885091e+00
-1.061650107267116283e+01	-2.463597684960051382e+00
-1.152143130231906554e+01	-4.277141393629107391e+00
-7.030114900162400815e+00	-2.622212693989138810e+00
-5.305451743430018574e+00	-3.280115334113359982e+00
-9.693533319980225826e+00	-1.167911506287686052e+01
-9.061485630176802530e+00	-8.686899533197635748e+00
-1.106709369839266444e+01	-7.343660277893627075e+00
-7.095614380066037619e+00	-1.116178809720117115e+01
-5.266755454636287581e+00	-7.451548990204065248e+00
-8.379708567011633136e+00	-7.489585752279207753e+00
-9.318127790422199297e+00	-7.317432861433786684e+00
-7.585104748116868301e+00	-5.680555144105586152e+00
-8.067102809131865726e+00	-9.701508273685385930e+00
-5.593735483337598957e+00	-3.130668538187305838e+00
-9.669641321618422936e+00	-1.167492613532734680e+01
-1.112692833053258568e+01	-8.924968487651140592e+00
-7.781220118649196493e+00	-1.105991134129250675e+01
-6.941529852275433399e+00	-1.098158262416427000e+01
-6.734325723533476804e+00	-1.059647305163560027e+01
-8.951738222983571802e+00	-5.390027289138293654e+00
-8.299734458035052498e+00	-6.403410895527511748e+00
-7.452549267745191663e+00	-8.758224542099995347e+00
-5.525926102774111115e+00	-6.565118690056434225e+00
-1.088916755245531931e+01	-5.795135155733306398e+00
-6.782992558353599932e+00	-4.527785879877557207e+00
-1.107683106327917244e+01	-1.157971319210819416e+01
-1.147349540571071458e+01	-7.459810067704859549e+00
-9.084737294261007179e+00	-4.246423712658613958e+00
-7.067139963025473648e+00	-5.673779685973762810e+00
-6.813825916219315104e+00	-1.096256232190091850e+01
-1.046472774951659801e+01	-9.161002189472222668e+00
-6.708487147430913566e+00	-2.375692430823042045e+00
-1.140075326676865508e+01	-7.539561986021163342e+00
-6.654485771389244242e+00	-3.519304881535048946e+00
-9.924824069681859484e+00	-8.149939897293705826e+00
-9.522933472172118385e+00	-5.763956263360971555e+00
-7.544680963852864686e+00	-1.164915240647050076e+01
-5.567834398119044792e+00	-2.577452371338406323e+00
-8.980655793295746037e+00	-3.514697578806576406e+00
-6.371180550102020668e+00	-7.897620202143865065e+00
-1.012328999186625111e+01	-1.639825322265481944e+00
-1.048574132625771327e+01	-6.475383664252102101e+00
-8.359607851210789420e+00	-9.191805030225895123e+00
-8.243783534815015912e+00	-9.114287955501094274e+00
-5.134170039710324041e+00	-8.024222555147124680e+00
-7.985515710621860386e+00	-1.096961549772390399e+01
-5.837071476388454805e+00	-8.707710376507757033e+00
-8.250749345810826085e+00	-8.804400866359978650e+00
-8.877931789133299390e+00	-2.022102894533355677e+00
-1.118026192121836893e+01	-7.308258181578820789e+00
-9.743484496017693175e+00	-8.815789027951383972e+00
-7.435312855551358346e+00	-4.624850282955676128e+00
-8.048628789356293112e+00	-9.808389164059795107e+00
-6.350662417196456744e+00	-4.940982419081731081e+00
-5.772238220834140954e+00	-8.583228774346075340e+00
-7.672202781263836258e+00	-1.106813426264204914e+01
-5.512073493196285590e+00	-2.982662580686725740e+00
-7.549556342218359362e+00	-3.060228936644799891e+00
-7.418035102512898327e+00	-6.755493711819687164e+00
-8.139306558950922366e+00	-3.541020380181186145e+00
-9.745820777990687134e+00	-4.260544713479504253e+00
-7.979343279306826631e+00	-3.295865559476136131e+00
-8.242288120400756313e+00	-1.142177086191419200e+01
-7.627516590615714520e+00	-2.938474629016534223e+00
-5.340822520831890685e+00	-9.618813943448405013e+00
-1.131163688550846480e+01	-2.948808939154387687e+00
-1.060013421004167000e+01	-4.630293453542535076e+00
-8.683144227049943709e+00	-6.570654089099702944e+00
-1.137145380637344338e+01	-8.538147389481800076e+00
-7.162404612379958735e+00	-6.064579440601050031e+00
-6.756506183893995932e+00	-5.765667732477243845e+00
-9.012731749033168427e+00	-1.664357458662458100e+00
-5.690212617900228587e+00	-4.991121937626930460e+00
-9.869165588377734721e+00	-7.021938641087562161e+00
-7.152377260766209055e+00	-9.708164223738066312e+00
-8.197129358503675078e+00	-2.887328925886808229e+00
-1.112412333412683729e+01	-9.581818945905586915e+00
-5.022408611104555831e+00	-3.377558063463578009e+00
-8.469981164264524409e+00	-4.674894261325857947e+00
-1.128735022887306272e+01	-1.007337837597652808e+01
-8.544889639601160880e+00	-7.078080809138716845e+00
-1.175398597229957076e+01	-1.186139181377304297e+01
-1.038574066580399169e+01	-8.512052530953926777e+00
-4.681642092832427160e+00	-8.700466658384005569e+00
-9.767092536194668995e+00	-7.337383543906356387e+00
-1.103590477246063628e+01	-3.426271133181856943e+00
-5.724369164625964679e+00	-2.312569090888461965e+00
-7.043206855709915892e+00	-8.519765757665986428e+00
-8.961361973229088562e+00	-5.594403915452237364e+00
-9.169001002499854280e+00	-1.052468377748481920e+01
-6.785612591859042197e+00	-3.512870543086486386e+00
-8.101928337377582778e+00	-1.093399594223164328e+01
-1.140840250721613103e+01	-3.711491595323437309e+00
-5.811444112389931860e+00	-5.885819456660657423e+00
-9.011196575867709058e+00	-5.651399723238350603e+00
-9.233513196022778757e+00	-6.442231904947910870e+00
-9.754565047574022429e+00	-9.332704876325580656e+00
-1.041092291317151819e+01	-4.180559899029325344e+00
-1.138235269032984931e+01	-2.975201663718242351e+00
-5.435420092742218934e+00	-8.720252218984487769e+00
-8.700431705312059449e+00	-6.443958517358270299e+00
-6.848096494144613189e+00	-6.209858774553128846e+00
-7.074736139242031818e+00	-4.359415274937424201e+00
-7.041178526591261644e+00	-4.552677358737525992e+00
-1.135390798049403394e+01	-5.096123379874863524e+00
-1.148201854194608273e+01	-1.106458656038428146e+01
-6.188142646558870474e+00	-1.196395765765301356e+01
-9.759041098484022569e+00	-1.082943922370683154e+01
-4.876419057819805225e+00	-4.450622129668434290e+00
-7.895878665567765076e+00	-1.163078479224437523e+01
-1.056505324008475988e+01	-1.057341474696234052e+01
-8.790227616270252398e+00	-6.283900919290231535e+00
-1.020528334627008604e+01	-4.789964254881656558e+00
-5.793007747558533538e+00	-1.730980366872948650e+00
-9.978246646400332764e+00	-4.733184073150834337e+00
-1.149671336626302498e+01	-7.267184737106937575e+00
-8.848045024979528606e+00	-4.170503054425780398e+00
-1.035344789580641134e+01	-5.187689847672951160e+00
-9.398285216919287421e+00	-6.670704449780464174e+00
-1.040615700246230269e+01	-1.967164139899577835e+00
-7.241766008207634719e+00	-2.810762913290484999e+00
-1.199259011494203797e+01	-3.150133426690613803e+00
-6.168320327500810940e+00	-9.963185641560912131e+00
-5.500728434485478324e+00	-7.746848327403060175e+00
-1.173255320760595843e+01	-1.105727094615689232e+01
-9.211328727535855521e+00	-8.468304969882771260e+00
-1.111631901709079706e+01	-4.849254241531649079e+00
-8.525303829590432869e+00	-6.047028836046249189e+00
-8.310558637694869688e+00	-5.870101052375279238e+00
-1.093543964897893872e+01	-2.388442276856029611e+00
-1.138411296832217623e+01	-1.067704782653220441e+01
-1.132626415473277426e+01	-9.197685512526417639e+00
-6.752923936431984409e+00	-9.032926504173964588e+00
-8.046451999904332908e+00	-6.869867388879119297e+00
-1.013244406010631593e+01	-6.415177539117284944e+00
-1.153999394303616555e+01	-8.522653452848764744e+00
-1.071385832431472807e+01	-3.026731224515020191e+00
-8.452488941996620042e+00	-2.457823146693550065e+00
-7.265192734932423235e+00	-9.200399727416284534e+00
-8.012910847403842851e+00	-5.348750397280465307e+00
-6.186408863611230657e+00	-7.213489650098638961e+00
-8.074420414832898629e+00	-3.158458024265721420e+00
-6.187122102662410583e+00	-7.261074083259764222e+00
-6.084668809003582091e+00	-4.353632557038426221e+00
-1.095404964661022973e+01	-6.499223329653844416e+00
-1.185583410735308796e+01	-5.988452105637820821e+00
-8.346777399782100204e+00	-4.162663181391759615e+00
-1.139785406666703338e+01	-3.720481133977471710e+00
-5.540463273893871943e+00	-7.461116496340479465e+00
-1.055767655329102617e+01	-9.538098715806055949e+00
-5.607445679540922434e+00	-1.121794407494038381e+01
-1.109632991793885637e+01	-1.128779192025978340e+01
-7.219881604000435438e+00	-3.733657938202002313e+00
-6.988604931639186724e+00	-1.180476751216964360e+01
-6.508354208375099148e+00	-8.241776326771237393e+00
-5.689668978124860388e+00	-7.162395066697536450e+00
-9.789897744084580467e+00	-1.192640082093434728e+01
-9.393237345238411251e+00	-7.314906318961470255e+00
-4.712477900598869951e+00	-6.533013366184429849e+00
-1.182572540772746628e+01	-3.434232682343958398e+00
-6.758994183710496095e+00	-1.164615851307370420e+01
-9.401522518802188699e+00	-3.829321641062438886e+00
-8.212765781096345918e+00	-6.474216201999807296e+00
-8.524428047118854934e+00	-1.057621880081555510e+01
-6.552109162392119934e+00	-9.282207333954991313e+00
-6.779746150491362755e+00	-1.055617747919018257e+01
-5.450687452984960935e+00	-3.883133578165141042e+00
-1.143808654941716085e+01	-6.535658145242306816e+00
-1.153994164029635350e+01	-4.134654075845792143e+00
-9.165084703326817461e+00	-1.085569575741361525e+01
-6.456060074972287843e+00	-9.941773287545979443e+00
-1.157266251853399552e+01	-6.384399594754887275e+00
-1.119716044283063994e+01	-1.821363761403993031e+00
-5.972879273053235849e+00	-9.124425209268276049e+00
-6.231111407449538397e+00	-7.900343158440048974e+00
-1.057995314901823924e+01	-4.587077688116091068e+00
-6.706911069949520687e+00	-1.106834731894068824e+01
-9.489183287070133588e+00	-9.582710814363844420e+00
-9.385845682702912640e+00	-1.922914382112126619e+00
-5.979681858811499495e+00	-1.001020415609472813e+01
-1.168852003937394990e+01	-1.049873625659135712e+01
-1.042694757723735144e+01	-9.891461529309275136e+00
-7.203937176158518696e+00	-9.785873700740669534e+00
-9.785696779455470562e+00	-2.294415277503160766e+00
-1.151172331216298161e+01	-7.468553097188864065e+00
-1.125157837031918540e+01	-2.714111103326884322e+00
-8.205817526007981755e+00	-2.823073392255346370e+00
-1.114567470280668182e+01	-1.909031075499802554e+00
-8.933093431759335346e+00	-1.082661558006742197e+01
-1.016442434698290853e+01	-7.162257673888838383e+00
-1.018333715015542751e+01	-1.194054319263315378e+01
-6.936327085751169186e+00	-8.844640337967900834e+00
-5.896148848388886421e+00	-8.806597527050389118e+00
-8.817692961379167471e+00	-8.068476293819287548e+00
-5.646232454825965696e+00	-3.575846950055192153e+00
-9.873776509774708998e+00	-3.075443930019083005e+00
-7.308094048635854989e+00	-2.814657677377826239e+00
-5.819897972059370872e+00	-4.795015709354609079e+00
-1.175953333148408042e+01	-7.935333469633730097e+00
-5.975369161848266941e+00	-2.402575764547486781e+00
-1.134100033113704420e+01	-4.930755768381067661e+00
-5.914021243672991979e+00	-1.032891709430583660e+01
-7.929378665072821519e+00	-1.659301610092349444e+00
-1.170278480828300260e+01	-8.835967259229921211e+00
-8.203634185871814921e+00	-9.532029382063880618e+00
-1.088064002186323620e+01	-6.127475309963840822e+00
-8.260452206560012556e+00	-2.568440551177061160e+00
-9.404922669542310487e+00	-1.175836439230383768e+01
-9.897505334997443782e+00	-5.715446795777801015e+00
-8.185014554847160895e+00	-3.467910397888523732e+00
-1.183023366119047637e+01	-1.175630299421909974e+01
-1.046091798913882975e+01	-7.043926861187651767e+00
-9.153382145693051086e+00	-5.649727911739065966e+00
-1.075771938802038896e+01	-2.106659678948904268e+00
-1.071964418638399330e+01	-1.189282858428252787e+01
-7.924297599745589338e+00	-5.696585805177112327e+00
-1.133368180660395375e+01	-4.196458651213737845e+00
-1.087128467035006274e+01	-7.377448102351839232e+00
-1.020272795733457905e+01	-8.731933214000235921e+00
-7.719610650616747449e+00	-4.937514559428956673e+00
-9.608341104238013131e+00	-9.978671279233028102e+00
-9.024299905515798415e+00	-7.974714223133102742e+00
-1.029990000527588379e+01	-8.247480938487866453e+00
-8.506930714651430137e+00	-1.053342521093894213e+01
-8.682721774733591857e+00	-6.373613381280799572e+00
-7.851807178891270667e+00	-4.875064498095686538e+00
-1.143671440234128411e+01	-4.550283518940266170e+00
-7.231231330154164638e+00	-5.714811324493617839e+00
-5.512997300882497065e+00	-7.881917054247375987e+00
-5.344194273717961963e+00	-2.968795930257563942e+00
-7.327335145428889973e+00	-1.004275653134148527e+01
-1.006518061477101433e+01	-1.093184123719527179e+01
-4.785123074165556822e+00	-6.017045829525974554e+00
-6.804239061155378465e+00	-3.976668747533634640e+00
-5.555269153023790984e+00	-4.705936812619832210e+00
-5.304880468092902923e+00	-3.202017986419318341e+00
-1.071851947361330915e+01	-5.729620274829036575e+00
-1.069028833986453897e+01	-1.127849400949145142e+01
-7.925359100753514241e+00	-9.403290598961117297e+00
-5.054232821005023801e+00	-9.238992631953889756e+00
-7.114104423980314174e+00	-3.380251255330452675e+00
-9.165050544276185818e+00	-7.810832989861730802e+00
-1.105455143990889866e+01	-3.093226522457314775e+00
-7.418880414188812722e+00	-5.841031202977076120e+00
-7.739847438429551474e+00	-2.955390580626886532e+00
-9.090388691486586126e+00	-8.597093337104189104e+00
-1.059783956450314868e+01	-1.630546669549108429e+00
-7.467601577905258914e+00	-3.677778164868882982e+00
-1.015369740886043992e+01	-9.007179388261194575e+00
-1.098343545114540554e+01	-5.770474369745735466e+00
-5.619294099040597068e+00	-1.193171745858295019e+01
-1.195593578631746112e+01	-7.602775443323042559e+00
-6.397849423145555825e+00	-5.218964677241545225e+00
-9.088926344239135702e+00	-7.884384788999853733e+00
-6.171279526760456768e+00	-5.051763168134278281e+00
-1.032304633024760498e+01	-1.128794536382700997e+01
-6.968660952478056281e+00	-4.720200258302265084e+00
-1.000215576346394464e+01	-7.534371336764401406e+00
-9.431722102274957109e+00	-6.829076207263030440e+00
-1.050700638243697327e+01	-9.683840518916900564e+00
-8.903040698161127864e+00	-3.521418452264779120e+00
-1.164617356463725528e+01	-8.652131574506325862e+00
-5.663671434438169783e+00	-6.542648788808264726e+00
-9.710011890451157868e+00	-1.066376525499292072e+01
-5.209178166110623565e+00	-4.511883688222116717e+00
-1.029001325642351894e+01	-4.883150598573429590e+00
-9.070161370173073223e+00	-5.708531362506938045e+00
-7.711326487811334118e+00	-4.430178585594686247e+00
-6.091206223547197318e+00	-1.111225693572518480e+01
-5.816899789746032390e+00	-1.102202419239350917e+01
-9.478371488925448674e+00	-1.028359742215418571e+01
-7.919474930410721925e+00	-1.803013276637990492e+00
-1.118825850115200637e+01	-1.101155613707456915e+01
-8.740335950980497870e+00	-4.602084708253385337e+00
-8.688703149129858971e+00	-6.050159573036501648e+00
-1.028517817984856464e+01	-3.295931974406138831e+00
-7.361193109348142194e+00	-9.399689161448000263e+00
-8.172675459981876500e+00	-4.747175271945422104e+00
-1.127376642468158963e+01	-7.246436095289268131e+00
-1.061449200137990800e+01	-1.178232281112400059e+01
-9.969564106044861873e+00	-4.820672494158104726e+00
-7.377008772372340317e+00	-3.855445418627486909e+00
-5.705016245715655465e+00	-9.602282962939366229e+00
-5.089279898223961318e+00	-1.135568687786317810e+01
-8.541319158874358664e+00	-1.007104795374135442e+01
-6.482869266625347571e+00	-1.800275661217532575e+00
-1.076460228956488763e+01	-5.132683846512488657e+00
-9.002854700836255830e+00	-6.800193057419090081e+00
-6.237285936895380800e+00	-3.085084450551003332e+00
-9.843990477119067606e+00	-4.077035538974966400e+00
-8.182186444891259569e+00	-6.002650639128981780e+00
-5.994978869238751784e+00	-3.972094977814694783e+00
-5.456936094226779943e+00	-2.843289970446071901e+00
-6.758396133331792122e+00	-8.233600182436656922e+00
-1.113078380771290732e+01	-9.533287475450428872e+00
-1.108934526535626652e+01	-8.669795825139093637e+00
-1.103339086031587790e+01	-8.150379839160144968e+00
-9.558132218075192199e+00	-9.253223405158284010e+00
-1.079596567730613010e+01	-6.655127100915478877e+00
-6.573099161990795025e+00	-1.670071883377739486e+00
-6.636801885953533819e+00	-1.027213581495888661e+01
-1.112899389743206946e+01	-2.680618134447279033e+00
-1.152501054323173335e+01	-7.020429091647903519e+00
-9.611766624913112622e+00	-5.540721382523400962e+00
-1.065045203188057421e+01	-1.022940404982381501e+01
-1.099951237268273374e+01	-8.587049530573503731e+00
-9.755703536286109312e+00	-1.006543407487620101e+01
-6.505739626848858315e+00	-6.693371967367378161e+00
-9.597218431754898305e+00	-1.122279426308125494e+01
-1.166935535933107992e+01	-9.985341971522759152e+00
-8.092568038264055019e+00	-2.880292128851462685e+00
-1.008192035314030299e+01	-9.494200589508640320e+00
-5.765920930962554536e+00	-6.069469718832944061e+00
-5.708395906550182808e+00	-6.563472155525579943e+00
-1.072182407126573089e+01	-1.023925815650126481e+01
-6.575004071857498467e+00	-8.306001040461563178e+00
-6.533540744839898551e+00	-1.108328620042872359e+01
-8.422341728808484973e+00	-6.267061923756911845e+00
-5.115950590134963782e+00	-9.686505603216035709e+00
-7.738824889301022303e+00	-3.823048010999406277e+00
-7.771199988243248313e+00	-2.219901948658558943e+00
-8.602767919821843634e+00	-7.823944842754026574e+00
-1.144553510727818235e+01	-3.307865284039779752e+00
-1.119104747856679793e+01	-3.267283334034502218e+00
-6.912361599206121809e+00	-1.854084535835639480e+00
-5.720500865544360103e+00	-7.551420488146849408e+00
-8.583221283479755215e+00	-6.852123418417999545e+00
-9.531133110920762874e+00	-9.665001451444929614e+00
-1.083998353352468413e+01	-4.604188376793965531e+00
-7.773285146601912388e+00	-3.312854250967429248e+00
-6.491475826121531512e+00	-1.077235771362641437e+01
-1.101083696124478628e+01	-6.696286549179148118e+00
-7.224031291632399210e+00	-7.333315598720685280e+00
-5.259495903713226284e+00	-6.171374876538370025e+00
-5.489536569317393422e+00	-8.751606148303686439e+00
-7.493704031014921441e+00	-9.829494423091510669e+00
-9.430601176129277619e+00	-3.432939499231466129e+00
-1.176351122672449812e+01	-4.403519513540477881e+00
-8.236867341055292613e+00	-1.197192875069693763e+01
-1.002481448960141819e+01	-5.187250627941375924e+00
-9.082713658318377625e+00	-1.775581486099936823e+00
-1.162540198657825563e+01	-9.548762394274794119e+00
-8.776132852363893733e+00	-1.996209891489155730e+00
-1.020657614616650299e+01	-3.480388825821753684e+00
-5.497906184032278709e+00	-2.938569657456790996e+00
-8.815560631408752457e+00	-4.510134850776899462e+00
-8.855520046226548203e+00	-1.059763973915657864e+01
-1.076372754151976885e+01	-4.354879690170775142e+00
-1.124861095105681308e+01	-4.966132620742742532e+00
-8.429043833990565560e+00	-4.678884199514890874e+00
-9.262795680793363573e+00	-2.678498479445655001e+00
-8.696628072078437910e+00	-4.310519923646321416e+00
-9.495348972463595771e+00	-6.120266238179856266e+00
-1.151548613938559207e+01	-9.630575557583979318e+00
-7.369991679584280142e+00	-1.042265603340177549e+01
-5.725826107995508174e+00	-6.709246656182457968e+00
-1.026733351901513203e+01	-7.052706155964724388e+00
-1.143867393571747471e+01	-1.101866244685544238e+01
-7.712071860593128214e+00	-5.938605803342934308e+00
-4.730795957750527414e+00	-3.110068684565360453e+00
-9.458422148153745823e+00	-3.252596877869235570e+00
-1.101430925173600173e+01	-4.071439676997898438e+00
-9.270248092155105368e+00	-6.515662130886096470e+00
-9.221409966064019414e+00	-4.667190628131960395e+00
-6.722335531428506705e+00	-4.235980030507550786e+00
-5.031848996478827551e+00	-5.155293382529997359e+00
-8.300122704084424541e+00	-3.733666575298070445e+00
-8.174928035905711710e+00	-6.374348386877726647e+00
-6.424306036252904306e+00	-3.932045734246932156e+00
-8.006793843673454703e+00	-1.001745876784764988e+01
-8.393283443321625015e+00	-4.234651962647894230e+00
-4.834017138738587072e+00	-1.045005835536089123e+01
-8.075258589646900020e+00	-4.877283679693407592e+00
-6.067568421907562737e+00	-8.944532111550097753e+00
-7.682066700927277836e+00	-2.953205053151152892e+00
-1.088991396507499232e+01	-2.186819024621488694e+00
-7.631099294003655942e+00	-2.289875875960374341e+00
-1.035273689460104407e+01	-7.823141117220906438e+00
-9.149350212770185564e+00	-4.329089171029954386e+00
-9.724277554767660092e+00	-9.892683706196908844e+00
-5.810028336857473441e+00	-8.014542022163691826e+00
-1.090920146188294204e+01	-1.031234498580409564e+01
-1.105401905135071416e+01	-1.017424927477784458e+01
-8.726865226782996032e+00	-1.143337308369691030e+01
-1.065468945659506339e+01	-5.719187452172445951e+00
-8.849199022859513875e+00	-1.045543080480073961e+01
-8.020593295196814410e+00	-2.577731561192913468e+00
-5.600722993987828247e+00	-3.889387518587532622e+00
-6.462792152435989479e+00	-5.382467662352008908e+00
-1.190212471192933563e+01	-5.813860922420792221e+00
-7.464545653800313652e+00	-6.134587550398669542e+00
-6.257663086635030680e+00	-5.668888792420412770e+00
-8.878005927191400914e+00	-1.176340340796512685e+01
-4.951442604962685401e+00	-5.644801898093374071e+00
-8.063873035917138665e+00	-9.505666788471598849e+00
-1.048676997712377101e+01	-2.318251175802737318e+00
-1.138703879111783479e+01	-9.950929289771249131e+00
-1.173691008522429868e+01	-6.421750897915376122e+00
-5.963716328764895103e+00	-2.675931840712525656e+00
-7.772586504707772903e+00	-1.040585177799733607e+01
-1.066088787348695632e+01	-2.919328750705631137e+00
-9.231889233727143207e+00	-1.164554435282045297e+01
-1.012550211933539046e+01	-4.730828406017748122e+00
-9.376598082094504960e+00	-6.139703346300381170e+00
-1.175145486095453862e+01	-1.122972819641769959e+01
-1.047852675949750356e+01	-1.036665179841018869e+01
-6.374408304906254763e+00	-8.762914834765128447e+00
-1.081485108553174967e+01	-8.305272663852521831e+00
-1.061330560352584307e+01	-7.009385788394820516e+00
-5.392078339013941068e+00	-9.232269164924977289e+00
-8.507044783757214290e+00	-1.027148875174716913e+01
-1.023532819828397677e+01	-6.958663095537330534e+00
-9.305479983090057416e+00	-4.051700347240419831e+00
-5.346615488304665043e+00	-8.519629660005021421e+00
-1.107726624646259062e+01	-3.336698770865751396e+00
-1.011674015447580643e+01	-5.649963523877018723e+00
-1.190611123779267722e+01	-4.410211491722410670e+00
-6.894853086577056978e+00	-1.133097211799116799e+01
-1.008602365182764693e+01	-1.022483640228282553e+01
-1.024262423331414951e+01	-5.067614756471218840e+00
-9.279423949039284025e+00	-1.613440903208489319e+00
-9.002637377503379668e+00	-1.127203257021306548e+01
-6.971574299998790636e+00	-8.697870747626511800e+00
-1.167136196395792780e+01	-2.724405801673230432e+00
-6.904053607634533130e+00	-6.485475910809634925e+00
-9.984997553362745748e+00	-6.152778971575906475e+00
-8.566455866760296800e+00	-4.589505906044317740e+00
-1.031554262611572881e+01	-9.381926194854552037e+00
-9.754929658270455661e+00	-8.609449173555605128e+00
-6.957518990276705395e+00	-1.130347138000615104e+01
-1.159029068501818927e+01	-1.016197802908896719e+01
-4.609195315523563430e+00	-5.155845178595134470e+00
-9.422928525635885677e+00	-1.175866386603659919e+01
-1.011869712412113564e+01	-2.254730040539342451e+00
-8.910298597119082231e+00	-3.191542710186968890e+00
-9.825936216244016919e+00	-2.114996514405178107e+00
-7.503669898793880577e+00	-2.722055462111201418e+00
-9.653602792858347215e+00	-4.335770915866159037e+00
-1.004302788387646572e+01	-7.821331265879465811e+00
-7.774114716727538621e+00	-2.573409147974517808e+00
-6.610128329779123568e+00	-4.285045515226577173e+00
-1.125140899292735774e+01	-9.872262219148298712e+00
-6.851809932862289898e+00	-2.908505896017311354e+00
-5.691246965676254987e+00	-6.879221786217991408e+00
-7.662374211200815743e+00	-3.924301855082885648e+00
-9.269159897405602422e+00	-4.086340106673699069e+00
-7.349791476987058481e+00	-3.031714695213294064e+00
-7.108622186808482013e+00	-2.262223748883099628e+00
-5.658698418023876187e+00	-3.756642145808094746e+00
-1.194871333559630600e+01	-9.645905897593706868e+00
-8.771715581808427586e+00	-5.083327518859066529e+00
-9.568987679118139411e+00	-6.465230664383465609e+00
-1.181080773728374389e+01	-8.268520696012284787e+00
-9.382032070218915720e+00	-9.106617589789181011e+00
-8.610186691919979651e+00	-4.487220538600888098e+00
-8.708680265785215369e+00	-1.149636550934922852e+01
-5.978249567666816588e+00	-1.179655007749709128e+01
-8.923449135875069160e+00	-3.479961756907137715e+00
-9.026727445610069012e+00	-3.191534404551933157e+00
-8.111170056497604364e+00	-5.345519495052636572e+00
-7.865337372309325836e+00	-5.974363475363782428e+00
-5.981057830412294329e+00	-7.950746018399193815e+00
-7.409966874964117878e+00	-8.247392641447548911e+00
-6.071268792733135911e+00	-7.063139889315336539e+00
-1.176890168661170577e+01	-9.136947114879193421e+00
-1.000771157400484412e+01	-1.019573630492939209e+01
-9.685365072022513289e+00	-8.503236066634126900e+00
-6.515387167083112274e+00	-5.900171552317579504e+00
-8.756239176649778244e+00	-1.761827865076774469e+00
-1.132541213966568527e+01	-2.506786964679221796e+00
-1.184933124407069371e+01	-1.140065055907734148e+01
-1.094086779056391912e+01	-7.037687475935979542e+00
-1.045502582285846849e+01	-8.347810186179858150e+00
-1.089306169111138800e+01	-5.381600096461211180e+00
-5.792299260398014127e+00	-2.230727677932308417e+00
-9.085405504180048553e+00	-1.182317841032164907e+01
-1.005979423706989451e+01	-2.314049628590231222e+00
-7.693192996039758924e+00	-7.704139356604405187e+00
-8.258915733574074380e+00	-1.103167241660543674e+01
-1.181291552109916765e+01	-1.011036173902049562e+01
-7.058999677469365075e+00	-5.441739597729252864e+00
-9.951511970323482004e+00	-4.282960755493634863e+00
-7.401515174154100762e+00	-8.752276144275361602e+00
-4.548090090719561829e+00	-4.497901464189236975e+00
-7.759486755087108278e+00	-1.137267667217998657e+01
-1.114497803625359573e+01	-1.064556607682573031e+01
-8.614296045993075523e+00	-4.310646483135603724e+00
-6.825241736150937655e+00	-4.649644954916480444e+00
-5.280053600826294158e+00	-6.059013527924789422e+00
-1.130304945739186273e+01	-3.604989736309825776e+00
-5.064107285467350117e+00	-7.949590251460414869e+00
-8.796386588825114927e+00	-4.816711883848456388e+00
-7.682768078109285526e+00	-5.656691674709239948e+00
-1.111835260095458366e+01	-9.788964742766660621e+00
-4.253660021571009864e+00	-1.121484201439950112e+01
-6.576119592102148914e+00	-2.278535611235762204e+00
-9.948519885437242749e+00	-5.461134950478791161e+00
-1.024036049468754506e+01	-1.075393226309677353e+01
-9.849510590532126741e+00	-5.297548906463457996e+00
-4.838370183775981381e+00	-9.510757937988616462e+00
-7.787160156598797123e+00	-1.636419963515426845e+00
-9.464895865547534370e+00	-4.610765725774189860e+00
-6.396591162198763669e+00	-7.493780495026705957e+00
-1.110606062789783621e+01	-1.101221708518371400e+01
-7.051272999055936630e+00	-7.787169610767992189e+00
-1.097741853988801353e+01	-8.460135819632732535e+00
-5.404832675586574098e+00	-4.579168949124503563e+00
-6.993438010174391373e+00	-8.720198983106829616e+00
-1.053770795430379970e+01	-1.027783612140177816e+01
-6.653506110092486381e+00	-4.196465605939633470e+00
-4.791300808794998645e+00	-6.661027562152102455e+00
-6.716357830533509876e+00	-7.919999277038155761e+00
-1.047480551666439297e+01	-7.888735770904646394e+00
-8.625493865901697532e+00	-1.062517645494352969e+01
-1.147421778273055182e+01	-4.285929273971441411e+00
-6.525226007748981871e+00	-1.107797705404432698e+01
-8.385870371916954724e+00	-7.560719183056528792e+00
-1.005644423851729208e+01	-8.481759535826270735e+00
-8.095863372010672521e+00	-4.272764025445611402e+00
-6.523131197172234330e+00	-7.890686127681699524e+00
-9.564375204812108677e+00	-3.870357725605496846e+00
-6.395714310731180241e+00	-9.754491067110940605e+00
-5.871869295768048502e+00	-1.130450691885184078e+01
-6.715074671616960700e+00	-9.826928962729907013e+00
-1.038938838975936463e+01	-3.088379232398849261e+00
-9.003906632553636769e+00	-1.073843792006577758e+01
-5.220810267548476880e+00	-3.711002568326803086e+00
-5.512826634160164829e+00	-7.773013918011532297e+00
-7.535772098576563494e+00	-1.113694091430543942e+01
-1.072712702536928475e+01	-5.159898430781219680e+00
-1.034260310338204825e+01	-8.056526260116696037e+00
-7.608632885969242032e+00	-4.777743717244249844e+00
-5.746970589212204494e+00	-4.860049065706888882e+00
-9.117911784517623630e+00	-3.699936657207616442e+00
-5.957397832371084334e+00	-2.929634198021462854e+00
-7.418167906130931577e+00	-4.772042255372980435e+00
-7.707584012184566902e+00	-1.013778881561510659e+01
-8.006713781893930459e+00	-6.147096723197382317e+00
-6.287900941528955734e+00	-1.594235965352595485e+00
-1.184580623071861538e+01	-1.038421527530526056e+01
-7.405063546532462126e+00	-1.130461966811653696e+01
-9.728192743336061099e+00	-5.828733023370324950e+00
-5.352038208703708833e+00	-1.010435663850135590e+01
-7.732289503275879383e+00	-4.940687861372006218e+00
-1.181879093175193240e+01	-6.811874236059766829e+00
-6.367905180469470849e+00	-5.503368173375274175e+00
-8.458824570858206826e+00	-1.101065088024174088e+01
-1.058831065822797335e+01	-4.747884204315710122e+00
-1.096926228219328436e+01	-7.393502504925093533e+00
-9.113857851459119530e+00	-8.223046534289709442e+00
-1.100669418003358224e+01	-4.265880648126074703e+00
-5.616210899747689389e+00	-1.812361584077121002e+00
-7.220775972305971457e+00	-7.983937874008192104e+00
-5.833257272039072738e+00	-5.566001716025791524e+00
-6.539460466565929941e+00	-1.641867021047166197e+00
-7.904292259581894520e+00	-3.729462208373498733e+00
-1.134133419494075135e+01	-7.920971393892593859e+00
-9.645797608285530345e+00	-6.770297273676440852e+00
-5.742850010045596143e+00	-2.591270390010206537e+00
-9.022192248740603659e+00	-7.931767958370310900e+00
-6.574732372669494396e+00	-2.674889492622540832e+00
-7.629102440943049679e+00	-9.513322805505694646e+00
-7.109520043312116400e+00	-5.307509822004170985e+00
-5.066839599826279184e+00	-8.769942154600103734e+00
-1.123076999304045742e+01	-2.372933419609119632e+00
-8.774345281652921713e+00	-6.375563445293782827e+00
-1.030390744902809530e+01	-6.017804306346093313e+00
-9.777313427514480182e+00	-3.123569262976169547e+00
-8.600807922947275586e+00	-7.991563772184358427e+00
-6.822676226000396582e+00	-1.014679549699307870e+01
-1.134191690590292367e+01	-7.377114078496650684e+00
-1.156836022652299611e+01	-4.589230406266739060e+00
-6.976223376380727537e+00	-3.861768054707549691e+00
-9.828886520600839560e+00	-4.552191197463876016e+00
-7.857147054925855301e+00	-5.692993616218847919e+00
-5.801666243100260800e+00	-5.873363434256994253e+00
-8.951546374697885611e+00	-8.792428716957122248e+00
-7.224127611953031547e+00	-1.009081862241917449e+01
-5.085254974031078845e+00	-2.143550844700875313e+00
-1.112384759388250899e+01	-1.110586660446892893e+01
-5.681780239679722122e+00	-1.146079770729767588e+01
-7.868749322700957727e+00	-1.065942564003722559e+01
-7.536447204045251702e+00	-1.053542313055034185e+01
-9.057501564470642919e+00	-4.367367083060761601e+00
-8.116187618186121000e+00	-9.603789549392310221e+00
-6.852420872299053833e+00	-9.707650475858415007e+00
-9.157951070108914848e+00	-1.157267713803113018e+01
-1.094085166194965097e+01	-1.180056776469714919e+01
-5.430693204598741275e+00	-1.139939994144779867e+01
-7.046573538013690907e+00	-4.200828634020455254e+00
-1.020643394634548606e+01	-1.061942688059597018e+01
-7.821848497017667157e+00	-8.602913517300864399e+00
-7.334552016642756911e+00	-1.174389879423208605e+01
-8.375279927313613371e+00	-8.395030500461745149e+00
-8.622743089315981990e+00	-8.341019004773382761e+00
-7.045144532972760665e+00	-4.963961173667426507e+00
-6.404543807030855795e+00	-9.861851121330348136e+00
-6.003191053298547075e+00	-1.765340501318523714e+00
-1.109426355522204766e+01	-6.371014306480005551e+00
-9.765514965426653760e+00	-4.754808477545201306e+00
-6.455348028991743980e+00	-7.261234194750548099e+00
-7.190913146869119643e+00	-5.049133296819323213e+00
-1.081889126824160208e+01	-9.430576143938409928e+00
-8.520550865573857990e+00	-1.176059284632686541e+01
-9.610897559156940773e+00	-1.174564572246950789e+01
-6.938361884662036516e+00	-2.669020504990214704e+00
-9.231850599996811013e+00	-2.567642722133001154e+00
-8.265775324601172258e+00	-8.436544575270691126e+00
-7.586305711107517169e+00	-1.072878488778188633e+01
-1.115689821436934359e+01	-3.248439191464520093e+00
-9.781657084237657784e+00	-8.747600318210503545e+00
-1.100277471842511368e+01	-1.002865281681653009e+01
-1.150303182430406679e+01	-6.738572138127554290e+00
-1.089539681036576724e+01	-8.175287202278600063e+00
-1.155445295825790097e+01	-3.383466609534346414e+00
-8.952504460444034251e+00	-6.398216119173817162e+00
-6.844911250538699754e+00	-9.401530726264507365e+00
-1.039677901468610166e+01	-4.363057469765424301e+00
-7.148052253912539733e+00	-4.656298980965163814e+00
-8.807345514216546434e+00	-3.039507414699651466e+00
-1.187440206033432055e+01	-4.525802648991597010e+00
-5.792000158207388338e+00	-4.783969391522611581e+00
-1.039286272963617819e+01	-7.039573434658113804e+00
-8.782622023417694379e+00	-2.095205661267216524e+00
-1.113920876230662849e+01	-4.778400356327937359e+00
-1.160256481994700906e+01	-3.142729240682269332e+00
-5.728470174979721108e+00	-3.013791741727006368e+00
-1.119534252733357071e+01	-2.271868783564436889e+00
-1.046598862048589673e+01	-6.897141971710735397e+00
-6.279548112970920748e+00	-7.570156939857011658e+00
-8.407525402122614011e+00	-8.542090345782710870e+00
-1.111563567058931135e+01	-7.569049842783624804e+00
-1.070036931001816427e+01	-7.803913556711494337e+00
-9.418416232520080200e+00	-3.750453691630802222e+00
-1.194231008549633621e+01	-6.485611319878922920e+00
-1.029251563882426979e+01	-4.070224578128962101e+00
-1.191250926605508020e+01	-9.459904249431991374e+00
-6.904210356782951585e+00	-9.796322391577046318e+00
-6.667827961311391327e+00	-1.038461211979262977e+01
-1.147367977543675188e+01	-9.568730352659676086e+00
-1.058182445885886480e+01	-1.094855873307646199e+01
-1.182386732867270496e+01	-1.046178304206704901e+01
-6.070126873868393780e+00	-4.770920286275151412e+00
-7.087040508671805128e+00	-6.014125497978474399e+00
-8.389732557436019533e+00	-3.691648515702597777e+00
-5.014832007735595454e+00	-1.128665171171408943e+01
-1.087240550629516811e+01	-7.778631291408970583e+00
-1.199792322996939298e+01	-7.808276686620352791e+00
-7.766526768523479340e+00	-5.233245176703390733e+00
-1.170486629326172334e+01	-4.303946305616520362e+00
-9.255912712584791535e+00	-1.015970296522278993e+01
-6.611728135083200897e+00	-3.239811198858105090e+00
-6.215277227683571049e+00	-1.158890095327256375e+01
-8.549800688533618853e+00	-2.809259731109287728e+00
-8.139978578333385784e+00	-8.591216573653632338e+00
-7.949111658576753392e+00	-2.996692579791838451e+00
-5.932636697971918061e+00	-3.151187910334293463e+00
-7.305644474656259213e+00	-6.916722789679062622e+00
-1.010663625692040846e+01	-7.309465978372666761e+00
-9.100616461616498398e+00	-3.246093681369260686e+00
-8.602692935757461967e+00	-8.143161112700278537e+00
-6.994401914855057356e+00	-2.064080148218627730e+00
-4.717244358065518561e+00	-1.133583384144716355e+01
-7.531537429612843226e+00	-7.172023308734129188e+00
-6.276958573978380862e+00	-1.896804096084070190e+00
-7.681536493730048321e+00	-5.099001857703803431e+00
-5.874482903415128021e+00	-4.263674829025854152e+00
-6.607200533377927343e+00	-8.600901050142120141e+00
-5.547578452187380549e+00	-9.635725914530427261e+00
-9.981425744100747011e+00	-8.178621783978957893e+00
-5.558060834031302022e+00	-2.874942611812936200e+00
-1.108469957960648067e+01	-8.880040011318902415e+00
-1.076536458794459428e+01	-3.014553493393535177e+00
-9.268140443635941139e+00	-1.870142517005981997e+00
-9.274965317385015950e+00	-6.622955361292097720e+00
-7.232619980847332819e+00	-4.020005082975349531e+00
-8.595807059863011190e+00	-2.972923313877358087e+00
-1.052362058573995363e+01	-7.222283554295839458e+00
-8.446865615164240282e+00	-8.805453134363675716e+00
-6.004750204304807326e+00	-9.611579156036068383e+00
-1.000063670072219502e+01	-3.552756381575620459e+00
-9.937590450080836746e+00	-2.272534893349870355e+00
-4.723397740270725009e+00	-3.945352219822293005e+00
-1.062980344997718873e+01	-2.656945727728868167e+00
-9.853171561680520441e+00	-7.949305733772881410e+00
-9.796058314183838434e+00	-2.800807867458538158e+00
-1.049981322590069865e+01	-6.294996080612015987e+00
-5.568443543518689864e+00	-2.176424072175432212e+00
-9.944603175737769973e+00	-1.099993937978577740e+01
-8.376095229216240057e+00	-3.266484437731578261e+00
-8.537758578588565683e+00	-6.932091943980216442e+00
-6.082786555646539028e+00	-4.462886388361229528e+00
-1.181181618099993003e+01	-3.138562847006188594e+00
-7.899963882383707059e+00	-1.196610510407863437e+01
-9.543471633284898559e+00	-3.690140878941107871e+00
-9.279195669155644310e+00	-4.709233647132953671e+00
-7.068714596175411202e+00	-9.373278996556212661e+00
-1.191791852945732266e+01	-2.637511933859319591e+00
-6.484898327507776727e+00	-5.658560332834497331e+00
-7.503187652741642566e+00	-1.143434171257118770e+00
-5.077369449191318829e+00	-4.029298162191820687e+00
-8.176520287930170383e+00	-2.421260309733668237e+00
-9.361753809487371569e+00	-3.570813716736393140e+00
-1.151497078465698110e+01	-7.117150095333972359e+00
-9.339838882531921627e+00	-7.155838065824561056e+00
-8.988829779836851941e+00	-1.180085583420674133e+01
-7.057560559994809246e+00	-1.076153780085744494e+01
-1.066353801944232416e+01	-2.967432755912939868e+00
-1.073742382607035672e+01	-5.255234529022230205e+00
-7.163730355173044906e+00	-2.391004940089386910e+00
-1.151904393880756139e+01	-8.545202038402027966e+00
-1.190529803889557847e+01	-3.190374576447168931e+00
-1.012677490481389952e+01	-9.973450966215402502e+00
-1.018820794486252623e+01	-7.908413631015858591e+00
-8.818559738886680321e+00	-9.514247198206710721e+00
-1.038097664223765371e+01	-3.036670673486939975e+00
-7.619416656622692408e+00	-7.551689202594848993e+00
-9.953859747889914900e+00	-9.826066797354535254e+00
-8.165631328073276407e+00	-8.652463530257920254e+00
-1.177764412089864976e+01	-6.658061078448031189e+00
-8.692511439174307242e+00	-2.907394369277015223e+00
-7.598462372376514118e+00	-5.341085047598610913e+00
-8.536534749688676982e+00	-1.060274359372224851e+01
-7.918862651794620788e+00	-4.822569768192657591e+00
-8.205366601091780510e+00	-5.045178144705002588e+00
-7.475114727494665878e+00	-1.167510552062081253e+01
-8.347311004288563652e+00	-1.071399394065274535e+01
-1.117734695171869319e+01	-4.134193018468392822e+00
-9.144529532278223627e+00	-3.035768534200776081e+00
-8.326836760173495833e+00	-6.429160260529633852e+00
-1.162641766946588540e+01	-7.746342004003776260e+00
-5.764300657141429696e+00	-6.618511325056978478e+00
-1.133456485331156749e+01	-5.115724476758102490e+00
-6.761473240984896549e+00	-9.082154955631420279e+00
-6.375968327829973248e+00	-1.425275696454555874e+00
-6.043282857920606155e+00	-5.929585006511654655e+00
-9.771164870644371447e+00	-1.089564728925574499e+01
-9.301547141496028459e+00	-4.008033999529295954e+00
-9.342644101417448610e+00	-6.906796557503444234e+00
-7.341940127599329458e+00	-8.973064221679678099e+00
-1.032058428262332939e+01	-4.610728008137617628e+00
-1.174580195970433927e+01	-8.919037127024992628e+00
-9.884474118205430315e+00	-8.071671390359389520e+00
-8.666394662591550002e+00	-1.961405433983297586e+00
-5.359154968432520150e+00	-1.111747571688987790e+01
-9.765990664175125957e+00	-8.447592987236193451e+00
-1.128026234281224838e+01	-2.393078362678796367e+00
-8.674916059425456183e+00	-8.046129010783008795e+00
-5.286178462680879875e+00	-1.158064817873985319e+01
-9.402550525540194215e+00	-6.820311979390604407e+00
-8.732626131635401023e+00	-5.907824172937922391e+00
-1.111198740218076075e+01	-7.184272081478853877e+00
-8.684720677971563774e+00	-4.517271359719536861e+00
-7.694345863255033002e+00	-2.792987606912743725e+00
-1.118738454793905746e+01	-7.052953667410930549e+00
-8.840342191159647811e+00	-3.993387981714724866e+00
-8.296502188800282340e+00	-1.148054099454676802e+01
-9.524770930877913599e+00	-3.208720916747016538e+00
-7.108022973462381877e+00	-4.436659274034443712e+00
-1.050184260334332720e+01	-5.040054986716940633e+00
-9.294420350381129126e+00	-2.303750546685069178e+00
-1.173788219200896243e+01	-9.848921153884793611e+00
-7.359069916965253810e+00	-1.161860265460629726e+01
-9.096118323005299544e+00	-1.066306401804598458e+01
-8.934069468719162188e+00	-8.217437107906748750e+00
-6.162526707210723487e+00	-5.696836030689193642e+00
-7.677842120940360005e+00	-1.129289284381329317e+01
-7.821698586769920247e+00	-6.176393330090129474e+00
-1.079074359876745604e+01	-1.800514651486351481e+00
-8.484911105221629057e+00	-6.868417503042900663e+00
-9.565059195852215979e+00	-7.412424448730738469e+00
-1.171466813077433322e+01	-9.897047018745183777e+00
-7.193395078667403020e+00	-9.487075247722486893e+00
-8.276751122119359039e+00	-1.816362854491408108e+00
-1.084078334191743842e+01	-1.066173238288297398e+01
-8.223533821118911291e+00	-2.982241680451891863e+00
-1.185391569218180763e+01	-6.530510793487889210e+00
-1.084771584889469587e+01	-7.979680855512319759e+00
-1.138101490290264906e+01	-8.154810496339065296e+00
-5.692292694881274429e+00	-7.685388022183391676e+00
-6.578056758084109390e+00	-3.223753985418409851e+00
-6.622132055755725943e+00	-1.194962704901974604e+01
-9.988535176779844704e+00	-6.591043629334901510e+00
-8.250943987944944880e+00	-2.838013454643967481e+00
-1.138546504882537924e+01	-4.625719014524304562e+00
-7.012478788212391123e+00	-2.364278929899237269e+00
-5.101531784424297555e+00	-1.185485039355892312e+01
-9.645228291681252841e+00	-2.037583068276989540e+00
-1.019882888955980249e+01	-6.120052131943762852e+00
-6.768401590444662830e+00	-1.122481392044525883e+01
-1.048692378997140118e+01	-8.179118618767407867e+00
-1.050301311365632273e+01	-1.189286073312689140e+01
-1.065362510426463949e+01	-4.954575785998823534e+00
-9.434956230509943254e+00	-5.958749641054560620e+00
-9.931778341459361670e+00	-3.565277005329964499e+00
-8.355285931935712895e+00	-1.035310686579726180e+01
-6.257388906644806070e+00	-5.757686709248130974e+00
-7.569588997502533445e+00	-3.715115962519369486e+00
-6.078804698284579366e+00	-7.113840201545601261e+00
-8.828607088191924746e+00	-2.438701559617952874e+00
-1.026771418339182951e+01	-2.762179694747948222e+00
-5.491119065697405155e+00	-7.678726223696051179e+00
-8.181065067230173682e+00	-4.091518191885789690e+00
-9.474058093032351024e+00	-5.763444554744072690e+00
-8.236520893277189614e+00	-5.405095602108990427e+00
-5.882848424857684222e+00	-1.143680349326339396e+01
-1.092980937299588540e+01	-7.627409426378068957e+00
-1.034320632241943549e+01	-9.298293030363268485e+00
-1.181817207953282711e+01	-1.641736530471728184e+00
-1.128580793596350595e+01	-5.395674947912254105e+00
-9.865097333932299151e+00	-1.593831658285747244e+00
-1.177319824466004228e+01	-5.235158198189798995e+00
-9.883920756996056767e+00	-5.060323818987237487e+00
-8.283002284911141544e+00	-2.805363008804572456e+00
-1.186987681382568738e+01	-8.993453522188842086e+00
-6.239947434983074359e+00	-1.018273860724199054e+01
-8.705330159791406786e+00	-9.598881424297962539e+00
-1.121699601231530075e+01	-8.597803957597191626e+00
-8.538761105324370604e+00	-7.840113395217668035e+00
-1.155902033114721661e+01	-8.960217385702442527e+00
-9.578775728077774332e+00	-4.135607668162606387e+00
-1.109880342395247332e+01	-3.454133161833741639e+00
-7.658889324968109591e+00	-1.145163446309091171e+01
-1.140505358125998647e+01	-6.822377015387061761e+00
-9.249881782180001011e+00	-7.798707747509179278e+00
-5.805016037726672629e+00	-7.588041312585373177e+00
-6.475389925376902944e+00	-1.009830119203093801e+01
-9.945979144924006476e+00	-9.100207744432994517e+00
-9.445971329059126731e+00	-5.461159073773933947e+00
-7.604805801389021624e+00	-4.954342329757776220e+00
-8.109523788533630650e+00	-1.995023773072968076e+00
-7.895977832149942088e+00	-9.326644024027258340e+00
-1.199766891408936687e+01	-1.104054775735986027e+01
-1.029920769039143913e+01	-7.911015402484999903e+00
-9.021295828585715881e+00	-9.261683559955756095e+00
-5.822171862972051137e+00	-7.253167337833176020e+00
-8.091533806687428054e+00	-3.711617707486254858e+00
-1.159516731413661894e+01	-9.270012574818954576e+00
-9.676388383267543247e+00	-2.741219176240938804e+00
-9.404587899754385916e+00	-6.467970840493013185e+00
-5.741920558660263296e+00	-3.106134685159310127e+00
-7.509544723520596321e+00	-2.110762706157566893e+00
-1.069106638916317920e+01	-9.668950135181155758e+00
-1.101256515016502391e+01	-3.549117474890680857e+00
-7.345246098900297227e+00	-2.958665413619544715e+00
-1.039209498285055311e+01	-1.034917546367253571e+01
-4.973057775689597726e+00	-5.463463709349113628e+00
-6.759852147743372619e+00	-1.022895782823538902e+01
-5.605015502777132674e+00	-4.606859155842114362e+00
-1.080645370591660281e+01	-5.003296261943633638e+00
-1.172029023684905091e+01	-7.246613681026809139e+00
-8.097663234208296146e+00	-8.869451075215938118e+00
-5.521482507041745258e+00	-5.380054214217094177e+00
-9.563037541678957254e+00	-1.103193895039625794e+01
-1.022439795057572454e+01	-3.117873135710918397e+00
-1.079330627162203982e+01	-1.171255658930600951e+01
-8.522823793132024761e+00	-5.358649175708910306e+00
-7.519277708384333181e+00	-1.192831427123191368e+01
-5.864556906252613722e+00	-1.123796470323997632e+01
-1.177538105006323477e+01	-4.321658374963985416e+00
-6.203588087167390519e+00	-1.112023171276235090e+01
-9.458096332859565081e+00	-5.154920840852209807e+00
-8.230480687493326286e+00	-5.430713897051800743e+00
-7.485317415548154329e+00	-7.945280627174332366e+00
-1.083739649681436568e+01	-1.075851857134771450e+01
-9.734348728821659691e+00	-1.186659544150774437e+01
-9.146544715425285688e+00	-1.036542159094084781e+01
-8.750619657059489853e+00	-4.582027247287753013e+00
-1.148419961017598823e+01	-6.310683377871299626e+00
-5.518401266149054685e+00	-4.503502423751485573e+00
-1.182700046292923801e+01	-2.789494946564584854e+00
-6.407250345528373359e+00	-3.206344692661462492e+00
-6.678166946100203560e+00	-2.765321972123290895e+00
-5.962782310068094560e+00	-1.140862808282455987e+01
-1.156122853506939308e+01	-2.779478145144093748e+00
-5.667460861108736481e+00	-1.063563979911442736e+01
-6.825432552128892993e+00	-6.410753916547959896e+00
-6.677367493817587984e+00	-2.833611410718448465e+00
-1.069221438632362897e+01	-5.098286782514573012e+00
-9.388752668863931561e+00	-1.096225844653828041e+01
-6.958009485618032564e+00	-1.177624057882952613e+01
-7.140049813021414060e+00	-7.201249367475021756e+00
-1.184187616319668557e+01	-9.791482962008187130e+00
-9.768235438034144735e+00	-1.048409970160483518e+01
-9.434770105047403987e+00	-6.099077284499989204e+00
-1.071995227203160539e+01	-7.038227579129870293e+00
-1.066255665165278010e+01	-5.169641466392799423e+00
-5.366646851284880171e+00	-6.347954940328761175e+00
-9.382427126585614729e+00	-7.059245388184268499e+00
-5.619549925952523672e+00	-7.234206876114988916e+00
-1.026824487564286237e+01	-5.480571989841491742e+00
-6.633832890028372731e+00	-1.048173010981939690e+01
-9.315665992576246168e+00	-4.239524867036864819e+00
-7.187059866617408588e+00	-6.541140409971292868e+00
-1.076591019432800245e+01	-5.565044393792288879e+00
-4.847519042935233280e+00	-5.850920570961239520e+00
-9.286093859781329840e+00	-3.960439963593286095e+00
-9.782312520338441786e+00	-5.366378654692692152e+00
-8.145704135547642721e+00	-3.732713938932795017e+00
-6.567746997267203568e+00	-6.197609854023597542e+00
-8.290409396006623410e+00	-7.902644317406608998e+00
-1.108878504118721509e+01	-4.256933408848579070e+00
-1.020324452582396546e+01	-2.049515279545761182e+00
-7.722038700838920633e+00	-3.174035126401952400e+00
-9.388591779922281333e+00	-1.072509680365017104e+01
-5.836435573817154498e+00	-1.601338962665007415e+00
-1.023910784699845067e+01	-5.635363496124721649e+00
-1.000895891700669083e+01	-3.722443844173059180e+00
-7.057296099389922972e+00	-2.426833686532527956e+00
-1.147325435902055801e+01	-4.240167582840983052e+00
-1.011845284907444231e+01	-9.592727586094568437e+00
-7.855065287146111963e+00	-7.885476465310659044e+00
-5.209280839404780927e+00	-4.262212238131278141e+00
-5.836738385131122975e+00	-4.867694371460709490e+00
-8.012174411900511828e+00	-2.622933720731317475e+00
-9.044960287224354190e+00	-1.033599727198868834e+01
-8.673869686847563543e+00	-2.627681487636309487e+00
-1.080448146948788235e+01	-1.846769370236503338e+00
-7.283634901456475852e+00	-9.450959171546720938e+00
-9.380335747501195698e+00	-4.132773275801186585e+00
-8.965467129675221969e+00	-8.125850190216043600e+00
-6.171242947644359766e+00	-4.437075734416184858e+00
-5.308300827445656012e+00	-3.202098193866534270e+00
-5.330897276025670095e+00	-5.857272121551057253e+00
-1.168322192170049334e+01	-1.022287621150725556e+01
-1.123785038959227833e+01	-4.533331064567720503e+00
-5.240239531230368009e+00	-3.600388752780794288e+00
-7.740230599034987335e+00	-5.834101447428579057e+00
-9.328235111476635311e+00	-9.440536057723738494e+00
-1.052502485570789403e+01	-3.007426675241125391e+00
-8.582256077007841100e+00	-2.731464748595124448e+00
-5.589446165920824328e+00	-1.997250251996892212e+00
-9.002835630220712204e+00	-5.646594046653844678e+00
-5.924732761264745129e+00	-5.300308101325188481e+00
-6.189226407953164255e+00	-3.712774473144527132e+00
-1.157468093733372250e+01	-4.780147007182576679e+00
-6.250155236287989524e+00	-7.899562254573003983e+00
-1.108017301037944513e+01	-3.332460391197562988e+00
-9.719452597981826258e+00	-2.821192781738135036e+00
-8.866502942073289262e+00	-4.607090493609082849e+00
-1.051381185128701823e+01	-2.887091997141419952e+00
-1.182927111726256264e+01	-7.286852465749188212e+00
-6.181033316526224120e+00	-3.973309011808634938e+00
-8.282734439148677907e+00	-2.293137122646392356e+00
-5.805235341170674523e+00	-1.057670839583243527e+01
-6.455071297740405001e+00	-8.529581998209994964e+00
-1.187512427208712928e+01	-8.386405482400384415e+00
-8.158552373960588966e+00	-5.255731225463983414e+00
-1.078971936593964287e+01	-6.226260009274488638e+00
-7.146606791885098175e+00	-9.489021841046305639e+00
-9.302849290531250759e+00	-5.009142898250638076e+00
-8.342215233675405628e+00	-1.099999865262301668e+01
-1.191176600631134264e+01	-6.032417293757335486e+00
-9.540221991855464267e+00	-2.034930337162102809e+00
-6.526285724972744617e+00	-3.586191413117055138e+00
-5.367564237074708089e+00	-3.263923862188298219e+00
-4.784823287460614694e+00	-9.699172794283848376e+00
-5.975453766435810721e+00	-2.839865810903013710e+00
-9.561475886526071832e+00	-7.751718616054241728e+00
-6.425168960072092261e+00	-7.319833842760731457e+00
-5.587841669198711614e+00	-4.304072274519705310e+00
-5.893871995651913664e+00	-6.365520995689416317e+00
-6.446810966935569098e+00	-4.794282237710359773e+00
-7.900274560586611372e+00	-2.880344079676914415e+00
-8.829666955893291203e+00	-1.127269242032016372e+01
-6.890075073359695601e+00	-7.156385766000312287e+00
-5.736979579510538940e+00	-3.071998166089700888e+00
-9.807935590964435235e+00	-3.107193324347626184e+00
-1.002309047121605801e+01	-6.365059408398441754e+00
-7.344749579941613149e+00	-1.031248103574511710e+01
-6.276766885608400237e+00	-1.083947577436816800e+01
-8.186565787908286040e+00	-4.425989582294410418e+00
-5.072281345364872074e+00	-4.323326896029296762e+00
-8.634497185024478938e+00	-3.696944512145806883e+00
-1.011033406336739304e+01	-6.688713094583766505e+00
-8.054941551781123366e+00	-2.519242644375324858e+00
-1.132976318379255609e+01	-2.083895161251478889e+00
-6.958608405532126895e+00	-1.039882578954693315e+01
-1.197372822996051589e+01	-1.131405776690962206e+01
-5.619779100944804817e+00	-3.241052618903271565e+00
-6.540145080741583961e+00	-8.312469288624031449e+00
-8.806173227699916950e+00	-9.367252987044359713e+00
-5.459719270586897544e+00	-5.905885112399458237e+00
-1.105712107165329883e+01	-3.569178935620526794e+00
-9.272969897134593964e+00	-7.340318405149286463e+00
-7.902411109122487787e+00	-7.475978808193981529e+00
-8.702960065558611902e+00	-3.839220566664831580e+00
-9.033589246830567632e+00	-5.987772413194857535e+00
-5.869314141925469741e+00	-6.291366951639062677e+00
-6.441345752698254934e+00	-5.811870929643121464e+00
-5.703730212486130213e+00	-9.776684785717186799e+00
-5.941368185454782846e+00	-5.406621882881253782e+00
-9.094893280863910690e+00	-3.731503411894347533e+00
-1.037759294636210150e+01	-8.869585196200896249e+00
-1.090695010909658436e+01	-7.310107219829168557e+00
-7.035398810882569798e+00	-2.974186909429401560e+00
-1.120721755937736219e+01	-3.034959163782118274e+00
-1.019651502437730883e+01	-1.162105830928174832e+01
-9.700339288935358795e+00	-7.928465292210972848e+00
-1.161739931882765831e+01	-1.010026083789859896e+01
-9.148918881703648864e+00	-9.131199043941935045e+00
-7.251183910929711374e+00	-9.497309272101547961e+00
-5.739523209997515529e+00	-1.152886586636984489e+01
-6.591642556863225977e+00	-8.928215460325377606e+00
-7.773981086374795346e+00	-7.157177615682018157e+00
-1.170214998202209955e+01	-1.047744021805603332e+01
-1.097425873486118775e+01	-7.365140456630320465e+00
-5.690827728998456791e+00	-9.584542638979465679e+00
-7.871263312592234662e+00	-5.434878174186939859e+00
-1.003799705839929324e+01	-7.666171874048059998e+00
-8.616478208243675496e+00	-1.068227330906479011e+01
-6.824457646496348673e+00	-5.059502820762582509e+00
-8.921609281189022411e+00	-6.226069718946134479e+00
-7.807418883731155113e+00	-5.221251135427070977e+00
-7.848740392209392347e+00	-1.032721809457667028e+01
-5.020303659156013509e+00	-2.739290297531436380e+00
-7.543699090524333073e+00	-3.625214228916977088e+00
-5.816545838238375232e+00	-5.375307321952381479e+00
-1.124104044080681675e+01	-7.704593324271792554e+00
-1.039479919370355532e+01	-9.217255852875450017e+00
-6.173832053313780044e+00	-2.896157581699188910e+00
-6.647919695927162920e+00	-7.446658618745666480e+00
-7.269924259175466474e+00	-5.309072532552995050e+00
-6.563946295021323429e+00	-5.005379918781976301e+00
-9.810978428252218109e+00	-5.779231555820249611e+00
-6.342864800327582486e+00	-5.293472121607962322e+00
-7.630805195397630136e+00	-1.073576105003220960e+01
-8.023408534190144437e+00	-6.032622393779927705e+00
-5.773016352310444965e+00	-6.581462271323956337e+00
-8.601293783908346313e+00	-1.127053355740297569e+01
-1.180802242954915648e+01	-1.535627524735899030e+00
-8.509126826835979429e+00	-4.317114552976646813e+00
-8.775971948711783099e+00	-5.959533727571789896e+00
-5.389747397362393500e+00	-8.895799424858562787e+00
-7.990803469895451094e+00	-6.338330379142258941e+00
-8.954834748677363621e+00	-6.314843516846702975e+00
-5.805328921511608620e+00	-5.867058353750031152e+00
-8.786063118539807704e+00	-7.725333526313255206e+00
-6.835328045609339043e+00	-1.823641325850474892e+00
-9.704575257683488942e+00	-3.103627970543119563e+00
-7.499039673374633175e+00	-5.047772340374526046e+00
-5.770616465490199687e+00	-4.054538642973930074e+00
-9.047550348539104448e+00	-1.020731054982549324e+01
-1.179564629496516481e+01	-3.909407601428848800e+00
-1.016447644274909301e+01	-6.983654182075780703e+00
-8.116083019923351571e+00	-3.438012530693759672e+00
-1.102506081566042440e+01	-7.671717985579721955e+00
-5.142956949981524417e+00	-4.592844897487238676e+00
-9.869414400951136201e+00	-3.094362967186878866e+00
-7.393902828359763646e+00	-4.341499842281351995e+00
-7.257291376987053511e+00	-3.530213136968376464e+00
-1.039540203527652906e+01	-8.174219861055155079e+00
-1.122792078652057235e+01	-9.916921268815166002e+00
-7.988345908698343933e+00	-1.139367476687527514e+01
-1.070669593587230928e+01	-4.532758812511501034e+00
-6.506657195365681545e+00	-3.705459393232788390e+00
-1.028920607799794418e+01	-5.129891964156591655e+00
-1.084174425260845176e+01	-9.548841992696535996e+00
-5.964852103547317874e+00	-4.072275843765073233e+00
-7.118640989333978375e+00	-3.886329854367146730e+00
-9.915296051850129189e+00	-8.498151368930621175e+00
-6.844185543719929932e+00	-3.795526136993452759e+00
-5.468658991718107210e+00	-7.717564781930671636e+00
-7.053806629440873444e+00	-4.130323017450505674e+00
-8.654691636647752873e+00	-5.708286027659561945e+00
-8.275864376809659362e+00	-1.179131913260494002e+01
-1.119175427286681135e+01	-7.290343533121511399e+00
-6.868587215364414966e+00	-4.942667201375483543e+00
-1.006527538137482836e+01	-9.197734299865283347e+00
-6.864720731220391947e+00	-3.824432680650892813e+00
-8.249141924180392493e+00	-1.120756794149466629e+01
-5.902322269477335404e+00	-7.465802996567817651e+00
-7.991037507431727249e+00	-1.153705197566388208e+01
-9.736998961256714935e+00	-1.392321619830637403e+00
-6.212291494829602634e+00	-2.344718700898646979e+00
-6.448276474160132388e+00	-7.595524159985678203e+00
-6.750736404991358519e+00	-4.188756615398772531e+00
-6.983790359002716386e+00	-2.917742346081580340e+00
-6.402119904914711057e+00	-7.151462479870208888e+00
-1.000382147974689140e+01	-6.596122019413150461e+00
-5.622038039843451962e+00	-1.009897022460392968e+01
-6.379422802136184956e+00	-9.765794273357952804e+00
-6.148818280241145295e+00	-2.690624606720120049e+00
-8.684988572002785290e+00	-2.562241102636476864e+00
-8.312756580726837541e+00	-2.881130429168555995e+00
-8.657033157191731831e+00	-4.525382882311039801e+00
-1.111089587346276630e+01	-8.306450414523025572e+00
-9.965831778691146781e+00	-4.414737226558770544e+00
-7.817196224544837868e+00	-3.501863009545499228e+00
-9.768933175698959914e+00	-1.627100399644405337e+00
-8.421016291946695986e+00	-5.053600067880843483e+00
-5.477145768710978579e+00	-9.487438147633387331e+00
-1.085954352984221671e+01	-7.597056904373347130e+00
-1.085115021138645197e+01	-2.090898440769089373e+00
-8.192139076562098055e+00	-9.610224185191471591e+00
-8.306135601579166305e+00	-3.684325036415753818e+00
-1.079734513903066251e+01	-8.124330991231015986e+00
-8.376076486154977019e+00	-7.573782706401330778e+00
-1.082609136750002676e+01	-1.067479110610835136e+01
-8.700038563034050654e+00	-3.930469345999345165e+00
-6.237118729942960904e+00	-1.918977694125358902e+00
-1.186656408984788769e+01	-9.208200199843329159e+00
-9.732415008295808079e+00	-8.869352856044192990e+00
-9.252474999909733100e+00	-1.199193323618260898e+01
-1.140282142778741026e+01	-4.326873194350457474e+00
-1.039388182337598643e+01	-1.133875270288409354e+01
-5.278337129268360073e+00	-5.112233771321778697e+00
-4.670863873215219009e+00	-8.026267417687659389e+00
-6.986967110557082528e+00	-4.772251520660150348e+00
-5.280411408625372616e+00	-6.744296543917559283e+00
-5.596872126345594722e+00	-1.016777918592577734e+01
-9.928708662393820106e+00	-8.391541953050259295e+00
-5.240501859167840948e+00	-7.004595435239468593e+00
-8.569009619211909623e+00	-2.466423047686513659e+00
-1.162009173242057258e+01	-7.797902065226139712e+00
-9.088938097418068907e+00	-7.542728485764598645e+00
-6.852257243380125651e+00	-9.049878407660264301e+00
-4.987119446026707870e+00	-5.573178268687745351e+00
-9.138176765014280889e+00	-5.568955332024236426e+00
-1.183629996556735975e+01	-3.059042345468959478e+00
-7.102797559723052601e+00	-9.225872508892869917e+00
-9.568466511655419282e+00	-7.180573962353536288e+00
-7.280317633498442298e+00	-5.816642329208935536e+00
-8.325153535101087243e+00	-4.660447010879751772e+00
-9.072222504528754783e+00	-4.534348326166277587e+00
-7.593687396863298744e+00	-6.940782174940164140e+00
-8.059628230086463674e+00	-5.281171127525943199e+00
-7.921383219348592242e+00	-5.990735327468105886e+00
-7.278040717735842158e+00	-1.016080905848226479e+01
-7.288763048653946086e+00	-3.189444187985112755e+00
-7.753144177645522994e+00	-2.990052493215379581e+00
-1.081587450563911013e+01	-8.982266291515836443e+00
-5.687237794450290096e+00	-1.061654302856228149e+01
-7.177851412631230055e+00	-4.500157976970933227e+00
-1.146019945030548826e+01	-1.190575924902481475e+01
-8.332762661598989595e+00	-1.172219370567101215e+01
-9.582517316967814835e+00	-1.047936600595978440e+01
-5.802146931739756042e+00	-7.212594230416064178e+00
-7.428599028483819033e+00	-3.563982208506797811e+00
-5.369538991199430455e+00	-2.723269262748251318e+00
-8.400385511500500613e+00	-9.241965396060439986e+00
-7.545043197382068634e+00	-1.085376104760509186e+01
-1.038381773411526687e+01	-9.778068039531961020e+00
-1.140679794414042547e+01	-2.004713784353138184e+00
-5.475403822017795186e+00	-4.220270293813280560e+00
-1.048019469757981348e+01	-5.389569189985604858e+00
-1.021094258632355611e+01	-3.805915996389300560e+00
-8.460835368252705990e+00	-5.580512778997652745e+00
-6.965913301951128567e+00	-1.815822953923860839e+00
-9.911000529029884376e+00	-9.561456117888242900e+00
-8.144366356571147492e+00	-1.124291633520995504e+01
-1.034481824882259460e+01	-5.462084499446615560e+00
-6.550398668683945047e+00	-9.068613220303253897e+00
-1.115421775440707286e+01	-8.404217485759918560e+00
-7.757121686956599760e+00	-1.049058178518558826e+01
-1.176885866910073730e+01	-4.025770725631621083e+00
-1.062197588298191597e+01	-9.951636735008598578e+00
-1.089672783634053310e+01	-3.517030393522508458e+00
-1.173178838807906743e+01	-1.125798883620907098e+01
-1.009286509208900640e+01	-4.084443185090700368e+00
-8.025312014473342970e+00	-6.581003854362624139e+00
-8.170226513731691398e+00	-2.180229675620045882e+00
-1.132616143132523590e+01	-7.323243458044440324e+00
-8.027609050241654387e+00	-8.688881790730651034e+00
-1.174750346578720617e+01	-6.114143899055781262e+00
-6.283463683893330654e+00	-4.071425707390196713e+00
-1.104216868410911445e+01	-1.189824749866735054e+01
-7.923087352514054160e+00	-7.333514034564481143e+00
-7.945057411589955265e+00	-6.381027041301176261e+00
-9.437615244343964704e+00	-9.509114667860297132e+00
-9.954983685152310358e+00	-4.049901189348791064e+00
-1.047264538013192414e+01	-5.743501287366737706e+00
-5.907976139942451965e+00	-4.415392675417923130e+00
-1.187007919726926808e+01	-5.554292291084743205e+00
-6.832249703573179289e+00	-9.429411584417929149e+00
-9.351454567053533395e+00	-3.721485627415372921e+00
-6.708499600548193165e+00	-1.125658213493627713e+01
-1.147320807097629114e+01	-9.635408754361211692e+00
-1.064858654236257962e+01	-7.561208377708983797e+00
-7.188951513261478965e+00	-8.856850602093690128e+00
-1.104502165148694814e+01	-1.054892559532361140e+01
-7.657493213846445990e+00	-4.727285397338106598e+00
-8.854932225553643121e+00	-4.007187682548291718e+00
-1.135885695179211829e+01	-1.084791686266090771e+01
-9.765351095415093496e+00	-6.602248579533354977e+00
-7.402637272568443727e+00	-3.976889129926931776e+00
-9.207518670116611403e+00	-9.145709991405528427e+00
-8.903602908755448908e+00	-6.400538310133752518e+00
-9.579483192386550883e+00	-8.118903028126657873e+00
-6.817120537362208132e+00	-1.713243366511499222e+00
-9.311037229950883898e+00	-5.482050708831373242e+00
-8.918849542686293930e+00	-1.108388218653967172e+01
-8.673555010486614592e+00	-1.170743203677374922e+01
-1.038770241894722446e+01	-4.741072545659843485e+00
-8.495265383716557039e+00	-4.240425996600678538e+00
-9.902277895846335554e+00	-6.896288576661512515e+00
-1.025838533150969312e+01	-9.500479994566452646e+00
-1.092400410545239886e+01	-7.134432047697937485e+00
-7.949608067407904599e+00	-1.816467509091063359e+00
-9.843234940980817527e+00	-4.771992197224786736e+00
-5.566120231399226626e+00	-6.190880404611433185e+00
-6.447808738557298192e+00	-7.287540033521910487e+00
-6.860295751963483291e+00	-6.929162917857508930e+00
-5.085654620224648426e+00	-3.904344267641972177e+00
-9.452123427996951932e+00	-3.900998141444993905e+00
-7.444546561536685481e+00	-1.127047189221431900e+01
-6.979656619974750953e+00	-5.149637585618326518e+00
-9.950907216029525770e+00	-9.855503145461542047e+00
-8.391537631772102657e+00	-7.028111015785737159e+00
-1.055420902272843264e+01	-9.390164856280783567e+00
-5.646424728000829951e+00	-3.067961437882816167e+00
-7.923660248386784843e+00	-3.396564976895103616e+00
-6.917623209236793080e+00	-7.679790602022563917e+00
-8.488396569655154877e+00	-4.599602754439484187e+00
-6.424669284098982303e+00	-2.917993845816467591e+00
-1.105008046104555319e+01	-7.994172163304448908e+00
-8.094445970722196293e+00	-3.571672540713615618e+00
-8.636248260424602918e+00	-4.379440467384093871e+00
-1.161462548484857571e+01	-7.078663683667591577e+00
-7.827293113258517288e+00	-6.504556051634819092e+00
-1.063763241842100626e+01	-1.932318761616566460e+00
-9.716674257124628511e+00	-1.102738211304455263e+01
-7.074830906366099903e+00	-1.178553925395195456e+01
-6.739043040060148648e+00	-8.288747626467884544e+00
-9.251412922802600747e+00	-1.153671155525813852e+01
-1.048286030114070932e+01	-3.024243369675737370e+00
-8.446898913376040596e+00	-1.031433126462428440e+01
-7.029367080378923660e+00	-3.026967376693711298e+00
-1.181484420038484728e+01	-4.767792385029290259e+00
-7.793638117608753468e+00	-6.471968719511222545e+00
-7.516182205937308680e+00	-4.125171365762923870e+00
-1.165275798605870072e+01	-2.809907342177659029e+00
-7.898530222782285115e+00	-8.105345683840086579e+00
-8.639275399647088349e+00	-3.821256093922265062e+00
-1.004180577520966189e+01	-5.702483641343738086e+00
-1.129984767681763458e+01	-5.047640076234613637e+00
-4.964880242162632129e+00	-2.610235834530686194e+00
-6.068310143195400741e+00	-2.306890006473754529e+00
-1.130771672912168135e+01	-6.271766195588207360e+00
-9.096873569481500610e+00	-8.599084096850777570e+00
-8.797293983705730014e+00	-1.864997834203470761e+00
-6.794894836283821959e+00	-1.104377599845112279e+01
-6.768695526749243463e+00	-2.503944784251223687e+00
-1.185626874633429750e+01	-8.056837481858618588e+00
-5.704651536580135129e+00	-9.444130925444266467e+00
-7.247881877047023025e+00	-6.137351791791629374e+00
-8.578293105959108544e+00	-7.417970394356765418e+00
-1.044999820420467174e+01	-4.594469087207921021e+00
-8.561490304438336807e+00	-3.328631247790269310e+00
-6.459760406973792612e+00	-2.990918125043399378e+00
-7.854093165989255887e+00	-9.706547747652070512e+00
-8.930389536158756414e+00	-1.135700666263285363e+01
-1.185011806384181021e+01	-7.202835496604641286e+00
-9.900080835223114661e+00	-9.441664792048579002e+00
-1.024610061531879879e+01	-7.797332162091640484e+00
-1.144800398588513524e+01	-1.114052119381214290e+01
-1.071692506112963272e+01	-2.246411623323098627e+00
-1.153837756630750100e+01	-1.781905703147193432e+00
-6.644828825014375440e+00	-6.361941614638823239e+00
-1.188074815096380554e+01	-5.846145081202554827e+00
-9.667280617158674261e+00	-9.268088923878282870e+00
-9.611024975294188977e+00	-1.033115851243140959e+01
-1.026044131159958006e+01	-5.156301359901948267e+00
-9.009272330282250607e+00	-4.913588809153580428e+00
-8.615677042311332912e+00	-8.161587670064568201e+00
-8.696549921930712301e+00	-2.947751307323899006e+00
-1.160164261483440740e+01	-7.189767892538141858e+00
-5.443045212979432890e+00	-8.764847937516814014e+00
-8.020007464896032445e+00	-8.644406432183538769e+00
-9.386385645148321188e+00	-8.095265605483847438e+00
-8.170963272763730245e+00	-6.461752784361795676e+00
-6.899662442094268044e+00	-1.786420342860917998e+00
-1.099195218887685854e+01	-6.395397981493894157e+00
-1.129729147263845412e+01	-8.281405416714719081e+00
-1.047846536995438171e+01	-9.190972038429789492e+00
-9.481394548203367023e+00	-6.812218612842878329e+00
-8.508613732788980144e+00	-6.065393415862598836e+00
-9.811622638011822772e+00	-2.345327225337810351e+00
-7.868622852871600237e+00	-7.639771320634303642e+00
-1.000707418583266772e+01	-3.161327490831022491e+00
-1.086225522052633430e+01	-4.165965874128465529e+00
-7.747753602445580867e+00	-6.708845261594753140e+00
-5.767279560509216196e+00	-9.150936874700571266e+00
-1.121287282228380278e+01	-2.362721286859042369e+00
-4.431784896509173066e+00	-6.379126163174360542e+00
-5.190876041367879168e+00	-6.004828513825875902e+00
-6.400741155446207920e+00	-8.397518564336442282e+00
-7.378673614089283461e+00	-1.110078281819145474e+01
-7.704997763809190658e+00	-6.011037939922339035e+00
-5.667904217728475302e+00	-1.122376910429228580e+01
-6.908132393448972230e+00	-1.006742160102804817e+01
-7.395057875758675792e+00	-1.199323567117450118e+01
-8.517692258188368726e+00	-9.834982927280906395e+00
-8.333040586934345129e+00	-5.389635611993323749e+00
-6.232694577388931734e+00	-1.190303013990755332e+01
-8.663216241583263866e+00	-5.676695711093911356e+00
-7.281711195186564289e+00	-1.197273633073478294e+01
-6.080677605318801859e+00	-2.348437656554083652e+00
-7.956393897413885696e+00	-4.124504678366077037e+00
-5.395324786906226855e+00	-1.056094422824803125e+01
-5.681127910543487758e+00	-9.940954203425013347e+00
-6.019422501689968286e+00	-5.298900322378637284e+00
-1.050721805858337454e+01	-2.457314037925803163e+00
-7.485787978236563056e+00	-6.624437053881123028e+00
-6.327931074635536390e+00	-1.089555365828472588e+01
-8.473400051027466517e+00	-9.947573993834737394e+00
-9.044939282379539591e+00	-7.571516557439543327e+00
-7.463434762001993406e+00	-9.295402128018952936e+00
-7.706947952535123214e+00	-9.500143564858081646e+00
-7.706947952535123214e+00	-9.500143564858081646e+00
-4.789450198156711913e+00	-9.790806493996793591e+00
-8.175118737406300795e+00	-6.205572997648789446e+00
-6.446519415418180188e+00	-7.275689592994249999e+00
-1.118212374977051837e+01	-7.778641291960013859e+00
-5.922878140048918105e+00	-9.559112499313723532e+00
-8.757072482037580485e+00	-5.069037137409270422e+00
-7.035115132521769787e+00	-1.069199354044724970e+01
-7.815668595505027128e+00	-5.126578002896962083e+00
-6.587558580681240450e+00	-7.097553369909716636e+00
-8.891533898752312481e+00	-6.601574724819964324e+00
-4.969665852331946354e+00	-9.929510333286746260e+00
-6.265608020006583345e+00	-1.138888023546394379e+01
-9.158551730337308072e+00	-1.047923958005178591e+01
-7.046932194460723942e+00	-1.189436729936034709e+01
-6.469060279736583929e+00	-9.874499775829189474e+00
-6.257743343978541262e+00	-8.261532753904207382e+00
-7.075505287949069633e+00	-1.059164815443215701e+01
-7.961130315880537545e+00	-8.607360404707268486e+00
-5.978786957313151795e+00	-9.347788815080695812e+00
-1.127557327796274933e+01	-3.073139555157132552e+00
-6.811982552307466854e+00	-6.766324741505392204e+00
-1.053260709984399135e+01	-4.874764643617942816e+00
-9.848859977404996968e+00	-7.077285228286267937e+00
-8.222993283421674349e+00	-8.176432032339690181e+00
-9.886428319226991945e+00	-9.995105022587262411e+00
-1.110506183327129293e+01	-1.050097717068148029e+01
-1.110298176998941777e+01	-1.043630611761122751e+01
-1.116510828833662394e+01	-8.955475322638179136e+00
-8.285884748365498709e+00	-9.479786225680227219e+00
-1.069827346788204281e+01	-1.110212963919704876e+01
-6.411892070321083104e+00	-1.103161522493599200e+01
-1.111336558321910495e+01	-1.105551870523888702e+01
-1.111336558321910495e+01	-1.105551870523888702e+01
-1.185253726062825308e+01	-1.163581074757111189e+01
-1.196887698942334310e+01	-1.030636178243960543e+01
-1.196098977626130910e+01	-1.059141517501871732e+01
-7.725866590994688643e+00	-1.106113133959890682e+01
-1.107312507303322135e+01	-1.034288713616138899e+01
-1.149675900403737216e+01	-1.099406186036327782e+01
-1.066043495249220108e+01	-5.473078001277166038e+00
-1.066043495249220108e+01	-5.473078001277166038e+00
-8.435657983387368830e+00	-1.029745661807462476e+01
-9.716272352028459736e+00	-8.436443387856309428e+00
-1.118043526960263101e+01	-6.651712083187534041e+00
-1.068492520710919891e+01	-8.460961341055051932e+00
-1.108141982077787446e+01	-7.166341842861418954e+00
-1.019909726149114526e+01	-9.108964247101107858e+00
-1.016539093969877072e+01	-1.123707913070066233e+01
-1.182543188862175754e+01	-7.598539689596574220e+00
-1.130994457110397100e+01	-6.529783330142121756e+00
-1.170766128775478698e+01	-5.255575964608943274e+00
-1.070250152154093293e+01	-3.046487537007553481e+00
-1.066705755500234964e+01	-1.118161199613668266e+01
-9.417944347017030537e+00	-9.618780612491958593e+00
-1.109951512765630177e+01	-8.286261096588864561e+00
-4.605088339908426143e+00	-7.738571333121690543e+00
-1.042538354902140263e+01	-6.950581404719415879e+00
-8.599805282155150721e+00	-5.088215698347029914e+00
-7.668195480368138028e+00	-5.614349611879731583e+00
-9.819603992387351710e+00	-8.535521493215618705e+00
-7.386773522558231164e+00	-5.907901247495806807e+00
-6.828708024784256203e+00	-6.207329043105467292e+00
-7.842568109788286002e+00	-7.711280533950336746e+00
-6.175864024233026051e+00	-7.383905087795182176e+00
-1.101005789462134743e+01	-4.967361597190234512e+00
-7.197578075172458512e+00	-1.029749823626639404e+01
-8.305889612833659896e+00	-9.994470082577242565e+00
-9.784997982354534329e+00	-6.033776242149254898e+00
-8.884977468693284308e+00	-6.364919763294135890e+00
-9.000603073619124928e+00	-5.709554275850004856e+00
-1.061292184448926967e+01	-5.451822406920613595e+00
-8.591482146330992720e+00	-5.937137194437700494e+00
-1.065468211914347307e+01	-4.842863934466103082e+00
-1.197225547178546101e+01	-5.825989237376109742e+00
-1.047840363854103884e+01	-3.612133804314589192e+00
-5.147492368220424552e+00	-7.287371610615801742e+00
-5.147492368220424552e+00	-7.287371610615801742e+00
-7.857785002509444894e+00	-8.270727521008716110e+00
-6.391752132438891287e+00	-6.764205599273950043e+00
-6.178649559446200534e+00	-9.556125328357452986e+00
-7.488895026528139098e+00	-9.130628676692948531e+00
-6.385275875382162347e+00	-9.188882555549364284e+00
-7.258992710734765375e+00	-7.991400341919307593e+00
-5.361449601326091496e+00	-1.124008443284091285e+01
-6.679419951024126334e+00	-8.828161779484446470e+00
-6.516806728708332663e+00	-8.367428889267635839e+00
-6.485127029560923795e+00	-8.320447111997415490e+00
-5.039941038447187438e+00	-5.675854535215439256e+00
-5.039941038447187438e+00	-5.675854535215439256e+00
-6.082449619890627268e+00	-9.715947493325957751e+00
-8.983991699957289967e+00	-6.578160027279034594e+00
-6.279305860121766614e+00	-1.099936175729931520e+01
-6.514329470289426105e+00	-1.048530557962418186e+01
-6.245083633576402171e+00	-1.194805887680013790e+01
-5.406777000551618251e+00	-1.127001704676446181e+01
-5.865389581140974862e+00	-1.110686073696548526e+01
-8.315569235920419189e+00	-7.208058158104390323e+00
-6.026956533866282051e+00	-1.194817491000080345e+01
-5.068280474813991354e+00	-1.054287232525999052e+01
-8.157782496942141748e+00	-1.174009071042181951e+01
-6.176093841294293618e+00	-1.182657781841610856e+01
-6.622579828795411849e+00	-1.131486274414015547e+01
-8.276239568784468759e+00	-9.764634367218990363e+00
-4.703403799693925080e+00	-1.017104569541503523e+01
-6.171385062689134671e+00	-1.195598988769630644e+01
-7.415300000116027412e+00	-9.265697181266975946e+00
-7.415300000116027412e+00	-9.265697181266975946e+00
-5.301150235975089053e+00	-6.425744785213970189e+00
-6.613223638896716494e+00	-9.709267313903600538e+00
-6.693565920158495608e+00	-7.060823179687769624e+00
-1.173239816028663540e+01	-4.535740018431658527e+00
-8.081734295075662544e+00	-1.177726255478643225e+01
-8.641448519411646600e+00	-1.191621706325466867e+01
-9.538157275911636646e+00	-1.024503571404201097e+01
-9.574582176532006272e+00	-1.027699816388495613e+01
-9.787647968929716669e+00	-1.062696688984679838e+01
-8.325832913790808476e+00	-1.099946190198019735e+01
-1.096127162214017403e+01	-7.119009220869940258e+00
-1.155460623977679901e+01	-6.906661409554701869e+00
-1.171346114518354220e+01	-6.670979759453302016e+00
-1.088720843769979574e+01	-9.054797973137270972e+00
-1.139560957344860626e+01	-9.741776946375145130e+00
-9.805796168264389934e+00	-9.963887778422980901e+00
-8.414006292552929978e+00	-1.162740627375792890e+01
-9.671626565798273845e+00	-1.163974886113514096e+01
-1.059771227431163965e+01	-1.182725839478482754e+01
-5.249689232440085895e+00	-1.095460078459421815e+01
-5.249689232440085895e+00	-1.095460078459421815e+01
-7.927032647273338561e+00	-1.093908754374708536e+01
-1.115493164471171461e+01	-1.151441151695583365e+01
-9.853679484392147359e+00	-1.022200023559115323e+01
-5.533927444594429979e+00	-1.141055368792470581e+01
-8.940953216113953772e+00	-9.816314224430026769e+00
-1.117223667812132071e+01	-1.049929827009576044e+01
-8.106920589128193910e+00	-1.026860831805590024e+01
-1.164749453698260417e+01	-9.258230060910783266e+00
-7.968483578385825439e+00	-8.752492388374589538e+00
-8.624793053554601130e+00	-7.087973686954185837e+00
-5.416254591939713592e+00	-5.662760770352335271e+00
-5.416254591939713592e+00	-5.662760770352335271e+00
-7.339085589802312626e+00	-9.391701585206465808e+00
-9.669010051308777776e+00	-7.272306540226735727e+00
-8.145810639975447742e+00	-7.063454242519550341e+00
-6.594284170457534344e+00	-5.299842293818675998e+00
-1.058766874126123803e+01	-7.909757137414164418e+00
-7.696377871346731681e+00	-8.676601206565733193e+00
-7.068111282826718522e+00	-7.532813513310852471e+00
-5.626879076462492968e+00	-9.851732213476051214e+00
-8.930359237074508627e+00	-7.867768840630692040e+00
-8.930359237074508627e+00	-7.867768840630692040e+00
-9.622079993372203433e+00	-1.167308362128287946e+01
-1.198583758479529138e+01	-1.002741196941164503e+01
-1.198583758479529138e+01	-1.002741196941164503e+01
-1.073140599109224347e+01	-1.003309515701694110e+01
-1.155143075393165475e+01	-7.763107039645628760e+00
-9.880345853359949970e+00	-1.045168565468189392e+01
-9.880345853359949970e+00	-1.045168565468189392e+01
-1.064798951107140645e+01	-1.064686815348702176e+01
-1.180521708456319807e+01	-1.178589370695365623e+01
-1.180521708456319807e+01	-1.178589370695365623e+01
-7.820900758961052190e+00	-1.168962472800858166e+01
-6.411237926097285822e+00	-1.132676928778393410e+01
-6.411237926097285822e+00	-1.132676928778393410e+01
-1.108935165714979121e+01	-1.140291227579857392e+01
-1.083169925368006226e+01	-1.196186105343909922e+01
-1.083169925368006226e+01	-1.196186105343909922e+01
-9.203682365697325451e+00	-1.148915555644398090e+01
-1.044319306812301029e+01	-1.045634488979729504e+01
-1.026055206543301779e+01	-1.056357144673191861e+01
-1.143408608219172962e+01	-1.101110050117667249e+01
-1.143408608219172962e+01	-1.101110050117667249e+01
-8.827704964144798438e+00	-1.037029325086100329e+01
-6.106929260334649889e+00	-1.169451238812540872e+01
-6.106929260334649889e+00	-1.169451238812540872e+01
-8.227117233406133323e+00	-1.096294494092216709e+01
-1.008207245327525747e+01	-7.564855260218831923e+00
-7.639364749770822804e+00	-1.149555943468759445e+01
-9.981753735615605194e+00	-1.025785737688855370e+01
-6.937118500136193688e+00	-1.114343467283898370e+01
-1.146194514503508444e+01	-1.017152955027403216e+01
-1.122665987830782441e+01	-8.089599530130483274e+00
-9.262174869892159990e+00	-1.026203747636072450e+01
-1.198514348579895916e+01	-9.779368740992360642e+00
-8.979967558274710271e+00	-9.853578410204125504e+00
-4.816134502770783143e+00	-1.071273788635055801e+01
-5.803708170231017149e+00	-1.142152087311316144e+01
-7.071620993099403840e+00	-9.563635348935173752e+00
-8.207981697531806731e+00	-9.328764785929294590e+00
-7.417682161076751157e+00	-1.124861302292545950e+01
-6.502151240275884092e+00	-1.122870010739286428e+01
-6.143097134631744005e+00	-7.920128567842475320e+00
-6.086194392449520763e+00	-7.696430976755023856e+00
-7.185484047531520702e+00	-9.373683977126237465e+00
-6.059572023952570774e+00	-6.853119105767362385e+00
-6.208314929504322066e+00	-8.483029683189169390e+00
-6.638218450123770431e+00	-8.266297864778225701e+00
-6.895784334970104013e+00	-8.165485866421940742e+00
-6.146087968422339287e+00	-9.115731421866790640e+00
-5.281456149435331149e+00	-9.698743635730334489e+00
-5.704901075521133791e+00	-7.431837662610685236e+00
-4.700036743503004821e+00	-8.665480722246915235e+00
-4.808919603290934930e+00	-7.986374635807694133e+00
-5.513596694732107117e+00	-1.038210419592276246e+01
-6.390394493948211796e+00	-8.806896382836761461e+00
-9.627637711417333932e+00	-9.032021428097761984e+00
-6.998455662258896481e+00	-1.071804213636304937e+01
-7.808106971130431617e+00	-1.158146316598398151e+01
-8.588923972452962019e+00	-9.110785174026212019e+00
-8.587573500418496764e+00	-4.254401437173197742e+00
-8.777559257974436591e+00	-6.410083179442622736e+00
-1.152994914116010960e+01	-4.452400025635268044e+00
-8.955216928141334520e+00	-4.693047679535746752e+00
-9.098469409453715073e+00	-5.628012744675086054e+00
-9.633359561874430099e+00	-4.147584069063942280e+00
-7.928178364950286827e+00	-7.113959599445060178e+00
-1.045028504251382984e+01	-5.150741924618220224e+00
-9.914138118538550870e+00	-7.402013518889705601e+00
-6.889572946181440116e+00	-9.272879004210283327e+00
-7.357624870831849684e+00	-1.027685507312710378e+01
-8.100982097068477827e+00	-1.191279517043490799e+01
-9.316959741508634707e+00	-9.549218143700445083e+00
-9.316959741508634707e+00	-9.549218143700445083e+00
-7.297119333077550785e+00	-7.383676470544337178e+00
-1.075513489799308253e+01	-8.904548227424145423e+00
-1.175743737654102894e+01	-1.082585691934405503e+01
-9.573552981216975510e+00	-9.455655134082977753e+00
-1.142223829543945257e+01	-7.641037496577340882e+00
-1.066128047975473514e+01	-1.110750636745247100e+01
-1.109121551560765795e+01	-8.100238565995409701e+00
-1.040799099293042573e+01	-6.425454899939499143e+00
-1.101630262143501682e+01	-4.580147509360179114e+00
-1.172646216444441691e+01	-5.394246742138554929e+00
-1.125398854895628098e+01	-6.100517517433385883e+00
-1.125398854895628098e+01	-6.100517517433385883e+00
-1.187880256484257302e+01	-5.280143922647167365e+00
-1.187820816293860027e+01	-5.424870842695645123e+00
-9.698930631950455350e+00	-7.541958158934862766e+00
-1.039604436733938186e+01	-7.031303151024195230e+00
-1.199232019653243952e+01	-9.044479564387209791e+00
-1.159520935175654621e+01	-9.139054926864881523e+00
-1.135346716152186808e+01	-1.097468127687810657e+01
-1.162917870840798251e+01	-9.642762625080486316e+00
-1.132567523745122884e+01	-1.086787165217191387e+01
-1.020506442406546377e+01	-9.060158121789335439e+00
-1.120316042903271914e+01	-1.082468036967487457e+01
-1.099313861955885230e+01	-9.810443336470894948e+00
-1.197503719896466379e+01	-7.561530564261096821e+00
-9.409661797565521013e+00	-9.663335267322940680e+00
-1.077651439014999823e+01	-8.424845721601570858e+00
-1.148289719861644365e+01	-9.641872919369241401e+00
-9.112340386608179799e+00	-1.119711693544669728e+01
-8.470460966184848672e+00	-1.170992383548906091e+01
-9.751161340755043483e+00	-1.099319970828534565e+01
-9.015760763341035045e+00	-1.104791912783671748e+01
-1.187321467729833913e+01	-1.091945970708620450e+01
-9.583059287835483886e+00	-1.068700944572551670e+01
-1.079799111450134319e+01	-9.438588258744777804e+00
-1.002068612987899421e+01	-8.177700079603908989e+00
-1.082811098033759656e+01	-7.162594670346454251e+00
-1.169407701966171942e+01	-6.529613541766247309e+00
-9.833216495650290767e+00	-6.859504970236760535e+00
-9.469827862313390909e+00	-9.083090399131917181e+00
-8.729942202771308501e+00	-7.385648531957450302e+00
-8.387137588767279439e+00	-7.109008677509784491e+00
-8.241986376854816498e+00	-9.139649344241664863e+00
-1.075937626435347738e+01	-6.617837955914915860e+00
-1.024497681216014833e+01	-5.375083036516927315e+00
-9.238035074277437531e+00	-6.668070851540655042e+00
-1.022547902563108657e+01	-5.836697515513754375e+00
-9.701849888221698137e+00	-6.762195312786969836e+00
-8.163956764958211210e+00	-1.075768605122730470e+01
-1.152294691332998511e+01	-1.030170404776169946e+01
-1.167395223379603486e+01	-9.703304837249582704e+00
-8.985598521650530301e+00	-7.580385098543337641e+00
-8.574036902037896368e+00	-7.328103143709576273e+00
-8.775794060329850765e+00	-8.958755285016593461e+00
-1.036360202000621022e+01	-8.319157797161139456e+00
-7.785386763310563119e+00	-9.640766536390906083e+00
-8.643535338561738612e+00	-8.780207597542322162e+00
-7.485388763817957702e+00	-1.058347111297538490e+01
-9.268580578885805110e+00	-8.187387358099874390e+00
-9.173965049706648500e+00	-6.126035357431775630e+00
-7.028844858254203132e+00	-1.137407612421033498e+01
-6.516118490381080264e+00	-1.192173487236200025e+01
-7.236782886748254207e+00	-1.182756392257883604e+01
-5.976313133721470550e+00	-1.071395041321661701e+01
-7.952738970602277746e+00	-1.126131732459770163e+01
-5.529411892274748830e+00	-9.890682106960998254e+00
-5.529411892274748830e+00	-9.890682106960998254e+00
-8.136069511638629237e+00	-1.143218871802696412e+01
-5.718403447079525748e+00	-1.073447186170959355e+01
-5.718403447079525748e+00	-1.073447186170959355e+01
-7.751916783839774894e+00	-9.547605266178539551e+00
-4.625317160377202086e+00	-8.868270098912613975e+00
-5.527565369796067607e+00	-1.117633183428396748e+01
-8.738786924679670776e+00	-9.778666476413054198e+00
-6.975514376826018825e+00	-8.511279302252404477e+00
-5.916085190221457957e+00	-8.748939474034678199e+00
-7.894964741743979886e+00	-1.002780293638617870e+01
-8.637675740856735729e+00	-8.472930974841649032e+00
-8.417850803402275872e+00	-1.151293074921712645e+01
-8.580932432832137025e+00	-1.003489233120658675e+01
-7.173930958134207891e+00	-1.025306325666206853e+01
-6.654540057451342250e+00	-1.191129087130044262e+01
-6.199062646700844503e+00	-8.514202169008001420e+00
-7.018678719604043437e+00	-1.074391031267489360e+01
-7.493848604813409864e+00	-9.444816627381543483e+00
-7.986072816410715092e+00	-1.051955125916872014e+01
-7.470137849713019307e+00	-1.131396536914070694e+01
-7.475605510758463801e+00	-9.653727042812640491e+00
-5.574102479588312953e+00	-7.697856152706590294e+00
-7.791114725635500449e+00	-7.855633973340777843e+00
-7.081828151352248746e+00	-7.223894158878559679e+00
-6.886939513874818175e+00	-6.724542934090537827e+00
-6.182710005313000856e+00	-7.948242439564486617e+00
-4.915602654720157894e+00	-8.245178721797771004e+00
-8.843940575018942596e+00	-8.871021185059381864e+00
-5.677090971719724877e+00	-4.042957080020268101e+00
-5.289021061567421356e+00	-1.002817628824549168e+01
-8.548425586659522679e+00	-6.549307415904323193e+00
-6.186278002813715204e+00	-9.730132621039476959e+00
-6.021488986861234238e+00	-1.062010181585332091e+01
-6.111475060491729394e+00	-1.126421958682091429e+01
-7.404133852718270070e+00	-9.114694951420517555e+00
-6.479294040813579514e+00	-5.373815244157825965e+00
-4.440634971147008336e+00	-5.553549077600582251e+00
-6.019289882772590694e+00	-4.914790280987071824e+00
-6.567271527180850832e+00	-6.465274786129561413e+00
-6.118547756242448621e+00	-7.008586469121547147e+00
-5.487729339305100318e+00	-6.608712495739173853e+00
-5.187826540715973600e+00	-5.242345821301338304e+00
-5.750820395647120442e+00	-5.617898823179361401e+00
-6.583188670436715739e+00	-6.048184881444172767e+00
-4.754792784043214482e+00	-4.218980357789789082e+00
-5.977129466574884198e+00	-6.993484236761420725e+00
-5.261253553879705613e+00	-5.471070906813995549e+00
-4.747506045355504689e+00	-7.261769733541505012e+00
-7.456440117976208981e+00	-8.575219705769177025e+00
-9.987381004359635384e+00	-8.528027911616094414e+00
-9.017255571343065768e+00	-1.086075152404357169e+01
-9.017255571343065768e+00	-1.086075152404357169e+01
-9.498164084056435641e+00	-1.148479308292583667e+01
-9.498164084056435641e+00	-1.148479308292583667e+01
-1.124616256248504520e+01	-7.560246875176988013e+00
-1.124616256248504520e+01	-7.560246875176988013e+00
-1.163504188888599344e+01	-1.042095286822242528e+01
-1.005143146876539717e+01	-1.052574393598792746e+01
-9.207038546665410550e+00	-8.918497012971194238e+00
-9.897473124908190201e+00	-1.064932500717733177e+01
-1.065102404170725059e+01	-9.440053285587282517e+00
-1.043916001621073519e+01	-8.440083118239014581e+00
-1.172644089765893050e+01	-1.179681918457053058e+01
-9.540208803054531117e+00	-1.103720170688343671e+01
-1.191395816178944322e+01	-9.812060649012060765e+00
-1.121736620754763081e+01	-8.971009857428601464e+00
-1.026956338637908139e+01	-9.671506668730312839e+00
-1.107581427048753575e+01	-8.206900523457553831e+00
-1.021799037804897914e+01	-1.026949273856697609e+01
-1.174356364797246499e+01	-8.700123314242375727e+00
-9.100144635947934546e+00	-9.614056372675191753e+00
-8.670708213559954913e+00	-8.947785723594144258e+00
-9.955552397811041843e+00	-1.114031933968889554e+01
-9.955552397811041843e+00	-1.114031933968889554e+01
-1.088929049489166268e+01	-9.802013157357908568e+00
-1.088651524681630356e+01	-1.090927266513344485e+01
-1.139750858289500890e+01	-9.287102547757331905e+00
-1.029382034442614113e+01	-7.804968906061240830e+00
-1.172002153580561234e+01	-1.066897197301997302e+01
-1.020561642155594662e+01	-1.137031672544464556e+01
-1.121228897854671480e+01	-1.163137740730223157e+01
-1.029874967999966628e+01	-1.131277063590228593e+01
-1.055969072279147625e+01	-1.022689339424818300e+01
-8.455487443912009127e+00	-1.169424271227136813e+01
-1.022534197090173613e+01	-1.122786696145229968e+01
-9.435802728964798547e+00	-1.054494188364135177e+01
-9.821220618559681981e+00	-9.978170199795274087e+00
-1.136617189176502585e+01	-1.150728967611643760e+01
-1.077859543546535193e+01	-1.057586528229788847e+01
-9.498918936938864022e+00	-9.200185268725201482e+00
-9.954722419522322951e+00	-1.114423236469240486e+01
-1.098994347841025210e+01	-1.129768769680028662e+01
-8.367439688632035910e+00	-1.159787904700933758e+01
-7.941197255136190236e+00	-1.130259150652541145e+01
-6.210492328530600403e+00	-8.783466129761482222e+00
-6.153723916888639067e+00	-1.089763519339989095e+01
-5.473869905774684241e+00	-6.782910673198851548e+00
-1.021959461223035071e+01	-5.900735300087268875e+00
-6.956696881421498446e+00	-8.411826970539436843e+00
-6.451229223947753333e+00	-7.557720530949514348e+00
-8.266464913114196733e+00	-5.916395221196411924e+00
-6.251138959152572561e+00	-9.345950360388698641e+00
-7.432339353465827969e+00	-6.096250975405558492e+00
-5.758148065694785878e+00	-5.508877119852174431e+00
-8.103741909719552439e+00	-7.692487839769747815e+00
-8.322024088762402627e+00	-8.121855437526724231e+00
-7.180165737545462612e+00	-5.849508041209222853e+00
-5.419148526188481974e+00	-6.565540921729845714e+00
-6.507675242631558277e+00	-7.015594257150140400e+00
-9.136339921718976242e+00	-9.422971722982731890e+00
-5.904631408897321521e+00	-8.001879900594435213e+00
-6.815483449113684422e+00	-8.731719070726665421e+00
-7.951056770020986875e+00	-4.931321519304495915e+00
-5.994159107373397077e+00	-6.995519992763115091e+00
-8.713805468757225725e+00	-8.966982010764921185e+00
-7.196853184644973922e+00	-7.624862402138767870e+00
-9.167814660696476992e+00	-7.074788846517661156e+00
-6.891082116212701614e+00	-6.274784373515855940e+00
-5.998672903787270805e+00	-1.007759122332781310e+01
-7.478873166204435208e+00	-6.858438209245177219e+00
-5.399600229640305393e+00	-1.198891025988839765e+01
-5.796403847372180174e+00	-8.614925293572802900e+00
-8.837325099444422349e+00	-6.094656334790502505e+00
-9.230233023745862297e+00	-5.304188872654601816e+00
-7.755265090320828669e+00	-5.739309349470621768e+00
-7.240593734360250444e+00	-6.955288775984861616e+00
-6.683711526198441888e+00	-8.660576884759111138e+00
-5.253324846355321931e+00	-6.837815298525632635e+00
-5.801494083377717992e+00	-7.941645120535969049e+00
-7.292761926688084095e+00	-5.010628897434121320e+00
-8.358587306004459094e+00	-6.282231948327760662e+00
-8.358587306004459094e+00	-6.282231948327760662e+00
-7.764223024647159299e+00	-6.932897887053766972e+00
-7.608532795360870793e+00	-5.839464531425494265e+00
-7.042409968210316507e+00	-6.561084608624832448e+00
-7.429117946620205082e+00	-9.508258763188258911e+00
-6.151113818167089242e+00	-1.025226344207550433e+01
-8.815171939770038989e+00	-6.873782167493962980e+00
-7.194933210905575471e+00	-8.424558924704442120e+00
-4.990410763918208481e+00	-7.129086816927913794e+00
-6.709837922302950730e+00	-8.776477371625004409e+00
-6.641589525196216037e+00	-8.971574775498117660e+00
-5.954280259120757535e+00	-9.634190587365070613e+00
-5.671050752289541919e+00	-1.040978360372500688e+01
-6.206378232806913253e+00	-7.622359284068132901e+00
-7.814274011735257375e+00	-7.566403258792557374e+00
-5.737297898878765068e+00	-8.748985488176840519e+00
-7.271555752974673048e+00	-6.780320457306407533e+00
-1.145160722157968891e+01	-7.666272518203201436e+00
-9.383990811595664283e+00	-8.709135530492670085e+00
-9.839814333217804077e+00	-1.138127789444751592e+01
-1.026896780754302263e+01	-9.472077997441957109e+00
-9.598615847794686573e+00	-8.638650749488334668e+00
-1.111708994815524854e+01	-6.124898303414120448e+00
-8.819056447286683920e+00	-5.188511821921262701e+00
-1.122597175673921654e+01	-7.350101418321483671e+00
-1.122346532600757740e+01	-7.730327772499026473e+00
-1.094789139402011102e+01	-7.823519231205134261e+00
-9.416367364121311923e+00	-9.424116923369707521e+00
-9.133251101446798970e+00	-9.474445434847517333e+00
-9.210550134530086197e+00	-1.045959960204337058e+01
-6.928145448522217364e+00	-1.102013817182603717e+01
-9.873523557854953836e+00	-1.145433770708850219e+01
-9.492027023770194916e+00	-8.836641926894310828e+00
-1.190259934251041152e+01	-9.768902142017964252e+00
-1.095507369041537338e+01	-1.011665714440771602e+01
-1.075449200537432759e+01	-8.806029120668020127e+00
-9.652910696504269694e+00	-1.198345423510760988e+01
-9.434989591853533142e+00	-9.547189594899332832e+00
-1.019189354967772054e+01	-1.144260886205929317e+01
-1.098936609033862766e+01	-1.070537596572702732e+01
-1.106900930404745154e+01	-9.601335867136338464e+00
-1.106900930404745154e+01	-9.601335867136338464e+00
-1.117962307716739012e+01	-9.396021501006490695e+00
-1.197335397244162181e+01	-1.067340354608671404e+01
-1.049422119307601520e+01	-8.691187500553626322e+00
-1.010848252645581979e+01	-9.377784677913103550e+00
-1.097588144015984746e+01	-8.937429540685258189e+00
-1.061230344659274927e+01	-5.489103146642856146e+00
-1.013228867103048536e+01	-1.098609573880587575e+01
-9.738645328914129706e+00	-7.771472050917710206e+00
-9.410198485913538136e+00	-1.097878099120592132e+01
-1.110020724381920587e+01	-7.579980738225120973e+00
-8.571550700256292288e+00	-1.085514245732579219e+01
-7.734692404392280451e+00	-1.115274697634741230e+01
-6.384091608925098527e+00	-1.101905113142900028e+01
-8.498171754243710296e+00	-9.633112726594484698e+00
-9.174665148027983719e+00	-1.134283687825374898e+01
-9.411295216058343627e+00	-1.075503445034347649e+01
-9.539018091715453451e+00	-1.044102663619526439e+01
-8.124940870168135376e+00	-5.153203792107649228e+00
-6.694495545633199818e+00	-7.361542969406192682e+00
-1.069315245530757608e+01	-6.364156207423463663e+00
-1.140178653215265392e+01	-6.355349679409084906e+00
-9.088900203481024676e+00	-3.786928900635436523e+00
-1.153726220569767236e+01	-6.002374470203966972e+00
-1.103230451529720035e+01	-3.134440450073876061e+00
-1.102118489616843000e+01	-4.263669946986182069e+00
-1.122246981125852727e+01	-6.070232332901064787e+00
-1.120999211114464345e+01	-4.718701772922683446e+00
-1.139387198266401491e+01	-3.186545102925170792e+00
-9.272038961535880475e+00	-5.030033085898643286e+00
-1.197995555192832384e+01	-3.835637961761273473e+00
-1.048201272144217455e+01	-5.597428569724242742e+00
-1.195160530118831232e+01	-4.551917328660225692e+00
-7.316792177640106587e+00	-5.645878512940782912e+00
-9.839325885521702730e+00	-5.950502574492324115e+00
-1.109224879093925153e+01	-7.891706419360098756e+00
-1.132412492583962127e+01	-6.505823171339089939e+00
-1.041340373311421352e+01	-8.200860018153630193e+00
-1.053265797730433384e+01	-6.234653616947811727e+00
-1.092198296475014629e+01	-4.098152118897834484e+00
-1.169261835282507356e+01	-3.090441441960153579e+00
-1.116117665975688134e+01	-5.461407726345634650e+00
-1.117928379952411611e+01	-6.797454717160699822e+00
-1.034145899654962442e+01	-6.768529981354570957e+00
-1.171916023231794668e+01	-5.533213685133733684e+00
-1.170137426028685468e+01	-4.825039284049783994e+00
-1.199647006923884973e+01	-5.355055587047755417e+00
-1.149771577086323049e+01	-7.713712395343009121e+00
-8.276366205670548482e+00	-5.500190385200967924e+00
-7.643362009590110695e+00	-4.376027031674585288e+00
-1.042587809442464142e+01	-5.398776249891361623e+00
-1.072405103851018104e+01	-3.117169823914653026e+00
-9.217626169185244578e+00	-6.191412755952783620e+00
-1.057647802884968513e+01	-5.779142518468260548e+00
-1.104926853348838378e+01	-5.938482609788906963e+00
-1.153884770945799509e+01	-6.581963549360785315e+00
-1.153884770945799509e+01	-6.581963549360785315e+00
-1.167728657267764092e+01	-4.676672757996556129e+00
-1.105571148607621268e+01	-2.961693928218735561e+00
-1.146077929976250864e+01	-7.058844906451139600e+00
-1.051080987377053333e+01	-7.034255277216328039e+00
-1.090630299405527914e+01	-7.011454399095428336e+00
-9.412366339209768284e+00	-5.646614645574531188e+00
-1.041854259926298454e+01	-5.228748639759283279e+00
-1.140697724272774849e+01	-5.281677386064593804e+00
-1.152603710895068012e+01	-7.107790857355304581e+00
-1.042845889444246943e+01	-6.397706592771112533e+00
-1.100695487007295625e+01	-5.942913084220742270e+00
-1.156576328910379559e+01	-3.898123933529415108e+00
-1.178999552222845537e+01	-4.976629164385510506e+00
-8.375992049384354488e+00	-7.607463651717419673e+00
-1.036323729933464222e+01	-7.610143995199812217e+00
-1.009093735082222842e+01	-4.827624479547147018e+00
-9.750278377860622570e+00	-4.065762244649188339e+00
-1.112137639309272785e+01	-3.109111935033892937e+00
-1.129686973405660133e+01	-5.252256288758329283e+00
-1.024695043279074191e+01	-4.075332817596143187e+00
-9.030799466755137672e+00	-7.055860955252791555e+00
-9.981610920827005629e+00	-8.250178294578635274e+00
-1.161164283124641194e+01	-9.176915821857528854e+00
-1.141834858612017456e+01	-9.506720660197160555e+00
-9.609455262481516158e+00	-1.143384577027632076e+01
-1.059904341754314672e+01	-1.046380956475705304e+01
-1.190597982711788738e+01	-1.154646948174452703e+01
-1.113892913989357503e+01	-1.016410069887596634e+01
-1.182493598206463581e+01	-9.878027556533547582e+00
-9.126183926523795620e+00	-1.180675258343019784e+01
-1.140974723268243451e+01	-9.284955097560192883e+00
-1.010198321075495898e+01	-1.157422528450634758e+01
-1.164746128885467158e+01	-9.329850813952186073e+00
-1.171442776876030223e+01	-1.084515894121376434e+01
-1.120591656743836495e+01	-7.796730794517101160e+00
-1.088457332952615531e+01	-9.441755008821701267e+00
-1.180347310769176339e+01	-8.192883744001626667e+00
-1.129984620733908862e+01	-8.463999245448935227e+00
-7.069857196269862420e+00	-9.999219112982348889e+00
-6.592730146032645955e+00	-8.290659429505117473e+00
-5.832630550265537117e+00	-1.085666841032374208e+01
-5.756093142829468157e+00	-1.166828229358539915e+01
-5.927937218304080602e+00	-9.976484909341667873e+00
-8.550241480854419152e+00	-1.118984994816125500e+01
-8.000659652112450004e+00	-9.009867488890291654e+00
-8.683361917569822452e+00	-1.185632954309638798e+01
-5.233885018727050920e+00	-1.129460992050154289e+01
-6.623451362464151337e+00	-1.081246941593493638e+01
-8.096835184542268138e+00	-1.105590135507183724e+01
-6.667687383901917286e+00	-1.104741445321201709e+01
-9.166912630389370875e+00	-1.187338215950161313e+01
-9.884078959980859835e+00	-9.147868335097044223e+00
-1.109327689416637774e+01	-1.098721590982132668e+01
-1.152858182679425525e+01	-8.133980350573118301e+00
-1.160378409810295786e+01	-6.259915006226627554e+00
-9.536383229718703447e+00	-6.749862347199178991e+00
-1.052950730466535489e+01	-7.105993568252242376e+00
-1.135959708342987717e+01	-7.826412306237924277e+00
-9.831413601934039903e+00	-1.074827728681627903e+01
-1.165118955215678653e+01	-7.402222706400309882e+00
-8.978035710526054203e+00	-8.747001787737801237e+00
-1.072098419966358485e+01	-1.005938224816470772e+01
-9.457658409935405075e+00	-1.181982389835342673e+01
-1.142844126084670542e+01	-9.756884123067139925e+00
-7.158585379051517705e+00	-6.825126270055845268e+00
-7.158585379051517705e+00	-6.825126270055845268e+00
-5.313629652130633652e+00	-6.636003346688617022e+00
-6.797651532992443180e+00	-7.681688270354311676e+00
-8.091894412146226401e+00	-6.011155046515256117e+00
-1.076703493402197864e+01	-7.786672428441135274e+00
-9.720172372717938103e+00	-7.099014201854523698e+00
-1.011257532237811496e+01	-7.752166146357272858e+00
-1.054313043989251497e+01	-5.759455144264863158e+00
-1.013958343792456773e+01	-5.969455454060891952e+00
-1.013958343792456773e+01	-5.969455454060891952e+00
-1.020276454155505697e+01	-5.556751536195058350e+00
-1.048107925735468626e+01	-7.253765505461759133e+00
-7.546492586844508743e+00	-9.583400641459654423e+00
-5.048609946025621298e+00	-1.132993570710428877e+01
-8.110221079956712487e+00	-9.017128086300727929e+00
-9.449852950285828612e+00	-8.260732510355561331e+00
-7.340002783148885435e+00	-9.865918650781800636e+00
-5.893426446008446895e+00	-7.956153924872650940e+00
-8.917295371640298285e+00	-8.743111585091428495e+00
-8.917295371640298285e+00	-8.743111585091428495e+00
-7.468528297890223655e+00	-9.681490492876008602e+00
-1.017342920465408085e+01	-6.880002331520752357e+00
-9.238502326779910234e+00	-1.124221476200392189e+01
-1.112870332341041824e+01	-9.145722549207889074e+00
-1.168367211101280745e+01	-9.162413168385372231e+00
-1.126035799727400466e+01	-6.354603079979966651e+00
-8.443950112438098898e+00	-9.459910023314410665e+00
-1.170270390365691249e+01	-8.785650643634795642e+00
-8.152175978734540251e+00	-1.118665930534235464e+01
-1.010288130951530405e+01	-1.106133884279400625e+01
-7.856103170901887367e+00	-1.169631748784841818e+01
-9.102144219226509847e+00	-1.175012206153477834e+01
-1.049872952491906730e+01	-8.380207588779919448e+00
-5.099191190835306919e+00	-1.130236249359965051e+01
-7.605286302513317942e+00	-1.020420197679124108e+01
-7.032621916291700082e+00	-7.396594337944415010e+00
-1.042251070168346239e+01	-7.420248304527887306e+00
-9.146790895322579829e+00	-7.415467243387992013e+00
-6.540258083517703547e+00	-9.703049501872147431e+00
-8.774524245435580738e+00	-8.573967755192409612e+00
-9.990297688698532852e+00	-7.092583789250497261e+00
-6.650481315920067082e+00	-9.490484386657804805e+00
-8.647282002910285925e+00	-5.797280524349522679e+00
-9.831615588890379343e+00	-7.301290719508053861e+00
-1.108722852031080386e+01	-7.157904869713823004e+00
-9.933798410349284680e+00	-6.850013164058525561e+00
-7.165724848328819618e+00	-7.310719763088489032e+00
-1.000390703116950419e+01	-7.337988488655028618e+00
-5.974471554560946807e+00	-8.741281867592855193e+00
-6.295565396499422484e+00	-1.044034655077432738e+01
-5.615563791387577552e+00	-6.745805355885735821e+00
-9.998498995547759449e+00	-1.102231930846645547e+01
-8.771350570856748519e+00	-1.120137237754620685e+01
-1.147149679854668491e+01	-1.158752912087229348e+01
-9.300116995955857391e+00	-1.155781953712233801e+01
-9.927982588691293131e+00	-7.869451662292263450e+00
-9.929881817472040240e+00	-1.140316089655248000e+01
-1.167420156945519061e+01	-1.049664109320317529e+01
-1.179018088818897958e+01	-9.814454329966588730e+00
-1.116469535351069986e+01	-1.049016931052969070e+01
-1.140483874373646067e+01	-9.757203843499514306e+00
-1.083021197380766232e+01	-1.043285062409041686e+01
-1.144592252207296390e+01	-1.035753320840298208e+01
-9.485137019447074991e+00	-1.153718614751526772e+01
-1.025944779754325076e+01	-9.108647714129672224e+00
-1.196882214450798898e+01	-9.636915144956521573e+00
-1.018133853889784746e+01	-8.571403246874719883e+00
-1.033318331292939618e+01	-7.919753365458891636e+00
-1.034766271749212407e+01	-8.556477388951895691e+00
-1.158320472346766294e+01	-1.120799811146121350e+01
-1.078636501619213206e+01	-7.889096921598162560e+00
-9.647553208162030103e+00	-9.617179259068070252e+00
-1.002427047988905429e+01	-9.356338874394319660e+00
-1.148028111096358295e+01	-1.108055815574402203e+01
-1.140717967647229791e+01	-7.943629732450812497e+00
-1.140717967647229791e+01	-7.943629732450812497e+00
-1.138289517256954397e+01	-9.025735227087153589e+00
-9.888122305745053353e+00	-1.026752099650662231e+01
-1.083196542362411563e+01	-6.348146426447617507e+00
-1.157615988649758698e+01	-9.661602762030934599e+00
-8.638898393235251660e+00	-1.042512315897274000e+01
-8.205155424337540637e+00	-7.605212918230460417e+00
-8.849448884022246276e+00	-8.514819912729764795e+00
-8.977166821120984963e+00	-6.504499968876674032e+00
-9.710714764952324884e+00	-6.603906282310700426e+00
-6.399961497094557750e+00	-7.509733046159504433e+00
-7.682783992934043127e+00	-5.993720301930538064e+00
-6.374296057816308370e+00	-6.360813254191419297e+00
-5.179127045130091922e+00	-5.853430350516972247e+00
-7.095009791745848560e+00	-7.363809643030911012e+00
-6.353657408347214819e+00	-7.610251288402197112e+00
-9.621815454060589801e+00	-8.199113595227949247e+00
-7.646675378342497886e+00	-8.748212819716986388e+00
-9.042035709007480548e+00	-6.054822840322376720e+00
-6.390828468873080759e+00	-5.468538884152290613e+00
-6.991032616432107716e+00	-5.367469362501283925e+00
-1.096701216158406744e+01	-8.145978850242967084e+00
-6.269044016455664448e+00	-4.992322686676542887e+00
-8.142872431314200909e+00	-3.754333521267504192e+00
-9.226147400831765211e+00	-9.630704777881961220e+00
-9.528771357935408304e+00	-1.060608803158572400e+01
-9.594535356058061737e+00	-1.121199925231858074e+01
-8.752815650764437905e+00	-9.351828021151277426e+00
-8.378807053814998795e+00	-9.243132044923131119e+00
-1.029120557648168699e+01	-7.888400593553163809e+00
-1.169426496443570862e+01	-1.162589783797981902e+01
-1.160807488264895682e+01	-8.569086391677094738e+00
-1.089971338726097372e+01	-9.313610931840216267e+00
-9.226717250319092400e+00	-1.016129879530391378e+01
-1.145348472499251891e+01	-9.642998908086676479e+00
-1.060426070479885219e+01	-8.924110867601770636e+00
-9.524631819802740651e+00	-1.021449828909911339e+01
-1.081657927925506613e+01	-1.195888455975678255e+01
-1.199770931042999855e+01	-8.388557718260738483e+00
-1.056896179997009533e+01	-9.128625347336290830e+00
-1.057732870435062900e+01	-1.111099162746586622e+01
-1.020628955861168485e+01	-1.042950856404852900e+01
-1.135992437405784372e+01	-1.104469807382294100e+01
-8.720322965635016743e+00	-1.045611583869568406e+01
-1.194786876744294446e+01	-8.828486333665839680e+00
-1.121858864971127900e+01	-6.889713636567052824e+00
-1.067570011150912457e+01	-3.475072958288408120e+00
-1.152094307823237429e+01	-7.848342584967340052e+00
-1.192027526455334652e+01	-6.010239818168611414e+00
-9.721200669898211189e+00	-2.921216850174158886e+00
-1.092732020256830872e+01	-2.218367344614092129e+00
-1.110781262131915881e+01	-3.095084811933135782e+00
-9.853173951681354126e+00	-4.323319970942670842e+00
-1.172856901880943248e+01	-7.034091566914556282e+00
-1.084044218089109357e+01	-2.309509668528002990e+00
-1.029338126378354978e+01	-6.798258089937331050e+00
-1.180286272036374484e+01	-9.374753314361017331e+00
-1.046293961218074564e+01	-3.768050396918572353e+00
-9.370231693275806961e+00	-7.195091738040253482e+00
-1.054921330989486883e+01	-6.491322615532377327e+00
-9.608881065586489356e+00	-4.152222411161989868e+00
-6.972957249482478304e+00	-9.413425144752007867e+00
-7.192028475755109618e+00	-1.118293244525940366e+01
-7.031127680700097748e+00	-1.021978758580912761e+01
-7.598739006171417287e+00	-1.067856655304834490e+01
-6.790427602021618547e+00	-1.058044873071220948e+01
-7.081418580023246534e+00	-1.105732108627021049e+01
-7.105533235556681149e+00	-1.041880766925690871e+01
-7.105533235556681149e+00	-1.041880766925690871e+01
-6.460577715372052054e+00	-9.564796087773183686e+00
-8.520067687246987376e+00	-1.111916967073428353e+01
-6.309535281266691165e+00	-1.084752046095137423e+01
-5.660494679739269230e+00	-9.079841610421746978e+00
-8.380645506964995661e+00	-9.707288822342214019e+00
-7.117040755958458753e+00	-9.757086745498355640e+00
-7.168028872849409261e+00	-9.740047973227802913e+00
-5.151080946305804709e+00	-1.141029394942519382e+01
-6.646690505129704718e+00	-1.196068188566349555e+01
-7.397388556878937038e+00	-8.659025186504059945e+00
-8.177626124082625125e+00	-9.528167480140712797e+00
-8.180947165097860463e+00	-8.961893291460411248e+00
-8.481104521037266863e+00	-8.973537674995272440e+00
-8.028040523326513522e+00	-1.009701088413324399e+01
-8.864217239088889144e+00	-9.614537814271695737e+00
-8.177993708620988400e+00	-1.083757442099174284e+01
-6.451701794607012097e+00	-1.096537941075388112e+01
-6.936162545877574637e+00	-1.005854647826683745e+01
-5.895104545704456633e+00	-1.069947643623945766e+01
-5.154487146403901043e+00	-1.052778032607805514e+01
-4.887210906968062929e+00	-1.118877593486856981e+01
-6.931312489983949554e+00	-1.132863118092217114e+01
-6.716887837649161419e+00	-1.057585627133019912e+01
-6.397492411655020916e+00	-1.111202901674826649e+01
-6.559115745912132311e+00	-9.647135339327011394e+00
-5.111221767779535519e+00	-1.131486287380724676e+01
-8.438305577995793172e+00	-7.413117437062657800e+00
-6.745242000013596417e+00	-1.130921843335985777e+01
-5.887115297382543133e+00	-9.712268102650844170e+00
-7.100504526360967184e+00	-1.055794852185611354e+01
-7.398934071265362178e+00	-7.812497644842436806e+00
-8.523640715300645709e+00	-1.190118790553312600e+01
-5.397682817857602622e+00	-1.047503868911741165e+01
-6.265312030179811309e+00	-1.059266061091762801e+01
-7.474513284358506482e+00	-1.054980524849522894e+01
-6.367378367501999037e+00	-9.642020030604195213e+00
-5.974047982146966973e+00	-1.139194010015452285e+01
-6.693919629387894865e+00	-1.166670284974148686e+01
-6.693919629387894865e+00	-1.166670284974148686e+01
-8.216301959367873664e+00	-1.164632229518005957e+01
-6.391716818932232869e+00	-7.622281029197183422e+00
-5.918480976256972781e+00	-7.931968152401887906e+00
-8.245289757238747796e+00	-7.287891910696741249e+00
-8.995590196206446620e+00	-9.295885481260366845e+00
-6.780912977411577280e+00	-6.748788735895642432e+00
-5.133485264504884960e+00	-1.126342980363044610e+01
-8.548716654332418230e+00	-8.643662837204253435e+00
-5.544998240256323818e+00	-5.997511438975294595e+00
-7.771452054588152691e+00	-9.730084718261551302e+00
-9.960423650291307496e+00	-6.496098412824290236e+00
-9.236082728813569176e+00	-6.828081097311225811e+00
-5.689768327463192499e+00	-5.803250127226242228e+00
-6.312123392606084238e+00	-4.557324785801708522e+00
-6.312123392606084238e+00	-4.557324785801708522e+00
-6.621225051461570921e+00	-7.100241749000927527e+00
-7.554059630658815472e+00	-7.659765222787047634e+00
-7.312681431321105485e+00	-5.541149509038018728e+00
-1.139335736176155045e+01	-2.226955647326257726e+00
-9.457643984681594063e+00	-5.766807020453770249e+00
-7.949278557464395156e+00	-6.216213710927154246e+00
-8.378114463932391232e+00	-7.903665494867885499e+00
-8.645521691898666816e+00	-6.204524834653703635e+00
-9.969004830156196206e+00	-6.941886528330403650e+00
-1.031703511182694477e+01	-5.215945153431063019e+00
-9.202789328824154680e+00	-6.416737346815933662e+00
-8.891946485747592277e+00	-2.167721084242676177e+00
-8.493333111938449420e+00	-4.765869927897666614e+00
-7.274640854461139838e+00	-5.302307556896439955e+00
-1.184133565383597997e+01	-3.385644251951656969e+00
-9.118366590980206965e+00	-3.525963192098201748e+00
-1.044361639166887201e+01	-6.496673635449231377e+00
-1.048810950467644787e+01	-3.685293608808887900e+00
-1.134238803703875931e+01	-2.634463106063028359e+00
-1.025705017286495746e+01	-5.698922809671846501e+00
-1.025705017286495746e+01	-5.698922809671846501e+00
-9.918389509773318125e+00	-6.376777340164464292e+00
-1.030956851748532266e+01	-6.389679439574651454e+00
-1.015452956220792124e+01	-2.729635421969607734e+00
-1.082682803499914570e+01	-3.448039454420332994e+00
-9.939967281824785061e+00	-3.529794961156747402e+00
-9.136676454704257822e+00	-5.901774542141793312e+00
-7.363747595053314221e+00	-2.130976224755702919e+00
-8.461126027862025722e+00	-4.229334946569113463e+00
-8.374411248067660907e+00	-5.491626630309689894e+00
-6.643675856277560854e+00	-5.115899027343643546e+00
-5.898489133441807475e+00	-2.534553171057908116e+00
-7.594057819021183597e+00	-4.474477133159054709e+00
-7.272631139260095523e+00	-2.771140739609053938e+00
-8.162058576481024730e+00	-5.434144881295747354e+00
-5.758381709600282505e+00	-4.184733497661038193e+00
-9.973713317662856070e+00	-2.766582407538875632e+00
-9.367382966750016138e+00	-2.792026980396291602e+00
-9.477456962713192823e+00	-3.179986975850234376e+00
-8.971208531920762397e+00	-4.727279784425179265e+00
-7.242327380539948400e+00	-4.061819722305446412e+00
-8.448792364918272568e+00	-5.070813022772933998e+00
-1.101296654821756249e+01	-4.079493212625732390e+00
-9.268838372554402127e+00	-8.819676297980302948e+00
-1.166087248152170552e+01	-4.372621916462398950e+00
-1.088006291648237678e+01	-3.387179561285682539e+00
-1.144569950259427671e+01	-4.146007558628639345e+00
-8.898993895399234688e+00	-4.717755661763954222e+00
-9.791465257450482795e+00	-3.420393601189251509e+00
-8.305868155165194722e+00	-4.319036955792280530e+00
-8.254318533400134328e+00	-4.155846544592040281e+00
-1.050476894769241731e+01	-5.632225103453653681e+00
-1.072839693564282548e+01	-4.144955816780284685e+00
-1.198853835331374817e+01	-5.174703186018153822e+00
-8.640337695164298282e+00	-6.506405055113806846e+00
-9.998404775334696737e+00	-8.103247556068090773e+00
-7.877197156485876484e+00	-6.180504573193473128e+00
-1.127353051853052435e+01	-6.170945574108099407e+00
-9.403970839613617017e+00	-3.333518616190314532e+00
-9.971849510403098193e+00	-6.192798992323783835e+00
-1.028315901796701581e+01	-8.093249100373890670e+00
-7.770527962330414873e+00	-7.300990372326762845e+00
-8.583509505119096161e+00	-6.606729009997469149e+00
-1.069971963780740154e+01	-4.274338462394543292e+00
-9.006969041147391053e+00	-2.238811263407153529e+00
-7.609889847984036670e+00	-3.863192252343954358e+00
-1.043384139252911957e+01	-2.950219779468958414e+00
-5.613225887106833234e+00	-6.188653487838964296e+00
-5.164221181372393943e+00	-3.189376622622504431e+00
-5.469006971041078025e+00	-2.867289013060800418e+00
-4.848529357133894102e+00	-2.982276167490073959e+00
-5.686489495608458178e+00	-5.620614071549814739e+00
-6.449885726365010008e+00	-1.028172438141486644e+01
-6.489654221118635213e+00	-3.518488690172019151e+00
-5.527885608536853290e+00	-5.021921732772032243e+00
-6.154865107701021465e+00	-3.631104582993453178e+00
-5.897819973687454365e+00	-7.159004085280158414e+00
-6.514886055879940407e+00	-4.311413638596207853e+00
-6.568406352543030735e+00	-4.857571373082504529e+00
-5.601435888035574351e+00	-7.572649747391033692e+00
-6.592934131591862368e+00	-4.345120909382917951e+00
-6.913170998959460078e+00	-7.949140171392976129e+00
-8.085262526552845941e+00	-8.342949547408073485e+00
-8.065815269975686874e+00	-5.244577950938362321e+00
-9.500406651994500962e+00	-3.590646727148209205e+00
-8.458050869522683257e+00	-7.301057960261868374e+00
-8.281520108208116682e+00	-3.412376162168409444e+00
-8.885616481906346564e+00	-2.522313917368932401e+00
-7.852310906801693413e+00	-4.538366112997128887e+00
-9.059223803950967380e+00	-3.007850007790464630e+00
-7.795820840153533382e+00	-5.115644880291362995e+00
-8.974292297621651926e+00	-2.220326091055868201e+00
-8.029811185802200768e+00	-3.203449586167918639e+00
-9.670721787067341424e+00	-8.719382634216687578e+00
-1.102181361212928934e+01	-3.236116218792774557e+00
-1.085941714682122772e+01	-2.072421044339751717e+00
-1.096353925003466045e+01	-2.808496929030772638e+00
-8.963271928495879948e+00	-5.147121366356795846e+00
-1.123819421207347702e+01	-4.956456317843245252e+00
-8.066644413575659200e+00	-2.000789891654744856e+00
-1.109833830146499345e+01	-2.075203473745720562e+00
-1.087867570893987512e+01	-5.200744468039674828e+00
-9.531138285769060303e+00	-5.404579825380618985e+00
-1.020003142253641215e+01	-5.338769837743710056e+00
-1.055558293937758307e+01	-6.380904049319573446e+00
-1.125687189709107372e+01	-5.462198337991336139e+00
-8.334317405599785289e+00	-5.810967751855883101e+00
-1.030178883350084718e+01	-5.437120211503717826e+00
-1.080271362519147260e+01	-6.342143276409413666e+00
-1.087258510668185707e+01	-5.070046997031911751e+00
-1.045575817893544368e+01	-7.436103727243519756e+00
-1.122802000690700375e+01	-4.633315319449012648e+00
-1.103449289953368684e+01	-7.778308752323832564e+00
-1.042010100100717551e+01	-3.024913625425103447e+00
-6.517196517343840867e+00	-7.938819406972204007e+00
-1.125457325834267230e+01	-5.231234847928702081e+00
-1.029876980230151773e+01	-3.428995550971849493e+00
-8.669544935317661682e+00	-5.664151604941948470e+00
-9.949112551045438124e+00	-8.174128032936735622e+00
-9.301336544368888681e+00	-5.654425417840266199e+00
-8.901970149557623557e+00	-7.577878059543215805e+00
-6.234155294539685421e+00	-5.941381618650909857e+00
-8.874208207489331812e+00	-6.432915260577650507e+00
-8.632342587479005402e+00	-2.805182500865956996e+00
-1.162150081496968212e+01	-2.916873434102791762e+00
-8.270360565784688589e+00	-9.402685245031106476e+00
-7.306093378571213215e+00	-7.086128736636144509e+00
-7.306093378571213215e+00	-7.086128736636144509e+00
-7.306093378571213215e+00	-7.086128736636144509e+00
-9.854256103332057037e+00	-7.285454230221207972e+00
-7.446961736931111631e+00	-5.285699762605174712e+00
-6.682289324465251035e+00	-6.509437557744219838e+00
-8.231461095212619483e+00	-7.981269605770796360e+00
-7.520672712434664398e+00	-9.526627203292466817e+00
-6.681880530610799340e+00	-1.076186156136823335e+01
-7.373758746831664546e+00	-1.042528034146168281e+01
-7.373758746831664546e+00	-1.042528034146168281e+01
-1.089305774278365924e+01	-8.079428090916744409e+00
-7.716314569017264979e+00	-6.135797539253873722e+00
-7.933947245568173656e+00	-8.010922613187480223e+00
-7.797861846798571861e+00	-7.942649919924437363e+00
-8.847226763536271577e+00	-9.037071605294183740e+00
-5.955918823226548753e+00	-9.144380238257035387e+00
-8.164469308887285948e+00	-8.276959291665034968e+00
-6.273610068842723209e+00	-1.094142815630656607e+01
-6.273610068842723209e+00	-1.094142815630656607e+01
-8.731919279838816550e+00	-6.785970413631826403e+00
-5.842897535530635622e+00	-8.063131727444453389e+00
-5.264708833054690729e+00	-8.096714181533005927e+00
-5.993651920215013362e+00	-8.036779986184159341e+00
-7.138264590400533294e+00	-6.819471355113475575e+00
-6.220880623496850781e+00	-6.094049598578715532e+00
-6.667091900071680399e+00	-7.237492676294004390e+00
-6.667091900071680399e+00	-7.237492676294004390e+00
-7.103456379407436572e+00	-6.071656396667393096e+00
-6.222815597514684605e+00	-6.960060259758021672e+00
-6.222815597514684605e+00	-6.960060259758021672e+00
-5.424537142529764822e+00	-8.498612013210097516e+00
-5.974910637610178377e+00	-9.839634370702855293e+00
-5.571279818690241470e+00	-9.162521545679643609e+00
-8.504636011211719193e+00	-7.257655656925350307e+00
-5.439143521852579433e+00	-8.196698368152990355e+00
-5.909618084522472614e+00	-8.637771535636323605e+00
-7.259253114497645321e+00	-6.713645747707855271e+00
-6.450855587111429479e+00	-4.135582915685397154e+00
-6.450855587111429479e+00	-4.135582915685397154e+00
-5.485787569979032163e+00	-3.699667054598696492e+00
-8.135093231883425702e+00	-6.010026597771699564e+00
-7.743644063456108562e+00	-4.845751794116744726e+00
-6.949487162003042506e+00	-5.172290655592120423e+00
-7.630607992786275773e+00	-5.962834391507309206e+00
-7.069326350251150970e+00	-6.231169699476231116e+00
-6.229781080733221010e+00	-5.875152757149953331e+00
-1.023273870688619702e+01	-2.308839012734017704e+00
-1.023273870688619702e+01	-2.308839012734017704e+00
-1.014897258078331888e+01	-2.797537925151134530e+00
-9.108439336415200316e+00	-2.542461851312145082e+00
-8.214199502539434761e+00	-3.595591762230133437e+00
-8.214199502539434761e+00	-3.595591762230133437e+00
-8.214199502539434761e+00	-3.595591762230133437e+00
-1.043890915945171116e+01	-2.278807573355889904e+00
-8.340716541071955703e+00	-2.204449706319565383e+00
-9.929902964036047663e+00	-2.380805057378154288e+00
-1.077219989242632536e+01	-2.547164392151413548e+00
-8.911427878115340206e+00	-1.919144321503548634e+00
-8.911427878115340206e+00	-1.919144321503548634e+00
-1.123615962106268640e+01	-3.035256009133593391e+00
-1.004622082045437104e+01	-3.545084580577828159e+00
-1.002736265674198179e+01	-4.749560917371495883e+00
-9.330335399761517934e+00	-2.708151956537300897e+00
-1.133271104687187858e+01	-1.782970910583022039e+00
-1.177300587824977640e+01	-3.502383334911939539e+00
-9.611197251588142976e+00	-4.045488135700666454e+00
-7.437740514796974622e+00	-5.124773930282992218e+00
-8.195962546057144138e+00	-3.104103583507280106e+00
-8.777298094221361424e+00	-4.247218959129024363e+00
-9.856155691887758863e+00	-3.262228801568983982e+00
-8.228670571654472354e+00	-2.807968022390658458e+00
-8.869920948709921760e+00	-3.050412913875965248e+00
-1.044442102597618671e+01	-3.397639475117005592e+00
-9.214445895837277689e+00	-5.146451326761899203e+00
-7.956555172874026916e+00	-4.072559983629870040e+00
-7.956555172874026916e+00	-4.072559983629870040e+00
-1.088364363453258221e+01	-3.736339285171156543e+00
-1.128460607554716333e+01	-4.984555948610903897e+00
-1.030347872736419923e+01	-2.814165845852791392e+00
-9.857736922785923284e+00	-4.175070206963312103e+00
-9.265535019769648883e+00	-2.375381105382137648e+00
-9.265535019769648883e+00	-2.375381105382137648e+00
-1.079244738616714017e+01	-2.166924291453566909e+00
-1.105207102726208035e+01	-3.943119884440386524e+00
-1.166608963119337439e+01	-2.488910320477367044e+00
-1.049755770779182740e+01	-3.439878420851427254e+00
-1.054835850324129964e+01	-3.117904763848337257e+00
-1.054835850324129964e+01	-3.117904763848337257e+00
-1.110552512819736926e+01	-5.972890232793495180e+00
-1.042351991007794787e+01	-4.483564197866759748e+00
-1.089410617122876879e+01	-4.401999545015238269e+00
-1.014437975027223793e+01	-4.859409704368360394e+00
-1.045868962392546742e+01	-4.180102537812746100e+00
-9.929592934854536423e+00	-5.038489038723042768e+00
-1.126845244124395329e+01	-5.604307093349005342e+00
-1.197085202797704540e+01	-6.341273531386047324e+00
-1.090375354057970725e+01	-5.139824217556136610e+00
-1.071389830294748791e+01	-6.149699561272642612e+00
-1.183606039507012220e+01	-3.627587743458555281e+00
-1.059420374901262996e+01	-3.406026832810329807e+00
-1.059420374901262996e+01	-3.406026832810329807e+00
-1.194766315309091631e+01	-4.074267801233691699e+00
-1.145357124809918226e+01	-3.854370128987923305e+00
-1.117854822213485555e+01	-2.312842867925132939e+00
-1.117854822213485555e+01	-2.312842867925132939e+00
-1.117854822213485555e+01	-2.312842867925132939e+00
-1.139078038383838809e+01	-4.332060193059663611e+00
-9.711211744675452451e+00	-3.818365409365461982e+00
-9.028348397645016732e+00	-3.224874434475603735e+00
-1.122624789738402917e+01	-1.587827895045691440e+00
-9.518738796922349366e+00	-2.919837020784973980e+00
-9.518738796922349366e+00	-2.919837020784973980e+00
-7.808499923731221593e+00	-1.958857691879100971e+00
-9.122626550856182348e+00	-2.140612569431000090e+00
-9.365474775298505250e+00	-4.940211175032107604e+00
-6.030637938775400997e+00	-2.036769839519110725e+00
-8.813785057165686609e+00	-2.131537393963687688e+00
-7.444718290140016848e+00	-3.827722539981144312e+00
-7.444718290140016848e+00	-3.827722539981144312e+00
-7.494439582630239016e+00	-3.910958069534621551e+00
-8.542812051614978586e+00	-1.670650909828762076e+00
-8.542812051614978586e+00	-1.670650909828762076e+00
-8.542812051614978586e+00	-1.670650909828762076e+00
-6.159316769504224354e+00	-2.519328446795047860e+00
-5.914514155487382574e+00	-3.879621374730803929e+00
-5.914514155487382574e+00	-3.879621374730803929e+00
-8.489237092314164457e+00	-5.065371972450534166e+00
-8.130178328145973410e+00	-4.637270661517100656e+00
-8.957910084653690319e+00	-2.819566026925717228e+00
-7.821248429109334488e+00	-2.091395445718065016e+00
-7.821248429109334488e+00	-2.091395445718065016e+00
-6.982652934468998929e+00	-4.863015109094879662e+00
-6.013612590529783475e+00	-2.508947152413631976e+00
-5.278057286401971027e+00	-3.523382089635539671e+00
-6.647144035712701182e+00	-2.879618397134936725e+00
-6.382705114636604726e+00	-3.102779504981036052e+00
-6.474851919886170037e+00	-2.784767018942241990e+00
-8.099612234261837074e+00	-2.103785042605973210e+00
-8.548048583887144503e+00	-1.814130245037882450e+00
-5.998520403753481389e+00	-3.124300458517168089e+00
-6.283649198382560641e+00	-2.636108898982876259e+00
-7.807098949340753435e+00	-3.856104415172522337e+00
-5.539379534362350199e+00	-3.520593660058227936e+00
-6.512527481278826968e+00	-3.140694732566326586e+00
-6.512527481278826968e+00	-3.140694732566326586e+00
-7.548931530016244729e+00	-2.609845749521703784e+00
-6.724608079886717604e+00	-2.741583919416515691e+00
-5.753749658843642756e+00	-3.499580591509199312e+00
-4.289781121779886242e+00	-3.348285761272304484e+00
-6.980331113369441454e+00	-4.588194846881648026e+00
-6.980331113369441454e+00	-4.588194846881648026e+00
-7.625314820914802283e+00	-5.017146996172467510e+00
-8.503414538991647120e+00	-1.803694845834732163e+00
-8.467209403849691896e+00	-2.618887265364164385e+00
-5.791205632795684011e+00	-3.283640531937711771e+00
-5.848312114671518458e+00	-2.598229710245703927e+00
-8.810168931690991911e+00	-2.694173730898912211e+00
-6.562841964953377349e+00	-2.025105342998795521e+00
-6.960627421152302929e+00	-2.950216761436105894e+00
-5.856869019031860191e+00	-2.184007751902905969e+00
-7.126557266017918835e+00	-3.604862102424698289e+00
-8.098201670884932923e+00	-2.513441803636554006e+00
-6.771135541518536805e+00	-3.087326798389224969e+00
-5.789695480284975382e+00	-3.118105852709163628e+00
-5.917236129343450557e+00	-1.827184578115285785e+00
-6.888306633131957568e+00	-3.426079627341140466e+00
-5.693976163805433366e+00	-3.843221666086496846e+00
-7.834468865461253984e+00	-1.718555304688089258e+00
-8.094424226869543659e+00	-5.897067435831225168e+00
-6.377979956780859716e+00	-4.512815639735164197e+00
-7.283553526003968770e+00	-6.016213319667534698e+00
-5.377403686564207419e+00	-3.023124243179915460e+00
-9.035069843142208512e+00	-3.539461365120734282e+00
-8.052492073481118950e+00	-2.766730972210315276e+00
-8.144751991460978502e+00	-3.756815702299027837e+00
-8.465816585316661147e+00	-4.201604863014996916e+00
-8.192285463142480850e+00	-3.215863634624749778e+00
-7.435834048403966889e+00	-2.348346653897277037e+00
-7.655739220760523267e+00	-3.842627759343594018e+00
-5.672645389402038774e+00	-4.067934897701884545e+00
-7.813861438692599748e+00	-4.707519506036839552e+00
-6.862720499830889054e+00	-3.434726642901591909e+00
-7.408436404802786868e+00	-2.383366426317332643e+00
-5.866797115768974002e+00	-4.881361978041186767e+00
-5.397431930525423027e+00	-5.005666162455129964e+00
-4.937257024209512402e+00	-5.340873795260831614e+00
-5.777741874486467921e+00	-2.796360164344784849e+00
-5.750331451400780836e+00	-2.231582665479597605e+00
-6.036893220196334120e+00	-2.327745895845638735e+00
-5.592494059065932888e+00	-3.263662939350977510e+00
-6.477079484002498333e+00	-3.293210789781018999e+00
-9.718616423007592431e+00	-4.722119508234936092e+00
-1.034274834891929373e+01	-4.388689936082493581e+00
-1.161557777711248818e+01	-2.254555825127979585e+00
-9.866955395125328820e+00	-1.884459325219015602e+00
-9.289123463811979065e+00	-2.214116140652214515e+00
-1.187348375353377605e+01	-3.205163510122509773e+00
-1.019422053862587596e+01	-2.344960254284996992e+00
-1.193995777189901375e+01	-3.408075982993703068e+00
-1.098558900591739906e+01	-5.095583056425225799e+00
-8.790114109652952479e+00	-3.927729193669442953e+00
-9.265418158895894152e+00	-5.091656892930378042e+00
-9.778517131887113578e+00	-2.126818363457785299e+00
-1.040645082930355514e+01	-1.701306454689331726e+00
-8.210521640232162355e+00	-4.100211525022463555e+00
-1.093496314403462399e+01	-2.737286701305997827e+00
-1.162496936239636192e+01	-3.882779289123190480e+00
-9.711012169056619570e+00	-2.075564230113335018e+00
-1.161370044222091380e+01	-2.384207214632141358e+00
-1.140183856091018377e+01	-2.885142992534815320e+00
-9.122363617572831984e+00	-2.428993427871384281e+00
-1.097752400388734983e+01	-2.054431783883356566e+00
-1.149693795764023108e+01	-4.056267135663579992e+00
-1.137766478949848548e+01	-2.444121359681795447e+00
-1.126509366210180296e+01	-5.553946592127168458e+00
-1.121179651405322630e+01	-5.052262201682247600e+00
-9.228327702393324117e+00	-2.275789498666437982e+00
-1.015245105169804241e+01	-2.004089004010889852e+00
-1.149377436707426270e+01	-3.300707380930720358e+00
-8.868256549582440584e+00	-6.079348830820664240e+00
-9.625756581957945812e+00	-2.134693941597950673e+00
-9.569906194186630799e+00	-3.590853553957408462e+00
-1.138189718474492373e+01	-2.922596586745463298e+00
-8.866626128080596914e+00	-3.284007600012233130e+00
-1.098853229673883192e+01	-3.100089728035160253e+00
-1.127962003442422123e+01	-3.124644073398352262e+00
-8.777037066389139497e+00	-3.238139361827012230e+00
-1.002468527637558360e+01	-3.097591331008963778e+00
-1.189574225341518954e+01	-5.113506373151910367e+00
-8.850241502437373953e+00	-3.353265961229804581e+00
-1.062944955189815488e+01	-5.036041344871387437e+00
-9.470351948114529961e+00	-4.036190136321169852e+00
-9.673215969309090667e+00	-3.387689135459312162e+00
-8.647110805210399320e+00	-3.092530471691036009e+00
-1.118142735397529108e+01	-3.643320246435251875e+00
-1.118142735397529108e+01	-3.643320246435251875e+00
-8.388932986394316060e+00	-5.406780628943773870e+00
-9.970974396166397469e+00	-2.920559384443306872e+00
-8.197748961400945333e+00	-6.413985566813209971e+00
-1.093849391134215487e+01	-3.144918007277505811e+00
-8.610939943008025566e+00	-4.006351905981263783e+00
-9.702692756152973885e+00	-5.474471652466800009e+00
-9.008774638192678097e+00	-4.563538537562815023e+00
-9.932015561240611135e+00	-4.629177119886994873e+00
-1.071330747300239139e+01	-3.342009094534879488e+00
-1.133684772708637745e+01	-2.237061833080250306e+00
-1.128685249932154733e+01	-2.738977124839510058e+00
-1.048626662410807953e+01	-5.585724014995685494e+00
-9.939002085461552838e+00	-5.103017757882397198e+00
-1.088015735900780889e+01	-4.755311599642919163e+00
-9.860410199502013029e+00	-4.219494619064696472e+00
-8.526772461369855449e+00	-4.337486661814413225e+00
-1.130456320136374337e+01	-2.526856643142019632e+00
-1.080158526436860811e+01	-2.990092322944575276e+00
-1.037031027496771429e+01	-4.021820552709006513e+00
-1.050766736803498702e+01	-3.340405672000449133e+00
-7.061332937059589199e+00	-7.626298829657896405e+00
-8.276746834161272659e+00	-4.217132106003167458e+00
-7.936912424912256014e+00	-3.464382498308228087e+00
-7.609898117204108026e+00	-2.321401435758443377e+00
-6.089099046801852211e+00	-4.411758406499654228e+00
-5.811428112973332283e+00	-5.156482234519522478e+00
-5.546245794971346399e+00	-2.484235447500473093e+00
-5.798517991441346275e+00	-3.031653702155550079e+00
-7.244039659691698496e+00	-2.022636802823816637e+00
-5.724901028831308913e+00	-7.237529750540008244e+00
-5.390072431482808568e+00	-3.946786523722642492e+00
-7.569914859735317414e+00	-2.578339381815993647e+00
-7.121556161327699641e+00	-3.293155096399212223e+00
-6.757889041094761851e+00	-2.922042455674910499e+00
-6.351688474202785706e+00	-3.961526108200371876e+00
-8.027327672402190473e+00	-4.158334116142000880e+00
-5.965829603528059799e+00	-2.005973611389346267e+00
-6.260037545189931052e+00	-4.114882307701468456e+00
-6.002876846316986814e+00	-5.583257491176519594e+00
-4.682061747170109811e+00	-6.772997881534335463e+00
-8.235976876696835092e+00	-3.103061266741211188e+00
-8.235976876696835092e+00	-3.103061266741211188e+00
-8.237796180599641360e+00	-1.663289670851494373e+00
-8.591355314688193801e+00	-2.809005067125879496e+00
-7.874493408700864450e+00	-2.448650502168760124e+00
-8.047306391124772418e+00	-3.195877189398300011e+00
-7.333640731345093755e+00	-5.628523925027970165e+00
-8.170711528887633079e+00	-3.635633515729179255e+00
-6.139766479746712413e+00	-2.484033965018647372e+00
-6.561608494995148533e+00	-3.017657028404250319e+00
-6.783758018714340032e+00	-1.697659653012788539e+00
-6.706452889306383724e+00	-4.354048616958862361e+00
-8.204056909231571382e+00	-5.830550035743647719e+00
-6.289460528849122767e+00	-6.585032242164277960e+00
-9.177241304610120665e+00	-3.372925209610570185e+00
-7.990909021759149411e+00	-3.258379456315289691e+00
-8.489090822812430659e+00	-3.207322679721808178e+00
-7.429602083041095817e+00	-2.982698050003114609e+00
-8.048768688854181619e+00	-5.044372829893697840e+00
-7.541447299961681061e+00	-2.517962739357308077e+00
-5.739716661332402659e+00	-5.140769505089784808e+00
-5.987936352507647442e+00	-4.873424453996665129e+00
-5.476724938029057910e+00	-4.675776036623699561e+00
-6.866534144676986529e+00	-4.335341248054335850e+00
-7.164026769390244631e+00	-3.254335037881956882e+00
-6.867326550874143898e+00	-5.175274720645923310e+00
-5.213692440267950978e+00	-3.913567342839368024e+00
-5.357590939732488344e+00	-4.544567109338384370e+00
-6.558598632088465941e+00	-3.811232617149371116e+00
-4.978628680370761117e+00	-4.588531227405308499e+00
-5.103039138910434147e+00	-2.684864871156074528e+00
-6.980176982619749282e+00	-5.586257784842151963e+00
-6.440959130846240832e+00	-2.453602407118733897e+00
-5.256551907647249777e+00	-4.565448276960556662e+00
-7.684668756537176293e+00	-5.216308260593364388e+00
-5.727722274677504721e+00	-5.796744679021318625e+00
-7.070152298607034425e+00	-4.724673675600564060e+00
-6.199169901519946180e+00	-1.655440010322375199e+00
-5.361536870058026594e+00	-5.195208302343607976e+00
-5.547303827689179734e+00	-6.735909769622727694e+00
-6.622777867048036171e+00	-2.390554324013195675e+00
-5.459997978487020731e+00	-7.092399093030066659e+00
-5.461588596398469164e+00	-2.487335873664475283e+00
-8.502345658116245986e+00	-3.432203140611991277e+00
-5.201961552237830411e+00	-3.186817243786590037e+00
-7.173859366840148688e+00	-2.623894211816862221e+00
-6.614105161614760142e+00	-3.192741142865235915e+00
-7.116906129775732559e+00	-2.018467042509005438e+00
-5.516250818565197278e+00	-6.461402863583522560e+00
-7.347747754216809923e+00	-2.808448406534644448e+00
-1.185012864879478300e+01	-4.363694866460265054e+00
-1.091611037194296685e+01	-2.420818090746531315e+00
-1.178052629094172410e+01	-4.803813684957929375e+00
-9.858516854695659859e+00	-3.405896604991684562e+00
-1.121908842103909976e+01	-3.153818358680168021e+00
-1.004987884678594590e+01	-3.026978983391964029e+00
-9.899442528858505952e+00	-3.300095614342650308e+00
-1.038064669452075606e+01	-3.426808023301875394e+00
-9.540300140911231352e+00	-3.372277970857548990e+00
-9.143979221825983217e+00	-5.528133397284461736e+00
-9.485269526111419935e+00	-3.754252027560422089e+00
-8.517962773349269767e+00	-1.530108155473845599e+00
-8.623897915298456951e+00	-3.650065650640492265e+00
-9.850796780418553666e+00	-5.802798587487026261e+00
-1.054671960156312238e+01	-4.061170411165430316e+00
-1.090754810648762074e+01	-1.772244596245840409e+00
-8.298659974926163585e+00	-5.210277153400792116e+00
-1.141998246245403692e+01	-4.424167527417949053e+00
-1.005947622161440691e+01	-2.128303317020021623e+00
-1.018001204580305696e+01	-4.256644948050215760e+00
-9.529382357042511131e+00	-1.616090520792744512e+00
-1.063401640451048280e+01	-3.109096541629382759e+00
-1.153637031598879759e+01	-2.272485688285070360e+00
-1.142262281432011584e+01	-3.276430796486153874e+00
-1.071555513902450585e+01	-4.140650571450044559e+00
-9.382490124673678267e+00	-2.718144389167692854e+00
-9.490502172220317334e+00	-2.298342506043476341e+00
-9.266238735611514343e+00	-6.320426890647347307e+00
-9.540617319201180280e+00	-4.763296337344693043e+00
-9.653528011425636990e+00	-4.486041173376264624e+00
-8.408960001468466672e+00	-3.428474767024752623e+00
-8.980347492531784326e+00	-4.174654299342780206e+00
-1.195043800242657284e+01	-4.782246996810566309e+00
-8.020455985233107654e+00	-2.941574630517927780e+00
-8.139994434276033530e+00	-4.135748206996051834e+00
-8.208379269810356149e+00	-6.200048730197136315e+00
-7.744002052783439893e+00	-2.745428437834608104e+00
-7.744002052783439893e+00	-2.745428437834608104e+00
-1.116201864310311365e+01	-1.961159179138995290e+00
-7.011536081272971010e+00	-5.723724439409155096e+00
-9.556714994150590670e+00	-2.453928356630383334e+00
-7.924342121097997627e+00	-5.487211546331910661e+00
-7.217046913131570207e+00	-5.329125773356380158e+00
-7.217046913131570207e+00	-5.329125773356380158e+00
-1.115777394630391228e+01	-2.787865665532160087e+00
-1.195132480189979773e+01	-4.281873790094547161e+00
-8.519752546858313735e+00	-3.114256889177191567e+00
-1.083097997348893493e+01	-2.644892189954276329e+00
-1.083097997348893493e+01	-2.644892189954276329e+00
-8.989105397961459687e+00	-2.440236153706655475e+00
-9.774536749836657989e+00	-2.735568751178029778e+00
-9.011299034217408632e+00	-1.993130749387895140e+00
-8.097544861579144992e+00	-2.345398469079444936e+00
-7.625254614141233844e+00	-2.177255915514884066e+00
-1.017945157532387590e+01	-4.221334732644161036e+00
-9.478754671499350692e+00	-3.254979191841959274e+00
-9.478754671499350692e+00	-3.254979191841959274e+00
-8.094141930857807310e+00	-2.419055463443355869e+00
-9.062992969990260050e+00	-4.306759480373863802e+00
-1.084663659403636693e+01	-3.268085188089156823e+00
-7.625330754523160337e+00	-3.359182750714008847e+00
-1.075638497850801478e+01	-3.327330280410328633e+00
-1.046627676703853105e+01	-2.074954659149049085e+00
-9.777565209676613023e+00	-2.713196844648668282e+00
-1.120980753034993072e+01	-4.579047450197736069e+00
-1.061700395803961783e+01	-4.373415024988158706e+00
-8.189548609389122547e+00	-1.817738421334073484e+00
-8.914789104040892198e+00	-3.547395383727773854e+00
-7.239896842838199120e+00	-4.047156529192539764e+00
-6.695592795215462800e+00	-5.390141556410375401e+00
-7.761451202764148682e+00	-5.453419094311106718e+00
-6.427552799618532653e+00	-4.863495455322213168e+00
-6.427552799618532653e+00	-4.863495455322213168e+00
-7.867358987321945385e+00	-3.134646675836773699e+00
-6.802996384376236882e+00	-1.798952716639893090e+00
-1.062165722380328248e+01	-4.925209068617275143e+00
-6.827074122003905288e+00	-2.405814679986225890e+00
-7.669319716917121887e+00	-2.062742041355159817e+00
-6.515348631114498801e+00	-2.701769722947176433e+00
-9.951396200005477866e+00	-3.641200157823089700e+00
-1.154489594051362467e+01	-3.749233606557705656e+00
-1.171245762859489403e+01	-3.097824087945112659e+00
-1.169316656366243734e+01	-3.071712180521271485e+00
-9.130505450936448497e+00	-3.914937151303231389e+00
-7.277468810591574133e+00	-2.191319786162504446e+00
-7.277468810591574133e+00	-2.191319786162504446e+00
-1.001771706196380052e+01	-4.062390418528012859e+00
-1.010900209968026076e+01	-2.155499961593659197e+00
-7.564491993347351340e+00	-1.807275199152694078e+00
-5.422114815685873168e+00	-2.410209456351247059e+00
-5.622481179329326118e+00	-3.941371969053852009e+00
-8.718169635861872990e+00	-2.450329761222465486e+00
-7.935921390610176651e+00	-2.991307378475934087e+00
-5.924883522362515365e+00	-2.402223545672219629e+00
-7.714990924204035316e+00	-2.421366143095807111e+00
-8.724599707377805657e+00	-3.066519919446824449e+00
-7.488737472795006234e+00	-4.346389488700161507e+00
-7.488737472795006234e+00	-4.346389488700161507e+00
-4.911131662753263072e+00	-2.938849227532729369e+00
-5.761324383492666179e+00	-3.035328006759479003e+00
-5.865151304195418192e+00	-2.191274464175113845e+00
-9.723217948537353550e+00	-3.408335733015432467e+00
-9.914525514393876193e+00	-2.772952701097927797e+00
-8.807689801103361305e+00	-3.482120176662929723e+00
-7.736051092164126786e+00	-1.892332541489067488e+00
-7.390187332818856980e+00	-4.714298905127205508e+00
-1.075918144051646408e+01	-1.575407651676430598e+00
-8.777830639044806205e+00	-2.864413696929537512e+00
-7.525927398854448391e+00	-3.209113217628989823e+00
-6.705965886759424066e+00	-2.333703398586447708e+00
-6.907682968821763581e+00	-3.453194617908625474e+00
-8.011232566864682880e+00	-2.051180706581285040e+00
-9.066205868142192870e+00	-2.254843594223474579e+00
-9.066205868142192870e+00	-2.254843594223474579e+00
-8.697498455990514188e+00	-3.389344625192034499e+00
-1.057912958015970695e+01	-3.356186673925030117e+00
-9.754016747271542442e+00	-3.617118784896170780e+00
-9.995968468941574869e+00	-3.486200246620853260e+00
-9.311412293130612028e+00	-5.178673056565227917e+00
-9.311412293130612028e+00	-5.178673056565227917e+00
-6.272560235384841754e+00	-3.828187826636622049e+00
-8.835734899564029021e+00	-6.327639354738849420e+00
-5.482140472331801462e+00	-7.099128457677433168e+00
-5.427727702162233214e+00	-4.145038752018166406e+00
-7.304471802353207366e+00	-4.768313951737183309e+00
-5.988969456425972560e+00	-2.199578417871412395e+00
-6.503330459546354803e+00	-6.973858761663283445e+00
-7.303884101036815402e+00	-5.070394225651236653e+00
-6.881113143859233006e+00	-5.002457404156944065e+00
-9.879657615324875408e+00	-6.072163396519851375e+00
-7.351810971038366560e+00	-2.956835866543341407e+00
-5.707649474833875303e+00	-5.582891406146359259e+00
-5.894994008031253507e+00	-2.491042144453015084e+00
-5.894994008031253507e+00	-2.491042144453015084e+00
-7.137439935870930618e+00	-4.150512008046199242e+00
-5.975764495066769655e+00	-6.387321611933039378e+00
-5.975764495066769655e+00	-6.387321611933039378e+00
-5.975764495066769655e+00	-6.387321611933039378e+00
-4.782774903163531377e+00	-3.668918714933447234e+00
-7.207892718933037735e+00	-4.576267547129102553e+00
-5.204061378718954245e+00	-3.827951478564509902e+00
-6.053236076962250856e+00	-5.947088421012701076e+00
-7.276268259989270959e+00	-3.243063567242170375e+00
-4.878858145660935897e+00	-3.780059928007606374e+00
-6.380843198144190431e+00	-5.107625509580570267e+00
-5.663046738320161921e+00	-7.601899601550566210e+00
-6.773560261969647556e+00	-3.503198074526527872e+00
-9.107077583469298077e+00	-1.857458151859116224e+00
-5.884703376579151879e+00	-4.280884297198033650e+00
-5.446040805199432455e+00	-2.696460593238340753e+00
-6.901261357515240391e+00	-3.874450892439814442e+00
-6.901261357515240391e+00	-3.874450892439814442e+00
-7.262848958856466197e+00	-3.461026279411160811e+00
-6.205186538738733049e+00	-3.507307225362409575e+00
-6.525220058641004961e+00	-5.956736594871141932e+00
-8.644144053220570001e+00	-4.079233692548137391e+00
-8.903019388140320345e+00	-4.457653459280590980e+00
-1.119352363092672142e+01	-6.812432477621936044e+00
-9.122293518563017400e+00	-1.813707468232451658e+00
-1.066761048821701152e+01	-6.300722114523232165e+00
-1.184652974018419691e+01	-2.221677776290619466e+00
-1.067018744237378058e+01	-4.556063696134136976e+00
-1.167953290506421027e+01	-4.581242900892049441e+00
-1.076678623053443751e+01	-6.165385399542346434e+00
-8.606686996372344467e+00	-6.599650131931148245e+00
-8.606686996372344467e+00	-6.599650131931148245e+00
-9.042527809247493664e+00	-8.259300832339686593e+00
-9.934239693918160086e+00	-5.521042215583315205e+00
-9.934239693918160086e+00	-5.521042215583315205e+00
-8.545929252240872742e+00	-4.711000826663195085e+00
-1.111910782143776366e+01	-4.195442619289344144e+00
-8.928080899258251435e+00	-6.441901807232059518e+00
-1.055432134725108462e+01	-4.966595310959119658e+00
-7.715983887207784164e+00	-2.546178565405505800e+00
-9.091866846328697349e+00	-2.525755828646548462e+00
-8.375969539993821655e+00	-4.390165513522012120e+00
-5.798215718808866548e+00	-1.882142090922698685e+00
-1.085600649106209836e+01	-2.586392969874694803e+00
-9.577115412910144343e+00	-1.894230101501601871e+00
-9.577115412910144343e+00	-1.894230101501601871e+00
-7.734262422418336946e+00	-1.917544670137828922e+00
-1.094208113893707157e+01	-2.981403021463489900e+00
-9.247405439335276256e+00	-5.124279007146983922e+00
-9.247405439335276256e+00	-5.124279007146983922e+00
-8.333785792102252898e+00	-2.504957583926100462e+00
-8.818104724945030171e+00	-1.967881737870740722e+00
-8.818104724945030171e+00	-1.967881737870740722e+00
-8.295391025028685306e+00	-3.178789346796764281e+00
-1.135262710091892480e+01	-2.597527145157548567e+00
-1.135262710091892480e+01	-2.597527145157548567e+00
-1.135262710091892480e+01	-2.597527145157548567e+00
-1.107810468264941584e+01	-2.162408166526991415e+00
-7.976772981700952059e+00	-4.117304548249126839e+00
-7.976772981700952059e+00	-4.117304548249126839e+00
-1.158030818261975625e+01	-2.582943680189778934e+00
-1.158030818261975625e+01	-2.582943680189778934e+00
-1.178196661396637701e+01	-4.439294347369578730e+00
-1.153624320437918271e+01	-2.537642733732295763e+00
-1.196102771305841372e+01	-3.778832626553295437e+00
-1.159271068148819950e+01	-1.894592522518032673e+00
-1.072866037169470843e+01	-2.800878839567971568e+00
-1.120857412731041691e+01	-3.023324877551041290e+00
-1.184285202118433666e+01	-3.011556725341808960e+00
-9.820522830893871458e+00	-4.645689098973325493e+00
-9.763117387539091752e+00	-4.130708048491795736e+00
-1.083980618203097102e+01	-3.657638394937424486e+00
-1.083980618203097102e+01	-3.657638394937424486e+00
-1.083980618203097102e+01	-3.657638394937424486e+00
-9.321100880113959875e+00	-3.466626990579662060e+00
-1.085141122065349606e+01	-2.049123844263446514e+00
-1.015100061262040754e+01	-3.663253482297095687e+00
-1.170270497833198853e+01	-1.947466195820936052e+00
-1.037358850492527829e+01	-2.363997326828934931e+00
-1.037358850492527829e+01	-2.363997326828934931e+00
-9.994079660196515391e+00	-2.904848273333690223e+00
-7.074476483954216022e+00	-6.267043925570427554e+00
-5.229140910783009133e+00	-2.059331875565681091e+00
-8.104070297040880888e+00	-6.176311063923051847e+00
-6.075269430429004913e+00	-3.262827306351232970e+00
-8.052369248716901851e+00	-4.695305996485034328e+00
-6.372375362915408736e+00	-8.359929957723444716e+00
-6.372375362915408736e+00	-8.359929957723444716e+00
-9.958258189467748878e+00	-1.771576053488745472e+00
-9.958258189467748878e+00	-1.771576053488745472e+00
-7.000898737170181185e+00	-5.668308996464809901e+00
-6.145949745269245312e+00	-3.087102527818911479e+00
-6.043021684417114514e+00	-2.645633078385471126e+00
-6.843119016902100782e+00	-3.432826691434011757e+00
-5.459260092919608454e+00	-3.897386074999039440e+00
-6.887849015885040060e+00	-2.188170265520156477e+00
-5.866412690997999668e+00	-8.277340202182074336e+00
-5.875247861034974761e+00	-8.185967256718575058e+00
-6.644206728644912907e+00	-7.072945278131927083e+00
-8.176032447620320553e+00	-4.244925529157645983e+00
-7.686467725867050405e+00	-5.952064221015142209e+00
-9.084500044328253310e+00	-5.057958283521459819e+00
-6.844573581581281374e+00	-7.681173877543299611e+00
-8.853172036264279399e+00	-1.988478244433822928e+00
-8.136485159715761029e+00	-9.398930099977627961e+00
-7.473239708322047647e+00	-4.825132924992109551e+00
-7.752264515325354211e+00	-8.817078978025980618e+00
-7.769478744728735897e+00	-7.152431112480876152e+00
-6.069588694422688668e+00	-1.034898218114971336e+01
-8.319414909730841856e+00	-7.188188105546855944e+00
-7.980412655385523024e+00	-2.087641789477257870e+00
-8.222427946621207795e+00	-7.188257755896852785e+00
-8.731862174197109638e+00	-2.216653586285402877e+00
-9.754763206521817054e+00	-2.853756643193449793e+00
-6.944508858191210443e+00	-5.248274449666138430e+00
-7.328059471996714258e+00	-3.742156673732763839e+00
-7.554525015840261482e+00	-3.194669271715486758e+00
-7.554525015840261482e+00	-3.194669271715486758e+00
-1.000591722269827244e+01	-3.917448523670668425e+00
-1.010071977476088989e+01	-2.835732391094809568e+00
-5.516269489021214056e+00	-7.719719420560700485e+00
-9.911415868086736580e+00	-7.550386391489022131e+00
-7.929325366048211698e+00	-9.392660493803157706e+00
-1.150434016065202414e+01	-3.447624543696775845e+00
-8.520788762996243548e+00	-4.772987843911636219e+00
-1.171562349014516080e+01	-3.176159899325781577e+00
-9.956558654660119245e+00	-3.404204861819799532e+00
-7.817830205491827833e+00	-5.972699658506224196e+00
-9.973938056717578604e+00	-6.671936629295106336e+00
-8.321298804183390629e+00	-9.390327730453332578e+00
-9.671508431022441954e+00	-1.036862998444835959e+01
-7.937063552456505633e+00	-6.986167379483284812e+00
-8.465824007566425280e+00	-5.994104455466961134e+00
-8.917610212376851919e+00	-9.623461155626401364e+00
-9.287152047541534117e+00	-7.544818391747705633e+00
-8.775841019211702232e+00	-7.801751741556617326e+00
-8.775841019211702232e+00	-7.801751741556617326e+00
-1.179252714801008572e+01	-3.883934701683613877e+00
-1.153456213958793342e+01	-2.879763110176127849e+00
-1.066010786350008033e+01	-3.334275261296542059e+00
-9.432081562680709297e+00	-3.779029190202499944e+00
-7.447118595493456006e+00	-5.847916375386764010e+00
-7.447118595493456006e+00	-5.847916375386764010e+00
-9.572620820142835996e+00	-2.270861558369000388e+00
-9.572620820142835996e+00	-2.270861558369000388e+00
-9.572620820142835996e+00	-2.270861558369000388e+00
-9.572620820142835996e+00	-2.270861558369000388e+00
-7.849014491700568641e+00	-3.584431545076727232e+00
-6.578612750331156889e+00	-3.825496628613389571e+00
-6.345170537268551847e+00	-4.459353707788552335e+00
-6.657386399065700289e+00	-3.527583977968854256e+00
-6.657386399065700289e+00	-3.527583977968854256e+00
-6.037131843159812661e+00	-6.073462774343396653e+00
-8.433780357660589644e+00	-3.351964521717456513e+00
-7.327062198972208229e+00	-2.258001165223907147e+00
-4.562116469360641524e+00	-2.985505612607680881e+00
-6.738699572691543516e+00	-3.685948497463524376e+00
-7.573363178392402695e+00	-1.858918340502313749e+00
-6.029083562646049721e+00	-2.571690548924609576e+00
-4.964946872323643845e+00	-2.089883257442692432e+00
-6.766949252381405877e+00	-1.963181189085122957e+00
-7.228414629139593650e+00	-5.044426590210408179e+00
-7.515577193749228613e+00	-4.856997036641315546e+00
-8.795875659769912147e+00	-3.054467487942330362e+00
-6.864071491425304927e+00	-6.544528176282005560e+00
-6.864071491425304927e+00	-6.544528176282005560e+00
-5.917236251199638808e+00	-5.131968200655919965e+00
-7.217595147494293428e+00	-2.945508159781420776e+00
-6.013649462265014733e+00	-3.414499632944556051e+00
-7.283962705845202557e+00	-1.630698916950502397e+00
-7.973334107777955815e+00	-2.031549534927398426e+00
-7.743393166649934933e+00	-2.453688225711196935e+00
-4.654625000251185085e+00	-1.820569216600096185e+00
-6.242728498818196137e+00	-3.277150744145917116e+00
-4.516330251147030239e+00	-2.740704230419956033e+00
-5.930825105890030535e+00	-1.715169445289689953e+00
-8.761289468238695477e+00	-2.502206511591253957e+00
-8.088443676815852967e+00	-1.591788284461943759e+00
-8.088443676815852967e+00	-1.591788284461943759e+00
-7.981811890173512225e+00	-2.019849921453712227e+00
-6.736134424930128262e+00	-2.949012064538966804e+00
-6.736722202015241301e+00	-2.950864131152591607e+00
-7.796281976211295373e+00	-2.802977436460220240e+00
-1.041659032023227383e+01	-3.378266036180171739e+00
-8.218853307059628577e+00	-2.466736659101425921e+00
-8.218853307059628577e+00	-2.466736659101425921e+00
-1.145101819746969873e+01	-4.382088977463477697e+00
-1.013431362723527940e+01	-1.724629384854648118e+00
-1.046343321743985655e+01	-1.911086618977207996e+00
-1.046343321743985655e+01	-1.911086618977207996e+00
-1.159894605822896985e+01	-1.759721086326017536e+00
-1.104540038552415204e+01	-3.639956761899489024e+00
-9.939221693524824985e+00	-2.750677874996359407e+00
-1.013625629996815114e+01	-2.677046008400143506e+00
-1.013625629996815114e+01	-2.677046008400143506e+00
-1.081134098662570509e+01	-2.024963307903538734e+00
-9.509698948316847478e+00	-2.053141901788813062e+00
-6.260203674920912675e+00	-4.577077359219560826e+00
-8.048088170263675067e+00	-1.472184693016783008e+00
-8.048088170263675067e+00	-1.472184693016783008e+00
-1.141812811542883743e+01	-4.365236655711273173e+00
-5.884704986665092008e+00	-1.941381998550489874e+00
-8.543350428136811558e+00	-2.671462463593325509e+00
-6.961433978523141164e+00	-3.724053197789905845e+00
-8.624283731316079837e+00	-1.990783735134036281e+00
-8.624283731316079837e+00	-1.990783735134036281e+00
-1.077895569707252932e+01	-3.733474930942836334e+00
-1.077895569707252932e+01	-3.733474930942836334e+00
-1.050781345238977060e+01	-2.261373664263503613e+00
-7.851075910507279154e+00	-6.100909253326868509e+00
-4.719056199488535164e+00	-5.027308097881877380e+00
-6.578051126616668576e+00	-2.552557400417857281e+00
-6.578051126616668576e+00	-2.552557400417857281e+00
-1.058870168097503317e+01	-2.846922998765933688e+00
-1.058870168097503317e+01	-2.846922998765933688e+00
-6.858053351529376229e+00	-5.670057929742309710e+00
-9.472610121594225774e+00	-3.179669047158819595e+00
-1.086424199336938479e+01	-2.219041435285823649e+00