5.2	6.2
-9.879421412944794	-6.884755253791809
-9.45048576593399	-2.724853277206421
-6.466611742973328	-1.6053364276885986
-5.6320860385894775	-10.179719746112823
-8.581196308135986	-1.1002707481384277
-5.829331398010254	-2.4383318424224854
-10.590090304613113	-3.3748905658721924
-6.834171295166016	-3.6755318641662598
-9.851554334163666	-2.3180315494537354
-11.66312313079834	-6.102074861526489
-7.470950961112976	-10.026670753955841
-11.588094592094421	-7.775261163711548
-9.04712051153183	-4.0841896533966064
-9.313850462436676	-4.089861631393433
-10.195561051368713	-7.203417062759399
-3.7906336784362793	-8.524733304977417
-8.680000305175781	-2.2207753658294678
-6.4942896366119385	-1.854814052581787
-6.483880519866943	-9.138467967510223
-10.643213421106339	-6.180225849151611
-10.129618763923645	-1.4036064147949219
-9.094422519207	-1.5070080757141113
-8.07324993610382	-11.335282891988754
-8.265877962112427	-2.5927963256835938
-8.35301685333252	-10.845623910427094
-11.958327803760767	-1.6386544704437256
-10.95387876033783	-3.146726131439209
-7.838982939720154	-2.3316757678985596
-10.852068454027176	-10.72021096944809
-10.22090059518814	-8.791736483573914
-6.903522849082947	-6.1668630838394165
-7.3020758628845215	-2.7249319553375244
-7.261665344238281	-1.6320641040802002
-8.385157942771912	-9.60098683834076
-9.147458732128143	-2.787228584289551
-4.615219831466675	-8.829931139945984
-11.192679852247238	-7.297775745391846
-4.771841526031494	-0.7962241172790527
-8.287926077842712	-4.835267543792725
-6.864518880844116	-1.075143814086914
-10.632474929094315	-3.77275013923645
-8.194997549057007	-8.897045731544495
-5.614573001861572	-6.1330955028533936
-11.874995190650225	-8.18575143814087
-10.164915382862091	-6.935107111930847
-8.800420045852661	-8.701395750045776
-6.966918110847473	-8.869171857833862
-6.903180241584778	-3.1847305297851562
-7.190046787261963	-6.737929701805115
-6.294325232505798	-9.306643545627594
-6.349860191345215	-7.140619397163391
-11.58163645863533	-1.5694963932037354
-11.95386423356831	-6.7793684005737305
-9.160723507404327	-8.532683372497559
-3.7633888721466064	-1.290402889251709
-10.786578118801117	-7.0004178285598755
-11.130860030651093	-9.596939742565155
-6.463233947753906	-10.296900808811188
-7.527890682220459	-8.706670761108398
-7.636607050895691	-9.351913869380951
-6.814936637878418	-9.840735733509064
-6.875074625015259	-3.889533519744873
-5.916446685791016	-6.415825009346008
-7.692797541618347	-10.16473138332367
-10.153744339942932	-5.204411029815674
-5.001605987548828	-9.538080096244812
-5.922084331512451	-0.6705422401428223
-6.396281719207764	-9.046341240406036
-5.072896957397461	-6.818103075027466
-11.788403660058975	-7.0131003856658936
-8.72474455833435	-8.973861336708069
-10.662508964538574	-2.098867177963257
-7.985649347305298	-7.218595504760742
-4.849396705627441	-4.9838032722473145
-11.439557522535324	-1.1479732990264893
-7.027082920074463	-6.636061906814575
-9.475136518478394	-9.716179847717285
-11.323791727423668	-2.8904600143432617
-10.698746412992477	-4.524658441543579
-8.631031394004822	-8.994398832321167
-10.454338431358337	-11.651982463896275
-9.64158833026886	-9.450080394744873
-11.236222833395004	-5.481729984283447
-9.327675640583038	-7.791396260261536
-10.827766209840775	-3.939610004425049
-9.244136810302734	-2.6512398719787598
-4.222904920578003	-8.731414675712585
-7.38476300239563	-6.666370868682861
-6.381556034088135	-6.470529556274414
-10.016766428947449	-1.8298401832580566
-5.308736801147461	-1.246889591217041
-10.770243376493454	-9.858864605426788
-9.979816317558289	-9.081518232822418
-3.465714454650879	-6.391271710395813
-8.661139369010925	-7.214433431625366
-7.537472605705261	-7.437449812889099
-8.00327181816101	-7.2265191078186035
-3.8659937381744385	-0.9857046604156494
-8.268423199653625	-5.161993503570557
-6.633562445640564	-6.919180512428284
-7.871229529380798	-4.2282679080963135
-9.352440476417542	-8.197621464729309
-11.938284633681178	-6.791783809661865
-6.178486704826355	-7.237904191017151
-9.604536652565002	-8.510691404342651
-9.63418185710907	-4.352223873138428
-10.881399393081665	-5.146831512451172
-10.17390364408493	-7.009028792381287
-6.16109025478363	-3.6451385021209717
-7.013482689857483	-6.05089259147644
-6.7148154973983765	-5.70393705368042
-9.827653169631958	-9.955470621585846
-11.006538480520248	-8.523860692977905
-7.796488523483276	-4.7978196144104
-7.4856873750686646	-5.980321168899536
-11.671343386173248	-8.31366741657257
-8.107123017311096	-1.7734766006469727
-6.58849561214447	-7.111896872520447
-9.79868459701538	-2.7240800857543945
-8.900134563446045	-4.567010879516602
-3.9389591217041016	-9.792567908763885
-8.233869910240173	-4.802271366119385
-9.734919905662537	-1.693641185760498
-11.162135750055313	-1.4089350700378418
-8.295157313346863	-11.545068562030792
-9.838152766227722	-1.4833903312683105
-5.053199529647827	-1.70198392868042
-6.386940121650696	-1.2903985977172852
-8.4296236038208	-1.2812018394470215
-5.13313364982605	-7.421757817268372
-6.602435231208801	-10.470994055271149
-7.624139785766602	-5.098473787307739
-9.737915933132172	-7.273372292518616
-5.106728553771973	-2.615600109100342
-7.1342997550964355	-0.8737499713897705
-6.811916828155518	-4.184175252914429
-9.631864607334137	-1.5960144996643066
-11.696270808577538	-1.0846853256225586
-10.334143459796906	-3.1481845378875732
-8.744442701339722	-10.615155726671219
-5.673424959182739	-6.132225036621094
-8.956477761268616	-9.908174335956573
-5.388911247253418	-11.55040057003498
-11.084307163953781	-4.509040117263794
-9.05632334947586	-1.4551377296447754
-5.367598056793213	-2.2506000995635986
-5.855184316635132	-7.900855779647827
-7.459009408950806	-8.142081141471863
-5.123507022857666	-3.7607781887054443
-10.692807108163834	-8.205771446228027
-4.036840438842773	-0.9730875492095947
-10.751521825790405	-4.968238592147827
-10.711646050214767	-3.6169981956481934
-10.099113821983337	-4.4413840770721436
-10.126404047012329	-2.553034543991089
-10.982628375291824	-1.967977523803711
-5.609776496887207	-1.5295472145080566
-4.296640634536743	-6.876801609992981
-11.207290560007095	-3.819394826889038
-11.842705696821213	-3.793051242828369
-10.728449553251266	-1.0889196395874023
-10.950646251440048	-1.393932580947876
-3.7200379371643066	-7.780656695365906
-9.74499660730362	-1.873152494430542
-10.913193672895432	-2.1409006118774414
-7.251877784729004	-7.60722291469574
-11.560622245073318	-7.603064775466919
-10.526461243629456	-11.432400360703468
-8.380515217781067	-3.3086156845092773
-7.907931447029114	-5.737375259399414
-7.5300668478012085	-8.162936210632324
-9.0421923995018	-6.585732579231262
-7.557223320007324	-2.6763052940368652
-9.537956714630127	-3.4340944290161133
-8.660393357276917	-8.043472051620483
-7.6617271900177	-1.8625946044921875
-6.83526349067688	-6.04823362827301
-11.02975594997406	-3.5806524753570557
-10.156765043735504	-4.255783796310425
-7.708264589309692	-8.694538235664368
-11.181453377008438	-4.803555250167847
-10.742967188358307	-4.937810182571411
-9.253764688968658	-3.605555534362793
-5.958487272262573	-9.9840087890625
-10.354649484157562	-7.339599609375
-3.611583709716797	-5.588331699371338
-6.515257716178894	-2.8091604709625244
-8.283394932746887	-4.418618202209473
-7.378336429595947	-3.4416632652282715
-11.267501279711723	-10.096240997314453
-6.571722149848938	-4.638029336929321
-7.396077275276184	-5.074774503707886
-11.388835161924362	-11.20837327837944
-9.77911126613617	-10.729351133108139
-9.770323276519775	-7.3393964767456055
-10.985964238643646	-5.665353298187256
-8.426627039909363	-4.257486820220947
-11.006879478693008	-5.71673583984375
-6.312854290008545	-9.051689743995667
-10.83506092429161	-3.0533530712127686
-5.653794050216675	-5.3273162841796875
-9.212283253669739	-9.572245180606842
-4.752259254455566	-3.543097972869873
-8.035001635551453	-4.373491287231445
-10.24861603975296	-2.900259017944336
-10.42482304573059	-9.261659860610962
-4.589726686477661	-2.2845468521118164
-3.332292079925537	-5.012196063995361
-11.760111339390278	-8.929707169532776
-10.52043816447258	-3.2148184776306152
-11.117972284555435	-4.87940239906311
-9.76849490404129	-6.978384017944336
-10.09635579586029	-6.313502311706543
-5.4425060749053955	-9.914211630821228
-6.351534605026245	-7.255187630653381
-11.208844095468521	-9.133880138397217
-10.281807124614716	-1.8697714805603027
-8.335132241249084	-1.0391128063201904
-7.859445691108704	-4.12699556350708
-6.187049031257629	-3.680595874786377
-5.39692497253418	-0.8784184455871582
-7.829879522323608	-10.393623948097229
-7.158438205718994	-3.400632619857788
-11.445061191916466	-2.041245460510254
-6.017604231834412	-8.91172170639038
-7.743847846984863	-8.033526062965393
-9.106888890266418	-2.752995014190674
-6.528560042381287	-4.138970375061035
-11.723937325179577	-2.896599769592285
-9.502908289432526	-8.606917262077332
-7.927363872528076	-7.304367542266846
-9.294045567512512	-7.515387296676636
-4.0260093212127686	-6.9015727043151855
-5.700923681259155	-11.720976904034615
-6.334776878356934	-6.752205848693848
-6.66512668132782	-4.926496982574463
-10.671898484230042	-11.998743184434716
-6.507802963256836	-0.872631311416626
-7.240797758102417	-8.830087780952454
-4.76579475402832	-3.583974838256836
-3.568380832672119	-4.528530120849609
-9.555682182312012	-0.6797854900360107
-10.335070252418518	-9.577170431613922
-7.676133155822754	-7.707444906234741
-7.032382607460022	-4.779698610305786
-10.546987652778625	-3.783052682876587
-8.770788788795471	-2.869250535964966
-6.947211384773254	-5.9370574951171875
-8.836937427520752	-4.417402982711792
-7.496538162231445	-8.857859373092651
-5.83291482925415	-0.8799877166748047
-10.683078467845917	-1.6493453979492188
-3.449435234069824	-0.8884913921356201
-7.319696545600891	-1.285881757736206
-7.441463470458984	-1.1351265907287598
-4.894150257110596	-1.4085874557495117
-9.05618691444397	-6.035639762878418
-9.245868980884552	-3.326765298843384
-9.12766832113266	-1.0571815967559814
-10.298992037773132	-1.4478979110717773
-8.731339931488037	-4.512441158294678
-11.628601916134357	-9.397678792476654
-6.860499858856201	-1.7789161205291748
-6.6019556522369385	-2.6090619564056396
-9.033828020095825	-2.996030330657959
-5.578248739242554	-10.567100465297699
-7.314205527305603	-9.254563987255096
-7.911986231803894	-9.260521352291107
-8.92810571193695	-11.565134972333908
-9.199313163757324	-6.6388678550720215
-9.870881259441376	-8.171131253242493
-10.877926111221313	-10.580381959676743
-5.092700958251953	-7.4425288438797
-6.878966331481934	-5.910194635391235
-11.021760016679764	-7.418469786643982
-9.160971522331238	-2.007081985473633
-6.58922803401947	-5.565118789672852
-10.556004881858826	-10.500370770692825
-9.018328428268433	-10.82493531703949
-5.5426483154296875	-10.96673235297203
-8.844523072242737	-10.873725682497025
-8.181631922721863	-4.494937419891357
-6.86024022102356	-5.579334497451782
-6.113500714302063	-6.412847399711609
-5.311368942260742	-2.9726364612579346
-5.864425420761108	-5.613530158996582
-7.503737568855286	-2.744701623916626
-9.759306728839874	-4.17026424407959
-7.266923904418945	-5.001249074935913
-5.6995790004730225	-1.5350196361541748
-10.272420644760132	-0.9163670539855957
-4.165180921554565	-5.297447919845581
-11.854631010442972	-7.839224338531494
-5.268479347229004	-7.36711049079895
-8.709344029426575	-6.780860424041748
-11.241952925920486	-8.58194124698639
-3.9783804416656494	-0.9694991111755371
-2.572254180908203	-0.6836636066436768
-10.609607845544815	-11.433135911822319
-5.479706525802612	-8.111572980880737
-9.992469549179077	-8.492335081100464
-8.605633020401001	-3.094003915786743
-7.01700747013092	-4.987886667251587
-7.371203899383545	-6.40150773525238
-4.801046848297119	-1.4908618927001953
-9.502939939498901	-7.056373715400696
-10.846631348133087	-8.53029727935791
-4.7489354610443115	-4.045213937759399
-6.256780385971069	-1.5734710693359375
-10.795643895864487	-6.092224359512329
-7.686755418777466	-5.2096266746521
-7.839709997177124	-8.335167288780212
-7.874045491218567	-2.4556617736816406
-9.290091097354889	-1.4715750217437744
-11.41381023824215	-7.60497522354126
-10.177293419837952	-3.4026432037353516
-11.307458639144897	-1.5066139698028564
-3.041886806488037	-6.192689895629883
-5.664794683456421	-5.356577396392822
-11.479601293802261	-0.8628108501434326
-11.129572212696075	-6.115750193595886
-10.838977485895157	-8.41286015510559
-8.336018085479736	-9.056691706180573
-10.759090304374695	-2.5723764896392822
-4.626657485961914	-8.38490617275238
-4.911694765090942	-1.039863109588623
-10.360963582992554	-4.278076887130737
-5.134926080703735	-10.701546728610992
-5.417495012283325	-5.9218175411224365
-9.580722212791443	-9.55509227514267
-7.177242279052734	-9.60302585363388
-9.637957692146301	-11.920188406482339
-10.303422689437866	-4.114076614379883
-11.262818902730942	-5.3234782218933105
-7.680563807487488	-8.170449614524841
-8.323652386665344	-5.800246238708496
-4.60033392906189	-6.089025378227234
-9.459543406963348	-10.647262215614319
-9.323117852210999	-7.493617415428162
-11.00245276093483	-7.482380032539368
-4.827875375747681	-4.0170793533325195
-9.24804174900055	-3.119016408920288
-6.975148916244507	-8.174666047096252
-10.930158108472824	-7.344648241996765
-5.015325307846069	-4.205422639846802
-10.840391546487808	-3.42447566986084
-9.122881293296814	-11.635873228311539
-5.132396936416626	-1.3582642078399658
-5.972577095031738	-4.247077703475952
-9.236887156963348	-10.641135603189468
-11.388992115855217	-6.087780475616455
-10.871177852153778	-4.5354695320129395
-11.455435708165169	-11.812757559120655
-5.664555072784424	-6.638174414634705
-11.207222253084183	-2.1287341117858887
-11.647865027189255	-4.80516242980957
-5.531092643737793	-2.5991806983947754
-9.770352602005005	-7.078098177909851
-7.763062834739685	-8.347573041915894
-8.754311084747314	-6.5131824016571045
-8.597333908081055	-2.9786789417266846
-7.531591057777405	-3.6181411743164062
-9.569620370864868	-7.144518971443176
-6.330462098121643	-9.60469275712967
-9.942694365978241	-6.207721710205078
-9.227329015731812	-3.2079713344573975
-6.362229108810425	-8.804321765899658
-7.611353874206543	-2.6993930339813232
-5.36752724647522	-2.5787694454193115
-11.872444946318865	-9.116490840911865
-8.289967775344849	-4.810641288757324
-7.639327168464661	-10.200711786746979
-11.389814481139183	-3.381978750228882
-10.163200378417969	-5.161454200744629
-7.968947052955627	-8.380736589431763
-8.349181652069092	-5.237324237823486
-10.070721745491028	-1.2106726169586182
-11.112817704677582	-6.965813040733337
-11.877620905637741	-4.091031789779663
-8.044001340866089	-6.66230320930481
-10.023385047912598	-1.876255989074707
-9.691209733486176	-3.3379690647125244
-10.177189886569977	-7.27003026008606
-9.74813425540924	-1.5506458282470703
-9.470759868621826	-3.8195157051086426
-3.8652749061584473	-2.4436869621276855
-10.717969715595245	-9.218669950962067
-11.18901041150093	-8.582979083061218
-4.63790488243103	-6.196371674537659
-10.712667614221573	-8.380881428718567
-11.920754738152027	-4.105908393859863
-9.104055225849152	-6.072836637496948
-10.687561601400375	-5.834164381027222
-8.023041129112244	-1.9832146167755127
-5.0678486824035645	-3.9701406955718994
-10.212170004844666	-5.5006492137908936
-9.421516299247742	-6.458700656890869
-8.907570362091064	-4.469846248626709
-6.880537748336792	-7.356051564216614
-8.514760494232178	-9.524951577186584
-9.806839942932129	-3.694647789001465
-5.7863688468933105	-8.698243260383606
-11.305194899439812	-1.997523307800293
-9.378039479255676	-5.826601266860962
-9.873050093650818	-4.2879016399383545
-8.13888144493103	-6.585684299468994
-9.794518232345581	-5.806672096252441
-11.365432754158974	-6.250030875205994
-6.213811755180359	-9.833503425121307
-6.630167841911316	-3.8723416328430176
-3.639827013015747	-9.095265626907349
-9.090060710906982	-4.144351243972778
-7.595353960990906	-5.66383695602417
-5.390424013137817	-5.509574890136719
-10.407825529575348	-9.218526363372803
-8.733213543891907	-5.3957884311676025
-10.933121144771576	-7.617437124252319
-9.637502431869507	-4.612199306488037
-10.179992258548737	-1.6971652507781982
-4.111435174942017	-4.588915586471558
-7.672125935554504	-1.4726428985595703
-11.48221792280674	-3.892360210418701
-6.958767056465149	-7.214209198951721
-10.938031822443008	-8.551080822944641
-9.272865772247314	-6.975147485733032
-9.843267023563385	-8.10737156867981
-9.702049970626831	-6.260099530220032
-11.35616286098957	-4.285172939300537
-6.270272612571716	-2.6567530632019043
-10.813786268234253	-9.598031044006348
-9.451087474822998	-5.869963645935059
-8.844908952713013	-5.844114303588867
-10.149438500404358	-1.8835830688476562
-7.934991717338562	-9.517837285995483
-6.952872276306152	-8.140892386436462
-7.220130443572998	-3.6591317653656006
-2.956078290939331	-3.993008852005005
-5.852879762649536	-5.99250054359436
-11.18678829073906	-6.522595167160034
-8.298863053321838	-1.9772443771362305
-6.734384536743164	-4.23095440864563
-11.25529396533966	-4.749913215637207
-3.8625168800354004	-7.898686408996582
-10.448374807834625	-2.781998634338379
-6.604119658470154	-10.246950566768646
-9.525364637374878	-2.1125571727752686
-4.878820180892944	-10.097874283790588
-9.903610289096832	-8.328865885734558
-11.861816804856062	-9.009852826595306
-10.68120726943016	-10.176564037799835
-10.73708751797676	-8.449169039726257
-10.650736570358276	-8.261051058769226
-9.953321635723114	-5.326255559921265
-5.321763753890991	-7.030432820320129
-7.470288991928101	-0.6029248237609863
-11.814632669091225	-9.756698369979858
-5.582432270050049	-4.653096914291382
-9.023674428462982	-4.120312213897705
-10.43949168920517	-8.920490384101868
-10.88902822136879	-7.133304476737976
-11.17601090669632	-9.462172329425812
-6.0349273681640625	-10.063987970352173
-11.758586011826992	-5.569822311401367
-8.073601126670837	-6.742812752723694
-6.231537222862244	-7.202186107635498
-7.640936493873596	-10.782148450613022
-7.8199979066848755	-8.677629232406616
-8.361906051635742	-4.604893684387207
-10.856876134872437	-5.261486291885376
-9.087739706039429	-6.2186665534973145
-7.887973666191101	-3.2313172817230225
-5.013517141342163	-9.002333521842957
-7.8076372146606445	-3.556061267852783
-10.510578006505966	-10.887409776449203
-6.295259356498718	-9.561664581298828
-8.03912365436554	-3.0329339504241943
-7.78743302822113	-10.020456433296204
-9.597958624362946	-0.8051633834838867
-9.035597205162048	-6.466013789176941
-7.515566825866699	-8.929396390914917
-10.202181279659271	-7.752728462219238
-8.283962488174438	-9.510751247406006
-6.139598965644836	-5.666087865829468
-9.521009981632233	-1.852977991104126
-7.585978388786316	-5.181568622589111
-11.657398112118244	-4.474230766296387
-10.705276429653168	-2.5133492946624756
-6.85539436340332	-3.6569294929504395
-6.324795842170715	-5.925996780395508
-8.398201704025269	-6.0548951625823975
-10.251535534858704	-9.495129346847534
-6.5557701587677	-1.057192325592041
-8.03843092918396	-5.466281890869141
-9.239421665668488	-9.162574410438538
-5.601960897445679	-6.158250331878662
-8.486936330795288	-5.559372425079346
-11.312601685523987	-1.6612951755523682
-5.8623833656311035	-8.016952157020569
-11.091461420059204	-1.0271236896514893
-10.907155215740204	-3.5671169757843018
-10.135436654090881	-2.0460305213928223
-4.647886276245117	-7.958486080169678
-7.881102561950684	-5.822739601135254
-10.908397525548935	-5.9902918338775635
-10.352834343910217	-3.074352264404297
-9.703566312789917	-5.338225364685059
-11.190111368894577	-11.380820140242577
-11.899829976260662	-6.04981255531311
-9.139932096004486	-1.7589061260223389
-11.952787019312382	-4.330661058425903
-7.3380796909332275	-4.792576789855957
-2.000058174133301	-4.086308240890503
-9.706602215766907	-9.254239618778229
-8.892417669296265	-6.620638847351074
-5.4712958335876465	-11.726915962994099
-9.093958675861359	-2.9048044681549072
-9.353092074394226	-9.771392226219177
-2.2526886463165283	-7.046906232833862
-7.704036712646484	-6.8289878368377686
-9.903876900672913	-7.7874062061309814
-8.716900706291199	-6.430604338645935
-7.441860795021057	-6.938090801239014
-5.824466943740845	-6.635810136795044
-5.187872886657715	-9.322207868099213
-10.809188604354858	-7.538689613342285
-8.592919707298279	-5.702052354812622
-7.957400321960449	-3.7481625080108643
-5.366882085800171	-3.7530627250671387
-6.683549880981445	-7.08532440662384
-9.742939710617065	-1.3036816120147705
-10.906632095575333	-2.3354530334472656
-5.816576957702637	-9.167245388031006
-9.485589623451233	-5.836694955825806
-8.560886979103088	-1.1289432048797607
-7.577455759048462	-1.5438544750213623
-7.064243316650391	-2.5447747707366943
-9.610396385192871	-9.700724959373474
-5.312129259109497	-2.871381998062134
-11.680048361420631	-5.978535175323486
-6.077147841453552	-2.76334547996521
-4.63669753074646	-2.328378438949585
-10.922548055648804	-5.904052019119263
-9.900771260261536	-7.4492576122283936
-6.134241700172424	-5.991168022155762
-6.631737470626831	-9.152584075927734
-10.690392762422562	-1.3989264965057373
-7.216684341430664	-7.2643468379974365
-5.180605173110962	-7.9596980810165405
-8.845600962638855	-7.901472687721252
-6.4413124322891235	-2.0858001708984375
-9.73005223274231	-8.816563725471497
-5.006265878677368	-6.558987379074097
-7.692944884300232	-6.234243035316467
-4.655857086181641	-2.0479681491851807
-7.196919679641724	-6.571090936660767
-3.1609010696411133	-6.857802987098694
-10.297808825969696	-3.2848641872406006
-7.143262624740601	-5.981736660003662
-11.024531096220016	-0.7711694240570068
-8.146629452705383	-6.501471519470215
-4.696927785873413	-7.521413326263428
-10.814194053411484	-3.7433316707611084
-11.275535613298416	-4.4039318561553955
-7.149966716766357	-8.265582203865051
-5.8239734172821045	-2.7713277339935303
-6.261033654212952	-8.812021493911743
-11.165839165449142	-7.60897421836853
-9.938031435012817	-6.316684126853943
-11.487030118703842	-5.995388746261597
-8.452890515327454	-7.015389919281006
-5.4144287109375	-4.186906099319458
-9.242769062519073	-3.8843793869018555
-5.90152645111084	-7.991177201271057
-6.883840799331665	-3.0467119216918945
-11.3073208630085	-4.235562801361084
-8.091090202331543	-6.400073289871216
-10.258884966373444	-5.500025510787964
-11.681386940181255	-9.560824871063232
-10.857170641422272	-3.2898201942443848
-9.591583728790283	-2.3946218490600586
-10.042878270149231	-5.84974479675293
-4.649762392044067	-10.044328272342682
-11.448616236448288	-3.8897109031677246
-9.422705948352814	-11.0254647731781
-5.14871621131897	-8.980493545532227
-10.69658750295639	-8.241146922111511
-4.085864782333374	-4.164456367492676
-8.801858067512512	-4.869837284088135
-7.901391863822937	-7.811931252479553
-8.562174797058105	-1.198800802230835
-6.493324398994446	-6.245389223098755
-7.717143774032593	-8.222267031669617
-6.466282367706299	-1.7106099128723145
-4.1629064083099365	-7.442638993263245
-7.918500065803528	-3.987884759902954
-9.639069199562073	-9.483040809631348
-7.436606526374817	-10.142564356327057
-10.380996465682983	-6.297250270843506
-4.80945897102356	-5.145362377166748
-10.732374876737595	-6.9459850788116455
-11.016981929540634	-9.192828476428986
-6.921759366989136	-3.245173215866089
-10.893092036247253	-7.847259163856506
-8.270399451255798	-8.110105633735657
-10.510728657245636	-3.2598445415496826
-5.8929526805877686	-7.4908447265625
-10.769538760185242	-1.3115065097808838
-7.7780442237854	-3.670849084854126
-11.996259079431184	-7.299822092056274
-5.805222988128662	-2.0362701416015625
-10.497866749763489	-7.158321976661682
-7.008826375007629	-6.447446823120117
-10.767253249883652	-4.54314923286438
-5.249046564102173	-5.727555513381958
-6.46967625617981	-2.9305036067962646
-7.453823089599609	-10.005480229854584
-9.048691034317017	-1.6334989070892334
-8.12742555141449	-4.667168855667114
-8.254860162734985	-6.34464704990387
-11.34287765622139	-5.2399656772613525
-8.598090648651123	-10.453199207782745
-6.207826495170593	-7.203661680221558
-11.7602923437953	-8.606679797172546
-6.627070069313049	-5.303383111953735
-10.091244757175446	-0.6362321376800537
-8.056978225708008	-6.937750339508057
-3.893376588821411	-3.4975290298461914
-6.659178256988525	-10.7924282848835
-8.922313570976257	-5.470905303955078
-7.781840801239014	-8.741578102111816
-10.476098835468292	-3.3708980083465576
-10.52429723739624	-11.946884348988533
-11.542156532406807	-2.867434501647949
-6.777208685874939	-3.0864007472991943
-8.449631094932556	-6.990160346031189
-10.286276578903198	-2.2344489097595215
-8.350681900978088	-3.630970001220703
-5.8592848777771	-11.569133564829826
-9.900441527366638	-2.2871389389038086
-10.76059341430664	-10.191937923431396
-9.494182169437408	-2.894286632537842
-11.033037543296814	-8.142770648002625
-10.585060626268387	-5.159524440765381
-10.673349469900131	-3.5603063106536865
-6.213784575462341	-8.215880513191223
-10.738478243350983	-3.532179594039917
-8.91708505153656	-8.993270874023438
-8.42588210105896	-7.818313479423523
-6.451679348945618	-1.0152432918548584
-7.365626335144043	-3.8912837505340576
-8.340180516242981	-7.578264355659485
-7.884294390678406	-1.1109223365783691
-6.929420471191406	-2.378138780593872
-5.436221122741699	-6.466516971588135
-5.352664232254028	-9.52414208650589
-3.9946460723876953	-9.704113125801086
-10.215392768383026	-10.40459418296814
-6.388339161872864	-5.282275915145874
-6.570430755615234	-1.7054457664489746
-6.570301651954651	-9.300343751907349
-4.011054754257202	-2.7034950256347656
-7.5783491134643555	-0.9614739418029785
-4.025058031082153	-0.778221845626831
-11.917347019538283	-3.147449254989624
-10.052466452121735	-0.8727915287017822
-10.164125204086304	-9.762159705162048
-10.724805057048798	-2.2927544116973877
-4.758213758468628	-7.9891709089279175
-6.93904173374176	-8.131123423576355
-11.693517029285431	-7.168012619018555
-8.369171619415283	-6.3849921226501465
-4.549919128417969	-8.569532632827759
-6.698837757110596	-4.585512399673462
-7.064112424850464	-5.1142237186431885
-4.325486183166504	-7.928237199783325
-10.028504848480225	-5.957072496414185
-11.82608437165618	-6.153947353363037
-8.907496333122253	-7.821218848228455
-9.373985052108765	-5.506775379180908
-3.0193583965301514	-10.00507664680481
-9.545340657234192	-2.104936122894287
-5.8098578453063965	-3.1147499084472656
-9.448314249515533	-1.620225191116333
-5.3543171882629395	-7.615382552146912
-11.910789784044027	-9.88143789768219
-8.045960783958435	-7.646410703659058
-11.302809789776802	-3.061893939971924
-8.757394194602966	-3.4206297397613525
-7.430711030960083	-7.481445550918579
-5.721136808395386	-3.44388484954834
-5.246098279953003	-7.5848228931427
-8.779976606369019	-8.48805856704712
-4.798868894577026	-4.655857801437378
-2.866330146789551	-3.9991250038146973
-9.487440347671509	-7.212298393249512
-6.698103904724121	-2.077036142349243
-8.440461158752441	-9.659953773021698
-9.979107856750488	-8.746952533721924
-4.2310631275177	-1.818955421447754
-10.832191407680511	-7.581077814102173
-5.2519683837890625	-7.640246629714966
-5.28374719619751	-8.247772336006165
-7.989606142044067	-5.178183317184448
-11.396826133131981	-7.224934816360474
-8.513859987258911	-7.813648223876953
-10.013215005397797	-10.617966502904892
-11.010966092348099	-1.0731768608093262
-8.27496349811554	-7.3783310651779175
-2.3868398666381836	-2.8844046592712402
-8.831141352653503	-9.609672725200653
-9.886024475097656	-1.9831438064575195
-10.993306517601013	-6.097600936889648
-7.56490695476532	-7.3362815380096436
-5.177385091781616	-7.993137717247009
-3.1582589149475098	-3.4360063076019287
-6.179079294204712	-9.680704057216644
-5.586462020874023	-5.111838340759277
-5.571415185928345	-2.441089153289795
-8.61228597164154	-6.816640019416809
-8.466668844223022	-2.226287841796875
-7.377464532852173	-7.836578965187073
-10.06224775314331	-3.1383490562438965
-6.876666069030762	-5.959506511688232
-8.767772912979126	-1.2379138469696045
-10.012253522872925	-4.258931636810303
-11.11007496714592	-7.516178369522095
-8.954200744628906	-1.4004950523376465
-9.011629164218903	-11.11770048737526
-7.665949702262878	-2.739993095397949
-8.313185334205627	-4.7550458908081055
-6.156761527061462	-5.08148717880249
-11.639520607888699	-5.804131507873535
-4.99147367477417	-1.5362963676452637
-5.356801986694336	-1.816032886505127
-9.894018709659576	-2.3009183406829834
-7.668928384780884	-7.480899810791016
-7.042554974555969	-9.608371675014496
-9.53360778093338	-7.0578224658966064
-2.5863332748413086	-0.8076295852661133
-5.05005955696106	-3.1840567588806152
-4.964660882949829	-8.150471806526184
-10.725428402423859	-1.2595953941345215
-9.913873672485352	-1.0259027481079102
-10.29226416349411	-4.502978324890137
-11.303712263703346	-9.301548957824707
-11.367590367794037	-1.607008695602417
-9.136847734451294	-1.3935041427612305
-6.118469953536987	-4.213338375091553
-6.030768156051636	-2.712562322616577
-3.8159165382385254	-5.0963029861450195
-10.500376671552658	-2.0562057495117188
-10.146613955497742	-5.514955043792725
-11.098423719406128	-0.6004629135131836
-7.009432911872864	-2.5568132400512695
-7.010712504386902	-3.8492510318756104
-9.060316622257233	-8.313591957092285
-10.367456138134003	-4.094033718109131
-5.7947845458984375	-2.6014716625213623
-11.183954179286957	-2.2525649070739746
-8.69890022277832	-5.458517074584961
-9.088232338428497	-9.031092703342438
-6.90878963470459	-5.995995998382568
-6.7168697118759155	-5.392464637756348
-5.776174306869507	-7.074373126029968
-8.849640369415283	-6.262160539627075
-11.81154428422451	-1.8522484302520752
-9.699873805046082	-5.0369203090667725
-9.579346060752869	-9.449742615222931
-11.116557240486145	-3.6245005130767822
-10.579142332077026	-10.930105090141296
-4.631397485733032	-11.439273163676262
-6.448847651481628	-1.1748347282409668
-9.450480580329895	-1.38895583152771
-9.418893277645111	-7.777531027793884
-10.43517404794693	-9.912800788879395
-7.298293948173523	-3.751342535018921
-10.061565935611725	-8.946606159210205
-7.063657164573669	-2.4013831615448
-7.7138471603393555	-4.578884124755859
-7.696904540061951	-4.03105902671814
-10.897615402936935	-3.575580596923828
-8.943767309188843	-0.5364139080047607
-7.9199066162109375	-9.247523725032806
-5.59954833984375	-4.342764616012573
-11.094739705324173	-5.633398532867432
-10.437493085861206	-6.247077226638794
-4.472630739212036	-9.686425924301147
-5.518986225128174	-4.638909816741943
-9.502734303474426	-3.497971773147583
-10.623349249362946	-0.9368133544921875
-3.5338239669799805	-9.774068176746368
-5.313251495361328	-1.3234283924102783
-7.757699489593506	-8.277605652809143
-9.547763228416443	-3.3172760009765625
-6.237605452537537	-6.719267964363098
-9.67657059431076	-3.9048385620117188
-11.601215556263924	-5.076212167739868
-6.570928573608398	-7.138275504112244
-9.149445533752441	-2.0051701068878174
-8.221437335014343	-5.7541258335113525
-7.591036677360535	-1.9253511428833008
-8.537778496742249	-4.019447565078735
-10.285566687583923	-3.070890426635742
-5.0532989501953125	-4.933366298675537
-5.948023796081543	-1.3904743194580078
-11.35604314506054	-1.427217721939087
-10.165556073188782	-1.1278188228607178
-10.502691954374313	-6.50399923324585
-6.724513292312622	-7.916231989860535
-9.70464313030243	-7.5111565589904785
-10.051140010356903	-1.1352696418762207
-4.544048309326172	-8.181889772415161
-3.1730496883392334	-3.246502161026001
-8.170572996139526	-1.014098882675171
-10.841024994850159	-2.8889708518981934
-11.177376866340637	-4.963354110717773
-10.245377004146576	-4.259432315826416
-6.803994297981262	-3.21594500541687
-9.361498653888702	-8.883959412574768
-7.618048310279846	-10.174430251121521
-10.559446692466736	-6.038953900337219
-5.709174156188965	-6.8173205852508545
-9.83567351102829	-3.5122997760772705
-9.413162648677826	-11.137874186038971
-10.22002387046814	-10.52958333492279
-9.360458135604858	-8.466161370277405
-11.646547146141529	-5.437432050704956
-10.488623142242432	-6.540761947631836
-8.758893728256226	-4.0803751945495605
-11.5563383102417	-10.083206534385681
-10.788613200187683	-6.202347278594971
-10.099038898944855	-6.502040863037109
-9.160843670368195	-5.7978057861328125
-10.684405088424683	-8.218880295753479
-7.9415624141693115	-7.857376456260681
-10.2392036318779	-1.2420172691345215
-9.523513913154602	-1.4524877071380615
-10.50875660777092	-1.9452288150787354
-5.276148319244385	-1.7110905647277832
-9.095950841903687	-6.530620336532593
-10.35582411289215	-10.402283012866974
-7.215377569198608	-10.336889326572418
-6.0672712326049805	-4.477745532989502
-10.853312999010086	-10.683352142572403
-8.361557006835938	-3.1007251739501953
-3.9709017276763916	-5.45771598815918
-9.1040518283844	-6.755685210227966
-7.50909161567688	-0.8638308048248291
-9.556317508220673	-9.594107687473297
-9.237411797046661	-0.9771029949188232
-8.37720251083374	-5.092955589294434
-9.643348038196564	-10.807860016822815
-11.335265636444092	-7.5791401863098145
-7.9594738483428955	-4.700338125228882
-10.891812980175018	-5.858099699020386
-5.889178276062012	-5.248468637466431
-10.539066195487976	-1.943671703338623
-6.800927639007568	-7.73764443397522
-7.443363189697266	-8.646651864051819
-9.512091279029846	-2.6252474784851074
-11.029997885227203	-2.992612838745117
-11.4326551258564	-7.396616578102112
-6.346391201019287	-8.587409734725952
-8.134539127349854	-5.582272052764893
-6.242279291152954	-5.4454522132873535
-5.603062391281128	-10.013319790363312
-9.187258422374725	-6.833227872848511
-7.047306776046753	-1.1830236911773682
-6.3408883810043335	-2.2058515548706055
-8.822016835212708	-3.009821891784668
-3.419783592224121	-6.160644292831421
-10.127811849117279	-1.4527158737182617
-10.16349720954895	-4.157318830490112
-7.878842711448669	-1.2385947704315186
-5.855574131011963	-8.107966661453247
-9.755983829498291	-3.299180030822754
-11.69463649392128	-4.888342380523682
-11.686786986887455	-11.50983613729477
-6.350115537643433	-3.4848568439483643
-3.599234104156494	-9.825477719306946
-10.103759765625	-8.051796555519104
-8.073572158813477	-6.558483123779297
-9.883350849151611	-9.190018951892853
-8.941165208816528	-7.366817951202393
-6.355595111846924	-4.168988943099976
-9.742615699768066	-0.8166053295135498
-10.701741099357605	-5.8802525997161865
-5.710231304168701	-4.912068843841553
-4.823649644851685	-7.01833713054657
-8.398949146270752	-7.951429724693298
-7.081526041030884	-2.143803119659424
-3.675985336303711	-9.262255311012268
-9.395475804805756	-9.86060357093811
-9.66881775856018	-6.354318737983704
-7.520018219947815	-4.486640453338623
-11.562057539820671	-7.000555157661438
-4.7335052490234375	-4.425407409667969
-11.171909540891647	-9.437292158603668
-5.000869989395142	-8.808669090270996
-10.425091981887817	-2.693460702896118
-8.148078560829163	-11.39980137348175
-6.330139517784119	-7.399612069129944
-9.220355093479156	-10.65499484539032
-10.937009632587433	-8.189457535743713
-6.258455872535706	-7.1441216468811035
-5.66492772102356	-2.2935969829559326
-9.01981920003891	-1.921076774597168
-11.810923509299755	-3.5263924598693848
-7.031492471694946	-1.9762873649597168
-2.75614857673645	-6.092556953430176
-7.86805522441864	-7.035221457481384
-11.652382537722588	-9.691899240016937
-4.146479845046997	-5.306259870529175
-7.963955998420715	-11.285693407058716
-8.459205508232117	-5.149873495101929
-11.94734357111156	-7.795103430747986
-8.571042537689209	-7.430615186691284
-11.514319851994514	-3.329468250274658
-10.51645141839981	-6.107022643089294
-5.990366220474243	-5.928626775741577
-7.586134314537048	-8.738470673561096
-8.734496712684631	-2.098209857940674
-11.630766034126282	-1.5612645149230957
-6.79039192199707	-6.199462294578552
-8.874931812286377	-4.371582269668579
-8.333774328231812	-6.62233579158783
-11.74903640896082	-10.348475396633148
-7.111552119255066	-1.3244397640228271
-3.7839767932891846	-2.7744197845458984
-8.223520517349243	-2.3348922729492188
-8.208710432052612	-1.1153533458709717
-11.334243535995483	-3.2298624515533447
-8.743430972099304	-3.129868984222412
-5.04792594909668	-6.85976779460907
-9.947560250759125	-8.079142570495605
-6.3365010023117065	-10.929397165775299
-7.134281873703003	-8.418532490730286
-8.86562955379486	-9.485137403011322
-6.6346964836120605	-3.03878116607666
-9.433712482452393	-3.2452991008758545
-6.997762441635132	-5.439587831497192
-7.446916222572327	-6.451549530029297
-4.993988513946533	-2.9257750511169434
-9.782131254673004	-7.847323894500732
-7.383260607719421	-6.095577836036682
-8.827590823173523	-5.1465253829956055
-8.9288409948349	-10.55520048737526
-7.798144340515137	-3.919971227645874
-11.771757401525974	-2.485990047454834
-7.603098750114441	-3.9292960166931152
-10.953323721885681	-7.097059965133667
-9.983098447322845	-4.502166509628296
-8.435661792755127	-6.303781628608704
-7.994059324264526	-4.978581190109253
-7.425029039382935	-6.163410902023315
-11.110545426607132	-4.124299049377441
-6.378394603729248	-1.1658711433410645
-11.027491629123688	-6.6208416223526
-6.455654740333557	-3.9217729568481445
-8.621883273124695	-7.81856632232666
-11.195633500814438	-7.644271373748779
-10.34888219833374	-7.950256705284119
-6.566632390022278	-1.131718397140503
-8.349501729011536	-3.436917543411255
-11.115446537733078	-8.344619750976562
-9.874705195426941	-1.2735099792480469
-8.93253743648529	-9.015332579612732
-7.626799464225769	-6.528051137924194
-7.242209315299988	-1.0514538288116455
-7.5455464124679565	-6.668962597846985
-7.114234685897827	-8.672623872756958
-4.583117723464966	-4.219141244888306
-9.028451442718506	-8.510169267654419
-8.102915167808533	-5.349816799163818
-6.2256470918655396	-8.417629480361938
-9.836540758609772	-11.32952119410038
-6.338120341300964	-9.229488730430603
-7.892413973808289	-0.8380422592163086
-11.151526719331741	-9.745078325271606
-7.8889371156692505	-5.987452268600464
-6.048831582069397	-3.2523787021636963
-4.98358941078186	-10.892721176147461
-10.464273691177368	-8.083700895309448
-10.556031793355942	-11.085990965366364
-6.043237209320068	-9.871771574020386
-9.89000004529953	-3.5752243995666504
-11.60825228691101	-8.419768810272217
-8.535829424858093	-1.8474462032318115
-6.770305037498474	-8.120035171508789
-11.329746410250664	-9.386716067790985
-9.512670814990997	-10.064105987548828
-10.466009259223938	-9.92439204454422
-4.379805564880371	-9.183131575584412
-6.325438141822815	-6.903010725975037
-7.796816468238831	-6.27754533290863
-7.575846791267395	-6.484699487686157
-10.251314520835876	-5.436174631118774
-7.002995610237122	-6.304019451141357
-5.329813241958618	-1.1936051845550537
-8.361676096916199	-5.780367851257324
-11.318123236298561	-6.466165781021118
-10.27525395154953	-2.998753309249878
-11.233214288949966	-6.186609506607056
-9.367967069149017	-3.7779736518859863
-6.480594992637634	-7.895730257034302
-9.885890007019043	-1.3971312046051025
-10.780930638313293	-9.94409430027008
-7.975432634353638	-3.361388683319092
-4.681365966796875	-7.57265567779541
-6.943523168563843	-3.226304054260254
-8.171806812286377	-1.587385654449463
-7.771907687187195	-4.459273338317871
-10.9794360101223	-3.103048324584961
-7.009377121925354	-2.1921536922454834
-7.011555433273315	-6.883934140205383
-9.228591620922089	-8.279149532318115
-9.14420610666275	-4.7520833015441895
-8.35585606098175	-8.80506455898285
-8.46755576133728	-8.135018706321716
-4.606419324874878	-3.7953107357025146
-11.744176179170609	-7.153379201889038
-9.394994080066681	-9.56124722957611
-5.504467964172363	-3.8190393447875977
-11.161809235811234	-4.077760219573975
-11.450772419571877	-9.803623259067535
-6.431973695755005	-5.416000127792358
-8.705792427062988	-1.7393946647644043
-9.90036141872406	-1.187911033630371
-10.472799897193909	-10.29231208562851
-10.654659926891327	-3.368328809738159
-11.830700028687716	-3.9164693355560303
-5.512706995010376	-9.284238338470459
-7.012789249420166	-10.241940379142761
-7.777021765708923	-4.4389808177948
-6.711847543716431	-4.221133232116699
-7.788215517997742	-4.633862257003784
-8.462544679641724	-4.8700690269470215
-11.32788696885109	-6.22869336605072
-7.9266732931137085	-8.797218918800354
-11.24632215499878	-8.757797956466675
-8.847929120063782	-2.6817727088928223
-4.51438307762146	-9.325393795967102
-11.667915120720863	-3.8956568241119385
-4.175728797912598	-5.724650144577026
-9.599310636520386	-3.8392560482025146
-11.289391815662384	-0.8457012176513672
-10.278209030628204	-2.694861888885498
-7.133160352706909	-4.971900701522827
-10.610591411590576	-4.680592775344849
-4.80207896232605	-8.63938021659851
-5.713409185409546	-3.3261208534240723
-10.490312039852142	-2.8758816719055176
-4.939645528793335	-10.213728368282318
-9.85932719707489	-3.1413145065307617
-6.408036589622498	-5.2881810665130615
-8.193440079689026	-9.657533168792725
-8.659059762954712	-6.559269547462463
-8.499650001525879	-1.9763553142547607
-3.4850406646728516	-4.939052581787109
-3.8212831020355225	-8.428055763244629
-6.659021615982056	-10.670423090457916
-9.081519663333893	-6.580143928527832
-8.492538571357727	-4.764047384262085
-8.57728135585785	-5.234011173248291
-5.738724946975708	-7.595496654510498
-11.22078537940979	-3.151611328125
-9.3594691157341	-3.233671188354492
-10.213360726833344	-2.097834348678589
-7.618298292160034	-5.099761247634888
-7.713380455970764	-1.7591063976287842
-7.412800669670105	-4.259355068206787
-6.848222136497498	-6.422505140304565
-8.943385004997253	-2.4916269779205322
-11.608475670218468	-10.280246615409851
-9.633572280406952	-4.297985315322876
-5.19062876701355	-1.3917338848114014
-7.982535481452942	-4.132327079772949
-7.44779098033905	-4.6424431800842285
-5.49921441078186	-2.106675624847412
-5.821153879165649	-7.393351435661316
-11.66211511194706	-4.952070236206055
-9.06369924545288	-9.95102047920227
-10.557774871587753	-8.252169728279114
-5.726043462753296	-3.546565532684326
-9.868987083435059	-4.515676975250244
-10.37237012386322	-3.479862928390503
-7.867714047431946	-2.8934240341186523
-10.945686757564545	-6.018448233604431
-9.699799060821533	-4.233213901519775
-5.886770725250244	-4.353009223937988
-11.15570318698883	-9.660032451152802
-10.108900487422943	-7.8401859998703
-4.566237688064575	-2.6703200340270996
-9.651828110218048	-5.806657791137695
-10.316710889339447	-8.560299396514893
-4.742872953414917	-6.003393888473511
-9.551572144031525	-3.496478319168091
-11.26334273815155	-1.353632926940918
-8.670976638793945	-2.097628355026245
-6.281170606613159	-2.4552154541015625
-10.664163082838058	-4.897647142410278
-11.74448961764574	-6.0045236349105835
-9.545190989971161	-1.8973217010498047
-3.919301748275757	-10.113533914089203
-11.87901508435607	-6.7207993268966675
-6.493177771568298	-5.401249408721924
-8.495009422302246	-10.325825035572052
-11.545467004179955	-5.666349649429321
-4.161173343658447	-4.469453573226929
-9.39299350976944	-4.979319334030151
-10.79487732052803	-8.995097637176514
-4.617931365966797	-1.0050601959228516
-7.418732285499573	-6.247079014778137
-4.545413017272949	-7.430236101150513
-5.58029580116272	-5.506738185882568
-6.579263091087341	-4.851296424865723
-9.924444079399109	-4.908942461013794
-10.67252317070961	-1.5218303203582764
-6.0682618618011475	-2.0551364421844482
-11.764042541384697	-8.816569447517395
-7.806428074836731	-9.078943133354187
-11.509471401572227	-4.483303785324097
-7.4973918199539185	-5.9156928062438965
-9.454005181789398	-10.900121837854385
-6.446917176246643	-4.581686496734619
-11.551492854952812	-6.717939734458923
-5.650412321090698	-8.349544286727905
-9.512385606765747	-6.380509257316589
-6.741414427757263	-2.6535909175872803
-8.206676602363586	-3.137939214706421
-10.478445589542389	-6.857186794281006
-9.010289490222931	-6.631363034248352
-9.589672029018402	-1.351379156112671
-4.966816663742065	-4.33843731880188
-9.003846287727356	-10.436644971370697
-7.29896879196167	-9.81583946943283
-9.65922725200653	-1.9800267219543457
-6.62569534778595	-8.548726201057434
-10.361725509166718	-7.246523022651672
-6.2769763469696045	-11.470694527029991
-3.267239570617676	-7.657512187957764
-10.625796228647232	-6.816894292831421
-7.2524882555007935	-5.715542793273926
-4.722245693206787	-3.217118740081787
-11.833131451159716	-2.999859094619751
-3.2317349910736084	-6.391295671463013
-10.959293872117996	-6.892850875854492
-7.078423619270325	-1.9651944637298584
-11.11503991484642	-1.6348822116851807
-7.9793654680252075	-6.676741003990173
-10.135811269283295	-8.169202208518982
-6.025340795516968	-3.674412488937378
-4.14293646812439	-4.90300726890564
-10.034497797489166	-9.11930376291275
-11.573630332946777	-4.5790114402771
-5.886597633361816	-4.063194751739502
-9.226721584796906	-7.425323724746704
-8.531981348991394	-1.3463430404663086
-7.3097312450408936	-8.824090003967285
-6.146838068962097	-4.408143997192383
-11.316730409860611	-2.7197506427764893
-7.302568316459656	-8.850870609283447
-7.869909882545471	-2.1286017894744873
-6.7418471574783325	-2.0917603969573975
-4.670974016189575	-5.374237060546875
-8.59151566028595	-9.03750193119049
-8.865078806877136	-9.119792997837067
-10.217930674552917	-9.504664599895477
-7.692953109741211	-5.496562957763672
-5.37762451171875	-9.200180053710938
-11.40562704205513	-7.6488096714019775
-8.826038718223572	-2.772977828979492
-6.532801151275635	-5.080161809921265
-10.719216763973236	-4.60562539100647
-10.791171669960022	-4.123918533325195
-8.895737171173096	-7.03705108165741
-9.021904170513153	-6.650341272354126
-9.736337542533875	-10.493962168693542
-8.507465958595276	-3.60396409034729
-5.4536333084106445	-1.9415559768676758
-10.00964605808258	-4.82125997543335
-6.564780592918396	-6.645548343658447
-5.563952207565308	-7.423784136772156
-7.345036625862122	-4.5903825759887695
-7.7774330377578735	-6.039062976837158
-7.364588499069214	-7.673298597335815
-7.875646591186523	-6.752706170082092
-10.264991283416748	-1.0122935771942139
-9.303118765354156	-8.754640460014343
-7.957920670509338	-4.954134464263916
-11.332676857709885	-6.20279324054718
-7.637061238288879	-6.699993968009949
-8.625590085983276	-7.400747895240784
-5.764931917190552	-5.5406012535095215
-10.494965493679047	-6.720651626586914
-5.663304805755615	-6.015523195266724
-5.136402368545532	-4.638553619384766
-5.208885669708252	-5.7642974853515625
-10.368620038032532	-3.3797943592071533
-11.305900543928146	-0.7117581367492676
-5.1963136196136475	-2.6075634956359863
-6.176402449607849	-8.847721695899963
-11.04712200164795	-10.118432521820068
-2.4931533336639404	-6.393313765525818
-8.790620684623718	-2.5887815952301025
-9.600510120391846	-1.615051031112671
-7.0875020027160645	-9.320878207683563
-8.5167396068573	-1.6320083141326904
-3.3293309211730957	-6.962174892425537
-6.254292011260986	-8.881769299507141
-10.394991517066956	-9.15074247121811
-10.496029257774353	-7.522286653518677
-10.386247873306274	-11.24917584657669
-8.779694437980652	-1.0713579654693604
-9.160019338130951	-2.6325080394744873
-5.817505359649658	-5.667007684707642
-8.561736345291138	-6.807693600654602
-3.759728193283081	-2.032728910446167
-3.938532829284668	-9.361569285392761
-10.341793477535248	-9.143571317195892
-6.859234929084778	-10.314389884471893
-9.553258180618286	-4.828078508377075
-10.708044648170471	-7.9892213344573975
-3.1236519813537598	-1.6784183979034424
-9.76225233078003	-7.015692830085754
-6.926658511161804	-7.576147198677063
-9.57824832201004	-5.886331558227539
-11.307716265320778	-1.5210206508636475
-7.375761151313782	-4.024060249328613
-7.9472726583480835	-11.024051427841187
-9.564147591590881	-9.526697337627411
-8.957098960876465	-1.0031111240386963
-9.314120650291443	-9.530004501342773
-5.336699724197388	-2.3860809803009033
-7.649991273880005	-2.784871816635132
-7.510157346725464	-1.8417799472808838
-11.944933159276843	-10.745308935642242
-11.085214734077454	-3.289034843444824
-10.230819046497345	-9.223944067955017
-9.58024549484253	-3.5185368061065674
-4.963505029678345	-2.9936234951019287
-9.381007969379425	-3.2205355167388916
-9.949598014354706	-7.590652942657471
-4.0777130126953125	-3.9818058013916016
-9.546685695648193	-5.224509000778198
-10.680244445800781	-6.470507740974426
-5.898958683013916	-1.4784750938415527
-7.039613842964172	-9.661416292190552
-9.525188505649567	-5.3552563190460205
-6.066618919372559	-3.136874198913574
-10.372117280960083	-1.7496607303619385
-5.4513044357299805	-3.9525890350341797
-8.570857286453247	-1.200531005859375
-7.326906323432922	-10.174078345298767
-9.963492929935455	-8.8464195728302
-10.358677089214325	-3.012712240219116
-7.4957674741744995	-1.650031328201294
-11.751469127833843	-6.470448017120361
-7.996355295181274	-2.2164573669433594
-8.459741592407227	-8.413655519485474
-7.196600675582886	-5.600855112075806
-9.659992039203644	-4.1772143840789795
-10.148621141910553	-3.925018072128296
-9.795507252216339	-3.0418782234191895
-8.520525097846985	-6.550908923149109
-6.134175896644592	-8.24438202381134
-4.5915305614471436	-3.4094960689544678
-9.858406841754913	-0.5602655410766602
-7.545476675033569	-2.715332508087158
-10.961457788944244	-7.58120334148407
-10.159597098827362	-3.5041587352752686
-10.162879943847656	-9.722217857837677
-8.492127299308777	-5.809925079345703
-4.582941770553589	-1.447983741760254
-11.28871388733387	-8.167865753173828
-4.740786552429199	-5.630027532577515
-8.079239845275879	-8.713389873504639
-7.996549487113953	-9.53547602891922
-5.9383885860443115	-3.0750882625579834
-8.674156665802002	-11.349916756153107
-5.975720643997192	-3.9814445972442627
-10.783290803432465	-1.092581033706665
-8.627211570739746	-11.14190599322319
-7.563300132751465	-7.206573486328125
-7.71203076839447	-2.507847547531128
-10.639692485332489	-0.6795172691345215
-7.252674579620361	-7.905753493309021
-6.771337866783142	-6.1875447034835815
-9.458084642887115	-2.358459949493408
-9.039248943328857	-6.724153161048889
-9.853691160678864	-10.470667362213135
-6.143785715103149	-7.246534109115601
-5.079330682754517	-4.021497488021851
-7.974759578704834	-4.291220426559448
-7.839922785758972	-6.575611352920532
-8.918637156486511	-7.566782355308533
-6.434250354766846	-9.887082517147064
-9.550633907318115	-3.927889108657837
-11.679250806570053	-3.477001905441284
-7.25062108039856	-6.276152729988098
-5.292346000671387	-6.185140013694763
-9.969865679740906	-9.113277733325958
-6.857037305831909	-9.802242279052734
-6.6444525718688965	-2.2684693336486816
-7.976220488548279	-6.5422303676605225
-5.8000688552856445	-1.4692389965057373
-5.038762092590332	-0.7097597122192383
-7.649397253990173	-4.7004969120025635
-5.802715301513672	-6.376626491546631
-3.7774343490600586	-0.6131165027618408
-3.9879212379455566	-1.635831356048584
-8.62685215473175	-5.005048513412476
-7.980239510536194	-4.899486780166626
-9.80573844909668	-11.077822834253311
-3.8059000968933105	-8.977325320243835
-10.495112478733063	-8.465359926223755
-9.41417670249939	-11.432077825069427
-7.718095779418945	-3.90432071685791
-11.005330234766006	-2.9300544261932373
-8.341933608055115	-2.5934715270996094
-8.618128895759583	-8.335328936576843
-6.283588171005249	-7.993108034133911
-5.423753499984741	-6.6216734647750854
-6.7886481285095215	-10.306439459323883
-7.843156456947327	-1.3974852561950684
-6.454928755760193	-9.118469953536987
-10.393971025943756	-7.448408603668213
-8.366587042808533	-1.3050456047058105
-10.185000121593475	-8.899139285087585
-11.665317602455616	-9.975892424583435
-11.88737378641963	-7.179054021835327
-11.361125886440277	-6.198580026626587
-10.994944006204605	-1.8092679977416992
-4.279827833175659	-0.8433437347412109
-4.118838787078857	-4.563107013702393
-9.885293304920197	-6.298349976539612
-6.203120470046997	-7.519384145736694
-7.314963340759277	-6.176356315612793
-7.791099786758423	-8.544195413589478
-7.538092732429504	-2.097036838531494
-9.290415287017822	-0.43776512145996094
-9.908812880516052	-9.987757086753845
-9.580006957054138	-2.134132146835327
-3.397026300430298	-2.5089783668518066
-8.583412528038025	-10.805490911006927
-3.944688320159912	-4.775057315826416
-5.879702568054199	-2.7827324867248535
-5.160802602767944	-9.062149286270142
-8.423413395881653	-4.80721378326416
-8.254401326179504	-5.3640217781066895
-5.6267409324646	-2.4337198734283447
-7.7868887186050415	-5.780898571014404
-7.175915479660034	-5.3562633991241455
-4.304283142089844	-1.857348918914795
-11.28614629805088	-5.190572261810303
-3.652933359146118	-6.744441390037537
-5.866079807281494	-1.8465843200683594
-11.003472179174423	-11.313682928681374
-10.562235563993454	-4.87079930305481
-5.032753229141235	-1.4392304420471191
-8.487025737762451	-8.394593954086304
-10.600562453269958	-3.4671971797943115
-8.209576606750488	-7.386001110076904
-8.819178342819214	-7.300436854362488
-8.62451183795929	-10.062462329864502
-10.334279894828796	-8.42332112789154
-6.354879140853882	-11.7928327023983
-11.398154363036156	-6.826420783996582
-11.354046642780304	-4.026625871658325
-4.740144968032837	-9.946730554103851
-6.503802180290222	-10.456886887550354
-6.956191062927246	-0.9246761798858643
-6.76563835144043	-1.1641273498535156
-5.032256126403809	-5.973765850067139
-8.284611225128174	-5.198873519897461
-7.977738618850708	-7.715792655944824
-8.991799592971802	-7.030274033546448
-7.128570914268494	-7.728450536727905
-10.41767281293869	-6.04664933681488
-8.733679175376892	-3.469712018966675
-8.992757320404053	-2.157960891723633
-8.892060041427612	-2.2471060752868652
-4.960942983627319	-6.944636106491089
-11.613494575023651	-9.058939754962921
-10.737547248601913	-4.099772214889526
-11.91374439932406	-5.362638473510742
-7.0974801778793335	-2.6402270793914795
-8.816829085350037	-5.1407740116119385
-10.820269972085953	-10.477637350559235
-6.989375352859497	-7.946587085723877
-7.402099370956421	-5.3204827308654785
-10.560646444559097	-7.085883378982544
-9.234680950641632	-7.361734628677368
-10.478935182094574	-5.040012359619141
-5.570825815200806	-1.0624415874481201
-9.390196859836578	-4.424539089202881
-9.477500081062317	-1.0905497074127197
-9.656629800796509	-6.340823650360107
-7.320615291595459	-2.127480983734131
-11.316230714321136	-0.7625348567962646
-11.404677495360374	-8.892053604125977
-10.624172866344452	-8.700053930282593
-8.393743872642517	-4.148697137832642
-7.911625385284424	-5.597722291946411
-10.15649163722992	-5.110340595245361
-10.486570537090302	-1.239699125289917
-8.09455668926239	-6.278977990150452
-10.408048331737518	-1.2277107238769531
-2.940530776977539	-2.4924395084381104
-10.491608619689941	-9.774718880653381
-7.251287341117859	-6.490542411804199
-9.087988436222076	-7.561045289039612
-9.502223253250122	-8.883133292198181
-4.82017707824707	-8.01980710029602
-8.17325484752655	-1.5583269596099854
-8.102308988571167	-4.623034715652466
-8.814420461654663	-0.936875581741333
-10.802199572324753	-6.6464152336120605
-10.536269009113312	-1.8972573280334473
-10.951665580272675	-5.201794624328613
-7.334589958190918	-2.23466420173645
-9.395027697086334	-8.785176157951355
-8.384392261505127	-5.3497231006622314
-10.872040718793869	-8.416256189346313
-11.38191157579422	-3.9597508907318115
-6.04509973526001	-5.460271596908569
-5.897393703460693	-8.355640411376953
-10.9898521900177	-3.8384885787963867
-6.791987299919128	-6.115225911140442
-8.38858687877655	-1.7365572452545166
-9.06814044713974	-9.195897996425629
-7.0332841873168945	-3.825373649597168
-11.23803099989891	-2.6864490509033203
-11.710840545594692	-6.36057722568512
-6.879234552383423	-8.714077234268188
-5.002958536148071	-3.0125184059143066
-9.303298830986023	-2.367868423461914
-7.2204344272613525	-6.716240644454956
-5.915428161621094	-5.260143041610718
-6.29644775390625	-2.340683698654175
-9.71044510602951	-8.38468050956726
-7.153145670890808	-0.9650580883026123
-4.816450595855713	-3.4892520904541016
-7.128469347953796	-9.444798588752747
-9.075604856014252	-5.708639860153198
-6.033134937286377	-8.27084469795227
-6.6889808177948	-1.2758674621582031
-6.174509882926941	-8.317770838737488
-9.041413843631744	-6.430665135383606
-7.220149397850037	-7.241264820098877
-8.764673709869385	-4.279360055923462
-9.423445880413055	-2.4946482181549072
-11.154165208339691	-10.089965343475342
-8.255799293518066	-1.3664023876190186
-7.204139471054077	-9.426516652107239
-7.944006443023682	-8.413097620010376
-8.955949544906616	-1.0106205940246582
-9.46360445022583	-4.250249147415161
-9.266736030578613	-1.0689468383789062
-7.151986598968506	-7.897374629974365
-9.959848880767822	-7.914781093597412
-6.217145919799805	-3.24043607711792
-5.761585235595703	-10.231935203075409
-5.160590887069702	-4.441375494003296
-11.772153608500957	-8.83014464378357
-11.11320161819458	-9.667838037014008
-8.562262058258057	-9.578347206115723
-7.290151834487915	-3.894118309020996
-7.403905034065247	-6.309274435043335
-10.427139937877655	-10.88430342078209
-9.700270593166351	-8.106875538825989
-6.017138957977295	-2.3203883171081543
-8.025201559066772	-3.6725614070892334
-9.620349705219269	-1.8770041465759277
-7.410617351531982	-7.124242186546326
-8.954270124435425	-6.151097774505615
-9.059154868125916	-1.1211605072021484
-9.14972698688507	-6.693248391151428
-5.289969205856323	-8.7049480676651
-8.045299530029297	-2.3091888427734375
-7.729520916938782	-5.232140064239502
-9.776814937591553	-1.319514513015747
-6.761621117591858	-0.7089636325836182
-9.206560492515564	-5.331383943557739
-11.63597072660923	-5.922019958496094
-6.5585997104644775	-8.318933486938477
-4.929571866989136	-5.152365446090698
-8.994124174118042	-1.6533057689666748
-8.739185571670532	-6.482089161872864
-11.605232700705528	-5.620556116104126
-11.130605041980743	-11.733666859567165
-4.735752582550049	-6.066701531410217
-9.124855041503906	-5.5635058879852295
-4.454082012176514	-9.164306044578552
-4.547146797180176	-3.555619955062866
-10.281182885169983	-3.014918088912964
-6.378957152366638	-1.1593644618988037
-5.306310653686523	-3.687032461166382
-6.533108353614807	-9.171089708805084
-8.14556336402893	-5.289886951446533
-9.152746796607971	-6.373515844345093
-7.9313725233078	-1.5962169170379639
-7.282154560089111	-1.1256980895996094
-9.785942673683167	-2.2092225551605225
-6.168097972869873	-6.545881748199463
-4.657160997390747	-3.549673318862915
-8.568486213684082	-1.060405969619751
-5.128116130828857	-8.49324917793274
-9.788864314556122	-6.062989711761475
-10.949036657810211	-8.218977570533752
-5.4475579261779785	-3.0073792934417725
-7.40553081035614	-4.123924970626831
-9.380988478660583	-2.514261245727539
-5.956289291381836	-4.899433135986328
-3.0347070693969727	-7.88150417804718
-6.108488917350769	-4.665209054946899
-6.2756534814834595	-3.535012722015381
-6.340466022491455	-1.0438241958618164
-11.004934072494507	-7.778670072555542
-4.604752063751221	-3.4845521450042725
-7.749213695526123	-6.268825650215149
-7.822224140167236	-11.353419497609138
-8.7512047290802	-4.601468324661255
-5.457211017608643	-1.329704761505127
-10.263821840286255	-8.757121682167053
-11.8448271676898	-4.041028261184692
-11.493082389235497	-7.27049195766449
-7.03635835647583	-2.1155834197998047
-5.617479085922241	-2.855849504470825
-10.043326199054718	-10.133369386196136
-11.466662406921387	-7.646246910095215
-9.162274181842804	-7.94754695892334
-7.144571542739868	-1.8836567401885986
-10.75007539987564	-5.6320695877075195
-6.262977361679077	-10.478884935379028
-5.192091464996338	-4.918987512588501
-9.828372359275818	-8.725189447402954
-8.450608491897583	-2.3129303455352783
-9.765236377716064	-6.7640604972839355
-6.369756817817688	-5.6675498485565186
-7.187164306640625	-0.707444429397583
-5.13077187538147	-2.936173439025879
-7.030211448669434	-9.415755271911621
-11.883889216929674	-11.665418542921543
-3.1971802711486816	-1.9187793731689453
-6.581982135772705	-1.4995551109313965
-11.833390340209007	-9.205282330513
-11.769108474254608	-2.847235679626465
-8.507253527641296	-7.2415348291397095
-11.129794478416443	-10.363486289978027
-7.086759924888611	-7.26678729057312
-6.451282382011414	-6.991920232772827
-11.51694966852665	-10.190373301506042
-11.19120767712593	-7.329285264015198
-10.558605909347534	-9.06342726945877
-4.741299390792847	-4.0661866664886475
-5.4091808795928955	-7.74247419834137
-5.455632448196411	-0.8944029808044434
-9.564382553100586	-8.161908745765686
-10.12306398153305	-6.06730055809021
-8.47606909275055	-6.698961496353149
-6.419886231422424	-4.3612611293792725
-11.293277844786644	-0.9276323318481445
-10.66419866681099	-2.7696211338043213
-10.844522148370743	-4.406820774078369
-5.304234266281128	-8.715523481369019
-10.950606644153595	-8.272513747215271
-11.054413050413132	-4.89791464805603
-9.752649664878845	-1.6472654342651367
-6.525510549545288	-1.3512547016143799
-9.700900375843048	-2.4321155548095703
-11.680494233965874	-5.100252628326416
-6.614309906959534	-1.3864789009094238
-10.24312698841095	-5.347166061401367
-3.648364305496216	-5.452807903289795
-2.753056526184082	-5.479642152786255
-10.341347694396973	-10.336090922355652
-4.607567310333252	-1.8002679347991943
-5.283845901489258	-0.7513976097106934
-9.740300953388214	-1.7150144577026367
-8.42310619354248	-7.926265597343445
-7.956611394882202	-9.207732081413269
-8.640585780143738	-0.925490140914917
-7.7131969928741455	-9.039732456207275
-5.1083900928497314	-4.284909725189209
-10.835423201322556	-1.979945182800293
-7.115707039833069	-10.665496230125427
-11.173654317855835	-2.4545037746429443
-9.198582530021667	-9.11832994222641
-7.146175146102905	-2.8457751274108887
-10.942443072795868	-3.753878116607666
-5.874084234237671	-6.242825388908386
-9.453648805618286	-9.85845422744751
-10.319979786872864	-10.017558753490448
-4.036473512649536	-2.6097850799560547
-8.299849390983582	-7.969746351242065
-8.070810914039612	-11.446507260203362
-11.211874544620514	-9.04286652803421
-6.085512399673462	-11.500720784068108
-8.515641689300537	-7.57740318775177
-5.3615312576293945	-1.4091897010803223
-11.825775403529406	-1.1938183307647705
-6.854293942451477	-9.397651255130768
-7.487475514411926	-8.91220486164093
-5.38173508644104	-1.0781378746032715
-11.41891497373581	-4.094830513000488
-10.43359762430191	-7.724448323249817
-10.461376190185547	-10.665199041366577
-7.902613878250122	-5.979475736618042
-10.69510504603386	-3.80561900138855
-4.634887218475342	-6.901736855506897
-11.18111202120781	-10.25436544418335
-7.985672235488892	-3.227653741836548
-9.251211762428284	-1.4599714279174805
-5.801337003707886	-3.5730643272399902
-8.790876746177673	-4.649047136306763
-4.948001861572266	-7.597065210342407
-10.867546409368515	-11.783448189496994
-11.074246197938919	-11.509586200118065
-4.920915842056274	-7.278425574302673
-11.027750015258789	-6.861144661903381
-9.476534485816956	-6.107199668884277
-5.08182692527771	-2.7394180297851562
-7.276495814323425	-8.371304512023926
-8.138746976852417	-4.812136173248291
-10.332194924354553	-8.584627747535706
-5.835830211639404	-0.9225010871887207
-11.861023239791393	-4.440565824508667
-7.832650423049927	-9.881068468093872
-8.896555781364441	-4.488962173461914
-9.319477379322052	-0.891331672668457
-5.443413734436035	-8.037537217140198
-11.369497418403625	-5.405788421630859
-7.007938027381897	-10.360703587532043
-9.507642030715942	-10.675836861133575
-10.785258114337921	-2.898566722869873
-11.341647997498512	-1.182326316833496
-10.246868133544922	-1.0574026107788086
-7.349427223205566	-1.1932275295257568
-11.885494831949472	-7.679218769073486
-6.014164924621582	-6.868330478668213
-8.088334321975708	-5.892761707305908
-8.396257996559143	-6.154970169067383
-11.976142980158329	-5.259085178375244
-8.799576044082642	-7.937857031822205
-7.598400235176086	-7.932388544082642
-11.164842635393143	-9.763624012470245
-10.372288227081299	-8.297943234443665
-5.8656957149505615	-1.5175344944000244
-5.1098692417144775	-1.2704744338989258
-5.819931507110596	-4.910686254501343
-4.784169673919678	-1.8580076694488525
-9.706204891204834	-3.9254415035247803
-5.601300001144409	-3.8130440711975098
-11.285568058490753	-9.109690010547638
-10.418798625469208	-3.5193850994110107
-10.434198081493378	-3.6501431465148926
-10.2330801486969	-7.938485026359558
-5.6325273513793945	-6.984491944313049
-11.636429004371166	-8.733411312103271
-11.435381770133972	-6.771292805671692
-6.607209920883179	-4.246647834777832
-10.506382763385773	-9.312178373336792
-9.451415240764618	-9.211021542549133
-6.386955142021179	-4.018174409866333
-9.525561332702637	-1.7249672412872314
-2.9791224002838135	-3.25536847114563
-6.756790280342102	-7.254872918128967
-11.280765697360039	-1.3766391277313232
-10.887223541736603	-7.098743677139282
-11.823361314833164	-8.030869245529175
-11.553790748119354	-5.443187713623047
-4.604326486587524	-6.494028210639954
-8.003046870231628	-2.4245288372039795
-6.461241960525513	-10.829481571912766
-4.880382299423218	-1.288787841796875
-5.9295759201049805	-10.639332085847855
-10.029427886009216	-4.030355215072632
-10.85558071732521	-5.804130792617798
-3.4623749256134033	-1.8179726600646973
-11.227443784475327	-6.778489351272583
-6.080298542976379	-1.7680284976959229
-6.0173070430755615	-2.5520431995391846
-9.165535748004913	-6.3135974407196045
-11.094258427619934	-3.208784580230713
-6.495693683624268	-7.799074172973633
-8.606367588043213	-3.319762945175171
-6.890208005905151	-1.955491304397583
-11.978968135546893	-7.691842675209045
-10.305493533611298	-2.2552270889282227
-6.146521210670471	-6.952322959899902
-10.377533555030823	-9.237403213977814
-5.744868278503418	-6.179313540458679
-6.379208922386169	-6.6950154304504395
-6.249484419822693	-7.327934503555298
-11.857754062861204	-7.284466624259949
-8.657035946846008	-6.98293662071228
-11.044633269309998	-5.664977073669434
-5.34803581237793	-10.993767857551575
-6.046400427818298	-10.076589524745941
-10.194161117076874	-7.620998382568359
-7.1047117710113525	-8.5459885597229
-8.309020400047302	-2.898449420928955
-9.592933237552643	-9.360830962657928
-7.726646661758423	-5.585690975189209
-9.113243401050568	-4.110967397689819
-7.128105282783508	-5.542498826980591
-6.148788571357727	-1.0259191989898682
-10.275316894054413	-2.2936878204345703
-6.841600656509399	-7.601011276245117
-7.548672080039978	-8.876959919929504
-5.263711452484131	-1.7445580959320068
-4.178099155426025	-2.241638660430908
-9.052988469600677	-2.171297550201416
-7.832061052322388	-8.013443112373352
-6.391131520271301	-5.142048597335815
-4.324244499206543	-4.628517150878906
-9.73250663280487	-6.103306889533997
-3.485825300216675	-9.432427525520325
-6.643983364105225	-3.8731205463409424
-7.882224082946777	-9.312035501003265
-11.752071619033813	-8.095003008842468
-7.19491982460022	-2.863511323928833
-9.716792285442352	-9.114771008491516
-5.614455699920654	-5.445257663726807
-8.911850452423096	-7.19831657409668
-10.546001851558685	-6.119639039039612
-10.34218168258667	-11.016988813877106
-6.85087788105011	-2.2257864475250244
-8.825183629989624	-7.4972147941589355
-8.39343774318695	-7.411291122436523
-11.298400059342384	-8.398540019989014
-5.758903741836548	-4.0929951667785645
-10.608622133731842	-1.4959330558776855
-7.665632128715515	-6.735273957252502
-7.886845350265503	-7.774462580680847
-9.399893939495087	-9.244333326816559
-6.019557237625122	-7.943616628646851
-7.763495206832886	-8.835363507270813
-9.200887084007263	-7.980039954185486
-7.223644137382507	-1.1628012657165527
-5.5725767612457275	-3.790477752685547
-7.6062973737716675	-7.5257885456085205
-7.901191234588623	-10.261510848999023
-7.790966033935547	-3.058851957321167
-6.113126635551453	-2.902956962585449
-10.511585891246796	-2.1670196056365967
-8.564157128334045	-6.4381163120269775
-11.533664256334305	-8.770447611808777
-10.84874501824379	-6.7421547174453735
-6.009626984596252	-2.468494176864624
-6.571753621101379	-6.265831232070923
-10.214181303977966	-0.9459049701690674
-11.70464339107275	-6.616096258163452
-8.116397023200989	-5.219281911849976
-5.947799921035767	-9.027487635612488
-8.071260452270508	-2.207979440689087
-11.480684727430344	-1.6410012245178223
-6.911698222160339	-5.878068208694458
-7.996108174324036	-4.302472829818726
-8.908942580223083	-5.579762935638428
-9.811566889286041	-8.022335886955261
-9.936264216899872	-3.3900017738342285
-9.640212893486023	-4.055231094360352
-8.416383862495422	-5.243240833282471
-11.178099006414413	-2.857262134552002
-5.103522062301636	-7.920093297958374
-4.181347846984863	-1.4266533851623535
-4.209033250808716	-6.485794901847839
-7.626473307609558	-2.8845062255859375
-8.892833232879639	-5.256688356399536
-4.791902303695679	-3.2221899032592773
-7.579822897911072	-7.6290096044540405
-5.514267683029175	-5.265023946762085
-5.982052803039551	-2.787898063659668
-8.484989762306213	-0.7162384986877441
-10.365642070770264	-5.595113754272461
-11.872131530195475	-9.449378192424774
-9.348563432693481	-6.315175294876099
-7.334529161453247	-6.353577375411987
-4.521070718765259	-7.828425049781799
-11.570256605744362	-3.404545783996582
-5.007805824279785	-5.730186223983765
-7.260315656661987	-5.729698419570923
-6.08073627948761	-5.502743482589722
-3.291508197784424	-1.3936729431152344
-9.598566949367523	-5.9437901973724365
-7.87282133102417	-6.9281991720199585
-10.097763240337372	-6.486244440078735
-11.296743929386139	-2.8802576065063477
-6.712652921676636	-7.825409531593323
-10.39205414056778	-9.791140973567963
-9.936606466770172	-6.401325702667236
-10.103374242782593	-6.439088702201843
-9.821525037288666	-6.422010898590088
-9.599546313285828	-5.311712980270386
-5.74471378326416	-9.948147475719452
-9.025235116481781	-2.868570327758789
-5.879968643188477	-1.1680312156677246
-10.683665692806244	-5.699814319610596
-8.911987781524658	-7.180105805397034
-7.969669818878174	-6.537854075431824
-10.467823147773743	-9.824067056179047
-9.77208799123764	-4.871095418930054
-6.200533032417297	-10.651565819978714
-8.5496084690094	-0.9115204811096191
-8.03958785533905	-1.1639857292175293
-10.453466355800629	-9.70749056339264
-8.44853389263153	-1.3474338054656982
-10.17753553390503	-6.8483744859695435
-9.239191353321075	-1.9314115047454834
-9.453152418136597	-11.546383515000343
-7.484022617340088	-8.71877110004425
-6.578606843948364	-6.511202931404114
-6.357449769973755	-3.6231329441070557
-3.4663846492767334	-2.6956794261932373
-9.56597363948822	-2.7979910373687744
-6.421833515167236	-8.757797241210938
-10.29537695646286	-5.869312047958374
-5.536964178085327	-5.544105291366577
-10.038159549236298	-2.5582709312438965
-7.6655033826828	-6.78488552570343
-7.308734893798828	-1.4400265216827393
-7.510546803474426	-2.875293731689453
-10.231964528560638	-7.135676980018616
-4.723656177520752	-8.124234080314636
-8.427817583084106	-7.268123745918274
-7.84735643863678	-9.079758167266846
-11.439583450555801	-1.939042568206787
-11.775011569261551	-6.0846394300460815
-11.135054290294647	-9.608156383037567
-8.736859917640686	-6.279445767402649
-10.276208996772766	-10.812013775110245
-5.232948303222656	-2.0969653129577637
-10.349811494350433	-2.0637567043304443
-5.904963970184326	-8.979321956634521
-9.964955449104309	-1.249568223953247
-7.318058252334595	-9.695490896701813
-10.951769202947617	-1.4309391975402832
-8.955069422721863	-4.4585301876068115
-10.252580881118774	-3.2385334968566895
-9.16771548986435	-1.8112049102783203
-10.204993844032288	-8.461496472358704
-3.905959367752075	-1.8879997730255127
-6.864793539047241	-7.523354530334473
-11.902882039546967	-6.237175941467285
-11.233840674161911	-1.8299553394317627
-8.512748122215271	-9.954080700874329
-4.926931142807007	-6.023035883903503
-5.755313158035278	-6.209027409553528
-9.194885909557343	-2.1421172618865967
-5.37561821937561	-0.6752464771270752
-6.573986649513245	-10.927955210208893
-6.993129730224609	-4.947109937667847
-10.494505405426025	-5.787091970443726
-8.688907384872437	-3.2225353717803955
-10.932169139385223	-4.712030410766602
-8.626317858695984	-6.460351467132568
-8.645278215408325	-1.145939826965332
-7.284395813941956	-3.707064628601074
-5.045088529586792	-6.966551184654236
-9.069406807422638	-6.414983510971069
-10.88879656791687	-5.481506824493408
-5.188194036483765	-7.479804039001465
-10.813791275024414	-9.867690682411194
-1.7085685729980469	-1.7907092571258545
-10.774930536746979	-5.644065856933594
-5.956706285476685	-0.7866454124450684
-8.63083791732788	-11.363013982772827
-6.834150195121765	-2.0736401081085205
-8.89394760131836	-8.383341550827026
-10.981313914060593	-4.096821069717407
-11.018687456846237	-4.8662803173065186
-3.798352003097534	-9.175691664218903
-10.701125174760818	-4.1275856494903564
-4.660551309585571	-1.589095115661621
-7.9967440366744995	-9.194974780082703
-5.305846452713013	-6.9169288873672485
-11.886140652000904	-2.441251516342163
-4.867217302322388	-3.78464412689209
-9.959112882614136	-5.318628787994385
-6.280224680900574	-7.360229015350342
-10.219880104064941	-2.1299593448638916
-9.90677958726883	-10.315224587917328
-4.942459344863892	-4.170368671417236
-5.882261037826538	-4.690069198608398
-10.2389634847641	-6.833832621574402
-8.730438351631165	-2.4811112880706787
-10.18705415725708	-5.301274538040161
-11.012002050876617	-6.985448241233826
-6.821277379989624	-2.99039626121521
-9.677043199539185	-6.109875440597534
-8.387816905975342	-9.019945621490479
-8.755415797233582	-9.458415269851685
-11.703847870230675	-1.279815673828125
-9.744040310382843	-6.444947361946106
-5.894087076187134	-7.064509749412537
-4.436764240264893	-8.927559971809387
-9.300165116786957	-3.817948579788208
-4.49724268913269	-8.186208486557007
-7.369452238082886	-5.880590200424194
-10.226409137248993	-3.6306309700012207
-11.884782124310732	-1.2534756660461426
-10.929836690425873	-6.492295145988464
-6.528660893440247	-9.37165743112564
-10.11882770061493	-8.78461217880249
-11.82534458488226	-10.740695804357529
-11.065709173679352	-7.226300597190857
-9.106173276901245	-3.0586745738983154
-7.556169390678406	-2.8836400508880615
-9.4725501537323	-3.4711875915527344
-5.956934452056885	-0.5611002445220947
-8.262933611869812	-3.9218151569366455
-5.800590991973877	-1.853428602218628
-5.268300533294678	-4.308511734008789
-9.805084705352783	-5.816635608673096
-8.515915989875793	-2.6683030128479004
-6.005481004714966	-5.456251859664917
-3.8512187004089355	-4.187787294387817
-7.443647861480713	-4.152146100997925
-11.870429579168558	-9.420678198337555
-8.10932457447052	-2.1122989654541016
-8.382721781730652	-1.1767151355743408
-9.05066567659378	-1.7725868225097656
-6.898764967918396	-8.866853713989258
-8.508155822753906	-5.537408351898193
-10.973720401525497	-6.290024757385254
-5.30125880241394	-2.545891284942627
-4.416266441345215	-6.801870703697205
-11.158029109239578	-10.286396026611328
-4.8521904945373535	-3.8759043216705322
-5.264559745788574	-9.636213719844818
-7.702584385871887	-4.166816711425781
-7.061680197715759	-3.204585313796997
-5.326730489730835	-6.240419983863831
-10.796741992235184	-3.437300205230713
-9.891162514686584	-4.579444885253906
-6.116346716880798	-7.473686456680298
-3.5615673065185547	-4.469581604003906
-10.3643639087677	-1.9336574077606201
-8.026100635528564	-3.1070094108581543
-9.256134510040283	-11.143395602703094
-7.211170792579651	-5.695632219314575
-7.2021249532699585	-6.788654923439026
-6.284688949584961	-9.553950726985931
-7.249558210372925	-1.0528228282928467
-9.673417568206787	-5.625426292419434
-10.165826618671417	-2.880845546722412
-10.755597621202469	-6.0629929304122925
-10.890694320201874	-3.6402833461761475
-11.177884072065353	-2.0140464305877686
-5.582515239715576	-7.160228490829468
-4.999223470687866	-1.9554433822631836
-7.186474800109863	-2.8295795917510986
-5.380911111831665	-6.829094767570496
-7.920692324638367	-11.794387355446815
-9.902146518230438	-7.306017994880676
-10.813907861709595	-6.363831281661987
-8.568525552749634	-6.213833928108215
-9.432061672210693	-6.548780679702759
-10.81645381450653	-10.07076609134674
-4.425484657287598	-8.39028775691986
-5.39936900138855	-5.4528772830963135
-9.59420621395111	-5.103401184082031
-7.1663514375686646	-8.5131676197052
-5.511759281158447	-1.3469417095184326
-6.896770477294922	-10.085226774215698
-4.97990083694458	-4.233429908752441
-9.72546762228012	-7.276275873184204
-9.45498937368393	-3.907083749771118
-7.342845797538757	-6.02803373336792
-7.889628767967224	-8.921492457389832
-8.774572849273682	-7.689216256141663
-10.059627950191498	-4.182427883148193
-6.3312331438064575	-5.672547340393066
-4.446089029312134	-4.705645322799683
-6.179701566696167	-6.905068516731262
-3.917151689529419	-5.649507522583008
-6.48277223110199	-8.773142337799072
-9.368987560272217	-1.3049018383026123
-4.88522744178772	-9.879650473594666
-9.438154220581055	-1.3876290321350098
-6.385486006736755	-6.6584755182266235
-9.153373897075653	-1.2118291854858398
-7.36943256855011	-2.1828174591064453
-10.207133531570435	-9.848869800567627
-9.969954192638397	-6.587550759315491
-8.965999603271484	-4.6693274974823
-8.946327209472656	-7.904412388801575
-10.668233692646027	-6.916396737098694
-9.726227402687073	-7.041115880012512
-6.325045824050903	-4.455572605133057
-10.15069842338562	-8.340388655662537
-8.593447208404541	-5.579222202301025
-8.478583574295044	-0.7294507026672363
-8.375717997550964	-10.176716923713684
-4.658766746520996	-8.064301371574402
-8.834006667137146	-6.388674974441528
-4.7537384033203125	-8.226787090301514
-10.135053992271423	-5.64046311378479
-9.148352265357971	-2.4801013469696045
-3.2044365406036377	-0.7555882930755615
-11.015516191720963	-1.1211669445037842
-9.913911402225494	-11.736117146909237
-6.434367656707764	-2.5573246479034424
-9.781902730464935	-5.993667840957642
-11.650580182671547	-5.2467734813690186
-4.113781929016113	-4.425827980041504
-5.021300554275513	-4.676148891448975
-6.738266229629517	-9.137990176677704
-3.986896276473999	-9.855107724666595
-9.204339623451233	-10.40716427564621
-7.586996912956238	-4.055849075317383
-4.901847839355469	-1.5556061267852783
-9.111360669136047	-1.0662446022033691
-6.151809811592102	-7.957776188850403
-5.877340793609619	-3.2626776695251465
-8.256326079368591	-4.122568845748901
-6.204814195632935	-6.211136341094971
-6.975612759590149	-3.528940200805664
-7.646849513053894	-8.131972432136536
-4.718989849090576	-5.530369520187378
-8.978536248207092	-6.508864760398865
-8.663850903511047	-4.005083799362183
-8.069596409797668	-5.2681732177734375
-8.755033135414124	-8.575769305229187
-3.2849929332733154	-7.896512389183044
-7.303760290145874	-1.610844612121582
-9.728753507137299	-2.942701578140259
-10.111238300800323	-5.291147232055664
-11.50973416864872	-6.127975344657898
-9.986937582492828	-8.479341745376587
-9.0987149477005	-10.510270982980728
-7.730779051780701	-8.592267036437988
-10.194509446620941	-1.1043355464935303
-10.300029516220093	-3.677468776702881
-8.29041874408722	-9.08379453420639
-5.270778179168701	-7.997977137565613
-9.474944651126862	-7.080696702003479
-4.65801215171814	-7.398918628692627
-7.435837984085083	-2.726841688156128
-10.875638902187347	-6.782453298568726
-10.323575735092163	-5.379950523376465
-7.485798954963684	-7.181497693061829
-6.960695743560791	-2.0506460666656494
-6.406454086303711	-6.8480894565582275
-9.674344182014465	-0.7946877479553223
-9.896800875663757	-1.8951165676116943
-10.254356324672699	-0.7636034488677979
-11.963681920431554	-5.589024782180786
-4.749190092086792	-0.9270401000976562
-5.936963796615601	-7.687798976898193
-8.691685795783997	-5.1400816440582275
-8.004188418388367	-1.7157161235809326
-8.532559633255005	-10.782642245292664
-11.348615661263466	-1.7696049213409424
-10.140847742557526	-9.842856109142303
-10.19665414094925	-2.4875593185424805
-10.92059388756752	-7.274376153945923
-6.318464040756226	-2.677190065383911
-6.3891531229019165	-1.8962745666503906
-11.732343547046185	-11.669925145804882
-11.896575942635536	-4.652249336242676
-6.6890798807144165	-2.0479044914245605
-8.311409711837769	-8.890601634979248
-6.711453795433044	-2.8874480724334717
-11.837364345788956	-0.8020198345184326
-8.237483024597168	-5.705906867980957
-6.39991557598114	-5.603334903717041
-9.403976440429688	-9.856721699237823
-7.671881675720215	-6.100676894187927
-11.584584429860115	-7.136317849159241
-9.707249164581299	-4.998546838760376
-6.355514287948608	-5.283732891082764
-7.371559381484985	-8.121214270591736
-8.062624454498291	-6.415727376937866
-3.274819850921631	-4.727210998535156
-10.749259918928146	-4.586068868637085
-8.374005317687988	-2.9436943531036377
-10.29208642244339	-1.6811792850494385
-4.67647647857666	-11.307306244969368
-7.820846199989319	-5.882291078567505
-10.17506754398346	-4.316741466522217
-8.756930351257324	-5.971980571746826
-8.975091576576233	-7.736247897148132
-7.496770977973938	-1.9068374633789062
-10.626486271619797	-11.13240471482277
-7.3786386251449585	-1.0147712230682373
-10.266681432723999	-3.552055835723877
-7.091368675231934	-10.547575235366821
-10.007523000240326	-2.9327802658081055
-8.181880474090576	-10.055193185806274
-8.486343383789062	-5.538824558258057
-8.759962677955627	-2.695600748062134
-10.0447336435318	-1.6757748126983643
-10.310726523399353	-4.466729164123535
-4.396111965179443	-8.73965334892273
-3.973304271697998	-6.997858285903931
-5.808503150939941	-7.8461244106292725
-6.816553831100464	-10.29056864976883
-10.104975163936615	-7.172181487083435
-11.447923377156258	-8.458596467971802
-9.148092091083527	-3.1184749603271484
-5.857038259506226	-3.3380355834960938
-9.690894305706024	-5.481268644332886
-11.093024611473083	-0.8814125061035156
-11.612491026520729	-7.624143362045288
-11.591178506612778	-10.878131568431854
-5.084167242050171	-1.4194421768188477
-9.525418639183044	-4.596264839172363
-6.522794008255005	-10.855849474668503
-4.496419429779053	-1.2442982196807861
-11.079229652881622	-9.816984593868256
-9.399502873420715	-2.019300699234009
-5.277678966522217	-7.4929139614105225
-11.310064360499382	-2.007190704345703
-10.795115143060684	-2.175703525543213
-10.180045366287231	-1.8604609966278076
-9.373091340065002	-6.057724714279175
-10.431114792823792	-4.634563207626343
-6.051913261413574	-4.750574111938477
-7.998428821563721	-9.748337209224701
-6.223855018615723	-1.6872031688690186
-9.707521140575409	-8.43540644645691
-11.484451040625572	-3.5998642444610596
-6.210983633995056	-9.09166306257248
-8.599178194999695	-7.108984708786011
-11.209416657686234	-7.141697645187378
-5.862104415893555	-9.14791202545166
-7.691586971282959	-6.627184152603149
-7.592169284820557	-9.576898455619812
-8.445636749267578	-3.181636333465576
-6.220729351043701	-4.1925437450408936
-6.541366338729858	-11.133380681276321
-11.318521678447723	-7.5737632513046265
-7.2667940855026245	-2.2108912467956543
-4.666482925415039	-8.991291761398315
-9.897743940353394	-4.62508749961853
-5.934453248977661	-0.7063744068145752
-5.223509788513184	-2.6175312995910645
-10.977400302886963	-1.4240169525146484
-10.04845404624939	-5.032477855682373
-11.896084059029818	-9.779036343097687
-10.349308133125305	-7.725144624710083
-10.572204530239105	-7.007365465164185
-4.369807720184326	-4.788098573684692
-7.168789029121399	-10.595051676034927
-9.506850242614746	-6.884356141090393
-4.2513978481292725	-0.5138683319091797
-8.430861711502075	-1.6395070552825928
-9.17749410867691	-5.808422327041626
-5.572880029678345	-3.2689733505249023
-4.718858957290649	-1.7206635475158691
-6.431819558143616	-7.58152449131012
-4.630880355834961	-6.01003110408783
-10.290186703205109	-9.628083229064941
-7.161851406097412	-8.08649218082428
-10.048353910446167	-9.643730163574219
-5.168034553527832	-7.291176080703735
-11.257727935910225	-1.565624713897705
-6.982475280761719	-5.268600225448608
-5.48864221572876	-6.494956612586975
-7.025549054145813	-6.429138422012329
-9.908590078353882	-5.255953788757324
-9.882075548171997	-4.641669273376465
-11.30404843389988	-8.151276111602783
-4.649281740188599	-8.625813961029053
-9.626165986061096	-5.9881367683410645
-9.089394450187683	-5.824478387832642
-9.910529673099518	-1.2525601387023926
-4.599494934082031	-5.754401922225952
-11.382630184292793	-9.038539230823517
-9.967070996761322	-0.8522007465362549
-8.941733479499817	-4.798116445541382
-4.430628776550293	-7.942345976829529
-8.976534247398376	-4.868996858596802
-7.958768963813782	-7.605441570281982
-7.072483420372009	-5.113377571105957
-11.078463703393936	-4.63595724105835
-4.312171697616577	-5.500705003738403
-8.331412553787231	-9.691655337810516
-7.108428597450256	-7.366587996482849
-5.299886226654053	-1.3610165119171143
-10.503654062747955	-8.811347365379333
-6.62328565120697	-2.296570301055908
-9.225602746009827	-2.9688498973846436
-8.399264216423035	-7.465308666229248
-11.261461168527603	-10.728677362203598
-6.604100704193115	-6.679494023323059
-4.6250152587890625	-2.693718194961548
-6.24155867099762	-3.022934675216675
-7.1518471240997314	-2.5830938816070557
-9.902089297771454	-9.739875197410583
-6.5622546672821045	-6.926968932151794
-7.659870028495789	-10.686577945947647
-9.647026240825653	-7.6329392194747925
-7.916564226150513	-1.6818122863769531
-9.728534281253815	-1.8087494373321533
-5.304214239120483	-1.0106785297393799
-7.699902534484863	-7.317369818687439
-8.831096649169922	-1.140913724899292
-8.868998050689697	-5.936356544494629
-10.296483635902405	-7.267408847808838
-9.848923802375793	-4.7681450843811035
-6.973524212837219	-6.871973633766174
-8.748108386993408	-5.687956809997559
-11.284115105867386	-8.065807342529297
-7.035195708274841	-6.4829957485198975
-6.014555811882019	-5.473184108734131
-8.534304857254028	-9.130153119564056
-4.868683576583862	-6.063989639282227
-6.946522235870361	-6.554616808891296
-10.849088788032532	-4.244693040847778
-7.4852646589279175	-7.7547032833099365
-9.660606443881989	-5.612839221954346
-9.983049094676971	-8.232660055160522
-9.028470396995544	-8.594767570495605
-11.514484226703644	-10.012864708900452
-10.373798668384552	-8.978626728057861
-9.359830141067505	-8.140719652175903
-9.533633351325989	-7.816451668739319
-7.536377549171448	-1.1443190574645996
-7.559364438056946	-9.177695095539093
-11.683129325509071	-5.157719135284424
-8.523523449897766	-2.8020966053009033
-4.581238031387329	-4.864750385284424
-4.332200288772583	-10.279008686542511
-6.044687390327454	-7.809391736984253
-8.51749563217163	-1.5156984329223633
-11.993979610037059	-7.290809512138367
-10.581827223300934	-1.8148491382598877
-4.64762020111084	-4.321882009506226
-4.592416763305664	-0.5472679138183594
-7.351361274719238	-5.70764422416687
-9.57376742362976	-2.3679349422454834
-8.875387072563171	-6.699960708618164
-10.117929339408875	-4.8476722240448
-9.075146913528442	-1.0891571044921875
-5.856746435165405	-10.135890662670135
-8.007182121276855	-4.408661842346191
-4.33555269241333	-10.502180814743042
-10.885082423686981	-3.539182662963867
-6.373889207839966	-6.395784258842468
-9.201209843158722	-4.777388334274292
-8.62881588935852	-3.2960543632507324
-8.067765355110168	-8.16891074180603
-11.921953719109297	-5.054216623306274
-6.949951887130737	-2.28857159614563
-11.24936619400978	-1.235645055770874
-11.435373231768608	-8.67807412147522
-9.876708269119263	-8.953073143959045
-8.752029776573181	-4.944814682006836
-5.560580492019653	-7.159540414810181
-10.075765371322632	-10.218316733837128
-9.223977327346802	-5.178806304931641
-10.830359548330307	-7.4537272453308105
-9.549290657043457	-2.45181941986084
-7.779093146324158	-11.691277116537094
-6.955906391143799	-3.1519789695739746
-5.469444751739502	-5.361559867858887
-6.909336090087891	-5.707192897796631
-8.08916687965393	-8.491591930389404
-4.539447069168091	-6.995809078216553
-11.0557279586792	-4.312489986419678
-8.51676070690155	-5.318046569824219
-9.85537576675415	-4.828341722488403
-8.54605758190155	-10.37861180305481
-8.683557271957397	-9.336656928062439
-11.008314281702042	-2.927619695663452
-8.018121242523193	-2.126824378967285
-6.786073207855225	-10.090806484222412
-6.258061051368713	-6.80220901966095
-4.161123275756836	-1.9845750331878662
-4.598646640777588	-6.729542970657349
-9.813347160816193	-9.262183248996735
-9.679337561130524	-6.101996541023254
-5.987048149108887	-1.597219705581665
-10.867892682552338	-6.913283944129944
-7.479030132293701	-10.624837875366211
-5.783066511154175	-1.5129804611206055
-9.910947382450104	-9.515316188335419
-7.582178235054016	-9.580537676811218
-11.159501641988754	-6.440020680427551
-11.384334415197372	-8.57463026046753
-11.80632358789444	-7.436829328536987
-8.218530178070068	-8.39773142337799
-10.235638439655304	-2.262087821960449
-3.845165491104126	-4.749828100204468
-7.060925602912903	-0.99041748046875
-10.22970324754715	-8.95059585571289
-6.590803742408752	-6.7124433517456055
-5.002343416213989	-4.661205053329468
-5.6417906284332275	-7.642925977706909
-6.309061288833618	-6.510147929191589
-8.437161684036255	-9.179320871829987
-8.346449375152588	-1.6380937099456787
-6.637313604354858	-9.20428329706192
-11.861267745494843	-4.4888105392456055
-8.123021006584167	-11.632718168199062
-11.448816686868668	-11.424635455012321
-7.842840313911438	-0.838707447052002
-3.4909157752990723	-0.6888613700866699
-11.278449788689613	-6.823230028152466
-9.421286344528198	-9.402543783187866
-4.2450642585754395	-3.187950611114502
-8.515214681625366	-7.451055407524109
-8.28438949584961	-5.691987991333008
-6.430243134498596	-6.401299953460693
-8.558535933494568	-7.76664662361145
-4.378352165222168	-4.8683366775512695
-3.9310340881347656	-2.3198726177215576
-7.693735599517822	-5.655662298202515
-9.428981244564056	-8.974061608314514
-11.43271990120411	-1.4602124691009521
-8.200108051300049	-11.676012329757214
-10.648471266031265	-10.55121624469757
-7.28620970249176	-1.0054121017456055
-8.816754341125488	-1.187272310256958
-5.028259992599487	-4.230023145675659
-10.143117070198059	-0.5446422100067139
-11.377257093787193	-1.9595510959625244
-4.886820316314697	-2.89666485786438
-11.303760945796967	-10.876927435398102
-11.242982625961304	-9.588697135448456
-8.498656511306763	-8.79285192489624
-9.320805251598358	-6.479890465736389
-7.545691251754761	-4.226042747497559
-10.742926955223083	-7.641306638717651
-7.495262145996094	-9.981314420700073
-11.75708182901144	-3.565643548965454
-6.207902669906616	-3.9522550106048584
-11.480326026678085	-0.9500627517700195
-9.379144728183746	-5.740949392318726
-11.02195993065834	-7.9569772481918335
-5.544352054595947	-2.332660675048828
-10.230275452136993	-6.744587302207947
-8.788736701011658	-2.752603054046631
-3.9301085472106934	-1.5829646587371826
-11.134870290756226	-8.185168862342834
-9.15539538860321	-1.564445972442627
-7.445523977279663	-2.869788408279419
-4.724719047546387	-0.8871452808380127
-8.527586102485657	-7.036073327064514
-7.336071968078613	-9.048640608787537
-4.52533221244812	-6.013698577880859
-6.69619345664978	-6.114905476570129
-10.142491579055786	-4.1238226890563965
-11.498176530003548	-10.440661132335663
-9.334501147270203	-8.216209888458252
-9.819693446159363	-6.0507237911224365
-8.623246908187866	-5.7150750160217285
-7.220571398735046	-6.539976239204407
-7.580116152763367	-8.294098019599915
-5.324094772338867	-7.353831052780151
-10.282483756542206	-3.9011213779449463
-5.142503499984741	-5.852060794830322
-10.81008231639862	-7.55441415309906
-9.454874217510223	-9.80516767501831
-11.37094071507454	-6.809759974479675
-5.23384952545166	-6.052980422973633
-11.049560308456421	-8.476189255714417
-10.870716780424118	-5.917561054229736
-4.656546592712402	-4.942535877227783
-8.684381246566772	-7.033312439918518
-9.372421681880951	-7.942366003990173
-8.452656626701355	-3.7599542140960693
-2.9486660957336426	-8.059977650642395
-8.65908944606781	-4.572176456451416
-7.328513860702515	-3.4771950244903564
-9.193979322910309	-5.471765756607056
-8.888581395149231	-6.892261862754822
-9.807575404644012	-1.9887950420379639
-7.948000431060791	-9.932790219783783
-8.61935806274414	-4.729230165481567
-10.13019597530365	-5.424948692321777
-3.914238452911377	-3.3012449741363525
-8.948537707328796	-5.288545846939087
-11.466683328151703	-8.874804854393005
-8.802231431007385	-5.950560808181763
-9.001595556735992	-8.083353996276855
-10.03807818889618	-5.33357834815979
-7.995664715766907	-2.4113545417785645
-7.192472577095032	-1.9043705463409424
-8.344198822975159	-10.501209497451782
-10.942609012126923	-7.525318622589111
-9.651607632637024	-8.431086301803589
-5.5428643226623535	-1.6628265380859375
-5.768840074539185	-6.269364595413208
-9.229482293128967	-5.084543466567993
-8.505064129829407	-2.6759941577911377
-11.439695209264755	-6.944427967071533
-5.725109338760376	-3.22416615486145
-10.44518780708313	-1.3448803424835205
-6.423406362533569	-3.008650302886963
-7.890133380889893	-3.8334782123565674
-7.394274830818176	-5.940704584121704
-5.454581022262573	-1.3240506649017334
-9.263262569904327	-1.8190691471099854
-5.761564493179321	-5.217622518539429
-7.95859158039093	-6.310539364814758
-6.129154801368713	-2.313810110092163
-9.000718116760254	-4.188672780990601
-9.160778939723969	-1.7642676830291748
-7.805070519447327	-5.204885959625244
-6.635749340057373	-7.285369277000427
-9.378890633583069	-8.290820360183716
-5.94592809677124	-3.318298101425171
-5.696328163146973	-4.443592071533203
-9.11652946472168	-11.665794722735882
-11.71892286837101	-4.838207244873047
-10.184467613697052	-1.7142834663391113
-7.991915345191956	-4.425546884536743
-5.940148830413818	-8.471296906471252
-11.073334604501724	-8.302947521209717
-11.371111884713173	-1.8911683559417725
-11.23126432299614	-7.1878745555877686
-8.177302122116089	-3.8027586936950684
-11.742555364966393	-9.880888760089874
-4.7678210735321045	-4.1075119972229
-10.9056775867939	-9.394861936569214
-6.443811535835266	-9.240444481372833
-2.83398699760437	-0.8067891597747803
-8.60414171218872	-4.078172206878662
-7.862521648406982	-2.9675910472869873
-10.806164592504501	-4.840958118438721
-11.802898831665516	-8.545278668403625
-9.902503609657288	-4.832186937332153
-5.852283954620361	-6.670532941818237
-11.948348253965378	-4.695206165313721
-9.669309139251709	-10.032147824764252
-5.7215917110443115	-10.681109815835953
-5.338482856750488	-0.838632345199585
-7.256638526916504	-4.901843547821045
-9.177259147167206	-1.2477035522460938
-9.822842180728912	-2.496516466140747
-4.260166168212891	-8.368514657020569
-8.47838044166565	-1.7572345733642578
-6.786730527877808	-7.714096784591675
-9.595895111560822	-9.314442873001099
-6.801823854446411	-9.600604355335236
-5.597155809402466	-9.461073160171509
-7.86128032207489	-4.697392702102661
-7.355186462402344	-6.4266074895858765
-9.194352149963379	-7.113745450973511
-10.891998052597046	-1.532515525817871
-6.990190744400024	-2.8457536697387695
-5.4201500415802	-0.837864875793457
-7.596945762634277	-8.03215205669403
-9.327407419681549	-2.805886745452881
-9.697438359260559	-10.512094169855118
-9.25414091348648	-6.127338767051697
-10.529725044965744	-8.23905622959137
-6.488984227180481	-5.616371154785156
-8.671842098236084	-3.22004771232605
-9.793293535709381	-5.231419086456299
-10.172716856002808	-6.17348849773407
-8.543278098106384	-10.366407573223114
-9.094808220863342	-5.663818359375
-5.417068004608154	-9.421335339546204
-8.388683438301086	-1.0028865337371826
-4.977547645568848	-1.7202036380767822
-6.353914976119995	-2.1170318126678467
-6.674168229103088	-8.636571049690247
-9.028038918972015	-3.7498090267181396
-5.890163898468018	-0.7149159908294678
-11.530381590127945	-0.9599497318267822
-8.033807516098022	-4.635441541671753
-9.904883801937103	-10.004337966442108
-10.137709200382233	-9.024603366851807
-8.307486891746521	-4.231759786605835
-7.628718852996826	-9.197208523750305
-4.908305883407593	-3.4050114154815674
-9.741151213645935	-7.860376238822937
-7.786687016487122	-3.368255853652954
-9.865680634975433	-2.791558027267456
-10.300280213356018	-11.695942997932434
-6.491280198097229	-8.581856489181519
-8.009350419044495	-1.4715936183929443
-11.280699536204338	-4.018997669219971
-7.482341766357422	-5.203094959259033
-9.770499050617218	-10.005703568458557
-10.232504904270172	-1.4739511013031006
-8.230422019958496	-3.2165093421936035
-10.193204462528229	-5.205149173736572
-9.896004438400269	-9.54809707403183
-9.112101316452026	-4.4023754596710205
-7.9494309425354	-8.637130737304688
-10.434110283851624	-2.4643964767456055
-8.25230348110199	-1.2793900966644287
-11.81004423648119	-9.987184524536133
-10.171358406543732	-7.686529755592346
-11.415677636861801	-9.5379518866539
-9.71086460351944	-5.251309633255005
-4.059293031692505	-9.285024762153625
-6.749082684516907	-10.538269221782684
-8.537397980690002	-6.591122388839722
-8.222210168838501	-2.234516143798828
-10.899984776973724	-7.426730990409851
-11.215180367231369	-8.291019558906555
-9.364094316959381	-7.223719596862793
-6.825982689857483	-1.2389967441558838
-10.160243511199951	-2.271205186843872
-8.107682347297668	-9.893197059631348
-9.097379744052887	-2.4428436756134033
-10.13842785358429	-10.912539571523666
-7.571628212928772	-5.928748369216919
-11.708513773977757	-3.4223670959472656
-5.2113683223724365	-7.399811625480652
-5.897857904434204	-8.36440622806549
-5.217940092086792	-11.849010106176138
-10.497228741645813	-6.580793380737305
-9.873348355293274	-5.895906686782837
-9.318970263004303	-6.82470703125
-7.339048862457275	-3.7739810943603516
-9.980843603610992	-4.2896904945373535
-7.189763903617859	-5.295442342758179
-10.573908895254135	-8.757056593894958
-7.136538147926331	-9.178426802158356
-10.825793892145157	-10.335693418979645
-8.650380849838257	-8.385775566101074
-6.700013637542725	-10.1532524228096
-11.189967602491379	-8.22243618965149
-6.054531097412109	-4.687647342681885
-6.752346038818359	-5.68733811378479
-10.754717409610748	-4.51079535484314
-8.998981475830078	-8.01026165485382
-4.14139723777771	-7.938880205154419
-11.373905181884766	-3.2138478755950928
-4.985012769699097	-7.438968300819397
-11.496329963207245	-7.130437016487122
-4.038562059402466	-2.4462454319000244
-10.657314866781235	-1.036635160446167
-6.045441627502441	-1.3731372356414795
-9.572287738323212	-6.841053485870361
-8.864131808280945	-8.35557997226715
-6.9736021757125854	-5.9645326137542725
-10.799057275056839	-7.56139612197876
-5.689970970153809	-6.732808828353882
-6.47482967376709	-5.352172136306763
-11.312681078910828	-1.758577823638916
-7.465033650398254	-3.0777676105499268
-5.486569404602051	-2.2873120307922363
-11.40009905397892	-2.076843738555908
-6.143215656280518	-1.9663081169128418
-9.936693549156189	-6.433674573898315
-9.166622936725616	-7.5225831270217896
-6.486880660057068	-5.426211833953857
-6.332887530326843	-1.531261682510376
-10.277956545352936	-5.482398748397827
-6.09831690788269	-4.1261351108551025
-4.91810417175293	-4.440276861190796
-10.002976477146149	-7.208331942558289
-4.930770635604858	-2.6269912719726562
-10.090121269226074	-7.297294020652771
-11.644726149737835	-5.7657294273376465
-11.143356621265411	-7.384646773338318
-10.353633284568787	-6.397189378738403
-10.314527571201324	-9.192742466926575
-5.491995334625244	-2.5471293926239014
-10.209419131278992	-2.377105951309204
-8.943349957466125	-11.834399677813053
-10.839625149965286	-4.086042165756226
-9.063799560070038	-3.384150981903076
-10.101764917373657	-10.908843398094177
-11.230865567922592	-7.139801859855652
-4.0644214153289795	-7.841171622276306
-7.089275121688843	-10.965997159481049
-7.2705302238464355	-7.325908899307251
-7.6554951667785645	-8.52790117263794
-10.633641421794891	-8.027893781661987
-9.799108028411865	-8.565837979316711
-9.836650013923645	-5.7324700355529785
-8.898094654083252	-1.602139949798584
-7.048849940299988	-7.501803159713745
-8.785257697105408	-6.480045676231384
-10.061186671257019	-4.675035238265991
-5.048447370529175	-5.659741401672363
-9.151078283786774	-3.8772218227386475
-4.6732707023620605	-2.0639047622680664
-8.342878818511963	-4.8765785694122314
-9.032602965831757	-4.2087578773498535
-7.248518943786621	-6.110410094261169
-8.33113718032837	-6.911022663116455
-6.8483158349990845	-5.539264440536499
-6.301102995872498	-4.198385953903198
-6.362301349639893	-3.423910617828369
-6.343338131904602	-10.827469915151596
-9.638644695281982	-1.4815678596496582
-4.233063697814941	-7.709180116653442
-6.070318937301636	-4.8495519161224365
-10.804682046175003	-0.9588625431060791
-11.343972533941269	-2.3493568897247314
-7.896937966346741	-9.45664268732071
-5.494776964187622	-0.5069925785064697
-11.464743867516518	-4.511742353439331
-3.505197286605835	-1.0961565971374512
-10.955893814563751	-6.8906203508377075
-10.730760008096695	-5.079761981964111
-3.9828951358795166	-2.471094846725464
-9.957948625087738	-4.525832176208496
-7.197173595428467	-4.57761812210083
-11.823344327509403	-3.797133207321167
-11.239021450281143	-7.91289210319519
-11.105130225419998	-1.7991971969604492
-6.043757915496826	-4.197209358215332
-9.736312508583069	-9.798362910747528
-10.795959681272507	-5.394830703735352
-5.461956024169922	-2.6437840461730957
-9.211590707302094	-10.657479017972946
-6.793484330177307	-7.145374417304993
-10.460288107395172	-0.9946503639221191
-10.503411144018173	-9.810672640800476
-6.3785483837127686	-3.18766450881958
-10.269241333007812	-4.198061943054199
-11.707671225070953	-7.2913055419921875
-7.9925326108932495	-6.235844850540161
-8.294091939926147	-8.255743861198425
-11.091652750968933	-3.452953577041626
-10.850896686315536	-4.822511672973633
-9.230699479579926	-1.0136017799377441
-9.004257917404175	-5.890497207641602
-9.844461500644684	-3.859168767929077
-10.889239400625229	-5.796351671218872
-7.414982914924622	-4.344107151031494
-8.848369717597961	-3.643122911453247
-7.481454133987427	-0.6667191982269287
-10.78759440779686	-9.350432932376862
-8.59751808643341	-6.064728498458862
-10.952135235071182	-8.289498567581177
-8.50149142742157	-5.386146068572998
-9.421926856040955	-3.2143285274505615
-8.943942904472351	-9.433265268802643
-9.076496601104736	-6.374176383018494
-10.610608577728271	-2.268808364868164
-9.84965980052948	-6.826489090919495
-6.188122987747192	-3.5502684116363525
-9.52905660867691	-4.910811424255371
-11.335584059357643	-1.3632473945617676
-10.1890629529953	-0.9351546764373779
-10.160419642925262	-6.488582253456116
-11.575670287013054	-2.928126096725464
-4.89785099029541	-2.5224623680114746
-9.451166152954102	-9.245921909809113
-10.17795842885971	-10.813876390457153
-8.025708317756653	-6.910602807998657
-6.759590148925781	-8.390912890434265
-6.7586846351623535	-10.2875257730484
-10.56211942434311	-6.570897459983826
-3.63067889213562	-8.959443211555481
-7.6051822900772095	-1.3881397247314453
-6.78109073638916	-3.3960084915161133
-6.061105728149414	-11.666791275143623
-11.188823729753494	-9.53843629360199
-11.715681664645672	-8.531275749206543
-11.062409430742264	-5.685976266860962
-8.96602177619934	-1.080930233001709
-7.813907504081726	-1.7627642154693604
-11.503556951880455	-9.067965388298035
-10.811633974313736	-11.301993235945702
-6.643297076225281	-3.0612165927886963
-5.855865240097046	-1.9660606384277344
-9.444737434387207	-10.927007138729095
-5.339008569717407	-11.440143048763275
-4.2749762535095215	-10.48613691329956
-5.784351825714111	-7.354410767555237
-10.653395801782608	-9.763189852237701
-8.841242551803589	-9.896376013755798
-11.42203339934349	-5.433361530303955
-7.833016991615295	-1.0041940212249756
-5.7427332401275635	-7.826984882354736
-10.84627479314804	-3.0323524475097656
-10.881379544734955	-8.695135831832886
-9.421111106872559	-4.720744371414185
-7.662628412246704	-4.658237457275391
-11.530626744031906	-8.328364133834839
-6.61433207988739	-5.941041469573975
-6.653051733970642	-8.473568558692932
-8.35097622871399	-10.365175724029541
-11.850837897509336	-11.025983065366745
-6.6695476770401	-5.761266231536865
-9.626373410224915	-4.354206562042236
-10.197604358196259	-4.008055686950684
-11.692930318415165	-9.709257781505585
-10.393026173114777	-3.276334047317505
-11.53307569026947	-11.28853426873684
-8.278612732887268	-1.396561861038208
-6.720429539680481	-1.3747859001159668
-7.558690309524536	-4.9996161460876465
-9.524879336357117	-9.661836504936218
-8.775180101394653	-2.7912819385528564
-7.904193878173828	-6.226257920265198
-7.000195026397705	-7.073746562004089
-8.2869393825531	-3.8642191886901855
-10.895351529121399	-7.720690011978149
-4.76221776008606	-10.899314135313034
-7.010032296180725	-1.4691317081451416
-6.958941221237183	-3.8465752601623535
-7.346759676933289	-2.6684181690216064
-6.716858625411987	-8.796456813812256
-8.297678232192993	-8.710471987724304
-10.665830880403519	-6.8565434217453
-9.976434051990509	-0.7677469253540039
-5.738312244415283	-5.090663909912109
-4.517939329147339	-2.8614964485168457
-7.515156269073486	-6.542989611625671
-9.408253133296967	-3.0668091773986816
-5.759091854095459	-9.217861711978912
-8.375135064125061	-9.643031179904938
-6.517289042472839	-3.1429646015167236
-9.595370471477509	-1.0642991065979004
-9.76331090927124	-6.419574737548828
-4.556279897689819	-5.767158508300781
-8.994721412658691	-7.551948308944702
-10.147224426269531	-5.983868837356567
-5.328433513641357	-4.300733327865601
-11.967542083002627	-9.689875781536102
-7.70818305015564	-1.5327107906341553
-7.670404314994812	-2.974348783493042
-6.023966431617737	-8.236255645751953
-9.907771825790405	-8.520090937614441
-11.096613943576813	-1.0721404552459717
-3.624210834503174	-1.6460487842559814
-5.55869722366333	-8.008888363838196
-8.98200809955597	-6.230892777442932
-8.74052381515503	-1.5286059379577637
-5.727350950241089	-10.156267404556274
-6.979947924613953	-8.636131167411804
-7.777690529823303	-1.0363061428070068
-9.312773823738098	-0.9540653228759766
-5.232665061950684	-4.130491018295288
-5.612050294876099	-6.905439376831055
-9.958605229854584	-7.385127782821655
-11.354473784565926	-8.110314130783081
-7.167254447937012	-8.215985655784607
-11.864493805915117	-4.577060222625732
-7.835086226463318	-7.585279226303101
-10.3790243268013	-4.697248220443726
-6.071116805076599	-6.8493897914886475
-9.105441927909851	-5.013717412948608
-9.343886375427246	-11.340759202837944
-6.535482287406921	-10.100572049617767
-10.39873856306076	-6.6430113315582275
-10.112713873386383	-4.399618148803711
-8.585687041282654	-6.374663472175598
-5.623138904571533	-1.0917463302612305
-3.7659873962402344	-4.9182515144348145
-9.52994191646576	-6.265711784362793
-6.369487524032593	-10.451317191123962
-8.5261709690094	-5.15108585357666
-7.037504553794861	-2.2735612392425537
-9.634047389030457	-4.181761980056763
-7.698873996734619	-9.847059309482574
-9.769117176532745	-5.536316156387329
-7.88696551322937	-6.678948640823364
-9.336822152137756	-9.002549350261688
-9.58556181192398	-6.577657341957092
-8.418034315109253	-6.749968528747559
-10.79032963514328	-7.755189657211304
-6.265827298164368	-9.796096801757812
-5.567348957061768	-9.298727810382843
-7.671677470207214	-2.706456184387207
-7.306691408157349	-2.2981038093566895
-6.198397278785706	-4.713453054428101
-7.688122272491455	-7.15974748134613
-11.005395501852036	-5.921065092086792
-6.066060304641724	-2.6809980869293213
-6.101365327835083	-1.2328112125396729
-9.9502632021904	-7.766973853111267
-4.07141375541687	-7.631938576698303
-11.458415150642395	-3.0646584033966064
-6.427030563354492	-3.3901705741882324
-8.000056743621826	-5.212213039398193
-9.589191377162933	-4.948075532913208
-10.827348053455353	-7.385093092918396
-7.3401957750320435	-4.427103281021118
-8.258835554122925	-3.3564484119415283
-11.214920908212662	-9.059514284133911
-4.73649787902832	-3.9848556518554688
-5.529292345046997	-6.346298575401306
-7.095638751983643	-5.620421648025513
-7.601866364479065	-3.883723497390747
-3.423261880874634	-2.8595688343048096
-8.630143404006958	-2.801811933517456
-11.34342348575592	-9.023820340633392
-6.388858437538147	-5.671307802200317
-3.5329813957214355	-1.0331361293792725
-6.387293100357056	-3.5631115436553955
-10.264187693595886	-5.943670034408569
-8.377615213394165	-10.860898822546005
-5.887448072433472	-6.440720558166504
-5.7606096267700195	-1.573967456817627
-10.840629547834396	-5.5936431884765625
-8.072511434555054	-2.729417324066162
-7.519201755523682	-6.454054355621338
-8.530439615249634	-6.568072199821472
-8.142991662025452	-4.330098867416382
-9.664967894554138	-2.803335428237915
-6.296082258224487	-1.471276044845581
-5.6677021980285645	-3.4949941635131836
-6.635401368141174	-4.4651055335998535
-10.10653567314148	-9.077580749988556
-5.966848611831665	-9.175006806850433
-11.347330793738365	-3.049790382385254
-9.800597190856934	-4.2327353954315186
-9.909163177013397	-1.4768579006195068
-4.263685941696167	-1.043102502822876
-8.46062171459198	-4.732714891433716
-8.873958349227905	-6.334826231002808
-4.274833917617798	-1.410212516784668
-6.63035523891449	-0.22806429862976074
-11.936680996790528	-7.813216924667358
-9.926296770572662	-7.385300517082214
-7.612997889518738	-9.854019463062286
-7.518872380256653	-8.75105345249176
-8.016626715660095	-6.496405720710754
-6.1009379625320435	-0.9226062297821045
-9.317176222801208	-4.096459150314331
-10.048310458660126	-10.826544284820557
-3.4528005123138428	-5.63086724281311
-5.746348857879639	-5.6064369678497314
-4.293828248977661	-8.716760873794556
-6.0717151165008545	-2.060910701751709
-9.967691838741302	-6.678834915161133
-11.786844089627266	-6.661699891090393
-9.767924666404724	-1.140979528427124
-7.714528441429138	-10.183653831481934
-7.069223999977112	-1.1923763751983643
-6.641944527626038	-4.979402303695679
-7.541045308113098	-8.045674681663513
-7.242451429367065	-9.021901845932007
-7.43948221206665	-4.54152774810791
-9.058568000793457	-5.708328723907471
-9.735996186733246	-3.2578375339508057
-5.768312931060791	-3.9248850345611572
-8.315868258476257	-1.4810428619384766
-9.786518812179565	-9.53469032049179
-5.248291254043579	-2.7083001136779785
-9.837320387363434	-8.43098258972168
-10.575003236532211	-3.7354896068573
-6.458493232727051	-3.129483461380005
-9.692526876926422	-5.615947008132935
-6.488223910331726	-9.38072383403778
-7.304250240325928	-3.6023318767547607
-8.940730333328247	-5.561295747756958
-4.435743570327759	-9.247313797473907
-9.001191258430481	-2.351362466812134
-9.525829374790192	-9.880280792713165
-10.531382024288177	-4.04022216796875
-7.964635848999023	-9.000391781330109
-7.73908531665802	-8.52283000946045
-7.937748312950134	-1.375993251800537
-5.578923225402832	-5.2118589878082275
-6.58299994468689	-3.9585964679718018
-10.713477194309235	-3.759545087814331
-4.604979515075684	-3.571201801300049
-9.805451095104218	-2.4509453773498535
-7.523934245109558	-1.0585541725158691
-7.559764266014099	-6.093823313713074
-8.860164284706116	-8.705445528030396
-5.76668643951416	-5.0551557540893555
-8.100295186042786	-9.604472279548645
-5.674943447113037	-3.325922727584839
-11.41934135556221	-4.435287237167358
-5.355156183242798	-6.618128657341003
-10.424445927143097	-1.9694724082946777
-5.081110239028931	-8.095409631729126
-6.939291715621948	-6.896374940872192
-5.578293085098267	-8.326712250709534
-7.5625516176223755	-7.159238934516907
-3.792396068572998	-4.458257675170898
-11.978924755007029	-3.1855502128601074
-10.778193801641464	-9.407392144203186
-10.411037743091583	-2.814093589782715
-9.409553825855255	-8.267176151275635
-6.903186678886414	-7.782549262046814
-6.1911081075668335	-1.1865828037261963
-9.506243884563446	-6.2455326318740845
-11.767216846346855	-1.1958696842193604
-11.245155841112137	-1.6505556106567383
-8.093310356140137	-3.6581919193267822
-10.75450587272644	-1.5389750003814697
-5.228296995162964	-5.099766254425049
-7.7488285303115845	-0.9484283924102783
-9.112650632858276	-3.714918851852417
-5.847433805465698	-7.058298110961914
-7.172184348106384	-1.802950143814087
-11.654028207063675	-5.961845397949219
-10.817992597818375	-2.3615520000457764
-4.768418312072754	-4.633187770843506
-11.474625259637833	-7.988660573959351
-8.376677870750427	-3.8999977111816406
-6.681093692779541	-7.106514930725098
-9.714034795761108	-6.895687222480774
-9.041667401790619	-7.662751078605652
-9.989154696464539	-6.881134986877441
-10.143332183361053	-6.13179624080658
-6.807397127151489	-3.959892511367798
-11.284622311592102	-2.584062337875366
-5.787855863571167	-9.464580953121185
-9.67095673084259	-7.38723886013031
-10.610795617103577	-9.96177989244461
-11.941719610244036	-6.300713539123535
-8.800511956214905	-7.626627802848816
-9.680096983909607	-9.296149492263794
-9.99919992685318	-9.093591034412384
-10.599558413028717	-8.205879807472229
-6.23856782913208	-7.826296091079712
-8.940719246864319	-1.0091092586517334
-7.505694508552551	-3.9314825534820557
-3.9512579441070557	-4.76603364944458
-9.628350019454956	-5.704341173171997
-5.417266130447388	-10.39683973789215
-6.491914987564087	-3.6042795181274414
-7.923150300979614	-1.0213701725006104
-10.063075125217438	-9.2792027592659
-10.377983093261719	-2.874467611312866
-7.33963680267334	-8.803241729736328
-7.706684947013855	-2.9207589626312256
-6.518367648124695	-6.104902982711792
-4.9414873123168945	-4.3902153968811035
-5.044273853302002	-5.042766809463501
-5.646816730499268	-6.91747784614563
-11.214637219905853	-8.029061794281006
-6.290245413780212	-1.937973976135254
-9.00633180141449	-3.8069257736206055
-7.163784384727478	-9.25541353225708
-10.234552681446075	-2.323751449584961
-9.697849452495575	-3.0491974353790283
-10.784681528806686	-3.450561046600342
-7.694169044494629	-4.30926775932312
-9.656444907188416	-6.630543351173401
-4.889827251434326	-7.288327932357788
-5.838207721710205	-6.178111553192139
-10.061727404594421	-1.869422435760498
-3.9698638916015625	-7.021401643753052
-6.85272753238678	-11.640341430902481
-6.150229454040527	-1.6547462940216064
-10.488669097423553	-7.644036054611206
-7.687508940696716	-9.912725508213043
-8.07241415977478	-11.58553621172905
-8.571694135665894	-4.034805536270142
-8.53409993648529	-0.8721463680267334
-6.620892405509949	-2.4731647968292236
-10.829070568084717	-6.40181028842926
-5.202203750610352	-6.82184636592865
-6.668636798858643	-3.362658977508545
-8.332294464111328	-5.652983665466309
-6.825218081474304	-6.700198173522949
-6.816167950630188	-8.305587530136108
-6.0654137134552	-4.474022626876831
-6.076010227203369	-7.097102522850037
-10.64977490901947	-11.412034705281258
-6.811164736747742	-0.8849544525146484
-9.88486933708191	-6.723205804824829
-4.842902898788452	-1.8112692832946777
-6.75865638256073	-4.386516094207764
-8.03076696395874	-7.080162048339844
-4.2214579582214355	-7.140122294425964
-8.133930087089539	-3.4668352603912354
-6.643499135971069	-7.749175429344177
-8.014201998710632	-7.419369220733643
-6.404257893562317	-7.9067898988723755
-11.06828784942627	-9.203526377677917
-11.88342958688736	-5.931395530700684
-9.63148319721222	-6.743358850479126
-6.568402647972107	-7.881306409835815
-5.631646156311035	-10.989646285772324
-8.205524682998657	-4.692880153656006
-7.192574501037598	-7.273915886878967
-5.416818380355835	-8.632692217826843
-5.308786153793335	-7.108953952789307
-9.847038567066193	-5.65636682510376
-10.14075779914856	-3.273909330368042
-7.3457207679748535	-4.94273042678833
-11.142185032367706	-7.76727569103241
-5.976501703262329	-3.902125597000122
-9.17271512746811	-9.725658774375916
-7.76706075668335	-4.007957696914673
-8.643216848373413	-8.93137013912201
-10.361084461212158	-4.291857004165649
-7.392843246459961	-5.0484631061553955
-6.458375930786133	-2.4895212650299072
-7.254037141799927	-2.44109845161438
-3.6283721923828125	-5.941748857498169
-7.854273319244385	-5.579531908035278
-7.275270223617554	-3.293473720550537
-9.794579207897186	-2.835783004760742
-8.976513147354126	-7.834245085716248
-6.296423435211182	-1.1770634651184082
-4.427593946456909	-2.876638412475586
-7.610993385314941	-0.9555559158325195
-6.389820456504822	-5.572567462921143
-9.156799256801605	-5.3331663608551025
-7.752421259880066	-3.104355812072754
-9.001990020275116	-9.53147828578949
-7.406206369400024	-1.2398600578308105
-8.802783250808716	-4.841852188110352
-11.768040485680103	-11.257354170084
-11.742047891020775	-8.450796961784363
-8.978889226913452	-8.659940600395203
-9.727346062660217	-9.739753603935242
-4.691707134246826	-1.3469109535217285
-10.754016190767288	-7.1860374212265015
-5.946647644042969	-2.986062526702881
-7.961716175079346	-9.715574383735657
-9.429900705814362	-1.3388285636901855
-8.175370573997498	-9.973158717155457
-10.561650305986404	-3.6847751140594482
-7.039771914482117	-4.053332090377808
-8.220651626586914	-3.826646089553833
-6.799788951873779	-9.397417545318604
-5.156835079193115	-6.184647560119629
-5.853738069534302	-8.267917513847351
-8.371848821640015	-5.207591772079468
-7.914100527763367	-1.7739458084106445
-8.10100507736206	-2.099315643310547
-11.053399354219437	-0.9816262722015381
-11.438827022910118	-5.773763179779053
-10.164386808872223	-5.890404224395752
-4.128229379653931	-9.926432132720947
-7.322555065155029	-4.65761661529541
-10.272362351417542	-8.133463382720947
-9.338053822517395	-5.285882949829102
-3.411940813064575	-3.5871083736419678
-5.130325555801392	-9.790610432624817
-8.073615431785583	-1.5502467155456543
-4.5325927734375	-6.461790204048157
-11.450889453291893	-3.056471586227417
-10.405047833919525	-2.2020413875579834
-5.6545093059539795	-11.794981777668
-3.9150009155273438	-1.006399154663086
-7.42348837852478	-9.451885521411896
-10.092576563358307	-7.399472594261169
-9.721722543239594	-10.019014835357666
-10.435944378376007	-6.896525502204895
-3.59403920173645	-7.087072491645813
-8.382691025733948	-1.2793622016906738
-5.170618772506714	-1.4236178398132324
-5.799540281295776	-8.279078722000122
-8.340962290763855	-7.454210042953491
-3.1458470821380615	-9.248899698257446
-11.99993627225922	-1.196577787399292
-10.793438225984573	-7.3552833795547485
-7.171894311904907	-8.411019802093506
-10.969928562641144	-7.4334940910339355
-9.046452462673187	-11.422491073608398
-11.3077891767025	-4.664304256439209
-7.675934672355652	-6.806724429130554
-9.858115911483765	-3.329953193664551
-5.00566291809082	-0.7644252777099609
-8.47039783000946	-8.036208271980286
-4.599228858947754	-8.675338983535767
-11.462900161743164	-3.994105339050293
-5.082366943359375	-4.122869253158569
-5.288604497909546	-8.430085301399231
-6.75267219543457	-5.725810289382935
-3.7943859100341797	-1.268702745437622
-6.788473606109619	-3.3262646198272705
-11.0002501308918	-5.440029859542847
-8.26914131641388	-7.711191773414612
-7.046266078948975	-5.649415969848633
-5.786346673965454	-1.2352302074432373
-4.92776083946228	-9.455434441566467
-8.541776418685913	-5.136559724807739
-8.26617157459259	-5.683035850524902
-9.82195383310318	-2.9974350929260254
-5.817280054092407	-7.841540694236755
-9.740257859230042	-4.403938293457031
-4.84074068069458	-5.705765247344971
-8.121221780776978	-9.83216106891632
-5.247427225112915	-8.485036969184875
-10.44761574268341	-9.793375074863434
-6.429336190223694	-6.721795320510864
-4.967915296554565	-4.518459320068359
-10.537885397672653	-8.358197808265686
-11.725617997348309	-4.410306215286255
-8.475149631500244	-5.84407639503479
-11.305475771427155	-8.103813886642456
-11.230044901371002	-2.012479305267334
-11.610484197735786	-10.137766778469086
-8.139329195022583	-5.104609251022339
-5.67606782913208	-4.43049430847168
-5.723567247390747	-3.158865451812744
-10.143423199653625	-1.488173246383667
-5.722588062286377	-2.4175150394439697
-7.588990688323975	-2.044135808944702
-8.182958006858826	-7.025506854057312
-7.889333724975586	-7.735615611076355
-7.121001720428467	-1.2542839050292969
-6.074774980545044	-6.5561603307724
-7.225099682807922	-2.8615894317626953
-11.752685889601707	-2.281231641769409
-6.795768141746521	-3.215345621109009
-6.460158348083496	-8.156717777252197
-9.941884875297546	-7.613337278366089
-10.912697911262512	-11.471759721636772
-9.080748081207275	-11.227430999279022
-9.94664865732193	-6.692223429679871
-5.660074710845947	-10.072590172290802
-9.696207046508789	-0.861760139465332
-6.1615025997161865	-5.601834297180176
-8.309311866760254	-1.0927841663360596
-7.847670793533325	-11.809274554252625
-9.65468966960907	-0.902184247970581
-9.859374940395355	-9.024928092956543
-6.196942090988159	-10.593881785869598
-8.591981291770935	-7.64678156375885
-10.546451032161713	-6.5902183055877686
-11.900457859039307	-5.222402572631836
-4.411038637161255	-7.345062017440796
-6.217159152030945	-4.993374824523926
-8.83627474308014	-8.834907174110413
-5.349026441574097	-5.8253703117370605
-10.642860531806946	-1.3053603172302246
-5.117990970611572	-9.99775904417038
-4.50852370262146	-11.220308303833008
-11.048939287662506	-3.536775827407837
-5.795521259307861	-0.6821072101593018
-11.904149908572435	-4.8812949657440186
-6.6087952852249146	-9.489443063735962
-8.090917468070984	-6.190786600112915
-3.9940216541290283	-6.2488285303115845
-11.099728882312775	-8.202494502067566
-8.0918630361557	-2.314422369003296
-9.88087660074234	-2.2381460666656494
-9.627609550952911	-5.119596004486084
-6.563123345375061	-5.45886754989624
-6.5683311223983765	-2.3297059535980225
-10.482486963272095	-1.124284029006958
-10.188961207866669	-2.339343309402466
-11.288141816854477	-3.9087610244750977
-8.560887694358826	-6.298368215560913
-8.578864574432373	-4.928677797317505
-11.643163673579693	-2.5955286026000977
-8.203638553619385	-6.833157777786255
-9.678130030632019	-3.5070784091949463
-5.042186737060547	-4.39544677734375
-11.402245312929153	-4.384425401687622
-8.627612113952637	-7.056479573249817
-7.376375913619995	-6.54742956161499
-7.162397503852844	-2.382232189178467
-4.1509974002838135	-6.945357084274292
-8.411738276481628	-3.270556926727295
-11.111568421125412	-10.096015334129333
-11.040236324071884	-6.626790404319763
-9.945615291595459	-8.383875846862793
-6.909833550453186	-8.803715586662292
-8.007446765899658	-3.7150626182556152
-9.462757050991058	-2.9306344985961914
-10.193235754966736	-4.444805860519409
-10.33864027261734	-9.702012598514557
-7.548361659049988	-4.66331934928894
-8.492361187934875	-7.091328263282776
-3.9515175819396973	-8.093345046043396
-8.753281116485596	-5.080020904541016
-8.987876057624817	-3.8100650310516357
-8.139364242553711	-7.240774512290955
-9.997454524040222	-9.905725121498108
-3.403956413269043	-9.524748265743256
-4.891114711761475	-1.7231318950653076
-4.423127174377441	-1.2312204837799072
-5.911646604537964	-2.9648709297180176
-10.914671391248703	-5.542109727859497
-3.007646083831787	-6.5958012342453
-6.984315991401672	-5.58366322517395
-4.661477565765381	-5.79439115524292
-10.40329885482788	-1.904520034790039
-11.057446897029877	-7.396053671836853
-9.196901857852936	-3.607372999191284
-5.0487964153289795	-8.298801898956299
-7.0631818771362305	-10.685053020715714
-9.770188987255096	-4.28044581413269
-11.295196697115898	-1.056478500366211
-9.759371280670166	-4.514250755310059
-5.637559175491333	-3.957554340362549
-7.090802907943726	-6.822371006011963
-11.89609868824482	-2.788388729095459
-4.993336200714111	-3.3191120624542236
-9.54455691576004	-8.896563649177551
-4.72786545753479	-6.735063314437866
-8.009642243385315	-11.292484000325203
-11.015588343143463	-1.1656086444854736
-11.70033010840416	-9.158062934875488
-9.583950519561768	-1.6468920707702637
-9.543473303318024	-8.98947787284851
-3.005385160446167	-3.131474018096924
-4.7596213817596436	-9.968661189079285
-5.95900297164917	-5.704645872116089
-8.101255774497986	-0.9894232749938965
-9.639997243881226	-2.050874948501587
-5.992790222167969	-1.0906426906585693
-9.867817461490631	-7.676187872886658
-11.623435735702515	-4.26569938659668
-10.497049927711487	-9.153340101242065
-5.3457512855529785	-6.263221979141235
-10.094504356384277	-6.0635826587677
-7.947351336479187	-0.8630568981170654
-7.962830901145935	-8.901964545249939
-10.96210965514183	-4.708838224411011
-10.32754898071289	-1.3545584678649902
-7.235673308372498	-7.868834137916565
-8.717588782310486	-1.0869255065917969
-11.418678894639015	-4.501354694366455
-10.44371634721756	-10.441330254077911
-9.510505735874176	-7.662041187286377
-5.941768169403076	-9.434795558452606
-4.6317057609558105	-4.306941747665405
-9.704831779003143	-2.282979726791382
-9.507208943367004	-7.522721171379089
-9.986956000328064	-8.039839625358582
-10.996282249689102	-7.455081582069397
-5.5584940910339355	-1.857039213180542
-7.216817021369934	-4.5348615646362305
-5.514144659042358	-6.724205732345581
-6.4344706535339355	-1.980292797088623
-5.089280605316162	-8.268854141235352
-7.459550857543945	-9.358322203159332
-8.619548320770264	-4.727126598358154
-7.903254389762878	-5.996304988861084
-9.161570012569427	-1.3419785499572754
-9.231887340545654	-3.7791624069213867
-11.270035296678543	-4.467790603637695
-10.798201739788055	-5.0305845737457275
-11.432528257369995	-9.0841383934021
-9.015566289424896	-3.967322587966919
-5.1743645668029785	-3.284996509552002
-6.401105761528015	-7.325003385543823
-4.186858177185059	-1.8181214332580566
-10.115014672279358	-2.258427143096924
-4.652279376983643	-9.022575974464417
-10.664345562458038	-9.032889783382416
-7.070998549461365	-0.6547050476074219
-4.714457273483276	-5.405548095703125
-6.775531053543091	-6.929945111274719
-9.538531064987183	-10.18206936120987
-9.56288892030716	-3.719660997390747
-7.248919129371643	-4.357405185699463
-6.436992645263672	-11.418644338846207
-6.682916879653931	-8.959835886955261
-4.145468473434448	-9.084903717041016
-7.499133825302124	-7.86918318271637
-11.673674292862415	-2.7524757385253906
-11.444958195090294	-5.544940710067749
-10.832179695367813	-5.147411584854126
-9.04035758972168	-2.9563779830932617
-8.21263039112091	-2.0229392051696777
-3.8609869480133057	-1.9829964637756348
-10.129594266414642	-9.077930331230164
-6.092643141746521	-6.888947010040283
-10.414101362228394	-8.22556471824646
-4.414868116378784	-2.540659189224243
-6.99835467338562	-3.911227226257324
-9.08414375782013	-9.569243252277374
-5.161553621292114	-1.7659306526184082
-7.173134922981262	-5.941851854324341
-5.400881767272949	-1.6949679851531982
-8.520455718040466	-1.8467674255371094
-6.240374207496643	-1.2246909141540527
-10.162806630134583	-8.387199640274048
-5.9665303230285645	-5.930119514465332
-11.864139676094055	-9.662046074867249
-8.084601402282715	-2.1099743843078613
-8.765271663665771	-1.260291337966919
-6.117424249649048	-4.859877347946167
-8.20108687877655	-5.944395303726196
-11.294156715273857	-5.0201239585876465
-8.39603304862976	-8.364379405975342
-6.767414331436157	-2.741910696029663
-10.389852404594421	-2.5528793334960938
-6.408579468727112	-7.064431428909302
-11.747118137776852	-10.663597851991653
-5.295519590377808	-9.87931877374649
-6.277470946311951	-10.464291214942932
-8.879804134368896	-7.998425245285034
-11.296903923153877	-5.143987655639648
-8.121733546257019	-2.346914291381836
-9.753921389579773	-7.452706217765808
-9.353062570095062	-4.451776742935181
-4.083194732666016	-1.9198822975158691
-10.446580946445465	-5.159643173217773
-9.859423577785492	-2.342585563659668
-8.168099284172058	-3.448455333709717
-8.281038522720337	-8.977113962173462
-5.4117958545684814	-8.257336735725403
-9.247613668441772	-4.816337585449219
-11.67350059747696	-9.710213720798492
-10.35773903131485	-8.468615412712097
-10.6663798391819	-1.1355106830596924
-11.231741935014725	-0.6643595695495605
-10.150028228759766	-4.270240545272827
-8.905905961990356	-8.1072678565979
-7.643286466598511	-1.391603708267212
-6.326953411102295	-8.390323162078857
-5.722907066345215	-1.034789800643921
-5.349161624908447	-3.336820363998413
-6.663934350013733	-7.502753734588623
-10.30931407213211	-8.926637291908264
-11.106087058782578	-6.3228946924209595
-8.021984338760376	-8.5678231716156
-11.23755544424057	-6.071533441543579
-11.203271985054016	-11.593277513980865
-10.180386185646057	-6.881972908973694
-8.743285059928894	-9.781654179096222
-7.993669509887695	-7.702491044998169
-8.02588677406311	-1.1771106719970703
-9.490447998046875	-7.504649877548218
-4.571278810501099	-6.8670347929000854
-11.241785109043121	-8.77930748462677
-10.485366582870483	-5.778308629989624
-6.538901209831238	-4.722302198410034
-2.8004515171051025	-4.1375062465667725
-11.100573688745499	-2.9383864402770996
-4.85612154006958	-1.072699785232544
-6.294676423072815	-1.2914729118347168
-8.101478576660156	-7.475138068199158
-6.940986156463623	-4.281779766082764
-10.971981972455978	-8.951821446418762
-6.505890369415283	-7.914242506027222
-6.724671006202698	-8.143492698669434
-4.665977239608765	-11.271247521042824
-7.705395698547363	-5.170919179916382
-9.702430486679077	-6.518980979919434
-9.381601810455322	-7.774764776229858
-6.130698323249817	-3.329256534576416
-6.469764232635498	-4.637928485870361
-8.296700119972229	-1.3973472118377686
-8.803867220878601	-3.5728139877319336
-11.502304404973984	-5.867213487625122
-5.934318780899048	-6.367833495140076
-1.9017055034637451	-9.661750853061676
-8.404100060462952	-6.545449733734131
-9.55202865600586	-1.0778532028198242
-10.627518564462662	-7.698716640472412
-4.136203765869141	-3.3491055965423584
-7.174368739128113	-7.86746871471405
-5.05049729347229	-2.0265390872955322
-11.005320131778717	-8.117985606193542
-8.50602650642395	-7.493490815162659
-9.097249925136566	-2.0742852687835693
-9.185182929039001	-7.125492453575134
-10.306621670722961	-8.578908920288086
-7.7263652086257935	-5.840693235397339
-9.311421275138855	-6.061421155929565
-6.0246477127075195	-9.313349604606628
-5.0128068923950195	-3.6531121730804443
-5.295237064361572	-7.707834720611572
-7.35496187210083	-0.8785343170166016
-6.76089870929718	-4.0911970138549805
-7.846721291542053	-6.6830034255981445
-9.883409321308136	-7.817099332809448
-10.081533014774323	-11.933527294546366
-3.929919719696045	-3.3142125606536865
-10.860109895467758	-2.531782865524292
-5.555481433868408	-11.46220788359642
-7.787404417991638	-0.8415312767028809
-8.706569910049438	-10.141844272613525
-6.251924157142639	-10.773616969585419
-4.834101676940918	-7.051275372505188
-8.671682238578796	-0.6190731525421143
-6.499711990356445	-5.656245946884155
-6.1779173612594604	-2.728233575820923
-8.83495008945465	-5.459929704666138
-9.004370927810669	-2.987067461013794
-9.167343199253082	-6.421641826629639
-10.902277261018753	-7.765524387359619
-8.314773917198181	-3.609473705291748
-5.598913192749023	-2.9768378734588623
-10.804067462682724	-5.031583786010742
-7.051513910293579	-4.571667194366455
-4.291254043579102	-4.639670133590698
-9.085415124893188	-0.9581737518310547
-5.836995363235474	-2.0875303745269775
-4.768447637557983	-7.054386019706726
-6.6651531457901	-0.5411853790283203
-8.609907746315002	-10.463029325008392
-11.678808152675629	-1.94521164894104
-5.89020037651062	-1.742283582687378
-9.246146857738495	-8.583582758903503
-4.38632869720459	-6.327335000038147
-8.791847705841064	-2.679277181625366
-6.895707607269287	-1.8475370407104492
-9.9101722240448	-7.477062106132507
-9.230985403060913	-3.8969621658325195
-11.03852167725563	-6.963723421096802
-7.7287867069244385	-1.7957346439361572
-11.40544979274273	-7.601714730262756
-9.77909767627716	-1.6850202083587646
-6.556328773498535	-1.7124109268188477
-8.844424724578857	-2.508150100708008
-8.650837540626526	-9.173907279968262
-8.06221067905426	-8.572333574295044
-9.340857446193695	-4.450383424758911
-6.98837149143219	-1.6795284748077393
-10.49132376909256	-11.088271021842957
-7.931481599807739	-5.0995423793792725
-11.336049064993858	-0.8066074848175049
-9.602660179138184	-10.15038388967514
-11.850243765860796	-4.688774585723877
-6.3952367305755615	-3.178945541381836
-9.717077136039734	-10.423347473144531
-4.771341562271118	-7.258726000785828
-8.452717065811157	-8.60155963897705
-11.485226556658745	-9.554508447647095
-8.30361020565033	-2.2229318618774414
-6.183503866195679	-8.668112397193909
-7.771250009536743	-6.463056564331055
-11.775918893516064	-9.251741409301758
-7.748546719551086	-3.918153762817383
-7.384516596794128	-6.119026780128479
-4.3216094970703125	-5.181015729904175
-8.2591073513031	-7.207666039466858
-8.044066429138184	-3.2001757621765137
-9.391858220100403	-4.436786413192749
-11.510507047176361	-6.324196100234985
-10.496441960334778	-7.916813492774963
-7.908492565155029	-1.4964401721954346
-9.291953802108765	-3.6498963832855225
-11.24117624759674	-1.9929227828979492
-8.068259239196777	-5.575401306152344
-5.854238033294678	-4.6194305419921875
-8.252782702445984	-6.020747423171997
-4.911279201507568	-1.3403527736663818
-3.07733416557312	-2.242680788040161
-3.827826976776123	-2.548630714416504
-4.4813854694366455	-8.472389101982117
-7.674644708633423	-7.751937031745911
-6.1751614809036255	-9.26322090625763
-7.501147627830505	-2.392972469329834
-7.739558815956116	-8.96307921409607
-10.315820574760437	-2.823612928390503
-6.443401336669922	-3.6062350273132324
-8.830158591270447	-1.5500843524932861
-7.838660717010498	-2.921818256378174
-3.259024143218994	-10.284027993679047
-9.527947068214417	-3.023939609527588
-3.291424512863159	-6.869145154953003
-6.199223756790161	-1.3683056831359863
-9.931168913841248	-7.916503071784973
-11.74051172286272	-5.391850233078003
-10.192750453948975	-3.759967803955078
-6.780395150184631	-8.582410454750061
-9.358950734138489	-9.226016342639923
-9.258525788784027	-11.268475323915482
-5.3858842849731445	-5.1299192905426025
-8.482122659683228	-6.944288492202759
-11.508660703897476	-5.555915594100952
-9.738083839416504	-3.2878425121307373
-5.976485252380371	-3.060670852661133
-11.641715079545975	-6.531482577323914
-7.262651324272156	-1.9249277114868164
-6.968024253845215	-0.9473083019256592
-8.78382396697998	-4.999204874038696
-8.357396364212036	-6.322970151901245
-10.945800840854645	-8.646530628204346
-9.789271116256714	-11.032841473817825
-7.023682594299316	-2.9692583084106445
-7.0385624170303345	-5.351670742034912
-10.79626813530922	-3.8810462951660156
-4.678935527801514	-9.997603833675385
-9.099059164524078	-7.580633640289307
-6.181689977645874	-5.4343671798706055
-7.021674156188965	-10.157317578792572
-7.978311538696289	-10.119631290435791
-9.57197767496109	-8.042322993278503
-3.9528629779815674	-7.556056380271912
-9.38362205028534	-7.757959485054016
-8.500563025474548	-1.4926235675811768
-4.579442739486694	-2.7036516666412354
-8.681304574012756	-10.187181293964386
-8.428900480270386	-6.8658517599105835
-6.315733551979065	-5.338437795639038
-7.552399635314941	-2.077519655227661
-8.908455848693848	-2.2077155113220215
-8.840987205505371	-4.254777431488037
-6.5597984790802	-6.1614110469818115
-11.19296908378601	-5.948098182678223
-6.289075613021851	-4.7099833488464355
-7.940210580825806	-3.6472814083099365
-8.553913593292236	-6.08784806728363
-6.400685548782349	-5.25670051574707
-6.922427773475647	-3.519200563430786
-4.114731073379517	-6.513078331947327
-11.070377826690674	-4.016145944595337
-5.918228387832642	-9.021364688873291
-10.396453142166138	-5.294780731201172
-7.24943482875824	-9.847929954528809
-10.843110233545303	-4.074024438858032
-4.87217903137207	-9.261407554149628
-7.94036078453064	-2.039517402648926
-7.190699815750122	-10.780492722988129
-5.524868488311768	-2.3275773525238037
-8.351860642433167	-5.654949903488159
-6.183229207992554	-5.228170394897461
-7.696390628814697	-6.2779165506362915
-8.851936340332031	-7.655833840370178
-6.425678014755249	-5.7609429359436035
-5.947521686553955	-4.950973033905029
-8.84821879863739	-7.219866871833801
-6.145378232002258	-1.3698241710662842
-7.470456004142761	-10.020902931690216
-5.3926591873168945	-6.223877191543579
-7.265156507492065	-6.860788106918335
-8.169978976249695	-1.5998811721801758
-9.801885902881622	-8.75081491470337
-7.818555235862732	-3.868675947189331
-6.372353196144104	-5.318404912948608
-6.013445734977722	-10.904839217662811
-7.157805919647217	-8.287766575813293
-9.8337482213974	-7.106367230415344
-8.30474603176117	-2.005199432373047
-5.780889987945557	-4.888913869857788
-4.1500489711761475	-7.109621286392212
-9.866212964057922	-1.4099721908569336
-9.991026520729065	-4.504086971282959
-11.35713529586792	-8.75662386417389
-9.238205552101135	-6.372502326965332
-8.189067363739014	-2.654709577560425
-11.429744616150856	-7.648129463195801
-5.864067077636719	-4.692166328430176
-5.025891065597534	-11.619836702942848
-9.634677171707153	-2.2082998752593994
-6.02685821056366	-4.336242914199829
-3.8982274532318115	-5.4028801918029785
-9.49778437614441	-3.2675700187683105
-11.444679915904999	-4.2680840492248535
-11.504944682121277	-1.3367578983306885
-8.865958571434021	-10.523512959480286
-6.4417970180511475	-7.993365526199341
-9.353382647037506	-8.459975481033325
-6.295456767082214	-0.7514841556549072
-11.198856800794601	-8.648381352424622
-10.200191080570221	-8.104766964912415
-7.061268210411072	-5.60382342338562
-9.931827127933502	-3.3673603534698486
-6.501125335693359	-1.8005311489105225
-6.601412773132324	-1.0427520275115967
-8.290226340293884	-5.54407811164856
-8.123557448387146	-3.8882453441619873
-11.080886095762253	-6.417803406715393
-10.68531122803688	-1.1805953979492188
-3.3762574195861816	-7.949461340904236
-6.773420333862305	-4.829519748687744
-8.08737587928772	-9.942413806915283
-7.043508768081665	-11.009425789117813
-9.734144032001495	-8.256422638893127
-11.19908595085144	-10.077756464481354
-3.6683120727539062	-10.057926177978516
-5.844774484634399	-5.626102924346924
-8.814456224441528	-6.843542575836182
-7.632274746894836	-5.503595352172852
-8.485554099082947	-3.5914793014526367
-9.309786915779114	-2.0659782886505127
-9.208119928836823	-9.105637550354004
-11.60631188750267	-5.728072643280029
-10.465070486068726	-10.483172178268433
-8.559927463531494	-1.4177091121673584
-7.469722151756287	-7.121218800544739
-6.727176547050476	-6.985919952392578
-6.808684587478638	-6.440324306488037
-10.298337042331696	-6.069151997566223
-8.405665397644043	-7.5277111530303955
-11.517214938998222	-5.0668487548828125
-5.241037845611572	-7.760650992393494
-8.849979400634766	-5.8961262702941895
-11.390091642737389	-6.6911609172821045
-9.87085747718811	-8.547388672828674
-8.063438057899475	-9.999755501747131
-8.342852711677551	-0.8884499073028564
-8.118490219116211	-6.8988951444625854
-8.32894778251648	-7.606523752212524
-6.274139642715454	-9.392385005950928
-9.328284859657288	-8.722822308540344
-11.77737495303154	-11.827367059886456
-10.032548725605011	-9.12049412727356
-6.843658447265625	-8.463669061660767
-10.018505573272705	-8.431042671203613
-4.569242477416992	-6.3076783418655396
-10.00741571187973	-9.265973210334778
-10.82827877998352	-5.133827447891235
-10.920387536287308	-1.9857802391052246
-5.06679368019104	-7.234736680984497
-7.4026118516922	-10.629358023405075
-8.71614146232605	-4.523547649383545
-9.089963972568512	-9.091019332408905
-10.737615019083023	-4.655927896499634
-9.674541413784027	-2.5435166358947754
-11.419536799192429	-3.4093515872955322
-10.455714404582977	-5.715956926345825
-6.86423921585083	-0.8967819213867188
-11.11283254623413	-8.66203236579895
-8.184102416038513	-2.8112246990203857
-6.2613877058029175	-10.211405396461487
-10.548376590013504	-2.437364101409912
-7.247714996337891	-2.871520757675171
-9.057215094566345	-2.2666518688201904
-6.623080730438232	-6.048030495643616
-10.140028417110443	-9.505116999149323
-5.486174583435059	-8.085194706916809
-6.082489371299744	-3.846299886703491
-8.560409188270569	-5.161022186279297
-7.915224194526672	-8.878836393356323
-6.109225630760193	-9.312985718250275
-9.580347418785095	-8.89842939376831
-5.235654830932617	-3.0305192470550537
-11.073813915252686	-3.0521206855773926
-7.665875673294067	-2.5032992362976074
-7.1859962940216064	-8.773465991020203
-9.610938727855682	-2.5693273544311523
-9.592529654502869	-1.6930818557739258
-11.012810289859772	-6.264191508293152
-6.712524175643921	-8.234787940979004
-7.319393277168274	-6.411393642425537
-3.1930367946624756	-8.70755159854889
-6.4842270612716675	-8.443471312522888
-4.151274919509888	-7.072525978088379
-7.539199590682983	-7.080935955047607
-8.339410185813904	-7.171751976013184
-7.239686608314514	-5.508286714553833
-11.938241025432944	-5.228163957595825
-7.481581807136536	-5.569888114929199
-6.910632133483887	-11.068457186222076
-7.494924902915955	-1.1278867721557617
-10.568693608045578	-8.097167372703552
-11.292023822665215	-5.842407703399658
-6.187574744224548	-10.80123183131218
-9.094285726547241	-11.477567732334137
-5.768066167831421	-1.2040650844573975
-8.920541882514954	-8.573956847190857
-6.672881484031677	-7.499943852424622
-7.543957471847534	-1.2470026016235352
-2.7692456245422363	-1.8774833679199219
-8.857468128204346	-0.763873815536499
-9.479829847812653	-3.479071855545044
-11.822065975517035	-7.863202214241028
-8.894479036331177	-7.661477208137512
-11.865316662937403	-4.45336389541626
-9.379990875720978	-3.209089994430542
-9.273972988128662	-4.3689515590667725
-7.961414694786072	-6.750241041183472
-4.048511981964111	-5.572181224822998
-9.7685267329216	-9.09222275018692
-10.784657657146454	-2.7548797130584717
-7.691633105278015	-6.699801921844482
-9.243178367614746	-2.4126877784729004
-6.481550216674805	-7.422029972076416
-11.165209382772446	-5.409117221832275
-11.86850105971098	-9.379083395004272
-5.169164657592773	-6.086487293243408
-8.727242946624756	-6.7034547328948975
-8.852960228919983	-7.220398306846619
-10.505430042743683	-2.5517027378082275
-11.806631840765476	-8.713432431221008
-10.090611755847931	-3.309124231338501
-6.577183842658997	-10.48837298154831
-7.851546764373779	-5.187689781188965
-7.742241382598877	-5.484840631484985
-10.718391984701157	-7.46302592754364
-11.163247436285019	-4.506393671035767
-8.00438368320465	-4.173711061477661
-10.943929553031921	-4.452125072479248
-7.717220306396484	-3.259488344192505
-6.530432224273682	-5.423964500427246
-8.627497673034668	-8.900284767150879
-9.432068824768066	-10.714339971542358
-9.791270434856415	-6.537928462028503
-6.067406415939331	-4.523835182189941
-5.745805978775024	-8.601351857185364
-9.914523482322693	-6.577819347381592
-8.407186031341553	-7.358193039894104
-10.964695572853088	-10.909051179885864
-11.97747363243252	-4.2747437953948975
-11.436371326446533	-8.051811218261719
-8.750928282737732	-6.272964835166931
-11.008973300457	-9.211302638053894
-11.471249744296074	-9.463212490081787
-5.11872410774231	-7.739269852638245
-10.532283514738083	-0.778780460357666
-9.952558279037476	-10.505732864141464
-7.66317093372345	-7.430352330207825
-11.214784651994705	-3.3939599990844727
-10.146926701068878	-7.91162109375
-5.803500652313232	-10.041560053825378
-10.934522956609726	-9.575781047344208
-8.291231632232666	-8.106141328811646
-10.626443713903427	-7.114944934844971
-8.152822494506836	-7.33271849155426
-9.421265244483948	-4.272223949432373
-8.982711553573608	-5.8732616901397705
-8.413609027862549	-8.111526131629944
-6.7244263887405396	-10.044391214847565
-9.940517485141754	-3.029371976852417
-5.5262932777404785	-7.875857591629028
-4.855590105056763	-3.5792548656463623
-4.543675661087036	-2.0932188034057617
-10.340324699878693	-7.459664225578308
-9.428949773311615	-6.966981768608093
-8.25765609741211	-1.8005826473236084
-11.464682891964912	-5.862168073654175
-8.837930917739868	-8.795007705688477
-10.494857490062714	-3.8078763484954834
-10.508275777101517	-7.736445307731628
-11.56177519261837	-1.9769775867462158
-8.617453336715698	-1.487950086593628
-8.616397619247437	-1.4833173751831055
-11.181243628263474	-1.4953808784484863
-5.1290552616119385	-8.940562963485718
-10.53267502784729	-10.97767549753189
-4.547143936157227	-4.857426166534424
-10.200038731098175	-8.667389273643494
-2.482930898666382	-4.879574775695801
-5.133121490478516	-4.03335428237915
-11.591430678963661	-7.882934331893921
-5.174043416976929	-10.586348444223404
-5.756485462188721	-7.788268089294434
-9.197198510169983	-8.075055241584778
-5.026662111282349	-2.984961748123169
-9.009203016757965	-4.734652519226074
-5.151183843612671	-0.891648530960083
-8.484490513801575	-7.687796473503113
-10.837514698505402	-8.028178453445435
-9.973769545555115	-8.825317025184631
-10.85708150267601	-2.953246593475342
-10.547999024391174	-3.5764710903167725
-7.844752192497253	-6.107089519500732
-7.810394883155823	-9.434555768966675
-9.60848754644394	-6.749791145324707
-9.758357405662537	-1.9912755489349365
-8.268545150756836	-4.644740581512451
-6.629545569419861	-6.316593647003174
-7.9932403564453125	-8.243976831436157
-10.3477281332016	-0.8728344440460205
-3.001110076904297	-8.454080700874329
-5.091439962387085	-5.808881521224976
-8.838902592658997	-10.298178434371948
-6.666993498802185	-6.065025329589844
-11.373334184288979	-10.4364293217659
-9.310521841049194	-1.485170602798462
-6.489565014839172	-1.5856003761291504
-9.97261244058609	-7.370683550834656
-5.745733737945557	-6.851508021354675
-9.79346626996994	-5.562985181808472
-11.119160592556	-5.981765985488892
-10.065699934959412	-7.535778164863586
-10.349987804889679	-6.347177982330322
-10.702319473028183	-1.0583438873291016
-4.523346662521362	-4.213090181350708
-10.795849800109863	-4.341038703918457
-8.843746304512024	-8.3174729347229
-7.805913805961609	-1.9926209449768066
-10.734905987977982	-10.949618518352509
-8.955747127532959	-9.157601416110992
-8.818386912345886	-1.570497751235962
-10.011974036693573	-5.314978837966919
-9.084762275218964	-3.5077035427093506
-5.6225481033325195	-1.6366052627563477
-7.948764324188232	-1.9615910053253174
-6.515910387039185	-2.1804628372192383
-9.370814859867096	-8.266570687294006
-5.728766441345215	-9.144543528556824
-4.284165143966675	-3.8707923889160156
-7.0013333559036255	-4.770374536514282
-6.256767153739929	-8.659846544265747
-6.421228766441345	-7.981744766235352
-11.499084144830704	-6.577496767044067
-6.437673568725586	-10.00818818807602
-10.063442587852478	-1.828007698059082
-11.296329125761986	-1.6574835777282715
-7.337300062179565	-5.438904047012329
-9.391299605369568	-1.3735356330871582
-8.636748790740967	-8.456011176109314
-6.762372136116028	-4.656543731689453
-11.950799994170666	-5.88802170753479
-8.371775507926941	-4.631295204162598
-11.964143534190953	-5.02037787437439
-6.302206635475159	-9.760145008563995
-10.395473778247833	-1.0854427814483643
-11.257738128304482	-1.647383451461792
-7.1526453495025635	-6.542418122291565
-7.628032207489014	-5.002133846282959
-6.077458620071411	-11.668544568121433
-9.569036543369293	-2.7560391426086426
-9.787553608417511	-6.160776972770691
-7.2975465059280396	-10.63394182920456
-8.77206265926361	-2.6785640716552734
-9.434742093086243	-4.555257797241211
-5.005371809005737	-5.382328033447266
-7.179509282112122	-7.395832657814026
-10.30231100320816	-2.0009207725524902
-5.931886911392212	-6.077322363853455
-8.288237929344177	-7.7559767961502075
-10.963359296321869	-8.22235643863678
-11.027010440826416	-9.0261812210083
-8.334754586219788	-6.835595726966858
-4.827999830245972	-6.9825239181518555
-10.78171420097351	-5.700340032577515
-11.340029373764992	-2.196218490600586
-8.930028319358826	-7.4479522705078125
-8.154741525650024	-0.834803581237793
-9.33853268623352	-6.815412282943726
-9.1334268450737	-7.187006235122681
-6.093209981918335	-9.58100312948227
-11.043060421943665	-1.178908109664917
-6.952105522155762	-5.158730506896973
-10.124959409236908	-4.915539979934692
-5.483449459075928	-2.174527645111084
-10.655872195959091	-8.772241115570068
-6.75643515586853	-8.58518385887146
-9.8063605427742	-4.554915904998779
-4.223844766616821	-7.032458424568176
-5.679833650588989	-6.5952959060668945
-10.611246943473816	-2.7606818675994873
-11.571640893816948	-1.7249114513397217
-10.168835520744324	-4.684476613998413
-4.926624298095703	-6.057977914810181
-9.49131292104721	-1.8063383102416992
-6.346721649169922	-3.005862236022949
-11.121657460927963	-4.923924207687378
-6.884333252906799	-5.47273850440979
-3.012737274169922	-1.9841337203979492
-9.027970790863037	-2.2644145488739014
-8.36401641368866	-2.9062156677246094
-11.96541691571474	-4.423928260803223
-7.611669301986694	-3.6527602672576904
-5.36632776260376	-1.1951873302459717
-7.429273366928101	-7.585358262062073
-9.153400540351868	-9.714812636375427
-8.826716780662537	-2.6911697387695312
-10.07497626543045	-10.34334808588028
-7.986254453659058	-1.867551326751709
-8.635479211807251	-5.151155233383179
-6.157040119171143	-8.788718819618225
-3.986285448074341	-5.452448844909668
-7.314408659934998	-8.640101909637451
-3.3030152320861816	-4.030923843383789
-11.399625152349472	-6.720533609390259
-8.772236108779907	-3.5642945766448975
-10.462261855602264	-6.1275869607925415
-6.241135239601135	-1.741765022277832
-11.273206293582916	-6.364611983299255
-8.54958164691925	-1.4639489650726318
-4.826740264892578	-7.818926095962524
-8.615942001342773	-9.785342037677765
-6.250539779663086	-7.203339099884033
-10.700370043516159	-1.4139068126678467
-4.114613771438599	-9.704149961471558
-7.849624514579773	-7.214781761169434
-7.587397813796997	-5.797842979431152
-4.236973285675049	-9.267962515354156
-8.85304069519043	-3.651216745376587
-4.937913179397583	-8.04275107383728
-10.409287869930267	-5.044040679931641
-7.084984660148621	-6.935862421989441
-10.932414650917053	-4.549028635025024
-8.724719882011414	-9.013140678405762
-7.491710901260376	-4.150011777877808
-7.9028109312057495	-7.386571168899536
-11.930893041193485	-2.692854166030884
-6.9751245975494385	-7.547425746917725
-3.3188931941986084	-11.398163706064224
-10.753065526485443	-2.1170754432678223
-6.5456929206848145	-9.342459619045258
-11.265866786241531	-5.7140607833862305
-8.306591391563416	-6.964182615280151
-9.422440588474274	-1.1485319137573242
-11.981861856300384	-8.26397180557251
-10.836889564990997	-1.6021764278411865
-11.88159279897809	-8.367095589637756
-7.170083284378052	-4.9592320919036865
-3.6858015060424805	-2.975057601928711
-6.240877389907837	-8.326411485671997
-4.723855018615723	-8.926233172416687
-6.856117129325867	-4.196331739425659
-4.989867210388184	-6.060052871704102
-5.951592206954956	-1.4803805351257324
-6.1680110692977905	-5.744351148605347
-11.681481443345547	-2.547635793685913
-11.054348766803741	-3.821432590484619
-9.05624932050705	-9.077146589756012
-7.5193212032318115	-3.8513495922088623
-7.66945481300354	-6.139099717140198
-10.547739565372467	-9.80691111087799
-5.850595951080322	-10.166818499565125
-9.822734713554382	-4.529104471206665
-11.322195813059807	-4.243869781494141
-10.598976820707321	-5.34959864616394
-9.016296565532684	-11.585634961724281
-10.831998825073242	-9.77018004655838
-6.41312313079834	-2.6102607250213623
-9.597442746162415	-1.8928728103637695
-11.825103387236595	-2.119798421859741
-4.863600969314575	-9.058037996292114
-7.456423044204712	-5.680224895477295
-5.0353639125823975	-1.6872453689575195
-3.956630229949951	-0.8563277721405029
-11.474031284451485	-4.082161903381348
-9.429535925388336	-2.33186674118042
-9.287721812725067	-9.122755765914917
-11.773467600345612	-8.601212739944458
-11.047340959310532	-3.8801729679107666
-10.020991802215576	-4.045125961303711
-5.952921152114868	-8.217808842658997
-11.19207563996315	-7.776024341583252
-5.097991704940796	-2.3536040782928467
-9.949263453483582	-8.780422925949097
-9.560751557350159	-8.167603254318237
-4.4531800746917725	-10.850323051214218
-10.042835891246796	-8.133278489112854
-10.931273818016052	-6.366011381149292
-8.876068353652954	-7.577312707901001
-6.2662657499313354	-2.5222878456115723
-6.122863054275513	-1.278085470199585
-8.512693762779236	-10.794383347034454
-8.726117849349976	-2.7627103328704834
-9.755018949508667	-8.383992075920105
-7.519701361656189	-3.180464744567871
-6.103885889053345	-1.0219531059265137
-5.102035760879517	-8.545981407165527
-4.68934178352356	-6.452508330345154
-11.70880725234747	-5.376101732254028
-5.837533235549927	-10.10175633430481
-8.065892815589905	-4.959287881851196
-7.976434350013733	-9.335550427436829
-7.845631241798401	-4.304591417312622
-7.8741774559021	-0.7218968868255615
-7.511696219444275	-1.853952169418335
-9.963452339172363	-3.04221510887146
-9.264745116233826	-6.040515303611755
-9.322255432605743	-7.473930716514587
-6.270301580429077	-7.799172520637512
-3.3627662658691406	-10.14454311132431
-6.136789083480835	-6.044876575469971
-10.040513634681702	-5.675229549407959
-8.560482501983643	-2.964158535003662
-7.48721981048584	-6.26289975643158
-7.612117409706116	-3.6621737480163574
-11.583777353167534	-8.418173789978027
-9.126124799251556	-3.1787266731262207
-10.783522814512253	-4.071896553039551
-7.896963000297546	-9.347591042518616
-11.413037180900574	-9.50654411315918
-9.150254130363464	-9.202011287212372
-9.442475438117981	-9.296474039554596
-10.410061597824097	-3.641812562942505
-7.0227391719818115	-6.3605146408081055
-10.198185861110687	-4.621049880981445
-6.4646183252334595	-10.511150926351547
-9.890177607536316	-8.846081256866455
-7.261340975761414	-6.535411477088928
-5.526557922363281	-8.459023118019104
-11.02050957083702	-2.8487377166748047
-8.158490896224976	-2.9236457347869873
-10.160124599933624	-8.191764235496521
-7.537311315536499	-11.331146344542503
-5.218430757522583	-8.585086941719055
-7.751365542411804	-9.283434391021729
-5.473928689956665	-8.266457319259644
-7.327567219734192	-7.4808855056762695
-6.02905011177063	-1.050062656402588
-11.392614215612411	-8.775587797164917
-10.63066890835762	-3.9417622089385986
-9.556548178195953	-6.374723196029663
-9.890813827514648	-8.76786983013153
-11.6942650526762	-0.7935411930084229
-8.352227568626404	-0.76033616065979
-6.055779218673706	-1.4506452083587646
-9.642883121967316	-7.661532640457153
-4.532757997512817	-4.7286765575408936
-10.872540593147278	-6.66426944732666
-10.53349569439888	-4.0438807010650635
-5.813713788986206	-2.2257821559906006
-10.526472061872482	-4.559324741363525
-10.766039729118347	-2.9597976207733154
-8.892138361930847	-5.848714113235474
-10.356234848499298	-10.270920395851135
-4.301475763320923	-2.146087646484375
-4.7741453647613525	-8.957665801048279
-10.332391440868378	-9.40226823091507
-11.697329722344875	-2.618328809738159
-7.498197555541992	-8.0676029920578
-2.2695014476776123	-6.927196741104126
-5.222914695739746	-2.6281092166900635
-9.321092069149017	-3.4553332328796387
-9.072330951690674	-6.012582063674927
-9.389984786510468	-2.769357204437256
-4.107592821121216	-7.2751994132995605
-11.441274717450142	-10.651341587305069
-7.9062981605529785	-1.532639980316162
-8.797451734542847	-1.710853099822998
-8.47027337551117	-9.074672520160675
-7.753225564956665	-4.284747362136841
-7.806122303009033	-9.60929560661316
-9.43205738067627	-7.902338147163391
-10.041954696178436	-4.4822587966918945
-11.945929309353232	-10.319561183452606
-4.830291509628296	-5.033462762832642
-6.09102988243103	-9.432554841041565
-9.065530478954315	-2.3669357299804688
-3.2883667945861816	-3.9737462997436523
-7.861836075782776	-1.142827033996582
-8.553479075431824	-1.330111026763916
-10.993087023496628	-8.672281622886658
-10.762608915567398	-3.253685474395752
-7.886194467544556	-9.222618877887726
-5.1273229122161865	-2.2610435485839844
-9.716898322105408	-8.683668851852417
-8.593622088432312	-2.2821757793426514
-4.9984517097473145	-1.148862361907959
-6.059191703796387	-9.637825548648834
-9.265630424022675	-2.66233491897583
-10.568428337574005	-7.00083589553833
-6.8688883781433105	-7.84310245513916
-11.482658207416534	-1.517467975616455
-3.5093815326690674	-2.9037129878997803
-5.9230828285217285	-1.5914561748504639
-8.281256675720215	-3.851905345916748
-9.15822547674179	-7.218629837036133
-10.904703855514526	-8.791893124580383
-10.287545442581177	-7.14192795753479
-5.454339265823364	-1.1555521488189697
-6.783483982086182	-6.6826865673065186
-4.680274486541748	-5.145296573638916
-11.394225642085075	-1.6879241466522217
-8.093866109848022	-1.149895191192627
-5.018274307250977	-3.0645854473114014
-5.237640380859375	-1.4374845027923584
-8.442732095718384	-10.22670704126358
-5.454414367675781	-7.0642701387405396
-4.804645299911499	-2.010244846343994
-5.4418065547943115	-4.028383255004883
-9.675525605678558	-3.12882399559021
-8.456562995910645	-1.5582611560821533
-8.72603988647461	-4.951166868209839
-10.86036166548729	-9.465746462345123
-9.992690742015839	-3.7685744762420654
-7.636774063110352	-1.4890179634094238
-11.460279151797295	-8.887052536010742
-6.098796129226685	-7.837908625602722
-4.8630781173706055	-0.988502025604248
-9.718784093856812	-8.15053403377533
-8.010066747665405	-11.931253323331475
-7.5761940479278564	-5.596449851989746
-9.629246592521667	-4.2110395431518555
-11.394404098391533	-2.411865234375
-9.139161765575409	-6.811844229698181
-8.702514052391052	-1.310978651046753
-11.840417202562094	-7.071326494216919
-10.236793220043182	-4.030842304229736
-8.51149606704712	-8.556065082550049
-8.005715489387512	-5.633038759231567
-9.305237352848053	-10.559803694486618
-11.421655654907227	-11.846321605145931
-7.447964787483215	-7.76595675945282
-10.052137970924377	-6.183909058570862
-7.426289319992065	-8.386502981185913
-11.858281943947077	-6.8370466232299805
-11.298782542347908	-7.536339640617371
-4.655184745788574	-1.482574224472046
-5.567846775054932	-8.56246554851532
-7.482874274253845	-7.342434525489807
-4.695251226425171	-7.2344934940338135
-10.778502076864243	-0.7818260192871094
-5.503073215484619	-0.8169500827789307
-7.342601537704468	-10.451052904129028
-9.240316987037659	-3.3158347606658936
-7.872255206108093	-6.753421783447266
-11.0875943005085	-10.738076359033585
-8.631517052650452	-6.341227054595947
-7.66792631149292	-9.216262221336365
-3.4234092235565186	-4.546742677688599
-7.825668096542358	-8.651852488517761
-8.114485502243042	-10.00814563035965
-8.384398698806763	-2.2922000885009766
-10.702493727207184	-4.400221109390259
-6.051170468330383	-5.816261529922485
-6.427608489990234	-4.853700399398804
-6.810022830963135	-6.617884039878845
-8.099343538284302	-11.16787764430046
-8.338221430778503	-3.4613606929779053
-6.556849479675293	-8.56132686138153
-11.060876548290253	-0.9190464019775391
-8.8723783493042	-1.5979135036468506
-11.822208546102047	-4.828842401504517
-9.345013618469238	-4.2067272663116455
-5.317585229873657	-2.25577712059021
-5.362814426422119	-9.877912938594818
-10.456706285476685	-7.3282352685928345
-9.274598836898804	-4.089836597442627
-5.1058573722839355	-1.8360021114349365
-7.478700399398804	-7.673150897026062
-10.500348508358002	-7.123313784599304
-11.374283283948898	-5.988896369934082
-6.182430624961853	-1.8385670185089111
-9.568150520324707	-9.06302011013031
-7.3473286628723145	-1.5403211116790771
-10.666072368621826	-8.235256433486938
-7.696455717086792	-6.848860144615173
-4.045576572418213	-5.863468408584595
-7.7378000020980835	-11.128957003355026
-10.241111397743225	-10.583966732025146
-6.063540458679199	-5.247183322906494
-8.464046716690063	-10.115702748298645
-5.17641806602478	-10.032999157905579
-9.047321856021881	-6.372785210609436
-11.6370068192482	-7.534309029579163
-7.931098222732544	-5.551138401031494
-3.5224063396453857	-4.643736362457275
-8.130670309066772	-1.9920451641082764
-9.26494413614273	-4.303818941116333
-5.000553131103516	-11.642693884670734
-10.755980461835861	-6.17864727973938
-7.010477185249329	-3.807121753692627
-7.951140761375427	-2.0510315895080566
-7.132378578186035	-1.0596728324890137
-5.9812846183776855	-1.325551986694336
-3.5509064197540283	-8.47120213508606
-6.0689767599105835	-3.457451105117798
-7.651290535926819	-4.6748206615448
-9.764666855335236	-10.413942217826843
-7.665612101554871	-3.398977518081665
-8.523412585258484	-8.932292461395264
-10.46694928407669	-0.9346210956573486
-6.149666905403137	-5.065744400024414
-5.045095682144165	-3.3959920406341553
-10.937294036149979	-6.532554745674133
-8.347829461097717	-10.292098224163055
-6.361730217933655	-3.499751329421997
-3.4142889976501465	-1.869009017944336
-11.539220318198204	-5.434239149093628
-10.107377171516418	-4.446310758590698
-8.28026568889618	-5.887466669082642
-11.68810010701418	-2.1453001499176025
-9.7164226770401	-6.248792409896851
-7.910487413406372	-8.320623636245728
-6.250456094741821	-3.1375322341918945
-6.590254068374634	-9.799931645393372
-9.02386075258255	-1.8662395477294922
-8.665124416351318	-6.438412427902222
-4.0248963832855225	-6.025031805038452
-11.47018276154995	-3.5770368576049805
-9.20657354593277	-5.248651027679443
-9.328065812587738	-0.9939315319061279
-8.75224220752716	-0.9793961048126221
-9.950285375118256	-6.5263566970825195
-8.043650507926941	-6.56588351726532
-7.347328305244446	-2.839451551437378
-11.858219962567091	-10.601002156734467
-6.5298696756362915	-7.7118988037109375
-11.38826671242714	-5.017989635467529
-6.291067957878113	-1.227755069732666
-5.864614963531494	-6.71108615398407
-4.239224910736084	-11.4085393846035
-10.291598081588745	-9.375742256641388
-8.13632082939148	-4.921008825302124
-11.07163542509079	-0.9432764053344727
-9.322737514972687	-2.902895450592041
-4.2248876094818115	-5.685554265975952
-6.226405620574951	-8.242345690727234
-9.806815266609192	-1.9922454357147217
-4.486579656600952	-6.614147186279297
-7.9828938245773315	-5.957905054092407
-7.515189170837402	-8.144588828086853
-6.2202476263046265	-11.134322315454483
-10.511303275823593	-7.2554837465286255
-4.374064922332764	-2.0903520584106445
-5.981969833374023	-1.37675142288208
-9.20823222398758	-3.418079137802124
-9.138416826725006	-6.95197319984436
-8.427452087402344	-2.1000773906707764
-7.939246416091919	-8.881523251533508
-11.364421963691711	-2.386401414871216
-11.444363996386528	-0.9580965042114258
-4.543207168579102	-10.402426600456238
-6.176478981971741	-3.162393808364868
-6.260009050369263	-2.5525760650634766
-7.162754058837891	-6.931490063667297
-5.482116937637329	-3.071207284927368
-11.727908782660961	-4.599117994308472
-3.3320045471191406	-3.66778564453125
-10.804660856723785	-2.6570842266082764
-6.336333632469177	-2.5512185096740723
-7.029742956161499	-4.620334625244141
-10.894231617450714	-5.578481197357178
-8.647820591926575	-10.826405078172684
-6.140999794006348	-8.758397340774536
-7.122471928596497	-6.759057998657227
-7.032334685325623	-4.772678375244141
-8.692473649978638	-8.9630845785141
-7.127756237983704	-3.4656472206115723
-11.446487411856651	-7.1067177057266235
-8.097160935401917	-5.807306528091431
-8.512938380241394	-3.2477009296417236
-2.9832379817962646	-6.805508494377136
-8.813282489776611	-1.6945810317993164
-11.325959131121635	-8.77925992012024
-11.565649420022964	-4.952068090438843
-8.121652007102966	-7.018962979316711
-6.55698037147522	-6.84392237663269
-10.098434150218964	-4.479848384857178
-4.213224649429321	-7.264418005943298
-6.625869512557983	-6.321555018424988
-6.699604153633118	-7.99968409538269
-7.582870960235596	-8.529400706291199
-9.978284418582916	-1.8544349670410156
-8.287963271141052	-10.956676036119461
-10.93487799167633	-1.226072072982788
-11.764199674129486	-3.9888546466827393
-10.716237902641296	-6.071821331977844
-10.713964372873306	-9.572912335395813
-8.322127103805542	-0.6839075088500977
-6.197887301445007	-6.560176849365234
-6.537381291389465	-5.694698810577393
-6.979764103889465	-9.456308484077454
-8.897420883178711	-2.9649388790130615
-10.23744785785675	-4.081297874450684
-10.144886791706085	-2.827549695968628
-9.192752838134766	-4.507827043533325
-7.552204012870789	-6.641077280044556
-9.18077927827835	-6.453445672988892
-4.678786754608154	-2.657252311706543
-4.057034254074097	-1.0307013988494873
-4.5315492153167725	-9.628836572170258
-8.855976819992065	-1.2719571590423584
-10.701802253723145	-6.607309699058533
-5.990129470825195	-1.2685325145721436
-4.819109201431274	-1.000577688217163
-6.601885557174683	-3.7776553630828857
-8.454609990119934	-1.9274604320526123
-9.427141070365906	-2.352492570877075
-5.008508920669556	-7.295429348945618
-10.657763063907623	-7.987011909484863
-7.474777936935425	-7.962441444396973
-8.83526873588562	-9.478532016277313
-8.613659977912903	-3.884824275970459
-11.225692391395569	-1.5165038108825684
-11.094856470823288	-7.362948060035706
-4.310609579086304	-4.748750925064087
-11.179944097995758	-6.401657938957214
-10.222195744514465	-0.7681324481964111
-10.445439755916595	-3.2977073192596436
-3.430318593978882	-3.040008544921875
-11.551945343613625	-0.733144998550415
-9.284221887588501	-5.909104585647583
-10.517339587211609	-3.3335373401641846
-10.292247533798218	-8.76815128326416
-11.23520877957344	-11.549172654747963
-4.473459005355835	-4.391176700592041
-10.724767863750458	-7.799874901771545
-7.297469258308411	-9.088533282279968
-5.422845840454102	-7.028815984725952
-9.29992014169693	-6.334228277206421
-9.645451068878174	-8.265360832214355
-9.981517732143402	-5.045195817947388
-11.143123000860214	-3.9603288173675537
-9.695023834705353	-5.861620187759399
-5.116155624389648	-5.040548086166382
-10.86184886097908	-6.717854976654053
-4.595557451248169	-11.464750617742538
-7.6040403842926025	-1.9364962577819824
-7.6604719161987305	-9.406631290912628
-5.544539451599121	-8.179691433906555
-10.984327107667923	-1.6013753414154053
-6.782258749008179	-4.196331739425659
-8.79953384399414	-2.351891040802002
-8.36853289604187	-7.401652693748474
-8.403305411338806	-11.688193783164024
-7.940979838371277	-4.894087314605713
-7.875574350357056	-1.5493254661560059
-7.488865613937378	-8.943564176559448
-9.97017753124237	-3.2455902099609375
-11.938130669295788	-10.51483216881752
-4.672555446624756	-5.742171764373779
-4.3329713344573975	-7.856097936630249
-10.488142132759094	-9.453296720981598
-8.861356616020203	-2.525301933288574
-9.298052966594696	-9.697089493274689
-8.812217473983765	-1.064789056777954
-8.087332248687744	-8.253658175468445
-4.3763344287872314	-5.951505661010742
-4.237343072891235	-1.1404016017913818
-8.575835108757019	-2.029125452041626
-4.546706914901733	-5.432364463806152
-10.04488492012024	-3.607998847961426
-3.248469829559326	-7.807594656944275
-10.12115478515625	-5.4959800243377686
-8.7667897939682	-9.311729907989502
-8.825993657112122	-6.597301483154297
-6.636436343193054	-7.009788393974304
-6.760164141654968	-1.027703046798706
-3.543781042098999	-4.80545711517334
-5.288336277008057	-8.373404502868652
-7.383564591407776	-6.192967057228088
-8.578231930732727	-8.504901051521301
-9.738463819026947	-0.8053064346313477
-10.848740547895432	-5.7910895347595215
-10.614392727613449	-2.481050491333008
-8.395660758018494	-0.6527202129364014
-11.036960899829865	-6.513633728027344
-8.390201210975647	-6.430578947067261
-10.173312485218048	-9.181418716907501
-7.674423336982727	-5.354982376098633
-7.278254985809326	-1.8680012226104736
-8.699504613876343	-6.388671040534973
-9.825929939746857	-11.097235590219498
-11.311012789607048	-7.915201306343079
-10.73403775691986	-11.810649678111076
-9.869243323802948	-1.156477689743042
-6.088810443878174	-7.664746999740601
-11.613653719425201	-7.347864031791687
-5.021420001983643	-2.2188892364501953
-9.988502740859985	-11.399808436632156
-6.629864931106567	-6.617681264877319
-8.343641638755798	-7.586606383323669
-5.51505446434021	-2.756739377975464
-7.8823463916778564	-2.5857245922088623
-6.069929122924805	-10.460789144039154
-10.740825355052948	-1.3166563510894775
-9.71269690990448	-2.219480037689209
-4.53239893913269	-8.709689140319824
-9.18194979429245	-5.633132457733154
-9.78056001663208	-11.372792512178421
-9.607838094234467	-8.367176055908203
-8.591073989868164	-2.1808862686157227
-3.602909803390503	-6.139097571372986
-5.89838433265686	-9.17465329170227
-7.996995449066162	-7.4769816398620605
-5.903095006942749	-2.2360596656799316
-8.815651416778564	-10.265308499336243
-11.425361841917038	-1.0634894371032715
-11.721733331680298	-9.933745265007019
-9.505242884159088	-7.429598093032837
-8.753540396690369	-9.457458794116974
-8.8478844165802	-8.327531933784485
-4.880357980728149	-10.874603927135468
-9.038869142532349	-6.973631143569946
-9.322406709194183	-6.398106694221497
-9.392147719860077	-9.601464092731476
-10.678212314844131	-6.0887768268585205
-7.3756163120269775	-5.052778959274292
-7.720427870750427	-2.4948313236236572
-8.782220721244812	-3.494419813156128
-7.52426540851593	-7.0080413818359375
-7.97258198261261	-2.8601560592651367
-7.11727237701416	-4.8694167137146
-5.641743421554565	-6.640673875808716
-5.43143105506897	-2.015612840652466
-5.143554210662842	-9.68737417459488
-5.564789772033691	-3.980696439743042
-9.841270923614502	-2.1451313495635986
-7.574394106864929	-3.634188652038574
-7.829314827919006	-4.830472469329834
-7.281954646110535	-3.2388410568237305
-10.90515473484993	-2.4259321689605713
-8.638188600540161	-4.4133453369140625
-6.9944422245025635	-9.224101424217224
-9.18130248785019	-5.511157751083374
-7.002014636993408	-7.253865838050842
-10.86180031299591	-4.935127258300781
-9.720968663692474	-4.336930990219116
-9.52744996547699	-1.1920137405395508
-11.695135787129402	-8.821124911308289
-8.807472825050354	-3.476024866104126
-6.5389509201049805	-7.7600977420806885
-6.684336304664612	-7.936750173568726
-11.785359062254429	-2.5290963649749756
-5.567839622497559	-3.643828868865967
-9.40421336889267	-7.615635395050049
-6.689595580101013	-4.622326612472534
-7.56477677822113	-3.52782940864563
-6.5803080797195435	-1.329970121383667
-11.127388805150986	-3.3483152389526367
-6.127225756645203	-9.66306084394455
-11.496170684695244	-4.240339279174805
-10.625633507966995	-3.528308629989624
-6.87299644947052	-4.023470163345337
-7.964210629463196	-2.611602544784546
-4.170960903167725	-1.9672937393188477
-8.515183925628662	-9.937527179718018
-7.4732877016067505	-1.597320556640625
-7.8539804220199585	-3.4130630493164062
-9.209075331687927	-7.054271221160889
-3.307971239089966	-7.800517201423645
-6.213528156280518	-6.7906787395477295
-9.847113847732544	-6.119611859321594
-10.990378260612488	-2.083137273788452
-5.685967683792114	-5.708048343658447
-5.7052001953125	-1.043459415435791
-6.153918027877808	-5.3785400390625
-6.581009745597839	-10.158193588256836
-5.7601704597473145	-1.5406243801116943
-9.682538151741028	-6.40183424949646
-4.659072160720825	-7.401147365570068
-9.479761183261871	-1.0626533031463623
-11.95524506829679	-0.7924275398254395
-8.000704765319824	-3.4080169200897217
-10.072303712368011	-5.154175043106079
-11.336207449436188	-11.53047063946724
-7.028047800064087	-7.01120138168335
-5.117840051651001	-4.951118230819702
-10.404188096523285	-9.454152882099152
-9.86032909154892	-7.195445895195007
-11.327439308166504	-3.5244662761688232
-4.389286994934082	-5.69913911819458
-11.001329094171524	-4.955522060394287
-4.684485197067261	-1.523730754852295
-9.708979189395905	-5.6500139236450195
-6.4859315156936646	-1.9893543720245361
-11.399026617407799	-3.159921169281006
-9.447578966617584	-4.8689210414886475
-11.27868090569973	-7.558585166931152
-6.366983413696289	-6.146509766578674
-10.345538020133972	-2.768146276473999
-6.1710580587387085	-6.74221658706665
-5.861663818359375	-3.5299530029296875
-10.694966554641724	-7.215891480445862
-11.478462785482407	-7.534030437469482
-11.164250135421753	-1.1077194213867188
-8.204962134361267	-6.194253444671631
-8.284432411193848	-4.759547710418701
-9.653071403503418	-8.848280310630798
-5.779701232910156	-4.790255069732666
-8.927934408187866	-8.60631537437439
-5.090009450912476	-7.4450923204422
-9.807812511920929	-8.948822379112244
-10.38080209493637	-1.7363941669464111
-7.381739974021912	-5.01603627204895
-8.126410961151123	-3.701871156692505
-11.09217095375061	-1.4940755367279053
-4.665111064910889	-7.116983413696289
-5.787614107131958	-9.853370904922485
-8.371760129928589	-7.0779536962509155
-11.251591935753822	-11.242011845111847
-10.605035483837128	-11.093165785074234
-6.684426784515381	-6.753746867179871
-11.92703421972692	-6.4618799686431885
-7.517060995101929	-3.7633166313171387
-8.536547899246216	-7.045751452445984
-7.153088450431824	-1.1068174839019775
-10.385531187057495	-4.588782548904419
-4.439635992050171	-3.2481322288513184
-4.561841726303101	-2.971203088760376
-2.853438377380371	-10.640044659376144
-8.123321771621704	-2.5002715587615967
-7.309190511703491	-9.606387555599213
-6.838283658027649	-7.859583020210266
-6.823958516120911	-1.2489759922027588
-6.203553915023804	-5.705500602722168
-8.091202855110168	-3.122757911682129
-4.976122140884399	-9.699701249599457
-7.967895269393921	-11.534911125898361
-7.796630501747131	-3.480774164199829
-8.418864727020264	-2.6388473510742188
-4.851302862167358	-9.430770456790924
-11.169339805841446	-4.88352370262146
-8.53950047492981	-5.296959400177002
-8.848859667778015	-10.723413079977036
-7.397772789001465	-3.3030123710632324
-11.840661719441414	-4.18450140953064
-4.6405112743377686	-7.461278557777405
-4.54520845413208	-11.397486314177513
-5.248843431472778	-5.112772464752197
-7.858156442642212	-3.7676546573638916
-2.544420003890991	-9.551765441894531
-5.29850435256958	-5.146427392959595
-11.364740654826164	-7.6230432987213135
-8.861433506011963	-9.060418367385864
-4.212610244750977	-3.3523170948028564
-5.797039031982422	-4.484663486480713
-11.413022205233574	-9.150184392929077
-7.407478094100952	-5.044187307357788
-11.08679124712944	-6.19396448135376
-10.99678122997284	-7.895975589752197
-8.39009177684784	-3.2863261699676514
-6.345110177993774	-7.954093337059021
-11.568990781903267	-9.505322813987732
-6.27451479434967	-8.827044367790222
-8.434155464172363	-10.805789172649384
-4.295503377914429	-1.8559556007385254
-8.48811399936676	-3.683288812637329
-4.529047250747681	-5.496910572052002
-8.469924688339233	-1.4167699813842773
-7.0512449741363525	-5.465050220489502
-5.330421209335327	-9.97668206691742
-9.042538583278656	-7.5356340408325195
-8.985332250595093	-8.492990612983704
-9.997587740421295	-1.131734848022461
-7.293084740638733	-1.1952588558197021
-9.362456023693085	-8.39230728149414
-1.7871050834655762	-5.979075193405151
-8.276067852973938	-5.43372917175293
-10.0360347032547	-5.723602294921875
-7.812429070472717	-8.763031125068665
-11.0463747382164	-6.876642107963562
-5.409688711166382	-2.344252824783325
-6.215384244918823	-8.530676364898682
-3.9075980186462402	-5.546188116073608
-11.955782250501215	-4.559705972671509
-5.464923620223999	-5.6785197257995605
-7.291008710861206	-6.147045135498047
-7.357768535614014	-2.8017032146453857
-6.101783752441406	-4.608374834060669
-9.585852026939392	-5.856166362762451
-3.305250406265259	-7.221406102180481
-9.175701141357422	-3.9001858234405518
-8.928870677947998	-3.305727481842041
-9.091987609863281	-4.6279706954956055
-3.347794532775879	-3.358412504196167
-9.370434165000916	-4.317822217941284
-5.414332151412964	-6.926094889640808
-9.086348712444305	-4.521757364273071
-5.657641410827637	-10.852269262075424
-6.4139649868011475	-10.983476489782333
-9.448293149471283	-7.003458023071289
-6.37611186504364	-10.543477714061737
-11.70051746070385	-8.372536182403564
-6.552772164344788	-1.283959150314331
-6.545885682106018	-3.7323782444000244
-9.341182351112366	-5.5392937660217285
-7.225635766983032	-1.9810559749603271
-6.223074316978455	-0.6685874462127686
-5.824213743209839	-1.479827642440796
-4.561542749404907	-3.9537127017974854
-5.505923509597778	-4.323435544967651
-8.65041196346283	-6.946153521537781
-11.079552948474884	-6.125544905662537
-9.698883175849915	-7.284575343132019
-4.005725383758545	-2.0007054805755615
-10.533077538013458	-2.9311459064483643
-8.53402841091156	-9.730622112751007
-5.756605625152588	-5.196223497390747
-8.926945924758911	-4.160841464996338
-6.699254751205444	-1.7699739933013916
-7.993640184402466	-5.273094177246094
-6.811165452003479	-2.0661914348602295
-7.39037561416626	-6.933223128318787
-10.651094019412994	-6.282739162445068
-9.197026669979095	-1.546966552734375
-6.306657314300537	-2.0706489086151123
-7.8346874713897705	-1.796590805053711
-7.1828495264053345	-7.86982262134552
-9.549386501312256	-7.754393577575684
-3.6335206031799316	-1.1975891590118408
-6.260024070739746	-9.202039003372192
-5.828762769699097	-5.990392684936523
-4.831749200820923	-7.53413200378418
-9.90734589099884	-9.962544322013855
-9.582835793495178	-6.223588228225708
-9.212886035442352	-9.092071294784546
-11.424744755029678	-10.901099413633347
-7.295577764511108	-6.948126912117004
-5.83650541305542	-2.7809250354766846
-7.648179531097412	-8.98882806301117
-8.841174960136414	-8.40247106552124
-8.902142643928528	-4.854048013687134
-5.640550374984741	-1.3947679996490479
-7.370113134384155	-2.3677468299865723
-7.219998121261597	-4.488522291183472
-11.778600566089153	-8.96081793308258
-5.403058290481567	-1.5083706378936768
-11.346424788236618	-7.3435903787612915
-9.97770756483078	-6.102297306060791
-9.575717031955719	-6.533287525177002
-9.43788868188858	-2.601316452026367
-5.809336423873901	-4.398676156997681
-8.167919397354126	-2.634075164794922
-8.338537216186523	-7.025816559791565
-11.11624726653099	-2.399829626083374
-4.137561321258545	-8.896341919898987
-9.250660121440887	-10.824886947870255
-7.878574848175049	-4.945099353790283
-10.426231026649475	-11.795394614338875
-11.938058964908123	-5.868509531021118
-7.455532908439636	-5.983702182769775
-11.62099765241146	-5.014356851577759
-9.591930270195007	-1.8908865451812744
-10.916127383708954	-3.3306756019592285
-6.703022003173828	-3.173246383666992
-6.5685871839523315	-1.9968938827514648
-11.123037457466125	-3.2510268688201904
-7.619724154472351	-9.25692343711853
-9.170559704303741	-8.19866144657135
-9.736750602722168	-3.1260323524475098
-3.966918468475342	-8.586642265319824
-7.225073218345642	-4.0821003913879395
-9.226905047893524	-8.365050315856934
-9.853159725666046	-6.7176783084869385
-7.757109761238098	-5.429614305496216
-10.137754082679749	-2.049340009689331
-8.149687886238098	-6.182164192199707
-6.858845472335815	-0.8576653003692627
-9.817579865455627	-5.603840589523315
-9.382528603076935	-11.80951065570116
-4.1874024868011475	-3.5361485481262207
-9.916529059410095	-4.151084661483765
-11.535005047917366	-2.554004430770874
-8.669542908668518	-5.141269683837891
-8.73159670829773	-8.23138153553009
-5.913306713104248	-8.651557445526123
-9.7235187292099	-7.2515716552734375
-5.608916759490967	-6.394076943397522
-6.80914306640625	-10.456578969955444
-3.6419641971588135	-4.177738666534424
-10.708037674427032	-4.185390472412109
-9.400944113731384	-9.03924822807312
-11.176843732595444	-6.7122756242752075
-9.198708415031433	-2.3410584926605225
-10.488214552402496	-10.433120012283325
-11.661493599414825	-9.90164440870285
-8.93849265575409	-10.753540277481079
-9.852839648723602	-1.4852864742279053
-10.099316775798798	-9.190327405929565
-8.719167351722717	-4.08866286277771
-9.745097994804382	-2.9825148582458496
-11.376196190714836	-11.71534625440836
-10.372136771678925	-7.9316182136535645
-5.577293157577515	-0.8200592994689941
-11.609857589006424	-8.71610176563263
-11.096573263406754	-6.850166201591492
-7.076172351837158	-6.817770481109619
-10.214837908744812	-4.606809854507446
-6.5419381856918335	-7.356753587722778
-5.849254131317139	-8.962973356246948
-8.090265154838562	-8.16183865070343
-9.6438108086586	-2.8503341674804688
-7.669838905334473	-4.949646949768066
-8.566822171211243	-0.6877484321594238
-10.706223338842392	-1.6139345169067383
-8.034741282463074	-1.6206693649291992
-3.7385709285736084	-11.729022413492203
-7.852677583694458	-6.059460997581482
-6.891007661819458	-4.517314195632935
-4.694674015045166	-1.8596470355987549
-7.638003945350647	-5.643344879150391
-10.518735498189926	-2.1951699256896973
-8.8186115026474	-4.105377674102783
-9.465832650661469	-9.105594992637634
-10.8482965528965	-4.256162166595459
-9.280411005020142	-4.187372446060181
-8.786691069602966	-9.113692581653595
-6.733536958694458	-9.254296123981476
-11.415369898080826	-2.83105731010437
-9.220800161361694	-9.658142566680908
-9.915335297584534	-7.895674467086792
-7.247098803520203	-10.549758732318878
-10.237117230892181	-2.9389657974243164
-6.894107937812805	-7.237077355384827
-8.096501469612122	-1.2607662677764893
-6.459215998649597	-2.723834753036499
-9.631498038768768	-5.001450061798096
-4.006271123886108	-3.6788899898529053
-9.088900566101074	-8.138972282409668
-9.04981130361557	-5.819427251815796
-6.18415904045105	-2.8725006580352783
-8.759665846824646	-8.371941447257996
-4.658153772354126	-1.8062803745269775
-4.515049695968628	-6.133846879005432
-7.590755581855774	-4.283895492553711
-9.934014022350311	-2.954981803894043
-10.6412792801857	-1.4782812595367432
-10.302829384803772	-3.1501543521881104
-7.370442867279053	-1.8677537441253662
-6.1336222887039185	-7.510514616966248
-3.924161911010742	-4.6469714641571045
-6.657504916191101	-8.17191481590271
-10.463715970516205	-4.178795099258423
-9.909492909908295	-9.309415340423584
-6.841171503067017	-7.664976596832275
-3.52050518989563	-1.7198138236999512
-8.09308934211731	-3.8066024780273438
-10.73764944076538	-10.451247990131378
-9.097148716449738	-7.6995638608932495
-5.329389810562134	-9.739152073860168
-10.361316740512848	-5.074522018432617
-5.915037631988525	-6.936209321022034
-7.667699217796326	-8.251177310943604
-10.624030530452728	-4.092473745346069
-9.656659126281738	-11.837104316800833
-9.039217472076416	-8.873315334320068
-11.03332856297493	-3.8426291942596436
-10.439101696014404	-7.962808728218079
-5.21331524848938	-1.5002710819244385
-8.61697769165039	-7.404926419258118
-8.293826937675476	-3.0113096237182617
-8.421813368797302	-3.0883541107177734
-9.917348384857178	-5.284796476364136
-6.62277352809906	-11.064765751361847
-11.8360515832901	-9.867761313915253
-5.8171656131744385	-1.1924057006835938
-11.397233247756958	-3.4012398719787598
-10.334553480148315	-8.195303678512573
-5.945780038833618	-7.128790855407715
-7.5390465259552	-10.70353040099144
-10.888944894075394	-10.064723253250122
-8.79688847064972	-7.887743711471558
-9.343532145023346	-11.219632387161255
-3.937997817993164	-3.598367929458618
-8.027652740478516	-2.380767345428467
-10.694906115531921	-3.9308788776397705
-6.126270890235901	-5.158954381942749
-9.504305005073547	-3.579545259475708
-8.038796424865723	-2.6084840297698975
-5.510745048522949	-4.393625736236572
-5.085801601409912	-1.2922375202178955
-6.500910758972168	-7.565911173820496
-7.49151885509491	-8.26443636417389
-9.271312594413757	-2.519188642501831
-4.285915374755859	-2.6110103130340576
-9.70420253276825	-10.004383206367493
-9.755585610866547	-9.281801283359528
-4.026640176773071	-4.640427589416504
-5.048300743103027	-1.661926031112671
-4.81099534034729	-6.028851270675659
-7.089908480644226	-6.600899934768677
-6.051062107086182	-5.61536979675293
-7.5126646757125854	-2.245279312133789
-11.861097771674395	-7.742400169372559
-7.121477007865906	-3.938305377960205
-3.419981002807617	-10.097673833370209
-7.2285261154174805	-11.066551387310028
-4.721586227416992	-7.33953058719635
-6.502468228340149	-3.7134082317352295
-10.59706199169159	-3.686126232147217
-9.440874695777893	-4.12138295173645
-5.933348894119263	-2.125924587249756
-7.959949493408203	-1.0847117900848389
-9.857834815979004	-6.724802613258362
-5.454073190689087	-2.675658702850342
-4.236996173858643	-9.911574840545654
-7.323264241218567	-8.206526398658752
-11.053380757570267	-4.511494874954224
-9.566619336605072	-9.961182296276093
-8.106732487678528	-6.407800912857056
-9.47557282447815	-5.9790894985198975
-9.187214076519012	-2.6519715785980225
-10.82570430636406	-8.866790771484375
-7.9990553855896	-3.3141868114471436
-11.019266277551651	-8.726438999176025
-6.08085036277771	-7.1073668003082275
-11.629970580339432	-2.3032665252685547
-9.654194355010986	-1.7725152969360352
-5.450783014297485	-9.669970571994781
-9.83770340681076	-7.019471883773804
-5.031362056732178	-10.594733744859695
-10.51503637433052	-8.814640402793884
-6.346552491188049	-1.2135744094848633
-10.598356157541275	-8.17026686668396
-8.991082549095154	-4.2411839962005615
-5.287430047988892	-4.867141485214233
-9.152334451675415	-0.8824875354766846
-5.438918352127075	-6.860613226890564
-5.995386600494385	-8.998314142227173
-9.130676507949829	-9.107382953166962
-11.692978397011757	-6.855131506919861
-9.493173658847809	-6.237103700637817
-11.343248784542084	-5.839071750640869
-3.7769601345062256	-7.640495538711548
-5.162315368652344	-11.654665678739548
-9.973591268062592	-6.483508586883545
-4.411013603210449	-8.42350423336029
-7.904395580291748	-6.3879804611206055
-6.795665860176086	-2.878169059753418
-7.253585457801819	-8.704516768455505
-7.665629982948303	-5.008814334869385
-5.248905658721924	-4.895347595214844
-9.668217301368713	-1.4527552127838135
-10.679089576005936	-5.950536489486694
-8.619152426719666	-6.2304160594940186
-11.079958587884903	-6.1324557065963745
-4.019789457321167	-0.5098114013671875
-8.222788453102112	-9.089123010635376
-7.122198700904846	-3.457282304763794
-8.726168990135193	-8.971413016319275
-9.418440699577332	-8.284766435623169
-8.5916086435318	-6.209068536758423
-10.189315974712372	-6.69374692440033
-4.440250396728516	-0.7687389850616455
-8.551652669906616	-7.0090248584747314
-7.419731140136719	-7.686424255371094
-6.1672303676605225	-9.19323992729187
-3.5592734813690186	-10.181026339530945
-4.4799206256866455	-3.0855231285095215
-7.668599009513855	-11.46624881029129
-9.323219954967499	-2.4381465911865234
-8.891738891601562	-8.43082308769226
-5.628804445266724	-4.635964393615723
-9.288486778736115	-2.7539749145507812
-11.81542094796896	-1.5144624710083008
-11.300943955779076	-5.539594888687134
-7.300000905990601	-1.5518081188201904
-10.50160700082779	-0.8874692916870117
-11.902419280260801	-3.9148149490356445
-4.8947553634643555	-1.2366678714752197
-10.284387588500977	-4.3932788372039795
-8.36763060092926	-3.7130520343780518
-8.305330753326416	-10.525536328554153
-11.341696947813034	-6.503940939903259
-8.849913954734802	-9.413769721984863
-9.10606563091278	-8.170369505882263
-8.612269878387451	-3.315812587738037
-8.31281590461731	-0.7286016941070557
-3.5190796852111816	-4.836671590805054
-10.715654075145721	-10.503509223461151
-7.449485778808594	-2.0812761783599854
-4.161347150802612	-7.287382006645203
-4.1759033203125	-0.8197517395019531
-4.675182580947876	-8.066648125648499
-8.622552037239075	-4.843771934509277
-6.998490571975708	-10.540812849998474
-5.216156244277954	-8.295479536056519
-7.781948089599609	-3.14743709564209
-4.692977428436279	-4.9620115756988525
-8.72119402885437	-3.9622607231140137
-7.358388304710388	-1.371429204940796
-7.13407838344574	-6.1298089027404785
-10.701654821634293	-5.693328380584717
-5.811094522476196	-2.613731861114502
-7.848820209503174	-11.182571053504944
-8.012349843978882	-1.050536870956421
-7.355743646621704	-2.1797261238098145
-7.902179718017578	-4.92178201675415
-4.277943849563599	-4.201338529586792
-7.600448727607727	-3.2641024589538574
-10.723985999822617	-10.740991115570068
-11.171267688274384	-4.856550693511963
-5.799165487289429	-5.534814834594727
-6.353487968444824	-9.196270108222961
-7.674402236938477	-2.288947105407715
-9.208174645900726	-4.743842840194702
-6.705621600151062	-8.586050391197205
-8.195836544036865	-5.157654047012329
-7.8983234167099	-9.954282402992249
-11.458985164761543	-3.3164305686950684
-10.907659381628036	-4.438661813735962
-5.648561954498291	-2.842158079147339
-10.054492771625519	-9.111104428768158
-6.095812439918518	-8.988001585006714
-9.904126167297363	-6.477766513824463
-8.158051013946533	-10.521750748157501
-8.792734622955322	-7.392857909202576
-8.784798502922058	-7.140723466873169
-11.758256167173386	-3.4719858169555664
-7.2174224853515625	-6.817410707473755
-5.4921555519104	-3.9389584064483643
-10.791151016950607	-9.90246695280075
-10.268577575683594	-9.286730289459229
-7.225729823112488	-5.8085432052612305
-9.237211167812347	-1.6255781650543213
-8.956552863121033	-8.139543771743774
-10.689379066228867	-4.087667942047119
-9.340834379196167	-5.085488319396973
-3.848012924194336	-7.69870662689209
-7.070524334907532	-7.497406840324402
-10.252279222011566	-4.640355348587036
-6.486642837524414	-1.520233154296875
-7.895805358886719	-9.389391124248505
-10.542612344026566	-7.7845423221588135
-8.839300990104675	-7.13568377494812
-10.13575154542923	-5.970087289810181
-9.445150315761566	-6.297147631645203
-10.512976437807083	-9.441683650016785
-9.997535526752472	-8.309500694274902
-8.257465839385986	-5.705979824066162
-11.333571553230286	-4.267978191375732
-11.397196367383003	-3.476135015487671
-9.434014856815338	-8.630968451499939
-10.089918673038483	-5.524691104888916
-7.5171425342559814	-1.2046337127685547
-4.4609534740448	-8.599071264266968
-5.412039041519165	-6.067029118537903
-7.342644453048706	-10.339637517929077
-5.568905353546143	-0.9306156635284424
-11.018656522035599	-10.657791048288345
-8.046785831451416	-5.696509838104248
-10.991269379854202	-3.737670421600342
-6.976402044296265	-7.756040096282959
-9.184334993362427	-5.591836452484131
-10.684440225362778	-11.253420755267143
-8.97919499874115	-5.236491680145264
-7.540184140205383	-7.9655996561050415
-10.050885021686554	-10.801980704069138
-10.878448158502579	-5.564299821853638
-5.938374996185303	-7.534903049468994
-10.311406373977661	-0.8080236911773682
-6.887863397598267	-5.463282108306885
-11.079749017953873	-9.951730012893677
-5.288695335388184	-6.103271842002869
-6.803758263587952	-9.15912812948227
-11.057813465595245	-7.893470048904419
-11.446012169122696	-7.560142993927002
-7.989054322242737	-10.639195203781128
-10.00415164232254	-2.376281976699829
-7.044726133346558	-2.701728343963623
-10.504545897245407	-5.413822889328003
-4.456449508666992	-2.5494518280029297
-9.657550513744354	-2.073166608810425
-7.392133712768555	-8.25318968296051
-6.408531546592712	-7.827860713005066
-9.922384321689606	-10.475559175014496
-6.176862359046936	-3.0037264823913574
-8.281361818313599	-1.3404500484466553
-6.594790935516357	-7.759180068969727
-11.86464512720704	-6.872729301452637
-7.775275468826294	-6.292240619659424
-4.0966408252716064	-1.0709803104400635
-8.5660160779953	-1.5509333610534668
-4.2372822761535645	-6.948139071464539
-8.006595969200134	-0.8731820583343506
-4.905675888061523	-6.415028929710388
-6.342747330665588	-5.297422885894775
-10.023592293262482	-1.623830795288086
-10.24091523885727	-3.859968423843384
-6.4129979610443115	-5.293418884277344
-4.426707744598389	-8.459872841835022
-6.037641763687134	-7.266058802604675
-8.782527208328247	-6.720427393913269
-5.227129697799683	-6.312904715538025
-8.92539381980896	-1.154282569885254
-9.145589411258698	-3.692607879638672
-11.212815910577774	-7.625603914260864
-5.336604595184326	-6.421706914901733
-8.393242120742798	-2.8349075317382812
-11.355737462639809	-2.866495370864868
-7.145555377006531	-9.53183126449585
-10.914229989051819	-5.097106218338013
-6.4808653593063354	-6.822693943977356
-9.027268946170807	-3.958068609237671
-10.298385858535767	-3.14534854888916
-10.862190574407578	-7.421682357788086
-6.134266376495361	-7.191122531890869
-7.2996193170547485	-4.778013467788696
-6.736661195755005	-1.5634503364562988
-8.369163393974304	-3.074861526489258
-11.555008962750435	-5.719064712524414
-4.844618797302246	-3.2473297119140625
-7.3690996170043945	-10.64352661371231
-8.617371439933777	-5.594987869262695
-7.00647497177124	-6.646415591239929
-11.964406250976026	-1.624385118484497
-5.720569610595703	-8.508408308029175
-7.938470363616943	-3.3978288173675537
-8.09955632686615	-1.268596887588501
-11.528442487120628	-2.8177270889282227
-5.911535739898682	-5.156872272491455
-9.47315239906311	-1.9490776062011719
-10.545140594244003	-10.279843389987946
-11.356876015663147	-3.323975086212158
-5.955408096313477	-6.815263152122498
-10.02707952260971	-4.64886474609375
-8.39330506324768	-5.797333717346191
-9.995123147964478	-5.932651519775391
-6.7999244928359985	-4.224685192108154
-7.937455415725708	-9.570504248142242
-8.043574690818787	-5.359234571456909
-3.751701593399048	-8.3700932264328
-10.23607313632965	-4.4310901165008545
-6.5885220766067505	-8.67171335220337
-9.540100514888763	-7.889386296272278
-11.484638571739197	-8.860587358474731
-10.904977709054947	-4.794896364212036
-10.359522879123688	-6.865329623222351
-4.926937580108643	-4.536287069320679
-7.205798149108887	-11.09026238322258
-5.626396179199219	-2.1667556762695312
-5.464674711227417	-9.549670457839966
-8.7979177236557	-2.474027395248413
-8.623553037643433	-1.4028875827789307
-8.327300548553467	-8.755145788192749
-8.785045981407166	-5.935264348983765
-8.581754207611084	-6.905663967132568
-8.322390675544739	-6.48202121257782
-11.710433185100555	-6.2607035636901855
-9.906854689121246	-8.176135540008545
-9.546615064144135	-1.756197452545166
-5.5118279457092285	-5.290759563446045
-7.880301475524902	-8.23518168926239
-8.123798489570618	-10.500481635332108
-4.996385335922241	-3.725477457046509
-9.315151333808899	-6.922375917434692
-5.657442569732666	-3.6743388175964355
-8.204007983207703	-7.412182331085205
-5.479069948196411	-3.9284098148345947
-6.5867825746536255	-0.6280288696289062
-10.226208329200745	-8.277222275733948
-6.821724772453308	-1.4169337749481201
-10.300143778324127	-6.446331739425659
-4.081292152404785	-5.396483659744263
-9.534035503864288	-5.4265336990356445
-9.456314384937286	-4.072917222976685
-5.278640270233154	-8.712085962295532
-8.163230895996094	-7.5027079582214355
-6.770840048789978	-11.160211890935898
-7.122925043106079	-5.795833110809326
-7.1701472997665405	-8.962302803993225
-11.982827195897698	-11.113109350204468
-6.380727767944336	-0.9623465538024902
-8.274114847183228	-7.108853101730347
-10.000031769275665	-0.7393105030059814
-4.182579517364502	-4.537307024002075
-10.283832013607025	-3.858120918273926
-9.375611186027527	-9.298880875110626
-8.638613820075989	-8.073652982711792
-4.6669464111328125	-7.807905793190002
-6.8954315185546875	-9.486674129962921
-6.464276075363159	-1.262105941772461
-9.591441929340363	-5.254016876220703
-6.650117754936218	-9.177362859249115
-7.222090244293213	-11.182386964559555
-10.715215981006622	-6.3087440729141235
-8.674370527267456	-5.738718509674072
-7.3255133628845215	-6.760468482971191
-5.632614612579346	-2.329529285430908
-10.359963476657867	-0.8520941734313965
-10.262517750263214	-1.0654850006103516
-10.78387901186943	-1.6366195678710938
-8.489253759384155	-5.082195281982422
-5.954549074172974	-2.0224006175994873
-10.175664067268372	-1.9192214012145996
-6.376525640487671	-7.184746742248535
-3.873403787612915	-0.8151333332061768
-8.933767676353455	-9.619813084602356
-10.849134922027588	-9.669629037380219
-7.80562949180603	-7.147459387779236
-5.669172763824463	-2.663957118988037
-6.6699299812316895	-4.7161545753479
-5.065688610076904	-10.24752277135849
-6.758534789085388	-8.789544224739075
-7.849847316741943	-2.474637508392334
-10.68715712428093	-3.920107126235962
-9.822576642036438	-2.9968693256378174
-10.386201024055481	-11.619665488600731
-8.05978775024414	-1.1048691272735596
-3.6644153594970703	-7.187619209289551
-5.748315095901489	-9.902247190475464
-4.083372116088867	-8.032368063926697
-4.737243175506592	-2.884683609008789
-6.707823157310486	-4.778907537460327
-7.025116682052612	-5.217427968978882
-9.864230453968048	-8.899786233901978
-8.287574887275696	-8.377291202545166
-5.996996641159058	-1.4538195133209229
-7.8073811531066895	-2.6978538036346436
-4.937694311141968	-1.2590031623840332
-9.812011778354645	-2.2923660278320312
-7.171929359436035	-11.368646800518036
-6.523279666900635	-3.537940263748169
-8.57940924167633	-6.164921879768372
-10.855576157569885	-8.038222789764404
-11.669165298342705	-3.4391984939575195
-11.423304229974747	-8.428574681282043
-11.14086601138115	-2.556870460510254
-9.64274525642395	-4.5716729164123535
-8.691949009895325	-6.720604419708252
-11.187329292297363	-4.719753742218018
-7.654306054115295	-4.362252473831177
-10.076970040798187	-1.395536184310913
-11.273003250360489	-5.6979310512542725
-11.194321811199188	-1.1695919036865234
-5.855506181716919	-2.31469988822937
-11.267900347709656	-8.561889410018921
-9.427662312984467	-5.814539194107056
-7.785789728164673	-7.197524785995483
-8.468068599700928	-7.799220442771912
-10.336101472377777	-1.4208555221557617
-5.845016241073608	-0.652228832244873
-9.803010284900665	-8.036206483840942
-6.668551683425903	-6.89990508556366
-3.857431411743164	-10.318235456943512
-3.6259474754333496	-3.2872209548950195
-9.239404320716858	-7.592363119125366
-10.68913185596466	-3.570033073425293
-11.242510110139847	-3.9823594093322754
-10.051875293254852	-4.831372976303101
-10.473855972290039	-4.644512414932251
-8.735490918159485	-1.4502654075622559
-7.533632755279541	-5.938432216644287
-5.387532949447632	-9.234096944332123
-8.755238771438599	-2.4221720695495605
-10.038206219673157	-7.446492075920105
-11.202340453863144	-7.604951620101929
-9.170360684394836	-8.28321361541748
-6.497545480728149	-4.494633436203003
-10.210414230823517	-8.260950922966003
-7.20302152633667	-7.011895537376404
-11.530525714159012	-11.101301729679108
-4.6571245193481445	-6.529327869415283
-8.280712723731995	-5.768102645874023
-3.7604105472564697	-6.7034032344818115
-9.676202058792114	-9.343726694583893
-8.690467357635498	-2.300992727279663
-10.883765906095505	-5.435237646102905
-7.088014483451843	-1.095787525177002
-9.717461049556732	-9.637344717979431
-5.636362552642822	-5.901988506317139
-6.789104104042053	-1.8299782276153564
-2.86440110206604	-4.637866973876953
-7.161800265312195	-9.382903575897217
-9.964607298374176	-9.178705751895905
-3.377716541290283	-10.021534323692322
-11.069882154464722	-11.204797983169556
-11.216459959745407	-7.461178779602051
-10.685727059841156	-7.937036633491516
-8.605284333229065	-0.9998266696929932
-8.950186729431152	-1.4487569332122803
-6.849082946777344	-4.62491512298584
-6.253520607948303	-3.815448045730591
-9.139094173908234	-9.841788232326508
-8.912869334220886	-1.8474647998809814
-5.005342483520508	-9.346668541431427
-11.338552191853523	-8.627842426300049
-11.086561650037766	-1.9800832271575928
-10.522563368082047	-9.659496188163757
-7.733697295188904	-1.861701250076294
-10.942375928163528	-4.510148763656616
-11.148652374744415	-3.21291446685791
-6.4286216497421265	-0.9488296508789062
-10.407942295074463	-2.6483209133148193
-5.897042512893677	-11.420584380626678
-10.607437044382095	-2.1088685989379883
-7.360789775848389	-0.8490965366363525
-8.775283813476562	-5.418708801269531
-11.571860119700432	-2.238452196121216
-9.418724298477173	-5.523269891738892
-11.926893403753638	-2.6800947189331055
-6.5704861879348755	-5.684252500534058
-6.62804388999939	-3.4471850395202637
-10.455774486064911	-8.70537006855011
-10.380459129810333	-9.776671886444092
-10.45707768201828	-4.111181974411011
-7.175661563873291	-1.2213735580444336
-7.282377004623413	-9.994111239910126
-8.825056672096252	-8.617253065109253
-8.882160902023315	-8.701189756393433
-10.135190784931183	-6.266978144645691
-9.714333236217499	-3.3666207790374756
-10.511657148599625	-10.528965175151825
-4.933628082275391	-3.947045087814331
-8.02031421661377	-1.0398173332214355
-7.981149315834045	-6.316273212432861
-6.093816161155701	-1.1967272758483887
-5.885890245437622	-6.470803499221802
-8.816137433052063	-2.1367807388305664
-5.934998273849487	-5.285995244979858
-6.809678792953491	-9.193494737148285
-5.149414300918579	-11.882892407476902
-7.687020421028137	-1.9425623416900635
-9.536382973194122	-8.595657348632812
-11.02662742137909	-1.116396188735962
-11.529585152864456	-0.9871151447296143
-4.059240102767944	-8.925338387489319
-9.180590093135834	-5.7917375564575195
-11.447915866971016	-1.3747236728668213
-7.333568572998047	-7.031572222709656
-11.90600361675024	-4.517961502075195
-5.485186815261841	-0.9670822620391846
-5.801807641983032	-10.903513491153717
-7.749788045883179	-5.155706405639648
-5.764078617095947	-5.30393385887146
-6.946497917175293	-6.9038379192352295
-7.851085424423218	-6.101180791854858
-6.804241418838501	-6.945270895957947
-7.6429606676101685	-7.549615144729614
-5.077673435211182	-4.555062532424927
-6.129991292953491	-3.533332586288452
-5.839479446411133	-4.622283697128296
-11.725907698273659	-5.482405185699463
-9.864001750946045	-6.592432379722595
-6.0844480991363525	-6.004249334335327
-6.551305532455444	-8.920727491378784
-9.673105001449585	-0.651970624923706
-5.562427997589111	-8.856350183486938
-4.603446006774902	-5.254838705062866
-9.345299541950226	-3.4458324909210205
-8.050142884254456	-4.6117987632751465
-8.82602334022522	-4.60552453994751
-5.030606031417847	-7.066458106040955
-11.265420153737068	-7.860324740409851
-9.091902315616608	-10.62446790933609
-5.639718532562256	-1.139373779296875
-11.97097697854042	-7.760247588157654
-4.501911878585815	-0.997917652130127
-7.573532938957214	-2.3937978744506836
-8.755668640136719	-8.124780893325806
-10.146158516407013	-7.854916334152222
-8.857080459594727	-7.798935770988464
-10.584146440029144	-1.5602595806121826
-8.456321954727173	-7.37735903263092
-6.154392600059509	-1.5869693756103516
-10.111526548862457	-6.0359838008880615
-11.8775340244174	-7.671871662139893
-9.687995553016663	-6.29292368888855
-7.362115859985352	-7.033178329467773
-10.337118566036224	-6.80880331993103
-9.613813698291779	-3.6313540935516357
-9.642577350139618	-6.105355739593506
-5.969282627105713	-1.3086612224578857
-9.974418103694916	-8.447933077812195
-8.481093764305115	-8.259010076522827
-10.07528668642044	-8.319772124290466
-9.154762923717499	-1.2038233280181885
-6.742528080940247	-4.202368497848511
-7.194042921066284	-8.206247091293335
-6.56534743309021	-7.441367268562317
-5.161176681518555	-6.258001685142517
-11.704628773033619	-1.0505132675170898
-4.0043299198150635	-1.9706618785858154
-5.2764952182769775	-3.3702456951141357
-7.992546558380127	-6.61933958530426
-10.54976972937584	-7.866208791732788
-8.909609198570251	-1.1709587574005127
-7.877264499664307	-1.8941609859466553
-4.356985330581665	-4.930121898651123
-9.640009045600891	-8.30489194393158
-6.1216195821762085	-5.2706122398376465
-11.616543665528297	-1.7943735122680664
-10.302482664585114	-3.487164258956909
-6.741880774497986	-4.50641942024231
-6.624818444252014	-8.489604234695435
-9.139351844787598	-8.433467388153076
-11.180820643901825	-7.323747038841248
-7.4688109159469604	-7.671806216239929
-10.477775752544403	-1.2540035247802734
-7.119887351989746	-1.1690540313720703
-6.8299888372421265	-8.084131479263306
-11.95465015154332	-9.199847102165222
-9.402185618877411	-3.0439367294311523
-8.387030124664307	-5.786822319030762
-4.9680211544036865	-3.4810523986816406
-7.389606714248657	-3.6401703357696533
-6.7722591161727905	-6.39094877243042
-10.866077363491058	-8.795622110366821
-7.664002776145935	-1.108870267868042
-8.682312369346619	-8.717213988304138
-10.777589589357376	-1.8018686771392822
-3.858954906463623	-7.927083492279053
-11.80373252928257	-7.856065392494202
-10.424492955207825	-4.866006374359131
-11.639245815575123	-8.702049136161804
-7.539510369300842	-9.279394805431366
-11.16719064116478	-6.263824939727783
-6.355988144874573	-0.8934774398803711
-7.780594110488892	-6.354982852935791
-10.477696537971497	-8.104613184928894
-9.60372644662857	-7.1077165603637695
-3.943338632583618	-3.7877798080444336
-4.481379747390747	-5.578030586242676
-7.660048842430115	-9.301281452178955
-11.09694555401802	-10.06801986694336
-7.234051823616028	-6.5955387353897095
-9.724696397781372	-4.550475597381592
-4.908816576004028	-3.4820008277893066
-5.980283975601196	-7.324558854103088
-9.96647036075592	-8.051786541938782
-7.33118212223053	-3.111091375350952
-6.599448323249817	-1.1104280948638916
-4.785949230194092	-8.818909406661987
-8.473700523376465	-11.955990487709641
-10.87561520934105	-4.820951700210571
-6.580010175704956	-7.966930389404297
-7.963060140609741	-2.398190975189209
-5.939790487289429	-9.816795766353607
-11.103309631347656	-8.24216365814209
-11.446489959955215	-2.2890737056732178
-8.331507682800293	-5.5739922523498535
-7.257839798927307	-6.845567107200623
-5.374857187271118	-1.6735925674438477
-10.934235870838165	-7.716226816177368
-8.468471646308899	-9.568050742149353
-9.128478705883026	-9.292282819747925
-8.772629141807556	-5.323402404785156
-11.290917545557022	-1.0927090644836426
-5.94634222984314	-7.019793391227722
-10.95580717921257	-3.8071811199188232
-4.396192789077759	-5.3628129959106445
-7.308778166770935	-1.5218067169189453
-11.482744663953781	-8.876179218292236
-9.568643689155579	-9.271715104579926
-11.265642151236534	-5.930570840835571
-3.4647889137268066	-2.7168610095977783
-6.502129912376404	-8.642333507537842
-4.526963710784912	-10.360461831092834
-8.503583550453186	-2.3657376766204834
-10.269111692905426	-5.801777601242065
-6.854609370231628	-1.068195104598999
-3.6071369647979736	-5.871987819671631
-6.80600380897522	-1.3079981803894043
-11.680708810687065	-10.181487679481506
-7.122870683670044	-11.637404635548592
-10.489666163921356	-8.572770595550537
-7.009151101112366	-4.661811590194702
-8.307448267936707	-10.77065509557724
-3.431276321411133	-1.1055185794830322
-9.840606272220612	-9.084768891334534
-5.783533573150635	-11.718738690018654
-7.58130669593811	-6.251123785972595
-10.718146115541458	-6.019359827041626
-9.122533857822418	-4.671900987625122
-5.971896171569824	-5.4804582595825195
-5.2029454708099365	-9.522647738456726
-4.798052787780762	-5.545209646224976
-6.407332062721252	-3.6646721363067627
-7.09809422492981	-7.005535125732422
-9.20801156759262	-0.9761316776275635
-4.3352952003479	-11.487934917211533
-6.4988590478897095	-1.547691822052002
-4.376451730728149	-6.743291616439819
-11.166953712701797	-7.146548509597778
-7.18265175819397	-11.209787517786026
-10.03596156835556	-5.373469591140747
-7.291951775550842	-6.499527096748352
-4.7838850021362305	-8.46895945072174
-11.639881655573845	-2.1819427013397217
-4.650578498840332	-4.304319620132446
-10.279404759407043	-2.3781960010528564
-7.6129374504089355	-8.635116219520569
-11.543801084160805	-11.3232933729887
-6.917304754257202	-7.11499285697937
-9.687960147857666	-6.103833317756653
-10.95130142569542	-11.118379086256027
-5.927823543548584	-3.480126142501831
-6.189647197723389	-4.154555797576904
-11.16148066520691	-5.785656452178955
-11.153227508068085	-6.541289806365967
-5.780673980712891	-3.5625336170196533
-9.99384981393814	-6.37848436832428
-4.37863826751709	-4.175601482391357
-7.868317365646362	-8.022123098373413
-11.38979110121727	-7.454487562179565
-9.009066045284271	-10.967587977647781
-10.193536877632141	-3.3098995685577393
-10.069461107254028	-4.527621030807495
-8.411157131195068	-5.496105194091797
-9.33230996131897	-2.5832226276397705
-9.76893675327301	-3.8625354766845703
-10.680100858211517	-4.718244552612305
-4.271316289901733	-7.719524502754211
-10.726588994264603	-3.9092767238616943
-8.346587419509888	-9.441785037517548
-6.7416651248931885	-7.138731837272644
-9.27602505683899	-4.042934417724609
-7.540441274642944	-8.4713716506958
-9.019692420959473	-4.0870442390441895
-10.542472690343857	-3.108175277709961
-9.883658051490784	-2.364436626434326
-6.563766717910767	-5.108526706695557
-3.285881280899048	-8.605064392089844
-8.464872479438782	-10.99411055445671
-5.221692323684692	-9.208380997180939
-9.70355486869812	-9.683597087860107
-8.51203715801239	-6.097230434417725
-7.13065230846405	-0.5610287189483643
-6.139331102371216	-3.7793426513671875
-7.352692008018494	-3.6423983573913574
-8.122029662132263	-8.118540644645691
-11.695309437811375	-3.509603261947632
-7.681347012519836	-11.982789003755897
-5.468080043792725	-3.4194345474243164
-6.616701006889343	-10.991904079914093
-10.073863685131073	-7.302235722541809
-7.828449726104736	-5.855541229248047
-4.762134075164795	-6.0013614892959595
-11.378212720155716	-1.5033352375030518
-4.840536832809448	-1.5186288356781006
-5.662737607955933	-2.102663040161133
-8.769548535346985	-11.74969357252121
-10.698083013296127	-8.485751867294312
-7.653363347053528	-1.897881031036377
-11.606987312436104	-7.785173535346985
-7.480832934379578	-7.949564695358276
-9.02411663532257	-5.116722822189331
-2.686415433883667	-9.297146379947662
-9.410593807697296	-10.836032152175903
-7.291619896888733	-7.609572172164917
-7.609679818153381	-2.3908681869506836
-8.07935357093811	-2.022336959838867
-10.238519310951233	-4.853884935379028
-9.028855383396149	-6.872069835662842
-7.8443498611450195	-6.5551793575286865
-2.9348137378692627	-10.495344758033752
-10.592607378959656	-10.875143498182297
-9.577577412128448	-10.275663793087006
-11.25698308646679	-11.291522115468979
-10.609335511922836	-2.882037878036499
-6.105783462524414	-5.838427305221558
-6.723177909851074	-0.6293056011199951
-8.629904508590698	-4.5801286697387695
-6.9241368770599365	-3.011925458908081
-9.470330715179443	-8.97013771533966
-5.760764837265015	-1.4374115467071533
-4.229904413223267	-10.270809531211853
-5.444817781448364	-0.7267584800720215
-5.217284202575684	-10.09643429517746
-10.683010250329971	-3.572950601577759
-6.024930953979492	-6.29287326335907
-5.837634801864624	-7.207612037658691
-10.374622464179993	-4.096444129943848
-3.6623854637145996	-6.325578331947327
-9.330010950565338	-5.39431357383728
-10.32340943813324	-9.290108442306519
-3.6097326278686523	-1.1791234016418457
-11.707607008516788	-6.977053642272949
-11.014918953180313	-4.709781646728516
-10.535170376300812	-8.20183789730072
-9.74293202161789	-6.759842276573181
-11.770050644874573	-8.516343712806702
-8.940099477767944	-5.730950117111206
-9.834670722484589	-2.74316668510437
-9.814443826675415	-3.3575634956359863
-8.787286162376404	-1.3620142936706543
-9.0695019364357	-9.498728156089783
-9.08248382806778	-1.0695970058441162
-7.891634702682495	-9.624990105628967
-10.97433140873909	-3.3760972023010254
-11.559716776013374	-5.11975622177124
-4.990616798400879	-9.108590126037598
-11.565202206373215	-6.125717282295227
-7.51155424118042	-4.221283435821533
-9.396512925624847	-5.7663373947143555
-9.379782557487488	-5.101322650909424
-6.875273823738098	-1.6116621494293213
-9.786561012268066	-9.309648334980011
-10.117438316345215	-4.803287744522095
-5.930994987487793	-7.79459023475647
-11.439972415566444	-8.381323099136353
-11.014360338449478	-7.1150078773498535
-5.376975059509277	-4.46988844871521
-4.642927408218384	-2.759807825088501
-7.4267274141311646	-4.803767681121826
-6.781823515892029	-6.894094705581665
-7.565805673599243	-0.8119983673095703
-8.618006944656372	-1.6831820011138916
-3.7140233516693115	-7.725401401519775
-9.060037672519684	-1.9323062896728516
-6.513802528381348	-4.3788063526153564
-8.076870560646057	-8.240317225456238
-10.033978700637817	-3.565964698791504
-6.2600133419036865	-0.8792567253112793
-7.674889326095581	-9.191486120223999
-6.097585916519165	-5.341707944869995
-7.701939940452576	-2.914759397506714
-6.665310859680176	-0.620786190032959
-5.934571981430054	-1.5839309692382812
-8.725391864776611	-8.454818844795227
-9.954029560089111	-3.597834348678589
-11.174545794725418	-1.9024930000305176
-7.81746768951416	-4.871860027313232
-10.904456555843353	-2.4614481925964355
-8.097408056259155	-4.5902910232543945
-10.59945997595787	-2.8401882648468018
-4.9129393100738525	-7.601339221000671
-11.7231220677495	-9.0144744515419
-9.362315833568573	-7.928051233291626
-10.495342254638672	-3.0497424602508545
-6.242730259895325	-9.531384766101837
-9.308218717575073	-1.2049734592437744
-7.019732594490051	-3.625316619873047
-6.10113000869751	-7.760487198829651
-9.452686250209808	-3.9882853031158447
-6.715111613273621	-2.6325466632843018
-9.968906700611115	-6.068267226219177
-10.300988674163818	-11.515526801347733
-11.190101623535156	-3.1266167163848877
-5.569664239883423	-2.4371745586395264
-9.60350239276886	-8.104588508605957
-6.691120505332947	-2.1610586643218994
-5.126903772354126	-2.0996475219726562
-7.882967233657837	-1.6484270095825195
-7.0958569049835205	-11.927133740857244
-6.327729105949402	-5.489290237426758
-9.524037837982178	-2.286241292953491
-7.100165247917175	-4.676392078399658
-8.723130226135254	-8.015580654144287
-6.40091335773468	-6.485717296600342
-11.44133797287941	-11.128743141889572
-11.87973527982831	-1.6224660873413086
-8.632714033126831	-10.175874531269073
-10.671716451644897	-5.449358940124512
-9.486651599407196	-6.464012145996094
-9.323192596435547	-6.807342767715454
-6.428488254547119	-0.8093254566192627
-6.995791912078857	-1.725102424621582
-6.537256836891174	-4.816301107406616
-8.539479732513428	-0.9948699474334717
-7.399978995323181	-8.12923264503479
-8.57845401763916	-6.654676079750061
-9.884389221668243	-10.692631781101227
-5.085209369659424	-8.510042309761047
-8.070600628852844	-8.175287246704102
-4.068702220916748	-6.415260672569275
-6.64507269859314	-4.442361116409302
-10.32940399646759	-7.1633380651474
-11.80118691176176	-6.191176414489746
-6.7087318897247314	-6.973464131355286
-6.5835360288619995	-3.820741653442383
-6.565978646278381	-0.9873998165130615
-5.681161165237427	-3.3155643939971924
-6.472675323486328	-6.733261942863464
-11.180074274539948	-3.6105287075042725
-6.853890538215637	-1.223846197128296
-8.675409078598022	-5.8973000049591064
-10.143107056617737	-0.7503383159637451
-6.371151924133301	-11.90435453876853
-10.55510812997818	-5.930323362350464
-6.76429009437561	-2.8551485538482666
-2.6775155067443848	-6.19065248966217
-9.157930970191956	-1.157766580581665
-10.387057542800903	-9.998147785663605
-6.436953663825989	-1.0012879371643066
-7.38961386680603	-7.343737006187439
-5.0964953899383545	-4.350028038024902
-8.333286881446838	-5.096530437469482
-10.449046075344086	-8.537602543830872
-11.845662966370583	-6.327178359031677
-10.369711339473724	-6.5623708963394165
-10.070864617824554	-1.2299516201019287
-6.2135725021362305	-5.393805027008057
-10.01149070262909	-6.39202094078064
-4.833303451538086	-4.621039867401123
-9.391044974327087	-11.50292158126831
-11.367241099476814	-4.445234298706055
-9.6169753074646	-4.533778667449951
-11.51065868139267	-3.7028911113739014
-6.613460540771484	-6.967665910720825
-9.43991482257843	-1.3170325756072998
-5.3219218254089355	-2.7651185989379883
-10.696860194206238	-8.276101112365723
-9.711121022701263	-4.395498275756836
-9.633721053600311	-6.449444532394409
-3.3282551765441895	-9.311561644077301
-4.427099704742432	-6.120392203330994
-8.914672493934631	-8.99217939376831
-7.844930648803711	-5.799681901931763
-4.383336067199707	-8.685705184936523
-10.041877448558807	-3.435201644897461
-6.903602957725525	-3.23280930519104
-5.308041572570801	-5.428507089614868
-4.777677297592163	-9.58844769001007
-8.092177033424377	-6.982290744781494
-7.615658640861511	-10.446965038776398
-5.3541669845581055	-2.1914377212524414
-7.826890468597412	-9.908948242664337
-3.4706289768218994	-9.967099070549011
-5.661017417907715	-1.7201871871948242
-10.181321740150452	-3.2162632942199707
-7.647257924079895	-10.871227473020554
-9.76140171289444	-4.519940614700317
-8.40752899646759	-9.678815960884094
-10.549639999866486	-2.2624597549438477
-11.18671703338623	-1.504096269607544
-4.771760702133179	-3.7023661136627197
-6.338217258453369	-1.8742575645446777
-4.40258002281189	-9.812178254127502
-11.236362755298615	-7.561140060424805
-10.30334758758545	-5.322876691818237
-9.862820148468018	-1.4237065315246582
-7.109014391899109	-7.560091495513916
-11.263305097818375	-9.314079344272614
-7.6416860818862915	-4.399016618728638
-6.466871380805969	-4.663203477859497
-7.525936603546143	-5.935596227645874
-6.794501423835754	-1.2375926971435547
-11.572353646159172	-9.085911512374878
-9.93440705537796	-10.107613921165466
-5.837174892425537	-6.898987770080566
-6.694817662239075	-7.752685546875
-10.51594340801239	-1.8374183177947998
-9.376603782176971	-3.443387031555176
-9.642030000686646	-4.0995941162109375
-11.037162065505981	-6.493355870246887
-10.857898235321045	-4.731740713119507
-5.844833850860596	-10.856084614992142
-10.576304286718369	-9.877899169921875
-10.139466047286987	-11.348556071519852
-9.536657631397247	-7.207639575004578
-3.6897146701812744	-0.9013302326202393
-7.303473472595215	-5.621213436126709
-6.654329538345337	-2.420142889022827
-4.467538833618164	-4.0355823040008545
-10.947207927703857	-10.116622745990753
-3.937270402908325	-1.258636236190796
-2.7874131202697754	-0.38567376136779785
-8.337391376495361	-3.8390021324157715
-11.393590047955513	-7.858160018920898
-5.698662757873535	-9.229440093040466
-4.769499063491821	-1.709089994430542
-10.20480215549469	-7.642998218536377
-8.941137313842773	-7.528257608413696
-3.885760545730591	-7.235162973403931
-4.846370458602905	-7.408827424049377
-9.289358854293823	-2.549513339996338
-11.095671325922012	-7.633417010307312
-7.390896677970886	-6.002689361572266
-5.850794076919556	-4.937711477279663
-10.33163434267044	-2.470780849456787
-10.91417133808136	-11.463282108306885
-9.177077293395996	-7.283458471298218
-4.375913858413696	-3.5538225173950195
-4.776387691497803	-6.859399080276489
-10.329698145389557	-4.33613920211792
-8.675945520401001	-6.499656915664673
-7.469499707221985	-9.73180478811264
-9.361520826816559	-8.227340340614319
-7.832221269607544	-6.242946267127991
-9.835955500602722	-7.543046236038208
-6.621179223060608	-4.042704820632935
-7.822152256965637	-2.210791826248169
-9.884175717830658	-3.9916841983795166
-10.677585572004318	-2.6761651039123535
-8.757892727851868	-6.034447073936462
-9.593499720096588	-4.8053576946258545
-5.350264549255371	-4.399554491043091
-6.786547780036926	-2.7297935485839844
-7.803426504135132	-3.153137683868408
-11.34352894127369	-2.618931770324707
-9.11043530702591	-8.211637258529663
-6.9201600551605225	-4.681848764419556
-6.51649796962738	-6.1529624462127686
-10.79098516702652	-5.598235845565796
-11.583463534712791	-8.212023854255676
-8.408164501190186	-7.085289716720581
-7.8876789808273315	-7.161341428756714
-10.2008838057518	-2.011101722717285
-9.214328348636627	-6.393611669540405
-10.863851219415665	-4.174668788909912
-3.7098827362060547	-6.571603059768677
-11.013237118721008	-2.251514196395874
-6.835635781288147	-8.924580216407776
-10.31705528497696	-2.7748782634735107
-5.212232351303101	-4.89963698387146
-9.050723612308502	-7.551204442977905
-8.89179253578186	-6.528918385505676
-10.014524459838867	-2.427931308746338
-7.073524832725525	-10.911442637443542
-7.391932725906372	-9.47959953546524
-5.704555034637451	-1.3018627166748047
-8.517308592796326	-7.5361998081207275
-7.928282260894775	-3.1836097240448
-10.209233164787292	-8.296149373054504
-9.158459901809692	-10.21382850408554
-6.794846534729004	-6.932373046875
-10.448559701442719	-10.860304176807404
-6.419915556907654	-8.453878283500671
-6.222357630729675	-4.293582201004028
-4.793451547622681	-3.7095816135406494
-8.285167336463928	-9.748679637908936
-7.857574224472046	-7.886317491531372
-5.097896575927734	-0.9824702739715576
-5.23041558265686	-9.500555276870728
-8.954608798027039	-4.316777229309082
-9.031144917011261	-2.1847593784332275
-5.2948994636535645	-5.540663480758667
-5.846959590911865	-6.041491270065308
-11.809898056089878	-3.800283193588257
-11.707635216414928	-0.8490250110626221
-11.71267256140709	-3.909696578979492
-8.576830387115479	-7.535050392150879
-6.389342665672302	-7.520190596580505
-9.885427594184875	-6.588067173957825
-10.246034145355225	-6.554195165634155
-8.791372776031494	-2.2050182819366455
-10.809155613183975	-10.899165451526642
-11.735835693776608	-3.654114246368408
-9.8665212392807	-6.334310173988342
-7.25443160533905	-1.685593843460083
-11.114526629447937	-2.7946114540100098
-5.001382112503052	-8.37214994430542
-7.821890830993652	-2.4344100952148438
-4.282640218734741	-0.6554553508758545
-9.173529267311096	-5.2723846435546875
-11.602030232548714	-8.641138315200806
-3.4970734119415283	-6.596364855766296
-11.055214762687683	-2.1452529430389404
-6.366456985473633	-2.0799007415771484
-8.890841603279114	-7.094045519828796
-7.631517291069031	-1.4133760929107666
-5.486505746841431	-2.9535398483276367
-5.914194345474243	-6.062001943588257
-11.0207279920578	-1.9167208671569824
-10.45072317123413	-4.462783098220825
-11.023935288190842	-4.680074214935303
-7.548591613769531	-4.337491750717163
-4.821321487426758	-4.5593976974487305
-8.995692729949951	-4.636246204376221
-6.380620837211609	-3.6530728340148926
-5.791820526123047	-7.960767030715942
-9.50157755613327	-5.595187425613403
-10.057354509830475	-4.757555723190308
-9.619974911212921	-7.5947452783584595
-10.507707506418228	-10.278451323509216
-7.195467710494995	-6.455108284950256
-9.1946382522583	-1.3046622276306152
-5.5566558837890625	-5.0249412059783936
-9.141143560409546	-3.7667627334594727
-6.543921232223511	-9.16180944442749
-9.5682093501091	-5.6592957973480225
-11.606196328997612	-6.643573522567749
-8.345096468925476	-0.6332309246063232
-10.129396498203278	-9.217461168766022
-7.005743980407715	-7.360219359397888
-8.6044260263443	-5.831073760986328
-10.245457828044891	-4.842480182647705
-11.917535338550806	-6.729461431503296
-8.17190408706665	-9.83417022228241
-5.49020791053772	-0.7454874515533447
-10.371939361095428	-7.728596091270447
-3.35949969291687	-10.195823013782501
-10.384202599525452	-3.2253928184509277
-6.60140061378479	-2.780583143234253
-11.64398641884327	-8.572899341583252
-6.986203551292419	-5.176057577133179
-4.015549421310425	-0.9126641750335693
-7.108896732330322	-2.877739906311035
-7.080484986305237	-1.3000409603118896
-7.209567904472351	-5.253396034240723
-10.60559132695198	-1.5456569194793701
-9.94078141450882	-2.004979133605957
-7.481843948364258	-2.7662758827209473
-5.781465768814087	-3.9311113357543945
-9.658054053783417	-7.541067838668823
-10.316705167293549	-9.698799848556519
-8.881941676139832	-5.633044481277466
-7.1856290102005005	-7.136804938316345
-4.784988641738892	-4.569573640823364
-10.483469724655151	-7.49836528301239
-10.647831916809082	-9.93270993232727
-5.340639352798462	-0.8164887428283691
-10.739046782255173	-3.2168991565704346
-9.992586135864258	-3.4296584129333496
-7.044216513633728	-8.952775597572327
-8.47628366947174	-3.5902605056762695
-6.517712116241455	-8.834076762199402
-7.584478139877319	-6.916055202484131
-10.369653582572937	-7.691583752632141
-8.058029294013977	-6.817423939704895
-10.38844746351242	-8.34763491153717
-7.718114733695984	-2.591862916946411
-9.940443992614746	-4.802716970443726
-5.59166407585144	-11.118772745132446
-10.324638783931732	-4.067312479019165
-6.732952237129211	-9.261010944843292
-11.42030444741249	-3.9461817741394043
-5.207716226577759	-8.428346157073975
-6.319009780883789	-3.214660406112671
-5.446522951126099	-5.292665004730225
-10.393782556056976	-8.725959777832031
-5.572998046875	-9.478567779064178
-6.617209196090698	-7.762220621109009
-7.9442689418792725	-4.95824933052063
-6.114335060119629	-6.012531995773315
-6.702526330947876	-2.652736186981201
-10.078541278839111	-10.435008108615875
-6.747387528419495	-9.269508004188538
-7.321703195571899	-8.744745254516602
-11.552956938743591	-4.946112155914307
-6.645855903625488	-10.954229950904846
-10.998356401920319	-7.707911252975464
-9.614182949066162	-9.994574904441833
-8.304447412490845	-2.2537364959716797
-11.988781174644828	-8.51129937171936
-10.493079006671906	-8.538034915924072
-8.552194833755493	-6.860912919044495
-7.738502740859985	-1.0903995037078857
-6.90828001499176	-9.638984262943268
-11.9976126041729	-11.87913253158331
-8.296981930732727	-7.300056338310242
-11.77470438927412	-4.232484340667725
-11.25825583934784	-10.121395468711853
-4.295196533203125	-3.8052964210510254
-9.150879263877869	-9.290330529212952
-9.57480275630951	-3.1739301681518555
-10.629946142435074	-3.5511839389801025
-10.276473999023438	-9.74162220954895
-10.03214693069458	-5.531906604766846
-8.709352254867554	-3.2881128787994385
-10.407069861888885	-8.852329730987549
-11.78754559904337	-1.90775728225708
-6.053608417510986	-3.3576629161834717
-9.711943745613098	-4.109986782073975
-6.842453241348267	-6.051635384559631
-5.485285520553589	-3.0225634574890137
-5.246611833572388	-4.863724708557129
-6.276946306228638	-9.64174336194992
-3.61452054977417	-3.5929462909698486
-11.884323310106993	-0.9366888999938965
-10.164513766765594	-1.3677477836608887
-6.502610206604004	-10.100311696529388
-7.009413242340088	-2.4871530532836914
-9.717664897441864	-3.711594343185425
-4.966070652008057	-8.488154768943787
-10.162556290626526	-5.167083263397217
-9.346039116382599	-6.419034361839294
-11.416295573115349	-3.779433488845825
-3.686436653137207	-8.69935691356659
-9.856884956359863	-9.798804938793182
-9.882470726966858	-5.152881145477295
-7.710071682929993	-6.7997660636901855
-8.899474382400513	-10.271444857120514
-8.863133311271667	-3.8407087326049805
-8.246589660644531	-7.767923355102539
-4.844722509384155	-8.629969596862793
-8.163275957107544	-3.4561614990234375
-7.569978475570679	-1.9421088695526123
-6.76578426361084	-9.177696168422699
-10.120277523994446	-3.5374209880828857
-6.018511533737183	-2.403913736343384
-4.13995885848999	-4.015589475631714
-11.169194608926773	-0.8511621952056885
-7.194714188575745	-1.9293715953826904
-11.616923242807388	-7.4205522537231445
-9.652582168579102	-3.152876615524292
-7.755168199539185	-5.175377368927002
-9.480790793895721	-7.4171916246414185
-4.235405445098877	-9.20249605178833
-9.727674543857574	-5.080170392990112
-7.872145414352417	-2.7878994941711426
-9.531188786029816	-10.850314021110535
-11.236410856246948	-8.03694498538971
-6.900246262550354	-7.228411674499512
-9.092119216918945	-2.036311626434326
-7.423406481742859	-8.392914533615112
-4.057476997375488	-6.66360068321228
-11.394782558083534	-7.085003614425659
-8.23796832561493	-10.41043746471405
-6.382575988769531	-9.129664599895477
-9.635566234588623	-6.648131847381592
-5.011746168136597	-6.637430906295776
-7.147069215774536	-5.391949653625488
-8.142521023750305	-1.9227526187896729
-8.092902660369873	-8.624412417411804
-6.2915836572647095	-2.382481813430786
-5.323448181152344	-6.315308332443237
-10.573798477649689	-7.010891318321228
-3.9084384441375732	-10.142268598079681
-6.901055574417114	-4.415777206420898
-11.786502756178379	-9.070980906486511
-9.54663348197937	-1.5400943756103516
-6.415067195892334	-7.446507453918457
-10.928006261587143	-8.633117437362671
-7.99267315864563	-8.101797223091125
-8.326861381530762	-2.925100564956665
-6.759324789047241	-4.63713812828064
-10.304998219013214	-5.473771333694458
-10.194720804691315	-8.64495849609375
-9.55530560016632	-3.876495122909546
-9.36118733882904	-5.790432929992676
-9.297652781009674	-8.405745506286621
-11.339612737298012	-5.375593185424805
-11.093494087457657	-2.175915241241455
-9.188965559005737	-7.041561841964722
-8.890834093093872	-10.568713992834091
-3.77947998046875	-2.371532678604126
-11.939877558499575	-2.477419853210449
-7.559822916984558	-6.574225544929504
-9.837227404117584	-5.460447549819946
-6.777171492576599	-1.4999241828918457
-4.688858985900879	-4.280563831329346
-8.856529712677002	-6.852025151252747
-11.506973549723625	-3.4691669940948486
-7.286665320396423	-7.975979447364807
-10.324440479278564	-4.912131071090698
-5.286769866943359	-3.7407567501068115
-9.08564668893814	-5.739398002624512
-8.774662971496582	-2.0978400707244873
-6.97004771232605	-6.0939635038375854
-7.806068301200867	-11.811148099601269
-7.8268139362335205	-9.018275499343872
-4.298678398132324	-2.022055149078369
-9.168366014957428	-5.320013523101807
-9.096621751785278	-6.036432981491089
-10.197467744350433	-7.243167400360107
-6.784454584121704	-8.11263620853424
-9.15322083234787	-3.9886128902435303
-7.206267356872559	-5.167627573013306
-4.993901968002319	-4.947677850723267
-9.058533489704132	-8.196437358856201
-11.932401599362493	-4.951686143875122
-8.72326648235321	-5.79943585395813
-6.141296625137329	-6.687433362007141
-8.772903442382812	-2.022458553314209
-7.701708555221558	-5.972885370254517
-9.684352934360504	-2.2162699699401855
-9.631231963634491	-8.36838984489441
-6.817372798919678	-9.73639565706253
-8.739911913871765	-5.610540390014648
-8.9787118434906	-4.975159406661987
-8.548580646514893	-5.743085145950317
-10.371062457561493	-6.448359489440918
-9.460403323173523	-6.968011021614075
-5.4680335521698	-2.326202630996704
-8.579491138458252	-7.918797254562378
-10.489898443222046	-6.540337085723877
-6.581338405609131	-1.6175079345703125
-4.910857200622559	-5.599153518676758
-9.096664488315582	-9.151081681251526
-4.679694414138794	-4.110002517700195
-6.471192240715027	-10.340971291065216
-2.65830659866333	-1.1472179889678955
-4.939988136291504	-4.297427415847778
-10.631290644407272	-11.517982855439186
-10.9817054271698	-3.871983289718628
-7.753703713417053	-7.965135097503662
-8.598800897598267	-4.887199401855469
-11.591976284980774	-8.50900948047638
-11.117958694696426	-4.863579511642456
-11.988690308528021	-8.310401558876038
-9.69896274805069	-10.823398232460022
-7.4774322509765625	-1.0514860153198242
-7.881341099739075	-9.183438062667847
-6.751596450805664	-6.450362205505371
-7.409961462020874	-2.538604974746704
-7.9784005880355835	-7.66789984703064
-6.920623183250427	-1.4622395038604736
-9.300912201404572	-8.109911799430847
-11.698704399168491	-7.167603492736816
-6.5803409814834595	-5.441544055938721
-8.695047497749329	-6.514715552330017
-7.871969103813171	-7.7338457107543945
-5.8343260288238525	-8.658303380012512
-5.670119047164917	-9.576698184013367
-2.9627280235290527	-7.535438776016235
-6.148955225944519	-5.581866502761841
-10.541430205106735	-9.798799753189087
-8.75203549861908	-7.7892608642578125
-11.504373103380203	-4.349499464035034
-7.8873878717422485	-8.255554676055908
-10.740319937467575	-7.512364625930786
-8.817894101142883	-2.6990725994110107
-7.886857509613037	-9.288488388061523
-5.296061754226685	-1.854968547821045
-9.833820283412933	-11.750580824911594
-7.625293850898743	-2.4967775344848633
-8.094563126564026	-4.420749664306641
-5.649230718612671	-4.1108386516571045
-11.737817890942097	-1.8696377277374268
-11.174405425786972	-3.753716468811035
-6.8882668018341064	-3.484666585922241
-5.6022584438323975	-9.266366600990295
-7.03641951084137	-6.6153563261032104
-11.529911041259766	-1.754051685333252
-6.617248892784119	-7.624396204948425
-7.787702679634094	-8.36071765422821
-7.522534132003784	-7.432407975196838
-6.7461007833480835	-2.2124991416931152
-6.198713064193726	-1.724613904953003
-7.530854344367981	-2.006290912628174
-4.396595478057861	-3.2501392364501953
-6.803839445114136	-7.877709746360779
-10.593627691268921	-4.688188076019287
-4.088035583496094	-6.524355411529541
-5.102831840515137	-2.8156163692474365
-9.636074781417847	-1.3477098941802979
-8.839193344116211	-4.088735818862915
-4.230978012084961	-5.350049257278442
-9.778325736522675	-7.217021226882935
-10.722152978181839	-9.169414758682251
-10.169673800468445	-3.4080991744995117
-10.60804769396782	-6.140138626098633
-5.990151643753052	-8.945457100868225
-4.793687582015991	-0.4684152603149414
-5.287043809890747	-5.113602876663208
-11.617184534668922	-1.2874746322631836
-5.273863792419434	-5.91631293296814
-8.618706464767456	-2.0275497436523438
-6.962626934051514	-9.069719195365906
-8.732792615890503	-2.155986785888672
-9.953877210617065	-3.668440818786621
-5.559283018112183	-2.5607986450195312
-8.869088172912598	-9.764247000217438
-8.406996488571167	-5.850636720657349
-9.132167994976044	-6.148293972015381
-6.211308002471924	-4.7497522830963135
-9.89790540933609	-6.216864466667175
-10.293294310569763	-8.970582604408264
-10.949429959058762	-5.526880502700806
-10.956212282180786	-9.480634689331055
-3.5997097492218018	-3.0898683071136475
-11.333068504929543	-2.174614906311035
-3.4386141300201416	-10.91533049941063
-9.788850545883179	-9.077593803405762
-5.457334041595459	-3.309605598449707
-8.9917631149292	-7.666072368621826
-7.330860257148743	-4.501321077346802
-8.899863123893738	-1.9310073852539062
-4.253157377243042	-7.18022882938385
-7.671232581138611	-6.190565228462219
-7.016633749008179	-5.698840856552124
-7.160269618034363	-4.066120862960815
-9.932287752628326	-3.7955188751220703
-3.5152859687805176	-1.6699419021606445
-10.223185122013092	-5.116398811340332
-10.15528017282486	-9.987340450286865
-8.132285714149475	-8.482561469078064
-6.8432217836380005	-5.940726041793823
-4.1177473068237305	-5.0755956172943115
-9.586838185787201	-1.1396613121032715
-7.039915323257446	-2.3332629203796387
-7.780190706253052	-6.824111580848694
-9.286076366901398	-4.836569309234619
-3.7383205890655518	-8.012902021408081
-11.631089217960835	-10.296562492847443
-6.426869630813599	-3.8960022926330566
-9.460834085941315	-2.480755090713501
-5.706532001495361	-9.017627835273743
-10.058550775051117	-3.1288905143737793
-7.9753618240356445	-2.694667339324951
-9.754282593727112	-1.8327162265777588
-7.734497666358948	-10.974899142980576
-7.203010439872742	-5.1764373779296875
-10.677442878484726	-2.961676597595215
-8.813548922538757	-7.022639751434326
-10.736897259950638	-9.41608875989914
-7.810578346252441	-10.141434252262115
-4.433976888656616	-9.01835024356842
-9.126587748527527	-8.696681499481201
-10.004627645015717	-11.192818522453308
-9.045107960700989	-9.088440120220184
-5.901200294494629	-4.405202865600586
-9.814669132232666	-5.455915689468384
-6.7999327182769775	-3.6762943267822266
-8.73522412776947	-0.9660615921020508
-8.546010375022888	-1.711571216583252
-10.007282853126526	-4.7521584033966064
-5.114444017410278	-7.979413747787476
-8.14206862449646	-6.360290765762329
-4.662761449813843	-3.8614211082458496
-6.081223011016846	-4.437014579772949
-7.68700647354126	-2.1926379203796387
-11.210444301366806	-3.956118106842041
-7.464303016662598	-8.971106171607971
-6.557278990745544	-1.7024939060211182
-6.8761128187179565	-6.331315398216248
-6.939885377883911	-4.122706890106201
-9.169729113578796	-7.207275867462158
-10.655450373888016	-7.2965991497039795
-8.989152073860168	-8.386407136917114
-7.171893239021301	-3.947557210922241
-4.417433738708496	-3.6004443168640137
-8.766226887702942	-7.502740859985352
-11.347459807991982	-7.961649298667908
-6.3904101848602295	-7.290955066680908
-7.861979126930237	-8.406914591789246
-9.913514792919159	-5.245270729064941
-11.20327913761139	-6.288971900939941
-6.511728286743164	-1.7504761219024658
-5.9193785190582275	-5.653444290161133
-9.47817188501358	-1.8690605163574219
-6.830966591835022	-2.7533326148986816
-7.692496061325073	-8.628212571144104
-11.661944411695004	-1.0997200012207031
-5.798603296279907	-0.9475479125976562
-6.7873746156692505	-2.8262529373168945
-8.721626043319702	-2.3472282886505127
-10.950487643480301	-5.9106080532073975
-8.55438244342804	-8.628339171409607
-9.582240879535675	-1.2383193969726562
-4.370379209518433	-8.211022138595581
-6.825315356254578	-1.3539354801177979
-7.930877208709717	-9.239890158176422
-10.888452708721161	-5.851438522338867
-8.419043183326721	-6.481555938720703
-5.729523181915283	-9.246002197265625
-3.5100066661834717	-3.6725120544433594
-7.559190988540649	-1.8756301403045654
-10.062794208526611	-7.689017057418823
-5.890828371047974	-1.3782670497894287
-10.370890080928802	-6.201460003852844
-5.499974012374878	-7.017131924629211
-3.183704137802124	-1.553142786026001
-3.787706136703491	-7.445830821990967
-11.17042225599289	-5.039767742156982
-8.073862195014954	-4.9211039543151855
-4.820211410522461	-1.9122669696807861
-11.0467589199543	-10.096851825714111
-4.400163173675537	-6.090106129646301
-8.92894971370697	-1.9985597133636475
-8.186145544052124	-4.755876302719116
-6.714860916137695	-7.33629298210144
-5.1590895652771	-1.466660499572754
-8.530582308769226	-7.501763463020325
-11.619508132338524	-6.33046281337738
-7.784539461135864	-4.391177415847778
-5.845661401748657	-5.973710060119629
-8.332427501678467	-4.419847726821899
-6.2363440990448	-11.15772458910942
-5.245106935501099	-7.473574161529541
-5.950603723526001	-9.067873477935791
-7.264850735664368	-6.767766237258911
-6.317452311515808	-5.266877174377441
-11.10563725233078	-5.2013840675354
-11.034602969884872	-6.9908140897750854
-7.275162577629089	-2.8297955989837646
-6.206665992736816	-1.4224097728729248
-10.259923338890076	-2.4465079307556152
-8.368556141853333	-10.40929090976715
-10.991517394781113	-5.807908773422241
-11.246566236019135	-8.487975597381592
-5.023362636566162	-6.324077725410461
-8.834500551223755	-8.092620849609375
-11.533654108643532	-5.635438442230225
-9.944832980632782	-2.889116048812866
-5.665104389190674	-3.0669894218444824
-5.593547344207764	-9.747104823589325
-7.901082515716553	-10.083731532096863
-5.115495443344116	-6.8471421003341675
-8.292988300323486	-6.818133473396301
-9.826845109462738	-10.326468765735626
-7.509160280227661	-7.3931368589401245
-9.94037675857544	-3.6653380393981934
-6.724014401435852	-4.965303182601929
-4.187366008758545	-2.0784029960632324
-6.864678382873535	-6.756159782409668
-9.323217451572418	-7.962461829185486
-5.046453952789307	-6.834458827972412
-2.9335405826568604	-6.738740086555481
-8.432342290878296	-5.091579437255859
-5.045907497406006	-0.9223194122314453
-8.748388051986694	-2.346482992172241
-8.839297771453857	-6.639093518257141
-4.461711645126343	-4.86016058921814
-3.8622186183929443	-4.814854860305786
-6.797565221786499	-3.513231039047241
-9.160489439964294	-1.2063302993774414
-6.103426694869995	-4.396052598953247
-7.02466893196106	-2.705338954925537
-8.673574805259705	-6.063553690910339
-4.326205015182495	-11.964193683117628
-11.962147749960423	-9.889761865139008
-7.362045764923096	-4.155896186828613
-8.018537521362305	-4.484020471572876
-7.028493046760559	-9.910010576248169
-9.172004699707031	-1.5438108444213867
-6.287403345108032	-5.8149590492248535
-8.82077944278717	-7.722609043121338
-10.366489291191101	-5.145185708999634
-10.616282522678375	-4.7568418979644775
-5.428405523300171	-3.1854193210601807
-8.24581003189087	-1.7489969730377197
-8.288172841072083	-0.6399807929992676
-10.904225528240204	-10.459190547466278
-7.887245535850525	-4.764539480209351
-4.044174671173096	-5.253315210342407
-8.706482291221619	-1.2030844688415527
-6.58228075504303	-3.114311456680298
-11.143727570772171	-3.186954975128174
-7.769562005996704	-2.330756664276123
-6.962403416633606	-6.7222219705581665
-6.662261009216309	-11.186293423175812
-11.936551647260785	-4.9404823780059814
-11.683046489953995	-2.7972028255462646
-8.740425109863281	-4.334698677062988
-10.926434844732285	-3.7050955295562744
-5.653545141220093	-1.6950888633728027
-8.589330196380615	-4.374478340148926
-7.702587962150574	-6.198700189590454
-10.63711953163147	-2.757081985473633
-5.166349411010742	-1.3767263889312744
-10.98728147149086	-2.8161191940307617
-11.263425037264824	-2.684997081756592
-6.02379298210144	-2.061206817626953
-9.351221680641174	-4.2191162109375
-8.637837052345276	-4.4916064739227295
-11.54970882833004	-4.254600763320923
-8.905674576759338	-5.868130445480347
-4.781505346298218	-6.405508518218994
-5.404186964035034	-3.682227373123169
-11.962267172522843	-2.8684895038604736
-10.498557686805725	-2.5294454097747803
-8.481990337371826	-1.5696237087249756
-4.042791366577148	-2.343682050704956
-9.824970781803131	-8.965847969055176
-11.401216864585876	-1.9127039909362793
-10.69657677412033	-5.01754903793335
-6.301700592041016	-6.741966605186462
-10.704236805438995	-6.731666564941406
-11.589248389005661	-8.023291110992432
-10.704680889844894	-4.219058275222778
-5.484689712524414	-3.715709924697876
-5.214679956436157	-4.637387037277222
-8.469807028770447	-2.336038827896118
-9.44847196340561	-8.304509282112122
-7.4867119789123535	-10.611522048711777
-7.8709477186203	-8.220123410224915
-9.617243885993958	-1.3906316757202148
-8.043115854263306	-4.68693995475769
-7.707544684410095	-11.449346601963043
-5.915436029434204	-5.898116827011108
-10.276382625102997	-4.741664171218872
-3.8732707500457764	-7.618638753890991
-6.1206042766571045	-11.15877252817154
-10.226321160793304	-7.712419867515564
-9.224323689937592	-5.8756091594696045
-8.280409097671509	-7.7683786153793335
-7.688671231269836	-7.198574781417847
-9.499546229839325	-3.891726493835449
-11.943513030186296	-3.376915454864502
-8.477816462516785	-8.651999473571777
-10.603282123804092	-4.960721254348755
-4.363194465637207	-9.798554241657257
-8.351776599884033	-6.71641731262207
-8.743928790092468	-7.550494909286499
-5.7245872020721436	-6.280503988265991
-7.935077548027039	-7.3780810832977295
-8.538772344589233	-9.883719384670258
-9.470696747303009	-5.611443042755127
-6.526000499725342	-5.656117916107178
-3.9518508911132812	-7.829172134399414
-8.148767352104187	-6.415341854095459
-9.385978639125824	-5.456629514694214
-9.808836042881012	-9.337901830673218
-5.1732823848724365	-2.6376614570617676
-7.1642385721206665	-1.8161838054656982
-11.424347341060638	-3.4097278118133545
-5.556389093399048	-1.041435956954956
-11.705134972929955	-1.0890684127807617
-10.260733902454376	-5.755365371704102
-7.767540335655212	-4.933821201324463
-11.681223951280117	-8.243408560752869
-10.247490048408508	-8.362237215042114
-9.158931076526642	-5.818085432052612
-9.618307828903198	-8.874146819114685
-6.595911383628845	-10.16907548904419
-9.526876151561737	-5.343257188796997
-10.296178221702576	-3.9690120220184326
-9.956170678138733	-7.372810006141663
-8.332370638847351	-2.489854574203491
-8.307013392448425	-5.099654674530029
-7.477542757987976	-1.0578746795654297
-8.63193154335022	-3.0928359031677246
-6.187701344490051	-0.9797995090484619
-9.575969517230988	-0.8710520267486572
-3.546682119369507	-1.5535504817962646
-10.431328654289246	-9.302169978618622
-10.97452425956726	-8.76300823688507
-8.491360902786255	-2.979886293411255
-8.80582845211029	-10.688256651163101
-6.840086817741394	-4.104286193847656
-11.229072242975235	-2.2528202533721924
-9.078831017017365	-7.7448810338974
-6.953250288963318	-2.1124470233917236
-11.08919844031334	-1.6505248546600342
-10.345211684703827	-10.52401515841484
-5.229238986968994	-2.2828896045684814
-7.449232220649719	-2.573077440261841
-4.6160595417022705	-0.9724910259246826
-7.6670286655426025	-2.0445549488067627
-10.566706627607346	-2.2505221366882324
-9.759589433670044	-6.507129549980164
-9.096390902996063	-4.1898157596588135
-7.896519184112549	-9.57017308473587
-4.875791072845459	-5.9062535762786865
-7.836150169372559	-10.361767172813416
-4.24880576133728	-8.824127554893494
-10.686770975589752	-3.199575662612915
-10.98263356089592	-6.450321435928345
-7.726690649986267	-6.3149049282073975
-10.49266791343689	-1.9593901634216309
-10.066973447799683	-9.91760140657425
-9.825141370296478	-11.6462432295084
-5.755756616592407	-5.279313325881958
-8.261017799377441	-0.6788985729217529
-11.971167328767478	-2.752861261367798
-9.422225654125214	-5.19509482383728
-8.136619448661804	-5.238157510757446
-8.70643937587738	-4.757274627685547
-9.600959837436676	-2.0197412967681885
-5.192457675933838	-4.883595943450928
-4.1820008754730225	-5.821913480758667
-9.46798825263977	-4.565939426422119
-4.162073135375977	-2.4523158073425293
-11.435209080576897	-8.021510481834412
-10.116282999515533	-2.84175181388855
-11.043501645326614	-1.3516967296600342
-8.615567564964294	-6.180654287338257
-8.504139304161072	-5.251642227172852
-7.553633809089661	-7.038412928581238
-9.480988383293152	-1.6510398387908936
-7.748895764350891	-9.821050107479095
-11.392830491065979	-5.602814197540283
-8.807861566543579	-5.641278505325317
-10.934489876031876	-6.377416133880615
-7.040350556373596	-4.089155673980713
-7.177161812782288	-8.340793132781982
-9.580281615257263	-8.336696147918701
-4.453556299209595	-6.4144381284713745
-10.36807930469513	-6.434770703315735
-9.472524583339691	-3.406680107116699
-8.654327273368835	-6.9387266635894775
-8.35216999053955	-7.737240672111511
-5.158698320388794	-8.208064913749695
-8.685953736305237	-4.944545030593872
-8.637663960456848	-3.739678144454956
-10.316138863563538	-8.71444022655487
-11.35183471441269	-7.941103577613831
-11.649913854897022	-4.856306791305542
-9.590849876403809	-9.38038820028305
-8.919657826423645	-1.4207632541656494
-6.0113747119903564	-3.9148049354553223
-10.090537905693054	-6.980025887489319
-5.755503416061401	-1.4709455966949463
-8.481416702270508	-4.002232074737549
-3.9828286170959473	-7.1357163190841675
-4.763086795806885	-0.8497409820556641
-6.515902161598206	-8.070730090141296
-11.673169545829296	-3.7876360416412354
-11.147986650466919	-10.349922180175781
-8.510746121406555	-6.8593761920928955
-7.821605801582336	-11.508552968502045
-7.749083161354065	-0.7515978813171387
-10.478477776050568	-8.815085649490356
-7.9505531787872314	-0.9767274856567383
-6.833367705345154	-6.631302237510681
-7.870690941810608	-6.374128818511963
-11.718627780675888	-8.367525458335876
-8.435985803604126	-5.306535243988037
-5.963444709777832	-9.02116996049881
-4.895087957382202	-3.4102721214294434
-4.874284029006958	-5.262598514556885
-10.992817997932434	-3.6410672664642334
-3.182518243789673	-6.022470831871033
-7.633440971374512	-1.65655517578125
-8.601429462432861	-9.33408272266388
-10.791952908039093	-2.097167730331421
-9.594724595546722	-8.7490975856781
-10.12937593460083	-7.950721263885498
-6.8284385204315186	-6.161483287811279
-11.546940073370934	-6.179732322692871
-6.106509804725647	-7.955277800559998
-6.846803426742554	-8.966644763946533
-3.7693777084350586	-1.1543827056884766
-4.443886041641235	-3.99642276763916
-8.440029501914978	-11.054453551769257
-11.669898077845573	-7.2514801025390625
-11.188731372356415	-9.251999974250793
-3.640279769897461	-4.221148252487183
-9.171793341636658	-6.296138763427734
-8.369293928146362	-3.5933139324188232
-9.549905955791473	-2.476856231689453
-6.8432536125183105	-3.546990394592285
-9.62704074382782	-1.443687915802002
-10.081409811973572	-6.140432953834534
-8.933662176132202	-7.4654048681259155
-5.592164039611816	-7.284117579460144
-10.18375414609909	-3.3112757205963135
-8.775402188301086	-5.937009572982788
-3.819768190383911	-2.8519463539123535
-4.721605539321899	-6.832160711288452
-11.452024206519127	-5.5703980922698975
-11.438827201724052	-0.7504956722259521
-8.409077882766724	-6.5253599882125854
-10.899874716997147	-8.945639848709106
-10.686630517244339	-3.8856003284454346
-11.22175794839859	-1.4634382724761963
-5.829710483551025	-8.980330467224121
-4.523857355117798	-1.0396006107330322
-11.799924150109291	-9.12362265586853
-5.3100950717926025	-6.314675331115723
-3.8965272903442383	-1.2326545715332031
-9.93757152557373	-11.74234103411436
-11.809863813221455	-4.591446161270142
-9.669991493225098	-10.54083314538002
-10.64255279302597	-5.285524606704712
-9.191206455230713	-6.833315491676331
-5.01428747177124	-4.104762554168701
-8.090628147125244	-1.734433650970459
-9.431627869606018	-11.359851568937302
-10.106110274791718	-5.970577955245972
-5.635835409164429	-6.58035135269165
-6.7909862995147705	-7.6338053941726685
-7.722921967506409	-10.316688001155853
-11.622290566563606	-1.2853460311889648
-9.12095296382904	-9.647819459438324
-9.063543677330017	-6.9009093046188354
-8.363917708396912	-3.8927013874053955
-8.094131827354431	-6.394477844238281
-7.399369955062866	-0.7124505043029785
-3.4084482192993164	-2.4852805137634277
-11.684316538274288	-8.628447890281677
-5.556401968002319	-6.3796327114105225
-7.3022085428237915	-5.094873905181885
-11.090083926916122	-8.453291416168213
-4.873446464538574	-7.952118158340454
-7.588354110717773	-4.442652940750122
-8.205658793449402	-10.910957604646683
-9.803680837154388	-11.269357278943062
-8.45054018497467	-5.584383487701416
-8.898945808410645	-3.3439078330993652
-6.517664909362793	-4.760159969329834
-7.615702271461487	-6.05523419380188
-7.980086445808411	-9.752812564373016
-11.445389673113823	-5.086282253265381
-4.089619159698486	-8.296206951141357
-5.192929029464722	-4.547591686248779
-6.7393330335617065	-0.9060580730438232
-6.261348009109497	-6.469674468040466
-10.978640913963318	-1.4107840061187744
-10.885853290557861	-6.579094648361206
-9.26035362482071	-8.556093692779541
-7.844863414764404	-5.1140806674957275
-8.342742919921875	-2.215660572052002
-10.352736711502075	-4.697382688522339
-6.787234425544739	-5.723123073577881
-6.7702614068984985	-6.428009748458862
-5.8876633644104	-7.4540205001831055
-10.325415194034576	-5.317012310028076
-8.837822198867798	-6.688886761665344
-4.219043254852295	-6.434111595153809
-3.334017276763916	-2.7217419147491455
-7.213987112045288	-7.812525987625122
-11.278898924589157	-7.974986672401428
-9.278268456459045	-1.2376298904418945
-9.412701487541199	-4.561685800552368
-7.929638028144836	-0.792447566986084
-7.16486120223999	-2.889566659927368
-4.955454111099243	-1.8799731731414795
-8.375368237495422	-9.32298856973648
-10.186769306659698	-5.228492975234985
-4.82610297203064	-2.3369243144989014
-9.356667280197144	-3.841615676879883
-10.061561822891235	-4.638488531112671
-10.87275579571724	-4.875122308731079
-6.902063012123108	-3.2681987285614014
-10.049907982349396	-0.8534367084503174
-6.478438138961792	-8.82678508758545
-11.592907682061195	-8.578820586204529
-10.787628561258316	-5.364518880844116
-9.145410418510437	-1.7282037734985352
-9.182403802871704	-4.9740729331970215
-9.319332540035248	-6.026504874229431
-5.459900379180908	-6.0583637952804565
-11.496999979019165	-1.5356361865997314
-9.218509197235107	-1.0266194343566895
-7.655820608139038	-6.551627039909363
-10.344297766685486	-7.758048892021179
-11.282663136720657	-4.326118469238281
-6.349746465682983	-11.13336431980133
-8.438953042030334	-3.7548394203186035
-4.690247297286987	-2.620424509048462
-9.449661433696747	-7.239101886749268
-10.842287868261337	-0.49684739112854004
-4.451698064804077	-9.012848317623138
-9.737487137317657	-6.747101068496704
-2.8043932914733887	-7.278640508651733
-9.06000566482544	-8.341757655143738
-6.82175087928772	-8.903583884239197
-11.71861445903778	-2.4263148307800293
-7.820577263832092	-7.230603218078613
-6.319169998168945	-3.2723801136016846
-9.970146596431732	-3.42520809173584
-9.803569614887238	-2.4307823181152344
-8.857771396636963	-8.873791694641113
-4.67687201499939	-2.9303598403930664
-7.030428528785706	-4.868951082229614
-6.31446647644043	-7.03238832950592
-8.118774175643921	-0.910616397857666
-8.16688621044159	-4.263834714889526
-6.951880574226379	-10.160158574581146
-5.850599527359009	-4.081523895263672
-11.05339640378952	-5.51208758354187
-6.188656210899353	-7.908915638923645
-4.336501121520996	-6.859939813613892
-4.655984401702881	-8.159587383270264
-7.983739256858826	-5.4004504680633545
-6.099998116493225	-8.442538976669312
-5.110374927520752	-1.905306100845337
-4.629831790924072	-8.09935748577118
-10.018715500831604	-5.470690011978149
-5.526599407196045	-2.347271203994751
-7.038785934448242	-3.040444850921631
-11.890220861881971	-1.4834439754486084
-7.006371974945068	-3.2297065258026123
-2.686997652053833	-8.611334323883057
-10.090127527713776	-6.182822585105896
-7.690398931503296	-6.6907854080200195
-11.429462045431137	-6.487181782722473
-6.389130592346191	-4.613793611526489
-11.697927989065647	-6.784684181213379
-10.047861635684967	-10.204329371452332
-8.369731307029724	-7.352309703826904
-4.936921834945679	-8.340798139572144
-11.956955426372588	-6.6355791091918945
-8.402373790740967	-4.850729942321777
-8.632080674171448	-11.206915140151978
-9.964767873287201	-4.152129650115967
-11.164924263954163	-7.031007885932922
-8.674248218536377	-8.013174891471863
-5.506703853607178	-2.1557679176330566
-4.845208168029785	-2.6577951908111572
-10.45715743303299	-1.2946686744689941
-5.6797850131988525	-6.070860385894775
-11.221447885036469	-7.167378902435303
-9.934885025024414	-4.507206916809082
-10.86362162232399	-9.658991038799286
-11.196358680725098	-2.5938727855682373
-9.281330823898315	-1.6998610496520996
-11.595337003469467	-2.454632520675659
-8.557711243629456	-2.305299997329712
-9.61331981420517	-8.178521275520325
-7.629596829414368	-6.027575612068176
-9.999724209308624	-3.3835251331329346
-9.734201431274414	-7.29636025428772
-9.141110837459564	-5.812981367111206
-8.904898881912231	-2.7013399600982666
-8.089040994644165	-6.964745879173279
-8.963913917541504	-3.0476553440093994
-7.6150699853897095	-2.1147186756134033
-8.571702361106873	-7.775738954544067
-10.159973323345184	-2.9389808177948
-6.78030002117157	-1.3846113681793213
-7.4971171617507935	-3.590399980545044
-7.839470744132996	-10.06833404302597
-8.769721627235413	-3.4425623416900635
-5.862680912017822	-8.303919553756714
-7.9417712688446045	-1.2632381916046143
-5.635655164718628	-5.136959552764893
-7.62287163734436	-7.334596753120422
-10.038898050785065	-2.2200822830200195
-5.389992713928223	-6.829874038696289
-6.673938989639282	-11.399029076099396
-10.57655793428421	-2.552795648574829
-9.989285409450531	-1.4893898963928223
-3.101966142654419	-1.701413869857788
-7.589251756668091	-1.2352581024169922
-10.496173024177551	-3.5875611305236816
-10.103879034519196	-8.556673765182495
-7.728232026100159	-1.8284697532653809
-5.915748596191406	-5.129596710205078
-5.598990440368652	-4.642481088638306
-9.615065395832062	-5.713728904724121
-9.47274899482727	-3.1578733921051025
-6.769961714744568	-5.033105134963989
-8.617277383804321	-3.5459096431732178
-11.731337942183018	-10.240660429000854
-3.729825496673584	-5.8766562938690186
-9.21431976556778	-2.714243173599243
-2.6545321941375732	-0.6134419441223145
-9.080946922302246	-10.288580596446991
-9.350216209888458	-6.472927093505859
-9.941263496875763	-3.8267812728881836
-11.720612190663815	-3.4498372077941895
-7.598645925521851	-3.2596964836120605
-11.18347880244255	-8.486225008964539
-9.767597794532776	-6.041592478752136
-8.402952790260315	-2.6542553901672363
-5.809179067611694	-10.718917697668076
-7.318205237388611	-3.0703375339508057
-4.200896501541138	-6.10101842880249
-9.432838261127472	-5.466565132141113
-8.796958208084106	-9.916800856590271
-5.475636005401611	-9.193803369998932
-11.760152377188206	-3.32238507270813
-4.8590569496154785	-4.013987302780151
-3.4330379962921143	-6.468675255775452
-6.7559974193573	-1.0347647666931152
-7.279523134231567	-4.751503229141235
-5.866300106048584	-1.2907583713531494
-3.9858219623565674	-9.831526100635529
-11.446528941392899	-1.5660123825073242
-7.343212723731995	-3.375340461730957
-6.130695819854736	-5.146905183792114
-8.198748350143433	-5.674181699752808
-5.401710033416748	-7.635281324386597
-6.22571861743927	-8.783713102340698
-8.027130603790283	-1.2080276012420654
-6.0099674463272095	-6.37949001789093
-7.812557101249695	-9.286638736724854
-4.14643406867981	-7.26859438419342
-9.205863654613495	-8.868187308311462
-9.595974326133728	-1.4762485027313232
-7.884647727012634	-5.98536229133606
-11.358356282114983	-1.0998058319091797
-11.095630824565887	-6.269036650657654
-5.558517694473267	-11.310856685042381
-10.019181668758392	-5.925354480743408
-8.907235622406006	-10.023045659065247
-7.984057188034058	-5.190643072128296
-10.418300449848175	-7.981276631355286
-11.089335590600967	-10.371226251125336
-6.677249193191528	-1.9384210109710693
-8.071448564529419	-2.880610227584839
-8.03356397151947	-8.35589611530304
-11.501667469739914	-1.3581805229187012
-3.838822603225708	-4.037079334259033
-6.075437307357788	-11.566776931285858
-11.978799846488982	-2.945584774017334
-7.6563481092453	-7.889870882034302
-1.7394611835479736	-4.787293195724487
-8.60688042640686	-5.2003326416015625
-10.17052173614502	-2.9436285495758057
-6.576062321662903	-7.365875959396362
-8.92513632774353	-2.172469139099121
-7.907500147819519	-1.7442748546600342
-5.3068578243255615	-4.358292102813721
-10.36221295595169	-2.429396867752075
-8.625605463981628	-6.142722129821777
-3.455458402633667	-1.0120697021484375
-4.528914928436279	-3.9577531814575195
-11.104959636926651	-2.7139205932617188
-7.935663342475891	-10.567494750022888
-6.3223865032196045	-5.836737155914307
-7.801337242126465	-5.698116302490234
-8.012846946716309	-6.029587626457214
-10.284083425998688	-5.9811694622039795
-11.27631264925003	-9.696935892105103
-6.17061173915863	-8.907709121704102
-4.215930461883545	-5.598451137542725
-10.584835678339005	-5.474813461303711
-8.101314783096313	-2.123814582824707
-10.743505150079727	-1.1890647411346436
-9.562921464443207	-6.625932455062866
-11.000887423753738	-10.474700331687927
-11.652031280100346	-2.462345838546753
-8.882481694221497	-7.127636432647705
-6.007397174835205	-5.402645587921143
-5.778334379196167	-9.773894906044006
-9.147780776023865	-9.922178149223328
-6.924145817756653	-2.385495901107788
-10.413313508033752	-9.223960518836975
-5.52001690864563	-3.1962897777557373
-9.394986033439636	-2.4920754432678223
-8.932993054389954	-6.00903046131134
-10.29288500547409	-3.4440958499908447
-10.45541113615036	-2.5049142837524414
-10.187826097011566	-6.036953687667847
-9.415223836898804	-1.5990314483642578
-8.691659688949585	-9.326819479465485
-10.477918446063995	-5.529649972915649
-11.907548490911722	-8.066303014755249
-6.520161867141724	-3.387934684753418
-11.982332651037723	-1.5192561149597168
-10.719733357429504	-9.358721494674683
-8.445544123649597	-4.8788580894470215
-11.635762341320515	-2.001239776611328
-9.17759120464325	-7.923241138458252
-7.5482693910598755	-2.9629268646240234
-5.277683973312378	-11.054492980241776
-8.447696328163147	-0.5999135971069336
-5.5533342361450195	-10.866320371627808
-7.767887592315674	-4.435855150222778
-10.499086797237396	-4.988000392913818
-7.615341424942017	-1.968557596206665
-7.1756272315979	-2.617135763168335
-9.151766896247864	-3.256917715072632
-7.2144670486450195	-2.545663833618164
-7.603594779968262	-4.81057333946228
-5.039583921432495	-5.195141315460205
-10.015900790691376	-7.3460386991500854
-6.392846345901489	-7.573927044868469
-4.950456619262695	-6.237263202667236
-10.128118872642517	-9.958391189575195
-4.13084864616394	-11.624036684632301
-6.1702834367752075	-9.030502796173096
-7.943978548049927	-9.580904424190521
-8.79700791835785	-6.131201863288879
-9.395295560359955	-2.8682262897491455
-10.280794143676758	-7.609474539756775
-9.688348889350891	-7.280584216117859
-7.653231382369995	-6.822653532028198
-7.870265364646912	-3.0689806938171387
-7.853127121925354	-7.305410027503967
-8.787715673446655	-8.901448845863342
-7.558609127998352	-9.914229333400726
-4.410093069076538	-7.850199937820435
-5.653138160705566	-7.000980377197266
-8.44785475730896	-10.37309056520462
-5.984663486480713	-2.868774890899658
-8.838056802749634	-3.568695545196533
-7.619826436042786	-2.7167866230010986
-6.13619327545166	-5.445910692214966
-4.00549578666687	-3.564452648162842
-8.421082735061646	-2.2616658210754395
-6.6306374073028564	-2.5622856616973877
-9.851090848445892	-6.553151249885559
-7.3443803787231445	-7.279963731765747
-6.90252149105072	-1.1121654510498047
-7.463816285133362	-5.764540672302246
-5.102303981781006	-3.1655709743499756
-6.6800776720047	-7.579300761222839
-10.601057231426239	-11.507425770163536
-8.023977756500244	-8.476394891738892
-7.046003580093384	-3.046880006790161
-8.611477375030518	-10.305211186408997
-8.246049284934998	-1.4893763065338135
-7.953577280044556	-11.639745756983757
-10.404242277145386	-11.482972383499146
-8.876078367233276	-5.812299728393555
-9.162004351615906	-4.679693698883057
-10.638240963220596	-6.091420412063599
-7.051797866821289	-7.914069771766663
-5.99101996421814	-9.284586668014526
-8.871616244316101	-3.944390058517456
-8.427313327789307	-5.69881010055542
-7.279422640800476	-1.549055814743042
-11.704578191041946	-8.315352201461792
-5.052236080169678	-1.2419886589050293
-8.547550678253174	-1.2978687286376953
-5.877679109573364	-7.106939792633057
-7.168277621269226	-11.797760657966137
-6.382003426551819	-8.017775774002075
-7.634302139282227	-2.594613790512085
-10.512323141098022	-3.694791555404663
-10.252219140529633	-2.470099925994873
-11.410157337784767	-3.390533924102783
-6.8069422245025635	-11.086493074893951
-11.721744261682034	-8.011818051338196
-10.15148377418518	-0.824366569519043
-3.457826614379883	-4.585078239440918
-10.857266664505005	-8.433045029640198
-8.390456914901733	-1.1436281204223633
-5.267752647399902	-9.531660497188568
-5.588496208190918	-4.116604328155518
-6.997850775718689	-3.3603408336639404
-10.087212681770325	-8.404327511787415
-8.357125639915466	-8.723304390907288
-8.238108158111572	-8.6040540933609
-4.628934860229492	-5.909816265106201
-10.708659142255783	-9.795459687709808
-6.89356005191803	-2.0687999725341797
-11.473535880446434	-1.1305360794067383
-7.144575834274292	-4.864098072052002
-11.305378317832947	-11.7351558431983
-11.745296403765678	-3.61273455619812
-8.233960390090942	-7.863831639289856
-10.765480399131775	-8.38707411289215
-9.466442048549652	-3.874068260192871
-6.074299335479736	-5.175466060638428
-9.958336114883423	-7.769562005996704
-5.498092174530029	-5.033345460891724
-8.378330826759338	-2.405113935470581
-10.403704404830933	-1.8205811977386475
-7.352652311325073	-1.7275478839874268
-6.989628195762634	-6.888680577278137
-9.856951296329498	-6.53213632106781
-10.72443214058876	-8.691201567649841
-7.226685047149658	-2.417721748352051
-6.31330418586731	-1.373239517211914
-10.873805701732635	-3.2634265422821045
-11.099944710731506	-9.84608656167984
-8.378087282180786	-4.822005271911621
-6.617555737495422	-7.874025821685791
-8.436485767364502	-1.241304874420166
-11.640529163181782	-0.8272039890289307
-8.0793217420578	-8.712085962295532
-8.052922368049622	-5.123015642166138
-11.50588546693325	-6.062641382217407
-6.507300853729248	-7.363619685173035
-7.22123658657074	-9.658192813396454
-4.8106255531311035	-0.9457383155822754
-11.373633116483688	-8.721906423568726
-9.495816349983215	-4.160822868347168
-8.093502044677734	-11.68537337332964
-7.449280858039856	-1.108738660812378
-11.221755355596542	-1.9915895462036133
-10.86078679561615	-3.8932321071624756
-7.340151429176331	-5.131414175033569
-10.86981126666069	-4.546744108200073
-9.397229790687561	-4.758165121078491
-7.117720127105713	-6.788317680358887
-3.6777377128601074	-6.250718951225281
-10.833850085735321	-6.275301575660706
-6.277003884315491	-9.823554396629333
-8.004128336906433	-7.5854387283325195
-10.487272202968597	-1.2795052528381348
-4.198609113693237	-6.788813352584839
-3.6547300815582275	-8.20780098438263
-6.440203428268433	-10.189855098724365
-4.704812049865723	-8.605540037155151
-6.590439319610596	-9.133717060089111
-5.402309417724609	-0.8059730529785156
-7.209840416908264	-7.053871750831604
-6.424066543579102	-5.702723979949951
-9.438574969768524	-1.234703779220581
-10.784907013177872	-9.904962837696075
-6.626315474510193	-4.1248555183410645
-8.434244155883789	-5.2200093269348145
-11.240670651197433	-2.6234192848205566
-8.140570521354675	-7.610754132270813
-10.132488906383514	-1.809779405593872
-7.5865620374679565	-7.8266472816467285
-8.320668339729309	-2.9920949935913086
-8.054349660873413	-8.654505372047424
-8.409208059310913	-2.0443167686462402
-7.75601327419281	-7.264617919921875
-8.385873198509216	-6.253790974617004
-6.895474433898926	-7.571225881576538
-5.056725025177002	-8.286733746528625
-10.91393056511879	-7.651996493339539
-5.806338787078857	-6.027658224105835
-7.591647505760193	-7.553978204727173
-9.090500056743622	-0.8841269016265869
-6.169137597084045	-4.7409539222717285
-8.78524374961853	-6.161931395530701
-6.881080627441406	-6.814844012260437
-8.915799736976624	-1.5101172924041748
-10.766417026519775	-11.642887629568577
-11.634701661765575	-8.144764065742493
-8.949231505393982	-11.450201913714409
-5.030729055404663	-7.686255097389221
-9.874443590641022	-5.541279315948486
-5.6162803173065186	-1.2028541564941406
-5.965541124343872	-5.6664276123046875
-11.41877594590187	-2.757972478866577
-6.447952508926392	-6.066702604293823
-3.119523525238037	-6.750864386558533
-10.531373888254166	-4.284909009933472
-10.523711532354355	-9.637280702590942
-8.617392182350159	-10.932290732860565
-3.59489107131958	-6.248464465141296
-9.647626876831055	-1.3950605392456055
-7.860970973968506	-8.461080551147461
-4.441365480422974	-9.379147946834564
-10.328288912773132	-2.821530818939209
-7.784345269203186	-4.31517219543457
-5.400776624679565	-3.0655574798583984
-5.082746744155884	-1.468092441558838
-11.64439970254898	-2.3777804374694824
-11.38654688000679	-7.303080797195435
-11.256323263049126	-9.988320350646973
-9.373832881450653	-8.897872567176819
-9.102144420146942	-4.464179277420044
-10.46196323633194	-0.6304235458374023
-7.704046010971069	-5.7585461139678955
-6.576581954956055	-9.599709212779999
-4.896777391433716	-4.469271183013916
-8.118645071983337	-2.861065149307251
-4.854532241821289	-4.319043874740601
-7.791335463523865	-4.365412473678589
-7.148186445236206	-1.9205424785614014
-6.300359845161438	-7.343396186828613
-5.335230588912964	-1.681126356124878
-5.2252585887908936	-7.087098956108093
-10.106428563594818	-9.05327957868576
-11.149504512548447	-6.78077244758606
-8.523547053337097	-4.559442758560181
-10.905411779880524	-2.754495620727539
-11.201208472251892	-1.047602891921997
-9.536213278770447	-7.021427392959595
-10.162776947021484	-7.993318676948547
-6.188811421394348	-2.0819406509399414
-5.966346502304077	-6.011221289634705
-9.533666253089905	-9.583294987678528
-10.256636381149292	-3.835975170135498
-3.342121124267578	-6.3585898876190186
-11.078619092702866	-3.146000862121582
-5.159698963165283	-9.937603890895844
-9.560342788696289	-5.39423131942749
-7.349219441413879	-5.47812294960022
-8.408869743347168	-1.5267255306243896
-9.220559298992157	-2.958467960357666
-10.424322724342346	-5.105495452880859
-5.723446369171143	-7.648974180221558
-8.84624433517456	-7.371075868606567
-6.464635491371155	-9.177027225494385
-9.537281155586243	-4.939870119094849
-10.561123430728912	-3.0743651390075684
-10.977721005678177	-9.382252871990204
-8.44315230846405	-7.619673371315002
-5.282471179962158	-9.57827478647232
-3.884364366531372	-9.222986161708832
-3.5074403285980225	-6.268784165382385
-10.935494899749756	-9.362069964408875
-8.306512355804443	-2.0187935829162598
-5.136988162994385	-5.122974872589111
-9.547685444355011	-5.1966447830200195
-11.291084870696068	-10.829698294401169
-8.018190622329712	-10.822104066610336
-6.615767955780029	-3.4858689308166504
-9.37144410610199	-1.410459280014038
-7.58570122718811	-8.77601158618927
-8.475214719772339	-7.8185824155807495
-10.147939503192902	-8.303983926773071
-9.517963349819183	-6.516933560371399
-10.552544116973877	-5.910188913345337
-6.2626014947891235	-8.180132389068604
-8.82528805732727	-4.1063103675842285
-5.649600505828857	-6.733431816101074
-10.882726728916168	-5.918890714645386
-5.703542232513428	-7.633763551712036
-11.050547897815704	-1.2443196773529053
-5.463764190673828	-1.0628900527954102
-8.540473937988281	-7.323436260223389
-11.642760135233402	-5.7029128074646
-8.838756680488586	-6.549809217453003
-4.5137779712677	-3.9892337322235107
-9.117099702358246	-3.5958330631256104
-6.482986092567444	-7.89044988155365
-7.433007001876831	-2.2241220474243164
-10.100167572498322	-2.899099588394165
-7.08808958530426	-2.1939804553985596
-2.732792615890503	-11.898209743201733
-8.970301508903503	-6.868196368217468
-5.942310333251953	-1.2225959300994873
-4.948724269866943	-3.8556389808654785
-3.614323854446411	-6.262581825256348
-6.958525657653809	-2.4932456016540527
-6.811195135116577	-4.892887115478516
-9.385830581188202	-4.1015918254852295
-11.277123257517815	-7.762324690818787
-4.090375185012817	-5.32835054397583
-11.330863192677498	-5.03725004196167
-11.773647218942642	-3.079747438430786
-6.4627625942230225	-4.739578485488892
-7.56229305267334	-10.819913417100906
-11.471814349293709	-3.4624879360198975
-4.721616983413696	-2.0177528858184814
-9.802542328834534	-1.918074131011963
-9.302029430866241	-1.10963773727417
-4.048818826675415	-7.799344182014465
-6.888750672340393	-0.7258014678955078
-8.130871653556824	-6.002858877182007
-5.0897040367126465	-9.999146103858948
-11.280094116926193	-8.450571298599243
-8.469187617301941	-2.1393227577209473
-11.567129999399185	-6.830651164054871
-6.970976114273071	-6.782126069068909
-7.824568390846252	-2.7509958744049072
-9.118456721305847	-5.493963003158569
-10.133066833019257	-7.084574460983276
-9.958574831485748	-2.793876886367798
-11.959110234864056	-4.459280490875244
-9.103528439998627	-8.768508911132812
-10.810124605894089	-10.84656098484993
-7.637027978897095	-3.4720630645751953
-9.482491314411163	-5.012337684631348
-9.842917442321777	-2.1001288890838623
-4.485419511795044	-5.297430038452148
-7.364611744880676	-5.814452648162842
-7.097971558570862	-4.769282341003418
-8.136203527450562	-6.928425550460815
-8.866955637931824	-2.7352495193481445
-10.362103164196014	-9.770473837852478
-9.372362673282623	-6.058754324913025
-10.534386724233627	-8.567609310150146
-5.428931951522827	-1.0723156929016113
-7.200257778167725	-6.221197128295898
-6.041751980781555	-6.228767395019531
-5.632392883300781	-7.866451978683472
-7.883764386177063	-3.1391050815582275
-4.479373455047607	-2.029885768890381
-4.476995229721069	-1.1712756156921387
-6.817659258842468	-9.01796668767929
-9.759904861450195	-3.491548776626587
-9.143157184123993	-11.724912866950035
-7.908845901489258	-3.8501780033111572
-10.494369328022003	-2.958869218826294
-5.400866746902466	-4.791720628738403
-10.898912161588669	-6.074974894523621
-11.871283415704966	-1.924482822418213
-8.17755925655365	-5.428508520126343
-9.44693899154663	-8.277196168899536
-8.130592346191406	-1.1043684482574463
-3.975580930709839	-5.6034135818481445
-10.624539524316788	-9.103485882282257
-5.700907945632935	-5.162092208862305
-8.220849752426147	-2.7161808013916016
-7.213054060935974	-6.627487421035767
-4.188647747039795	-0.9444458484649658
-8.657968997955322	-11.459693402051926
-9.32787036895752	-9.58853530883789
-11.898398503661156	-9.056467473506927
-11.373039588332176	-6.548172354698181
-7.747011065483093	-3.6084651947021484
-7.169459939002991	-0.6836292743682861
-7.357579350471497	-1.79024076461792
-8.039693355560303	-5.962050676345825
-6.046298861503601	-4.374180793762207
-8.970065474510193	-8.30213212966919
-7.0625245571136475	-11.857561759650707
-7.168376684188843	-8.31199336051941
-10.715137392282486	-6.537370204925537
-5.958604574203491	-4.811729907989502
-8.541712045669556	-6.997550368309021
-9.328680396080017	-7.437001347541809
-11.254471510648727	-7.855342626571655
-9.873857617378235	-7.743573904037476
-3.8845531940460205	-6.602160573005676
-10.184996008872986	-8.254589796066284
-11.487959146499634	-2.112729549407959
-5.307646036148071	-1.5070281028747559
-6.7925416231155396	-10.542121857404709
-5.730994462966919	-1.8457911014556885
-7.50798761844635	-5.538414001464844
-10.344442069530487	-3.5312132835388184
-11.896220862865448	-4.411098003387451
-9.607423961162567	-9.323843657970428
-4.477043867111206	-3.4727933406829834
-6.319119930267334	-1.2069346904754639
-9.751793146133423	-8.83962070941925
-7.883143186569214	-3.2420146465301514
-9.096587061882019	-4.3523969650268555
-6.757007718086243	-0.9066488742828369
-4.762462377548218	-6.599689364433289
-3.3601019382476807	-11.667634449899197
-4.02484917640686	-4.733086109161377
-5.8069939613342285	-7.497926473617554
-7.196524500846863	-3.0221736431121826
-9.191881477832794	-5.849658250808716
-10.303511559963226	-6.453996419906616
-5.5519959926605225	-7.481574654579163
-9.976507186889648	-0.8967854976654053
-10.774782210588455	-6.848096251487732
-10.692234724760056	-7.948344826698303
-10.344756066799164	-7.09084939956665
-10.56700086593628	-1.2922210693359375
-11.267943531274796	-3.9682223796844482
-6.7014570236206055	-6.416049242019653
-11.067485690116882	-2.8623104095458984
-8.972365021705627	-6.478944897651672
-10.250894665718079	-2.679056167602539
-8.087376236915588	-5.707489013671875
-7.445159196853638	-5.953424692153931
-5.008378028869629	-6.719213962554932
-7.779004096984863	-4.020486116409302
-6.553120851516724	-1.258368730545044
-10.170976102352142	-2.002129554748535
-4.279260635375977	-6.009120583534241
-11.470124423503876	-7.3572986125946045
-7.830610156059265	-8.663005828857422
-10.126105964183807	-10.220526337623596
-8.076453566551208	-6.144338607788086
-6.618332147598267	-11.668567433953285
-9.495327651500702	-4.983704566955566
-7.536339998245239	-1.343554973602295
-9.098831176757812	-8.023208141326904
-4.092665433883667	-6.760767817497253
-10.949437648057938	-1.5230712890625
-9.271430253982544	-5.045346736907959
-7.103605628013611	-4.702840805053711
-7.4738452434539795	-8.917379021644592
-11.106800615787506	-3.393655300140381
-8.072823643684387	-5.406343460083008
-6.174081444740295	-8.252937912940979
-11.69495402276516	-4.724548816680908
-8.127880096435547	-3.3747010231018066
-7.8274548053741455	-8.038832545280457
-6.32880699634552	-6.607286810874939
-9.131004452705383	-2.6034493446350098
-5.897919416427612	-5.195693492889404
-11.610347360372543	-8.792372345924377
-8.383050084114075	-2.197547435760498
-11.229418963193893	-4.025827646255493
-7.7879698276519775	-6.019505739212036
-8.755486965179443	-5.5589118003845215
-9.96832948923111	-4.762235641479492
-9.036354303359985	-3.99188232421875
-11.222628504037857	-3.114689826965332
-10.742180854082108	-5.051555871963501
-9.602067768573761	-6.935450792312622
-9.50913155078888	-0.9370880126953125
-7.118642449378967	-9.622854351997375
-8.145422458648682	-7.617336273193359
-10.76772227883339	-8.868196606636047
-9.808416366577148	-3.413999319076538
-10.668563514947891	-7.198877334594727
-11.259987831115723	-3.7150533199310303
-8.15963888168335	-8.769715189933777
-9.595974326133728	-2.04514217376709
-6.645853757858276	-7.441264986991882
-11.01107919216156	-7.382366895675659
-5.0646021366119385	-5.7578630447387695
-6.342291355133057	-3.1239166259765625
-9.389115929603577	-11.590899422764778
-10.131802082061768	-4.0900068283081055
-6.819278955459595	-6.630169987678528
-10.699039489030838	-1.7707622051239014
-10.087152600288391	-2.230394124984741
-5.390655040740967	-9.661893367767334
-8.664777874946594	-7.9413453340530396
-9.28940463066101	-5.985373020172119
-8.439072847366333	-4.413938999176025
-7.661431074142456	-8.000749468803406
-7.962311625480652	-6.895641088485718
-11.558809340000153	-9.26706737279892
-6.985071301460266	-11.631261326372623
-3.9447834491729736	-3.315364122390747
-11.295619279146194	-4.093604564666748
-10.221343874931335	-4.298059701919556
-8.424689054489136	-6.034482479095459
-11.835150718688965	-4.544287919998169
-8.58422040939331	-10.66026297211647
-6.544340372085571	-0.8868770599365234
-4.611228704452515	-4.252417087554932
-11.407853454351425	-5.325565338134766
-5.22618556022644	-7.995890021324158
-9.792797863483429	-1.0558669567108154
-9.420509040355682	-3.1000800132751465
-9.38621324300766	-5.218457221984863
-3.2707371711730957	-2.1502504348754883
-11.132964491844177	-1.4854223728179932
-11.661424174904823	-5.31581711769104
-9.531599342823029	-3.5989537239074707
-9.480185329914093	-7.840998888015747
-9.83564418554306	-4.883489370346069
-8.979933142662048	-3.5309314727783203
-9.218629002571106	-7.054909586906433
-10.085222840309143	-7.249698042869568
-10.34833574295044	-1.2734649181365967
-9.666593849658966	-2.8721165657043457
-8.941913366317749	-4.150437355041504
-8.670581459999084	-2.8710193634033203
-9.38125205039978	-2.6829328536987305
-10.584647208452225	-1.8721418380737305
-10.499353051185608	-10.474272608757019
-5.991640090942383	-5.551214218139648
-4.339399337768555	-9.295531511306763
-8.329567909240723	-1.5878326892852783
-6.026631832122803	-1.4501774311065674
-5.684707403182983	-7.203385591506958
-8.810852408409119	-5.7507054805755615
-6.873243570327759	-0.5824377536773682
-10.8110873401165	-7.258994936943054
-10.669220566749573	-5.628885984420776
-10.304657220840454	-10.377883493900299
-10.61966997385025	-3.6273293495178223
-8.501243591308594	-0.7472634315490723
-4.463664293289185	-3.844158411026001
-10.549744337797165	-4.511258840560913
-6.243273496627808	-7.795608401298523
-11.009867191314697	-7.8526850938797
-5.526886224746704	-8.915515422821045
-7.147332072257996	-8.124887108802795
-5.536527872085571	-2.6741981506347656
-6.812445402145386	-3.5623533725738525
-8.091851949691772	-5.145699977874756
-7.092491626739502	-8.558969736099243
-4.7364771366119385	-9.253383100032806
-6.103996753692627	-1.4114949703216553
-11.139378905296326	-3.9151782989501953
-5.517995595932007	-10.376934170722961
-10.244888126850128	-8.182390093803406
-4.910475254058838	-1.4415693283081055
-8.96598744392395	-6.162250757217407
-8.55278491973877	-8.108975887298584
-8.412425637245178	-0.7845969200134277
-11.968243980780244	-2.801361322402954
-8.699675559997559	-3.985353469848633
-6.032488703727722	-4.179296493530273
-8.353110909461975	-1.9068546295166016
-5.570633411407471	-0.6524155139923096
-7.664188385009766	-11.023674845695496
-5.034643650054932	-7.88785457611084
-9.80617904663086	-6.668320298194885
-7.6528719663619995	-11.564335405826569
-7.907907843589783	-3.3170979022979736
-10.355055034160614	-7.489500045776367
-5.933382511138916	-2.2159252166748047
-11.54397001862526	-1.7974727153778076
-5.503352880477905	-8.818420171737671
-9.642767071723938	-5.921525716781616
-8.70167863368988	-2.5665900707244873
-7.508597016334534	-5.0889365673065186
-4.481519937515259	-6.436076760292053
-7.48540735244751	-3.956555128097534
-5.618833780288696	-7.694524526596069
-4.109938859939575	-6.981388092041016
-10.806488424539566	-7.354227662086487
-10.32645732164383	-8.032677412033081
-6.7568206787109375	-3.77195405960083
-6.596059799194336	-6.9371949434280396
-7.9273681640625	-4.224420547485352
-5.275727033615112	-6.751942276954651
-7.880331516265869	-4.364795207977295
-11.312204092741013	-7.171375751495361
-9.461727619171143	-3.007229804992676
-11.426039591431618	-4.62283730506897
-9.412155210971832	-8.724740266799927
-6.941916346549988	-2.804229497909546
-6.602603316307068	-5.3944315910339355
-4.5545525550842285	-8.480045557022095
-9.949710667133331	-1.991689682006836
-10.915004432201385	-2.855426073074341
-5.382730722427368	-6.863810777664185
-5.127616882324219	-5.8523054122924805
-7.3260791301727295	-5.067029714584351
-9.780633687973022	-4.3832502365112305
-2.7469675540924072	-6.593207001686096
-6.038166761398315	-6.093400955200195
-6.251059412956238	-1.6221935749053955
-9.294335961341858	-2.396000862121582
-8.509321331977844	-6.442027688026428
-7.980275630950928	-5.17491602897644
-8.993159294128418	-3.4284238815307617
-11.50967600941658	-3.69681715965271
-7.004755139350891	-6.48797607421875
-7.333735942840576	-7.637167811393738
-6.996825098991394	-1.9435336589813232
-11.774152390658855	-1.6019203662872314
-9.4538853764534	-2.791198253631592
-5.0984108448028564	-4.737924814224243
-5.591380834579468	-10.06348192691803
-5.820211172103882	-3.1878325939178467
-5.131632328033447	-7.957371354103088
-4.906835317611694	-10.159582436084747
-7.2352598905563354	-2.9774365425109863
-7.155008554458618	-3.9903838634490967
-8.58134114742279	-0.6454975605010986
-10.90711623430252	-3.7812931537628174
-8.251953721046448	-6.909889340400696
-11.480531349778175	-1.9798457622528076
-6.61695671081543	-9.243861615657806
-4.933876991271973	-4.162553787231445
-4.823586702346802	-8.277609944343567
-5.741833448410034	-1.7727456092834473
-7.981925368309021	-2.2115485668182373
-7.886123299598694	-1.296278715133667
-10.876985281705856	-7.324455499649048
-10.137343168258667	-10.90975758433342
-7.9883140325546265	-4.316890239715576
-8.058380126953125	-7.629731297492981
-6.958632946014404	-6.446894645690918
-8.431958556175232	-10.07650887966156
-7.876954436302185	-1.228048324584961
-11.4003264605999	-10.44883382320404
-5.538221597671509	-5.685117244720459
-10.843261957168579	-3.9032628536224365
-10.421822726726532	-9.173246204853058
-10.057304799556732	-7.220096468925476
-4.868841648101807	-9.318968117237091
-4.237878799438477	-7.802288889884949
-10.162287175655365	-6.156060576438904
-9.464163422584534	-6.635841608047485
-11.885722808539867	-6.811958312988281
-8.02755618095398	-9.27095764875412
-5.347515821456909	-2.097111225128174
-7.833348512649536	-7.7339301109313965
-8.426246523857117	-11.466133430600166
-9.663157761096954	-7.2903231382369995
-6.938830375671387	-8.47119927406311
-11.011726140975952	-2.2632265090942383
-6.465548872947693	-8.312225818634033
-10.345596492290497	-10.031069040298462
-9.007805585861206	-3.40726375579834
-6.719658136367798	-10.877895534038544
-4.018555641174316	-1.368990182876587
-6.991944193840027	-5.312227249145508
-5.5536181926727295	-5.80748176574707
-4.682729244232178	-3.7111244201660156
-10.945573031902313	-6.9360591173172
-9.092727720737457	-6.307504177093506
-5.058985233306885	-10.603431791067123
-10.472434401512146	-3.257713794708252
-4.452754497528076	-5.427475690841675
-9.338436126708984	-1.0651566982269287
-4.014535188674927	-6.229894995689392
-10.434980750083923	-6.2785069942474365
-11.845087554305792	-1.9992177486419678
-10.638919919729233	-3.773003339767456
-8.776287317276001	-9.979453146457672
-9.910562932491302	-7.110644102096558
-10.088684141635895	-5.933381080627441
-9.660447299480438	-1.584272861480713
-7.037634372711182	-10.604421436786652
-9.036330342292786	-6.496831655502319
-11.269842892885208	-4.000386714935303
-11.800339467823505	-5.204267978668213
-8.873707294464111	-9.545861005783081
-3.8706014156341553	-5.776297330856323
-6.028335928916931	-5.444056749343872
-6.2941038608551025	-9.974515914916992
-8.402250051498413	-4.0587158203125
-7.002210259437561	-9.813051223754883
-6.698363900184631	-8.700750589370728
-7.5331621170043945	-10.209043622016907
-9.7740797996521	-2.9475903511047363
-9.426661491394043	-7.349148273468018
-8.56000542640686	-8.971603631973267
-11.498502552509308	-6.202762842178345
-8.04791522026062	-6.327976584434509
-9.399816870689392	-0.9537434577941895
-7.454416751861572	-11.88600692152977
-10.22442251443863	-8.233717918395996
-7.647788643836975	-7.374801993370056
-10.246614396572113	-2.341933250427246
-11.215332806110382	-2.890113115310669
-9.967489957809448	-9.013963222503662
-5.184420347213745	-6.345022916793823
-6.246087670326233	-5.019006729125977
-10.05322390794754	-7.7062729597091675
-6.393283009529114	-1.119812250137329
-9.72636491060257	-8.434024930000305
-11.633990697562695	-4.101228475570679
-11.026594698429108	-1.773852825164795
-5.020663261413574	-10.203844785690308
-6.367638945579529	-4.763221263885498
-4.9608049392700195	-5.507497072219849
-11.375861808657646	-8.400925397872925
-10.428113400936127	-3.370777130126953
-10.924431145191193	-5.583159685134888
-8.613961100578308	-3.8403432369232178
-9.288907706737518	-4.9901769161224365
-4.876469135284424	-4.2708799839019775
-6.498279690742493	-6.199939727783203
-8.973498344421387	-1.4386224746704102
-9.874852180480957	-6.471360683441162
-11.496876195073128	-1.622772216796875
-10.017764210700989	-3.772442579269409
-11.834463201463223	-6.105377197265625
-5.868071794509888	-8.360366821289062
-11.570285618305206	-9.968734323978424
-8.53989315032959	-1.1878910064697266
-10.723426848649979	-7.051385879516602
-10.335080623626709	-9.919462144374847
-11.886041086167097	-3.7163586616516113
-8.763888359069824	-6.6244797706604
-9.274448096752167	-3.250358819961548
-10.320309340953827	-3.3010904788970947
-11.779306747019291	-10.248597621917725
-11.132037609815598	-4.7235095500946045
-10.446889400482178	-10.666513502597809
-11.992966485209763	-4.143354177474976
-11.037100464105606	-1.9195382595062256
-9.431555449962616	-7.0629987716674805
-9.179429590702057	-9.27652394771576
-5.09002161026001	-4.040308713912964
-9.153898894786835	-4.475046157836914
-11.2009819149971	-1.1936094760894775
-8.69700300693512	-7.7954185009002686
-7.708234190940857	-7.950542449951172
-9.617074012756348	-5.300487041473389
-8.781697154045105	-7.403890013694763
-9.915618181228638	-4.108214378356934
-9.512825667858124	-2.4793975353240967
-9.473942935466766	-6.4584760665893555
-9.826825082302094	-8.544966101646423
-4.491288185119629	-7.64313805103302
-5.491821527481079	-0.318361759185791
-9.093096792697906	-7.246921420097351
-9.421927750110626	-2.6452832221984863
-7.970954775810242	-4.869908809661865
-5.857400178909302	-6.370182037353516
-3.9068291187286377	-10.023412227630615
-7.618649125099182	-2.154898166656494
-9.08116203546524	-6.59501588344574
-10.894081681966782	-7.568064451217651
-7.832759499549866	-8.079052805900574
-2.0642945766448975	-3.2137398719787598
-8.415008068084717	-6.486608147621155
-9.946321427822113	-5.397608041763306
-4.25387978553772	-3.3806004524230957
-8.317875981330872	-3.8952083587646484
-11.066493272781372	-7.339477300643921
-9.748337209224701	-2.3332114219665527
-6.76553750038147	-5.49342942237854
-5.219913482666016	-9.631473898887634
-8.05007779598236	-8.329625844955444
-2.0744826793670654	-1.3890867233276367
-5.210369825363159	-5.369992733001709
-10.003066956996918	-2.3101966381073
-6.765714883804321	-6.251096963882446
-8.539864897727966	-5.689367294311523
-9.976591050624847	-8.817227840423584
-5.936411619186401	-8.693050861358643
-8.770623922348022	-3.284480094909668
-8.588483691215515	-10.755457073450089
-11.333988815546036	-1.0959548950195312
-11.153180658817291	-8.85896122455597
-10.07193374633789	-3.669037342071533
-7.66463041305542	-8.93551218509674
-6.9594515562057495	-4.355345964431763
-4.524410963058472	-10.457000076770782
-7.543328404426575	-3.213531732559204
-11.03025421500206	-8.237343907356262
-6.917472839355469	-8.575427412986755
-5.172118663787842	-10.883369743824005
-11.352055594325066	-5.847201347351074
-3.534398317337036	-9.665353238582611
-5.974687814712524	-0.670881986618042
-6.438183903694153	-8.744680881500244
-8.717878103256226	-3.7582125663757324
-5.180243968963623	-3.137345552444458
-8.183861374855042	-6.47441303730011
-7.300187945365906	-8.611246347427368
-7.23459792137146	-8.801090955734253
-6.946590185165405	-7.490299701690674
-9.71351408958435	-2.027920961380005
-6.782333135604858	-3.434439182281494
-9.565547347068787	-4.084319114685059
-4.960210561752319	-1.1856458187103271
-10.256507635116577	-8.077031135559082
-9.761345744132996	-3.6496524810791016
-9.324490785598755	-1.7014288902282715
-10.09444373846054	-9.492272078990936
-7.540209889411926	-4.360497951507568
-10.495369613170624	-3.254056692123413
-8.452554702758789	-8.25343644618988
-9.184594988822937	-3.2382924556732178
-11.888077396899462	-4.559804677963257
-8.367590188980103	-2.937980890274048
-6.989660382270813	-1.4024577140808105
-6.678009510040283	-3.4478166103363037
-8.197075009346008	-6.647066116333008
-8.46849274635315	-8.42641282081604
-8.867087244987488	-8.844059944152832
-10.700941890478134	-3.559774160385132
-9.03400593996048	-4.300095319747925
-7.34636914730072	-1.8626725673675537
-9.699895441532135	-2.8413047790527344
-10.926677405834198	-1.5344023704528809
-8.89333462715149	-7.459746479988098
-7.993478536605835	-6.619723677635193
-8.8743177652359	-6.397345662117004
-10.12447839975357	-0.9629137516021729
-11.515045568346977	-8.557637929916382
-8.361781597137451	-6.935461521148682
-9.538233876228333	-6.548349738121033
-6.100527048110962	-8.514680743217468
-8.992810249328613	-8.031980395317078
-10.698841899633408	-6.105664372444153
-5.98665189743042	-4.756225347518921
-6.108147740364075	-9.278270959854126
-6.276062607765198	-6.704071283340454
-8.337712168693542	-4.514638423919678
-9.02953290939331	-3.2456374168395996
-5.817876577377319	-4.419284820556641
-9.75314211845398	-3.395336151123047
-8.510715007781982	-8.341238379478455
-8.815021991729736	-3.110584259033203
-9.914094865322113	-7.102513432502747
-8.412837624549866	-1.4683806896209717
-6.243630409240723	-1.4610192775726318
-9.097053229808807	-7.707677721977234
-8.890987873077393	-10.918430507183075
-9.176492750644684	-5.355461597442627
-9.694069147109985	-4.429289102554321
-11.735073454678059	-11.279070720076561
-9.078605890274048	-1.9756200313568115
-8.109723329544067	-5.884849548339844
-7.171619296073914	-7.761276841163635
-8.678061962127686	-9.86643397808075
-11.015091955661774	-2.2243380546569824
-8.135888814926147	-2.9605257511138916
-6.032503008842468	-2.5656073093414307
-6.394678473472595	-6.176031947135925
-9.500501096248627	-3.573495626449585
-7.851926565170288	-9.21141529083252
-6.561349511146545	-9.381327688694
-8.148213028907776	-3.8518359661102295
-5.186319351196289	-7.1669533252716064
-7.248595118522644	-4.827962636947632
-3.9896557331085205	-1.6973977088928223
-6.54066002368927	-1.7237727642059326
-10.743859022855759	-7.014941453933716
-9.646886050701141	-7.067481994628906
-7.635536313056946	-6.267414808273315
-10.371830105781555	-2.183136463165283
-5.484533786773682	-10.864593654870987
-5.2086052894592285	-4.60014009475708
-9.440840005874634	-2.6195318698883057
-9.166835010051727	-8.877534627914429
-6.315353035926819	-3.1650023460388184
-6.777055978775024	-6.329255104064941
-9.347492158412933	-7.715991139411926
-10.097520589828491	-6.799354434013367
-6.2102508544921875	-10.67624893784523
-7.35718846321106	-7.950302481651306
-4.661625623703003	-1.2218899726867676
-4.111742734909058	-3.298234462738037
-8.599316596984863	-1.391711711883545
-11.266515478491783	-3.129753828048706
-11.487666204571724	-8.526360511779785
-7.585716962814331	-9.550837218761444
-5.596125841140747	-6.687984108924866
-8.130466103553772	-1.2955141067504883
-9.516182720661163	-10.419239938259125
-7.89956259727478	-7.39997935295105
-9.324029266834259	-6.90267026424408
-9.39556235074997	-3.2872252464294434
-4.761901617050171	-6.500645756721497
-11.52367977797985	-1.8265628814697266
-11.535718962550163	-5.686952590942383
-6.294800877571106	-4.635017395019531
-10.843611001968384	-11.8205925822258
-6.177202105522156	-9.25736403465271
-6.567486763000488	-1.263167381286621
-3.7483649253845215	-6.315122723579407
-11.311244443058968	-8.519362092018127
-10.865314364433289	-0.7730605602264404
-9.268942058086395	-5.444579601287842
-6.14360511302948	-7.4080599546432495
-11.311893939971924	-6.988450884819031
-9.04627525806427	-6.448723196983337
-4.274537801742554	-9.873190641403198
-8.278548002243042	-1.3658831119537354
-10.845999151468277	-2.051968574523926
-3.2444472312927246	-6.051974415779114
-9.275384902954102	-4.207013368606567
-8.45238196849823	-9.884838044643402
-11.01606371998787	-1.682969570159912
-8.376530528068542	-1.6871466636657715
-8.699642658233643	-0.9313209056854248
-6.294668912887573	-1.481665849685669
-7.919929504394531	-9.338432908058167
-9.225775122642517	-11.00477510690689
-7.081214904785156	-8.397327303886414
-9.236844062805176	-5.33703875541687
-5.127779960632324	-9.720544159412384
-7.90530252456665	-3.837681770324707
-10.446354925632477	-8.050526976585388
-11.18784561753273	-2.0595953464508057
-3.785176992416382	-3.3319523334503174
-11.162446796894073	-3.993741989135742
-11.950872402638197	-7.407038927078247
-7.30708372592926	-6.116988658905029
-10.550849854946136	-4.406928777694702
-5.627121448516846	-1.7173819541931152
-6.5019121170043945	-9.462985217571259
-9.487442314624786	-5.1617431640625
-3.658083915710449	-8.695409417152405
-10.44688493013382	-5.969373464584351
-7.638297915458679	-6.213357210159302
-8.401595950126648	-3.855858564376831
-6.61321234703064	-5.932996988296509
-7.542051315307617	-4.701423168182373
-9.012847244739532	-9.154773473739624
-10.741821527481079	-2.626394033432007
-8.032837629318237	-2.7873637676239014
-6.538356900215149	-4.7704832553863525
-11.133195608854294	-1.7699761390686035
-8.247936844825745	-10.082721590995789
-9.426467478275299	-0.8753871917724609
-7.933536887168884	-1.2720143795013428
-6.962095499038696	-8.40935218334198
-6.62099826335907	-8.218316674232483
-7.0527180433273315	-7.5531299114227295
-4.3408777713775635	-6.400771379470825
-10.010222375392914	-10.217669427394867
-9.552924871444702	-3.246974229812622
-8.141968488693237	-4.467064619064331
-4.430532217025757	-4.781342267990112
-10.041575074195862	-2.9115586280822754
-10.027920484542847	-6.302979826927185
-5.617232322692871	-1.539876937866211
-9.018857717514038	-7.998081922531128
-10.286983251571655	-4.105797529220581
-8.593450427055359	-3.212010383605957
-8.11978304386139	-8.944763660430908
-8.57448399066925	-9.025110483169556
-7.9381924867630005	-8.186591863632202
-10.261959850788116	-6.158655881881714
-9.214314579963684	-2.8355441093444824
-10.448123037815094	-6.625440001487732
-9.788286566734314	-3.912865161895752
-9.955580949783325	-9.718408048152924
-11.15346685051918	-6.770030736923218
-8.598309516906738	-4.146111488342285
-9.402374982833862	-0.9133858680725098
-8.042110919952393	-3.6673736572265625
-4.544634103775024	-6.940963983535767
-6.3737640380859375	-7.624449133872986
-5.194411039352417	-10.218315839767456
-7.577928900718689	-7.759294867515564
-10.595979362726212	-7.433720111846924
-7.661863803863525	-3.6695351600646973
-6.277395129203796	-0.8779299259185791
-9.792775690555573	-1.484093427658081
-7.810938119888306	-2.984292984008789
-7.440891623497009	-6.794875144958496
-9.79478520154953	-7.8273550271987915
-6.922772169113159	-6.154538869857788
-8.882002830505371	-7.846832513809204
-6.780151963233948	-1.982675313949585
-3.7827236652374268	-9.108294546604156
-11.290463894605637	-4.497854232788086
-8.146135926246643	-6.137512922286987
-8.020390033721924	-8.731717944145203
-8.066174983978271	-7.883605599403381
-8.962350010871887	-7.344677925109863
-4.2496726512908936	-2.107567548751831
-11.569275051355362	-4.754980087280273
-8.674670934677124	-4.7252984046936035
-9.689475774765015	-1.7305684089660645
-10.500795543193817	-9.519367218017578
-8.226404428482056	-5.745376825332642
-4.793332815170288	-0.6863365173339844
-8.120431780815125	-3.4579110145568848
-3.05934476852417	-9.332666158676147
-5.2667012214660645	-4.2181127071380615
-8.91968858242035	-9.77788656949997
-9.91149526834488	-2.5313172340393066
-4.3968915939331055	-7.2292585372924805
-6.011776685714722	-2.7439935207366943
-8.748109817504883	-6.118169903755188
-3.8006179332733154	-3.6320414543151855
-6.679078459739685	-6.267414093017578
-10.142496407032013	-4.879126310348511
-5.05280327796936	-4.947408199310303
-3.553190231323242	-4.520580053329468
-9.494117438793182	-5.818776369094849
-7.884387731552124	-5.134186506271362
-6.956307649612427	-4.80063271522522
-9.705533266067505	-1.9761385917663574
-9.120871424674988	-10.809062361717224
-4.694679021835327	-9.392444550991058
-11.216493755578995	-3.520087480545044
-8.524077415466309	-6.333685755729675
-8.268072724342346	-6.416759490966797
-6.709023356437683	-4.890812873840332
-8.574535489082336	-4.692103385925293
-7.7411288022994995	-7.162263751029968
-6.989267349243164	-8.954938530921936
-8.498977303504944	-8.650108337402344
-9.24852168560028	-3.5946600437164307
-10.973043948411942	-7.222484707832336
-4.476086139678955	-8.59940779209137
-7.6828858852386475	-6.519127607345581
-9.202141642570496	-8.609106302261353
-5.425710439682007	-11.073854506015778
-9.190140008926392	-5.675823211669922
-10.89793986082077	-6.18189811706543
-5.844921827316284	-6.343860983848572
-10.481147825717926	-7.242865204811096
-4.439455032348633	-8.12325918674469
-9.55956244468689	-3.642974853515625
-7.690691113471985	-8.783433079719543
-6.626501083374023	-7.791204929351807
-7.410867691040039	-10.775469839572906
-9.25292283296585	-1.025813341140747
-6.405397653579712	-2.47713303565979
-10.535863548517227	-4.0686728954315186
-10.008735179901123	-2.5944321155548096
-8.556687712669373	-1.29783296585083
-10.36382246017456	-9.784521102905273
-10.829326540231705	-6.130088567733765
-7.834146022796631	-5.540569067001343
-9.333264112472534	-9.730852782726288
-7.920719861984253	-5.084662199020386
-8.599793672561646	-0.7512080669403076
-7.499702095985413	-3.4329278469085693
-5.436029434204102	-7.812881827354431
-10.065493941307068	-5.5301384925842285
-9.983997344970703	-4.2963480949401855
-4.029064893722534	-10.691266179084778
-10.063586354255676	-9.00764411687851
-10.900746792554855	-4.942939281463623
-10.265535593032837	-3.092698574066162
-7.38550329208374	-6.986823320388794
-9.179368436336517	-3.1727707386016846
-4.620150089263916	-9.78324007987976
-4.214176654815674	-6.167736053466797
-10.337068498134613	-7.3926286697387695
-6.3987497091293335	-7.445148825645447
-7.186240196228027	-9.268359661102295
-10.471427857875824	-2.5501091480255127
-10.897863864898682	-7.541385769844055
-3.899458408355713	-1.4030177593231201
-5.131965637207031	-2.549863815307617
-9.735675573348999	-3.694634199142456
-5.441392421722412	-6.493634104728699
-7.994818210601807	-9.84302043914795
-9.856956124305725	-5.942127227783203
-10.07420289516449	-6.351799249649048
-6.743071675300598	-1.7693066596984863
-11.757623054087162	-6.724957823753357
-6.71959376335144	-6.395569682121277
-11.382273852825165	-11.434966206550598
-6.790472388267517	-1.6520898342132568
-6.280328392982483	-8.095428228378296
-11.682329691946507	-6.967087984085083
-7.430246829986572	-3.4735000133514404
-8.936622619628906	-1.266817331314087
-8.821492552757263	-7.8226940631866455
-6.902406692504883	-5.91803240776062
-7.836568236351013	-5.333070516586304
-11.854582160711288	-10.989656567573547
-9.002347111701965	-4.314331769943237
-6.542252540588379	-9.478422939777374
-5.751740455627441	-2.933818817138672
-8.912549257278442	-7.355446100234985
-7.917358875274658	-9.196638643741608
-6.892652750015259	-6.785191297531128
-9.813725173473358	-8.365117192268372
-7.241759777069092	-11.889148078858852
-9.552692234516144	-6.607067227363586
-10.797006011009216	-7.208862662315369
-10.09067577123642	-8.885123491287231
-6.904203414916992	-3.9089691638946533
-4.591824531555176	-8.572731614112854
-7.521126866340637	-6.797048449516296
-5.257756233215332	-8.799283146858215
-10.349305808544159	-3.9233686923980713
-6.149582505226135	-1.613924503326416
-9.240015864372253	-2.468230962753296
-5.887581825256348	-1.5505914688110352
-3.9423866271972656	-7.068565607070923
-8.790318131446838	-9.885159730911255
-6.869776725769043	-6.337205171585083
-7.252851247787476	-5.326628923416138
-11.258750081062317	-1.6451997756958008
-8.658144235610962	-7.322261095046997
-4.451904773712158	-6.065190553665161
-6.21490216255188	-9.674737215042114
-11.274007245898247	-9.92354303598404
-6.84389591217041	-2.774317502975464
-9.039081931114197	-10.669604748487473
-9.863445103168488	-6.380401253700256
-10.97815391421318	-3.88433575630188
-7.263610482215881	-5.949835538864136
-11.315266594290733	-2.8529577255249023
-10.803770899772644	-6.743789434432983
-6.135372519493103	-1.775108814239502
-7.45222806930542	-7.788110733032227
-11.71461159735918	-7.408120036125183
-11.167044997215271	-1.0348234176635742
-10.831849604845047	-8.807433485984802
-8.475742220878601	-3.767181873321533
-1.8015196323394775	-1.4976089000701904
-6.432111024856567	-3.096123218536377
-10.527863413095474	-5.8203864097595215
-11.799883782863617	-6.806605339050293
-11.5332220941782	-6.508152723312378
-7.271556973457336	-1.0223171710968018
-9.456100165843964	-8.432793974876404
-9.906051099300385	-4.945765256881714
-7.205881476402283	-8.169182181358337
-8.267847061157227	-9.18712592124939
-6.554299592971802	-7.577370285987854
-4.932819843292236	-6.527653813362122
-10.003957092761993	-2.690497398376465
-11.241655737161636	-3.825700521469116
-9.718819677829742	-10.384855091571808
-4.560810327529907	-2.3099312782287598
-5.599084854125977	-9.823362171649933
-7.345923542976379	-1.2536866664886475
-8.82925021648407	-8.58848512172699
-11.318806126713753	-6.9310466051101685
-5.458489179611206	-6.460896849632263
-10.518637418746948	-7.616090297698975
-6.219751954078674	-6.83566689491272
-9.020218312740326	-5.5215325355529785
-10.783459514379501	-1.5425605773925781
-9.61852741241455	-2.7811439037323
-11.069210886955261	-1.2497813701629639
-10.884613931179047	-8.806129217147827
-10.697785288095474	-4.580846786499023
-8.66224730014801	-2.647634983062744
-10.118734896183014	-5.653750419616699
-3.8339717388153076	-7.985172629356384
-9.591818511486053	-0.8979213237762451
-9.180950403213501	-7.464414954185486
-4.381932020187378	-1.9628827571868896
-6.988357901573181	-0.7871139049530029
-6.2845823764801025	-5.647180080413818
-9.365594923496246	-6.853223919868469
-6.997670531272888	-4.715680360794067
-9.4975306391716	-1.3926944732666016
-9.739033877849579	-1.3908026218414307
-10.703605145215988	-9.09445345401764
-10.228070676326752	-7.557709693908691
-4.819561243057251	-7.268480658531189
-5.618828773498535	-8.261444091796875
-5.388113737106323	-8.508750557899475
-9.42492127418518	-7.670543074607849
-7.835158824920654	-4.177381753921509
-7.565742015838623	-6.917441725730896
-8.194177150726318	-11.26144190132618
-10.278188467025757	-1.9663810729980469
-9.313467264175415	-8.216001391410828
-8.074782013893127	-4.142553091049194
-5.608055591583252	-5.868332147598267
-11.006502985954285	-4.673642635345459
-10.33511084318161	-5.079108953475952
-5.135475397109985	-6.9400352239608765
-5.3396337032318115	-0.9215126037597656
-8.659913420677185	-9.914883434772491
-9.571701228618622	-7.2167054414749146
-10.575261533260345	-5.136272192001343
-9.739687263965607	-1.0342233180999756
-9.909316599369049	-6.033931016921997
-9.094316840171814	-1.867316722869873
-7.52898895740509	-7.0498902797698975
-4.8753204345703125	-5.314152717590332
-4.069226503372192	-4.456751346588135
-9.259716868400574	-7.03447151184082
-7.972421765327454	-7.1956340074539185
-9.295362889766693	-8.657553434371948
-8.027947068214417	-5.6381542682647705
-10.775324821472168	-3.683204412460327
-4.020032644271851	-5.584618091583252
-11.854476895183325	-1.4939053058624268
-5.9307732582092285	-7.679305672645569
-7.398341417312622	-4.40462851524353
-9.784127175807953	-4.7684855461120605
-8.079330325126648	-1.2940714359283447
-10.740310817956924	-7.374654293060303
-8.277872085571289	-9.321462392807007
-6.001245617866516	-11.393282935023308
-8.101577997207642	-1.2875511646270752
-11.500704020261765	-1.3518955707550049
-8.877690553665161	-0.7754988670349121
-4.987268686294556	-6.704060196876526
-11.417389556765556	-2.418363332748413
-4.317923069000244	-1.4135363101959229
-9.428762197494507	-4.575226306915283
-6.616343021392822	-11.140068143606186
-6.558078289031982	-3.7721664905548096
-4.4569315910339355	-7.851094007492065
-6.566164970397949	-9.795896708965302
-8.968186140060425	-0.9507386684417725
-3.623063564300537	-8.252869248390198
-8.897788166999817	-3.89082670211792
-10.809617400169373	-5.843852519989014
-10.097519338130951	-7.534735321998596
-7.896208047866821	-3.04790997505188
-5.075367450714111	-10.241890490055084
-6.702819228172302	-1.154890537261963
-7.612045168876648	-10.711550563573837
-10.605210274457932	-7.894815444946289
-8.203659296035767	-1.354029893875122
-8.32780909538269	-7.617797613143921
-5.352376699447632	-0.9521884918212891
-4.9248082637786865	-2.0951478481292725
-8.110627055168152	-7.210334658622742
-8.851256847381592	-2.0714871883392334
-8.368669509887695	-2.0201282501220703
-8.007668137550354	-1.2417032718658447
-6.9718533754348755	-3.9249043464660645
-9.39613401889801	-7.534854054450989
-11.075647830963135	-3.1103389263153076
-11.236146658658981	-6.160494089126587
-5.407926321029663	-2.9921371936798096
-10.909519582986832	-3.628103256225586
-5.377887725830078	-3.4591784477233887
-11.308122307062149	-2.5230467319488525
-10.43494963645935	-7.002369403839111
-3.6535778045654297	-9.641069948673248
-9.819451868534088	-6.5717597007751465
-5.333697080612183	-9.2396280169487
-8.12046504020691	-5.328686714172363
-6.155788779258728	-10.124293506145477
-10.08317255973816	-7.9705774784088135
-11.051027655601501	-11.32817579805851
-7.1644896268844604	-4.030516147613525
-5.913889646530151	-6.714621305465698
-11.032022774219513	-3.356562852859497
-5.162886142730713	-7.665293097496033
-5.06146502494812	-10.100003778934479
-11.394431859254837	-3.519681930541992
-10.14730042219162	-7.141863226890564
-6.971766471862793	-6.811491250991821
-5.673456430435181	-5.212130069732666
-5.964778661727905	-6.578943729400635
-8.60331416130066	-10.59065392613411
-10.920381993055344	-3.0285708904266357
-9.35341465473175	-8.970215320587158
-8.55841076374054	-5.08774995803833
-5.656652927398682	-10.834949344396591
-6.520752668380737	-2.7845921516418457
-9.876720607280731	-2.629739284515381
-5.67607569694519	-8.177826046943665
-9.036513447761536	-8.183797359466553
-8.983349204063416	-1.952284812927246
-7.2605098485946655	-1.0743019580841064
-10.365363836288452	-9.378570914268494
-6.488567233085632	-2.0492584705352783
-7.984987020492554	-9.01820182800293
-11.001564770936966	-4.290234804153442
-10.214982569217682	-9.140600323677063
-6.451544880867004	-11.460931062698364
-7.088989019393921	-5.904666423797607
-9.363066136837006	-3.5207483768463135
-10.681747555732727	-1.8785083293914795
-10.570292294025421	-1.5456054210662842
-5.260359764099121	-6.557811856269836
-11.923165367916226	-2.7853446006774902
-9.934225022792816	-4.965590000152588
-7.429295539855957	-9.6693554520607
-7.49687647819519	-8.772961735725403
-9.467062711715698	-1.4871282577514648
-8.432847261428833	-4.304560661315918
-7.0513880252838135	-1.0672237873077393
-5.929542303085327	-1.2371349334716797
-6.357444405555725	-7.9737628698349
-11.385245069861412	-4.980154037475586
-5.095950365066528	-9.991361618041992
-9.276354610919952	-6.043854475021362
-9.347040832042694	-7.474656701087952
-6.481850624084473	-5.878118991851807
-6.552046537399292	-3.7828617095947266
-8.00075626373291	-5.312084197998047
-11.50716908276081	-6.027413249015808
-11.122586846351624	-7.098244786262512
-7.973282217979431	-5.523927211761475
-6.084676265716553	-6.15151834487915
-7.617079496383667	-0.7547614574432373
-7.502745151519775	-2.283761501312256
-10.836613208055496	-6.0987550020217896
-7.514745354652405	-5.410843133926392
-6.886941432952881	-3.0520505905151367
-8.768437027931213	-4.042953729629517
-7.901505947113037	-9.218221306800842
-7.142927527427673	-6.42808198928833
-5.329532861709595	-3.8292524814605713
-9.55456030368805	-3.343353509902954
-11.367920950055122	-6.058053374290466
-7.39503014087677	-7.992027997970581
-9.705627858638763	-1.6562504768371582
-5.687093496322632	-7.172740459442139
-10.329197466373444	-11.329485163092613
-9.096780002117157	-7.980968713760376
-7.0364062786102295	-10.769266068935394
-11.689293086528778	-2.1604392528533936
-11.501967430114746	-7.714049220085144
-10.441271245479584	-10.025740563869476
-11.66430551558733	-8.674549341201782
-8.21442425251007	-7.310263752937317
-4.317179918289185	-1.3107426166534424
-7.597906708717346	-4.825070858001709
-9.608848929405212	-3.3681113719940186
-8.591473817825317	-5.4781787395477295
-8.286959767341614	-2.875049114227295
-8.380926847457886	-11.066806465387344
-5.157184839248657	-3.7923574447631836
-8.632351756095886	-8.75377607345581
-11.616042003035545	-7.179039359092712
-8.883078575134277	-1.9065799713134766
-10.485166847705841	-9.266707241535187
-10.0478555560112	-6.284090995788574
-9.123365879058838	-7.7197487354278564
-6.139764189720154	-10.990243524312973
-11.411113366484642	-2.8269925117492676
-5.001004457473755	-4.548928499221802
-9.69801539182663	-9.992294490337372
-5.341623544692993	-1.7868926525115967
-7.294767379760742	-6.225225448608398
-3.6817824840545654	-6.093434572219849
-7.117887854576111	-3.9069550037384033
-5.592231273651123	-9.484153747558594
-6.013359904289246	-4.005767583847046
-6.403794765472412	-7.337474584579468
-5.429036378860474	-3.711219549179077
-11.712249398231506	-9.76922231912613
-7.956129312515259	-6.9922109842300415
-9.293865501880646	-4.429842710494995
-9.203392267227173	-6.868937730789185
-7.0412410497665405	-8.311550617218018
-6.709416747093201	-4.999139785766602
-11.996234653517604	-9.178500294685364
-9.172517359256744	-2.393843650817871
-6.142408847808838	-5.046428918838501
-8.364320755004883	-3.813999652862549
-9.741337537765503	-2.4522478580474854
-4.474340915679932	-1.7135167121887207
-11.703161559998989	-1.822765588760376
-6.802918910980225	-1.900585412979126
-5.1628053188323975	-4.1725380420684814
-8.458216667175293	-1.409236192703247
-10.275355696678162	-6.657850027084351
-2.7361464500427246	-8.670115113258362
-8.664353728294373	-6.587905168533325
-11.998228376847692	-6.692607164382935
-9.524521350860596	-8.438695549964905
-11.3887909501791	-11.13082006573677
-7.784623146057129	-3.4094860553741455
-11.636881358921528	-6.155919671058655
-9.598189651966095	-5.858416557312012
-6.244868159294128	-2.601400136947632
-3.5381219387054443	-2.2678256034851074
-8.630312204360962	-10.107440114021301
-11.367592334747314	-4.976494789123535
-9.662724137306213	-4.451046466827393
-5.819204807281494	-9.988661706447601
-8.345752000808716	-7.611862778663635
-8.979765057563782	-1.1814944744110107
-6.427442193031311	-3.508664131164551
-7.081766366958618	-7.3239065408706665
-11.429972246289253	-8.939035892486572
-7.565707325935364	-10.100954174995422
-10.730389147996902	-10.532224863767624
-8.659761786460876	-2.520829439163208
-7.811265707015991	-6.154674410820007
-5.177199125289917	-8.404773116111755
-11.299727663397789	-5.026785850524902
-10.972228020429611	-7.037233114242554
-8.441460728645325	-8.138837099075317
-11.098934322595596	-5.015453338623047
-6.889744162559509	-7.829251527786255
-8.669197082519531	-2.6577043533325195
-7.483326315879822	-5.008882284164429
-7.39895224571228	-2.6438205242156982
-10.012132823467255	-10.46616929769516
-9.312666356563568	-4.603128433227539
-5.753113031387329	-2.462594747543335
-5.137099027633667	-5.9674108028411865
-8.454907536506653	-9.499411404132843
-7.153319835662842	-1.3699429035186768
-5.505098104476929	-6.4669647216796875
-9.754849791526794	-1.3793056011199951
-4.887711524963379	-7.510027527809143
-5.684308290481567	-2.6174633502960205
-8.799742341041565	-7.850149869918823
-6.636160612106323	-3.3736073970794678
-4.386445999145508	-7.012529611587524
-7.771932363510132	-8.82294774055481
-3.2897465229034424	-6.653758764266968
-7.169775009155273	-11.597836419939995
-11.523085489869118	-3.7604241371154785
-3.4631717205047607	-6.844351887702942
-9.28459757566452	-8.190397024154663
-7.9949376583099365	-7.923393130302429
-6.869183778762817	-5.710751295089722
-8.222902178764343	-7.12986159324646
-10.28107613325119	-11.285611152648926
-5.306003093719482	-9.086597263813019
-4.7222185134887695	-6.935064196586609
-9.664802312850952	-7.602782964706421
-10.451566278934479	-2.795090675354004
-11.501324951648712	-11.355074599385262
-4.162492275238037	-4.494898080825806
-4.365662097930908	-1.0510540008544922
-5.741412878036499	-4.068618535995483
-6.971744656562805	-9.905422925949097
-8.855335593223572	-4.141940116882324
-4.749366760253906	-0.486187219619751
-8.54378592967987	-5.947340726852417
-5.471851587295532	-5.818411588668823
-10.125474035739899	-2.5377373695373535
-9.886917650699615	-4.534521818161011
-10.590608060359955	-2.8433632850646973
-9.718216001987457	-1.5822486877441406
-5.026202201843262	-3.6537787914276123
-11.280231535434723	-5.465739727020264
-8.674792528152466	-8.96903657913208
-9.611630916595459	-5.627432584762573
-6.919790983200073	-11.791395328938961
-9.165076196193695	-7.721123099327087
-7.444598078727722	-9.516419112682343
-4.575075387954712	-7.385546922683716
-5.152925491333008	-0.744757890701294
-4.965564250946045	-5.736185789108276
-5.746310234069824	-6.308553457260132
-4.692293643951416	-1.5090594291687012
-11.003201723098755	-1.5405843257904053
-11.42548754811287	-3.0114755630493164
-11.152269780635834	-10.01852434873581
-10.948904603719711	-9.194889843463898
-10.181951344013214	-1.4966254234313965
-9.441060662269592	-3.7479729652404785
-7.953644156455994	-7.515424847602844
-11.20750880241394	-4.528315544128418
-6.782094955444336	-8.432209968566895
-10.45300430059433	-7.0186368227005005
-9.104631185531616	-10.234131574630737
-4.110008239746094	-10.510169595479965
-11.239623606204987	-9.65081924200058
-8.439102172851562	-8.767366290092468
-6.255906701087952	-6.905943989753723
-4.23750901222229	-9.434477269649506
-7.536049246788025	-8.823139429092407
-7.41855525970459	-1.8229236602783203
-5.967947959899902	-9.578497767448425
-9.29973703622818	-8.571210265159607
-9.423618972301483	-7.8553783893585205
-5.033690929412842	-1.4956412315368652
-8.82545006275177	-5.9876954555511475
-9.20473426580429	-4.3018598556518555
-7.680284857749939	-7.891219854354858
-6.489689469337463	-9.531708061695099
-3.581390619277954	-5.188477993011475
-10.44038039445877	-3.4067001342773438
-5.836222887039185	-1.5658178329467773
-5.166611909866333	-6.4741212129592896
-9.318094432353973	-1.4569523334503174
-5.565115928649902	-11.269156962633133
-11.372765332460403	-6.5709922313690186
-6.474698424339294	-8.614242911338806
-7.6424102783203125	-3.4733548164367676
-6.038472533226013	-4.812496662139893
-5.344363689422607	-10.360957860946655
-6.916911721229553	-1.2154669761657715
-9.692036926746368	-9.606382727622986
-8.43158769607544	-10.131863415241241
-11.117563873529434	-2.757988929748535
-10.025137960910797	-2.666515588760376
-10.334873020648956	-2.453395128250122
-6.423797249794006	-1.2996125221252441
-4.107174396514893	-4.929870843887329
-4.556061744689941	-4.209832191467285
-11.208874762058258	-7.498968243598938
-7.321417808532715	-1.8254106044769287
-10.469895958900452	-6.944456577301025
-9.179178714752197	-5.961565732955933
-4.787318229675293	-1.1801340579986572
-11.462524831295013	-4.619326114654541
-9.78918331861496	-3.4308478832244873
-8.887718081474304	-8.87131118774414
-8.404881477355957	-7.475319743156433
-6.7226468324661255	-2.3566174507141113
-7.177598476409912	-5.652249813079834
-8.675435185432434	-1.3796825408935547
-8.781418561935425	-10.586628466844559
-8.01201331615448	-5.619812250137329
-8.0329749584198	-8.317392826080322
-11.323674693703651	-6.756243109703064
-5.123307466506958	-8.379292130470276
-11.38020533323288	-0.7723939418792725
-8.604427099227905	-8.434648633003235
-6.9868247509002686	-6.053289771080017
-7.676569819450378	-11.134615659713745
-5.386236190795898	-7.882962942123413
-7.848050594329834	-11.010096788406372
-9.144292294979095	-4.384243726730347
-11.415965482592583	-7.366900563240051
-7.746411323547363	-9.393592536449432
-7.093910336494446	-5.945443153381348
-11.115358829498291	-3.592303991317749
-10.200404584407806	-10.62336677312851
-7.1549094915390015	-10.701193749904633
-8.054361462593079	-7.9344871044158936
-3.605621337890625	-10.643434435129166
-5.982054948806763	-7.316052675247192
-2.804847478866577	-6.027132153511047
-8.413228511810303	-1.1798479557037354
-11.16753414273262	-8.038816809654236
-4.622145652770996	-7.618842244148254
-10.382772624492645	-10.013973534107208
-10.646181643009186	-8.904318451881409
-11.686466932296753	-6.755320429801941
-8.039160132408142	-3.90248966217041
-10.609895020723343	-4.432252407073975
-10.634605944156647	-8.493552446365356
-9.224415957927704	-9.38822454214096
-10.887318044900894	-5.740689754486084
-11.964239931665361	-5.8289008140563965
-8.18696665763855	-2.4776952266693115
-4.107154369354248	-8.660703778266907
-10.697631686925888	-4.980581045150757
-10.663436830043793	-6.798856973648071
-9.075294435024261	-9.613356828689575
-10.938989102840424	-2.1498241424560547
-9.395693957805634	-6.198663353919983
-6.756422281265259	-1.442521333694458
-7.409270524978638	-1.7813351154327393
-8.586846113204956	-2.5855307579040527
-4.950516700744629	-6.4603564739227295
-8.828974485397339	-6.427085280418396
-10.030361831188202	-9.5339235663414
-4.68701434135437	-6.202146649360657
-8.336503386497498	-6.38948929309845
-5.006103515625	-3.123124122619629
-6.187997460365295	-8.24356234073639
-11.08173993229866	-7.071422696113586
-6.453697085380554	-6.786975145339966
-11.363361328840256	-2.5388553142547607
-6.87761664390564	-2.667759418487549
-3.557684898376465	-11.04751369357109
-9.982221364974976	-5.604843378067017
-8.304989576339722	-8.974108815193176
-6.512101650238037	-5.479645729064941
-9.450974106788635	-1.6697537899017334
-8.405864596366882	-9.04366010427475
-11.943822473287582	-2.967698335647583
-10.518191814422607	-5.618835926055908
-6.344223976135254	-6.070646166801453
-10.943570762872696	-7.196918249130249
-7.638071537017822	-6.326545357704163
-5.386493682861328	-7.857082843780518
-7.889048337936401	-1.9168639183044434
-8.580878734588623	-5.13566780090332
-10.402819812297821	-5.758605480194092
-2.987992286682129	-0.8973205089569092
-10.374935925006866	-1.495206356048584
-6.32245659828186	-8.155529737472534
-7.4937744140625	-1.9100897312164307
-5.488618612289429	-6.468191027641296
-11.154852122068405	-3.302415132522583
-4.977554798126221	-0.8964493274688721
-4.996011257171631	-2.7661006450653076
-7.0773807764053345	-3.1165595054626465
-10.110327959060669	-7.395541191101074
-5.758464574813843	-1.5910449028015137
-6.910086035728455	-7.888866662979126
-11.082558631896973	-8.27078926563263
-11.537261500954628	-0.9828715324401855
-3.704784393310547	-10.92677217721939
-10.690174877643585	-5.782188892364502
-8.162252068519592	-8.269402742385864
-7.0729697942733765	-2.253833055496216
-8.725206971168518	-9.538270711898804
-9.08997130393982	-7.818421125411987
-7.872434735298157	-11.05754166841507
-6.836395025253296	-6.974318861961365
-6.67038094997406	-4.47528862953186
-10.8386310338974	-10.304786503314972
-10.354280412197113	-10.363125801086426
-4.364765882492065	-2.2957026958465576
-9.301058292388916	-1.755474328994751
-4.315054893493652	-0.9698882102966309
-7.659565687179565	-4.48028826713562
-5.917142629623413	-3.546619176864624
-7.760919213294983	-3.399383068084717
-7.99800431728363	-6.586203575134277
-10.16020131111145	-8.370674729347229
-5.01797890663147	-7.5283695459365845
-4.9190404415130615	-11.137300729751587
-10.651949912309647	-10.57523587346077
-6.602413058280945	-5.076476812362671
-11.281272411346436	-6.40562117099762
-7.431138038635254	-0.6570525169372559
-5.797020435333252	-2.4598467350006104
-8.431045174598694	-3.037858486175537
-5.357391357421875	-9.130779325962067
-4.841423749923706	-7.3297154903411865
-10.901429414749146	-5.163300275802612
-8.191331148147583	-4.638227462768555
-7.825483918190002	-4.602764368057251
-10.6585031747818	-2.5186593532562256
-9.010936439037323	-11.140615224838257
-8.953041315078735	-2.811305522918701
-7.011625170707703	-2.9601566791534424
-10.271158754825592	-3.827749729156494
-6.23506772518158	-10.627437829971313
-11.116556167602539	-5.184837341308594
-8.506771087646484	-9.10771769285202
-3.95504093170166	-1.1168732643127441
-4.452601432800293	-5.525914907455444
-6.072912096977234	-7.941877841949463
-11.207840502262115	-7.579666256904602
-4.287750720977783	-10.118921041488647
-7.2622164487838745	-8.575493931770325
-3.576451063156128	-2.859194040298462
-7.058037042617798	-1.1711010932922363
-10.008336067199707	-10.805088847875595
-9.78464788198471	-2.083618640899658
-9.723598659038544	-6.738003373146057
-10.186709761619568	-8.63777232170105
-6.22612988948822	-4.719729423522949
-8.825112104415894	-2.996352195739746
-8.806527972221375	-8.513282418251038
-7.707525730133057	-8.58887529373169
-9.52091109752655	-3.273287773132324
-3.98669171333313	-1.5881609916687012
-8.471210360527039	-2.57852840423584
-5.58080792427063	-4.708174467086792
-6.5769699811935425	-1.5035204887390137
-10.922980517148972	-4.312955617904663
-4.669248819351196	-3.7511937618255615
-11.368027344346046	-5.003255367279053
-11.929688964039087	-8.387804388999939
-10.169169008731842	-3.9017443656921387
-10.137096405029297	-1.1817920207977295
-5.311157941818237	-10.420576572418213
-8.45944368839264	-2.441758632659912
-8.163358211517334	-10.820828586816788
-6.128840088844299	-6.8866578340530396
-7.066986322402954	-0.716057538986206
-11.736522808670998	-4.056643724441528
-7.359621047973633	-0.9805970191955566
-7.6073466539382935	-5.3091466426849365
-8.277823090553284	-6.6129984855651855
-9.220876336097717	-6.55665385723114
-4.502561330795288	-4.812260627746582
-11.293954119086266	-3.897753953933716
-9.949433147907257	-7.912803411483765
-8.256578207015991	-6.833825469017029
-5.313963174819946	-0.640902042388916
-8.986161947250366	-6.16064715385437
-10.633031398057938	-5.2403905391693115
-5.299103736877441	-5.9101881980896
-11.086974889039993	-7.033907175064087
-8.829780220985413	-3.5603978633880615
-4.589056491851807	-1.3471949100494385
-7.942923188209534	-10.868558406829834
-10.786182403564453	-3.484738826751709
-7.3628422021865845	-2.7848095893859863
-9.626505732536316	-6.628151178359985
-6.872995018959045	-7.687596917152405
-5.375924348831177	-4.804294109344482
-6.328816652297974	-7.048609972000122
-4.279886484146118	-0.7720720767974854
-6.7125842571258545	-6.943999528884888
-9.646456003189087	-6.812069892883301
-10.676121085882187	-6.972826838493347
-6.71789288520813	-6.265651345252991
-6.275109529495239	-8.129579186439514
-5.425955772399902	-5.669658422470093
-5.3033623695373535	-2.437713861465454
-10.872478723526001	-5.611175537109375
-7.473896384239197	-4.916341066360474
-3.58363938331604	-8.822465300559998
-7.277643799781799	-8.124681115150452
-3.4017040729522705	-6.197263956069946
-10.17606496810913	-2.704620122909546
-10.037767052650452	-7.836601138114929
-10.360159635543823	-9.074477791786194
-5.176054000854492	-0.43276405334472656
-8.901455998420715	-5.833817481994629
-7.49198591709137	-10.553660362958908
-9.590938746929169	-3.7009356021881104
-6.404359817504883	-5.249618053436279
-10.821439146995544	-7.473838806152344
-10.436472415924072	-3.6428210735321045
-9.574035465717316	-2.559746503829956
-6.326988101005554	-9.35504150390625
-10.163833916187286	-7.858769774436951
-8.975188136100769	-8.41918694972992
-9.581039428710938	-7.553127765655518
-5.687985420227051	-2.8628432750701904
-4.769460439682007	-1.2847352027893066
-10.93311095237732	-10.538991630077362
-8.256174802780151	-4.464407444000244
-6.495650768280029	-1.240661859512329
-3.072295904159546	-2.1131529808044434
-7.442864298820496	-1.0505690574645996
-10.048879444599152	-10.362261235713959
-6.102918863296509	-3.0635547637939453
-9.184365034103394	-3.2638041973114014
-3.693812370300293	-1.4896867275238037
-6.724119186401367	-7.637862324714661
-10.458437740802765	-7.178073048591614
-4.43206000328064	-5.430726528167725
-10.357747972011566	-7.299308180809021
-6.0052056312561035	-2.1018598079681396
-6.430814981460571	-9.21281111240387
-7.418383955955505	-1.747708797454834
-9.679903864860535	-2.532024621963501
-10.618124932050705	-7.960145115852356
-10.311246693134308	-10.267197668552399
-8.40919017791748	-8.590938806533813
-9.929790258407593	-10.029838800430298
-10.189375877380371	-2.1912009716033936
-6.060141205787659	-11.707646638154984
-5.656359672546387	-4.70131516456604
-5.675901174545288	-2.627140760421753
-3.927665948867798	-4.4097654819488525
-8.983096361160278	-2.3465051651000977
-7.692277908325195	-1.695049524307251
-6.641600489616394	-8.303963899612427
-11.193372309207916	-1.0774891376495361
-9.098308145999908	-1.0128650665283203
-11.476365432143211	-4.9613120555877686
-10.078367471694946	-8.944508671760559
-6.445184826850891	-9.992501378059387
-11.729272194206715	-10.633601546287537
-9.566597521305084	-9.621342122554779
-7.307694911956787	-5.321702241897583
-7.747747421264648	-2.213054895401001
-5.303086996078491	-5.594407081604004
-5.398411989212036	-5.32221794128418
-11.982534365728498	-10.44217836856842
-7.37831175327301	-4.771270751953125
-7.846808910369873	-7.0081669092178345
-11.098080843687057	-10.03684115409851
-8.962320327758789	-10.166769683361053
-6.138473153114319	-5.830161094665527
-3.839679479598999	-8.542394399642944
-10.204616904258728	-3.598789930343628
-10.73401728272438	-2.8513405323028564
-7.077251672744751	-8.547316074371338
-7.286988973617554	-1.8934228420257568
-8.335813164710999	-7.1501147747039795
-10.560350865125656	-6.985646724700928
-10.348961770534515	-2.8469831943511963
-7.644397616386414	-3.392467975616455
-6.750462770462036	-4.482685804367065
-6.19335401058197	-1.844818353652954
-6.433134913444519	-7.554922342300415
-5.98021388053894	-1.2991082668304443
-5.9814183712005615	-7.123313069343567
-11.463008746504784	-1.1600446701049805
-10.568067222833633	-1.3134477138519287
-4.231982231140137	-3.89806866645813
-8.863534569740295	-9.114333629608154
-9.848227500915527	-9.847467720508575
-7.953355550765991	-7.503522276878357
-5.332916736602783	-8.814013838768005
-9.309970736503601	-2.076460361480713
-6.284131050109863	-2.5573246479034424
-7.102052450180054	-0.835768461227417
-4.386219263076782	-1.758317470550537
-9.896399080753326	-6.567104816436768
-10.573612242937088	-2.7612905502319336
-10.199753165245056	-5.663225412368774
-8.69196367263794	-1.231964349746704
-8.988328099250793	-11.790749475359917
-7.249149441719055	-7.659135460853577
-9.263831377029419	-3.211620569229126
-9.748363852500916	-7.918188571929932
-5.819897174835205	-4.104036569595337
-8.915177464485168	-5.314221382141113
-6.963124394416809	-6.156357049942017
-9.996224284172058	-6.587844729423523
-6.22392475605011	-1.6823816299438477
-6.695075869560242	-11.198445707559586
-9.948914051055908	-11.188622564077377
-9.440226674079895	-4.372889041900635
-11.480991929769516	-11.46154671907425
-7.820827960968018	-5.303094863891602
-8.871869444847107	-0.9044322967529297
-10.615157961845398	-7.680209040641785
-9.118292033672333	-1.551210880279541
-8.019894361495972	-4.55119514465332
-11.048230648040771	-1.408139705657959
-7.485018968582153	-0.9829080104827881
-8.102877974510193	-3.717273473739624
-3.6724233627319336	-1.771010398864746
-3.5297305583953857	-10.447465360164642
-4.010883092880249	-5.989216089248657
-7.377718448638916	-3.676318645477295
-9.07191914319992	-7.813916802406311
-5.197473049163818	-1.036684513092041
-7.771555066108704	-2.3175466060638428
-5.072597980499268	-0.6116480827331543
-5.778045415878296	-1.7816591262817383
-7.747875809669495	-1.7537426948547363
-7.056525349617004	-1.3482427597045898
-10.363421022891998	-7.653433084487915
-8.136768221855164	-11.0396928191185
-7.6955448389053345	-8.072251796722412
-6.337562799453735	-10.505061954259872
-9.989256262779236	-10.30860024690628
-8.159146428108215	-1.2180147171020508
-11.397924050688744	-4.33686375617981
-4.948968172073364	-4.004555940628052
-5.725990533828735	-9.632634937763214
-5.066197156906128	-9.603811740875244
-11.157027930021286	-5.6942102909088135
-10.922737330198288	-11.499654203653336
-8.398214936256409	-8.51449191570282
-8.045188665390015	-9.732108414173126
-10.862664341926575	-6.100141167640686
-7.081656575202942	-1.301011562347412
-5.926033973693848	-2.9814584255218506
-8.54343330860138	-6.771177291870117
-6.548224210739136	-1.1217083930969238
-5.169156789779663	-3.1407437324523926
-10.186621069908142	-1.6194820404052734
-10.49978917837143	-10.49640440940857
-10.554242670536041	-0.7377791404724121
-6.069134473800659	-2.426384925842285
-10.707287013530731	-1.4834582805633545
-2.973010540008545	-4.731966018676758
-10.582380384206772	-8.764317870140076
-9.29428642988205	-6.2107847929000854
-9.09473329782486	-3.853712797164917
-11.626187168061733	-3.60316801071167
-5.7139670848846436	-6.365925550460815
-6.948158025741577	-0.8632593154907227
-7.040079832077026	-11.901212241500616
-4.863804817199707	-10.41299968957901
-6.7370452880859375	-8.775165438652039
-3.613983392715454	-1.6761102676391602
-9.398810863494873	-2.9943337440490723
-7.9273141622543335	-9.698550581932068
-5.271392583847046	-3.8176674842834473
-5.778998851776123	-6.30102002620697
-8.334563970565796	-5.016827344894409
-3.2725446224212646	-3.6927080154418945
-10.755376428365707	-10.76773488521576
-6.043985366821289	-7.917683243751526
-4.959020376205444	-7.336817622184753
-4.636183977127075	-8.752461075782776
-5.0118749141693115	-2.405665397644043
-11.98882370442152	-1.073197603225708
-6.39042055606842	-8.62242579460144
-7.3383307456970215	-4.5676374435424805
-8.158437609672546	-10.511893719434738
-3.3110876083374023	-6.826594948768616
-6.067102074623108	-9.133922517299652
-7.920241355895996	-2.1337201595306396
-10.5967335999012	-0.806988000869751
-6.499976277351379	-6.394071578979492
-5.349670171737671	-4.300864934921265
-7.919228196144104	-1.1562509536743164
-9.466483533382416	-2.587751626968384
-6.3020360469818115	-3.691530704498291
-7.577249765396118	-4.454705715179443
-6.672923684120178	-2.8057501316070557
-10.358308374881744	-5.443525314331055
-8.271430492401123	-6.785426616668701
-9.635465741157532	-0.6552529335021973
-7.911351442337036	-5.253372430801392
-8.972586035728455	-5.480534076690674
-11.690209843218327	-5.922212362289429
-6.804668426513672	-9.706022500991821
-9.171928524971008	-7.0382773876190186
-11.634230241179466	-4.054587364196777
-9.16276627779007	-1.1322455406188965
-5.609511137008667	-5.299522876739502
-6.4449931383132935	-7.821184515953064
-6.510753393173218	-4.236790895462036
-8.621872544288635	-6.413744688034058
-2.4872424602508545	-8.658879160881042
-7.446681618690491	-1.2401998043060303
-10.917166382074356	-9.19403851032257
-7.2594544887542725	-4.0633649826049805
-8.958754420280457	-4.479321241378784
-9.675381660461426	-4.6393303871154785
-9.340943992137909	-6.732907176017761
-2.9971811771392822	-7.6084452867507935
-8.70208990573883	-4.0930774211883545
-9.400246024131775	-2.8144233226776123
-10.928756386041641	-3.103095531463623
-8.639882326126099	-8.706206917762756
-9.078741252422333	-8.739247798919678
-9.32258141040802	-7.08467960357666
-10.21070247888565	-7.8034762144088745
-5.598538398742676	-0.9710440635681152
-6.87523090839386	-10.380413711071014
-8.823585033416748	-5.418426990509033
-9.752004861831665	-4.494835138320923
-11.056350588798523	-7.051856517791748
-6.188905477523804	-1.4314484596252441
-8.912424802780151	-3.9169957637786865
-11.311885491013527	-7.142892479896545
-11.866415496915579	-6.888437032699585
-11.877287417650223	-7.39052939414978
-11.639989614486694	-0.7342121601104736
-10.674065262079239	-4.767675876617432
-6.971084833145142	-10.755585193634033
-10.029962718486786	-8.377434253692627
-10.09229564666748	-1.3495380878448486
-8.675614714622498	-4.932829856872559
-8.156238555908203	-3.3673746585845947
-6.731705904006958	-1.4526515007019043
-11.18393325805664	-7.427360773086548
-5.675831079483032	-6.424409508705139
-6.737115025520325	-5.309159517288208
-8.379235982894897	-6.323999047279358
-9.21157443523407	-11.747586831450462
-4.100365877151489	-7.9428791999816895
-9.071133613586426	-6.522134184837341
-10.385397791862488	-0.9191000461578369
-8.089584946632385	-4.61845850944519
-9.665497362613678	-1.888890266418457
-6.0358933210372925	-7.879765748977661
-9.302641689777374	-4.171779155731201
-10.461052000522614	-7.409456491470337
-6.7600672245025635	-3.586235761642456
-9.296523034572601	-5.395234823226929
-3.974478006362915	-7.980893969535828
-8.48690915107727	-2.3196487426757812
-9.39544540643692	-4.863765478134155
-11.982433373574167	-1.0316033363342285
-11.460064843297005	-8.265423774719238
-9.785170018672943	-11.266792193055153
-10.370247423648834	-7.2262794971466064
-8.10832965373993	-3.000633716583252
-10.707804948091507	-7.559050798416138
-8.170014023780823	-10.8156378865242
-4.999597549438477	-2.1918632984161377
-10.3600172996521	-5.980685234069824
-5.768387317657471	-1.5909790992736816
-5.852422714233398	-1.8295941352844238
-5.596603631973267	-7.445663809776306
-9.12520158290863	-0.8612022399902344
-6.268205523490906	-3.9946324825286865
-4.136260271072388	-6.0988311767578125
-7.231950044631958	-7.479468584060669
-9.464666962623596	-7.633207082748413
-9.256834387779236	-0.8212487697601318
-9.325459063053131	-7.151907205581665
-11.881104871630669	-1.7888867855072021
-10.11225575208664	-6.082335591316223
-11.870485603809357	-4.727218151092529
-7.097092866897583	-7.4728885889053345
-6.150884985923767	-1.9526646137237549
-10.595333307981491	-4.935841083526611
-7.417783141136169	-9.735148429870605
-10.36466771364212	-3.8624210357666016
-10.462708353996277	-5.0449090003967285
-3.542999267578125	-8.883418679237366
-8.589101672172546	-8.125975012779236
-11.119878977537155	-2.219510793685913
-10.27868914604187	-8.994936347007751
-6.7254592180252075	-11.171464383602142
-11.571770042181015	-8.349469184875488
-4.452486276626587	-4.040308713912964
-5.798314332962036	-1.3633997440338135
-10.657322734594345	-5.9406208992004395
-7.7880213260650635	-7.339351773262024
-9.106497287750244	-4.576188325881958
-4.644654035568237	-9.865551352500916
-9.449005901813507	-10.038723170757294
-11.326941400766373	-8.215754270553589
-10.168761849403381	-8.946477770805359
-10.811869472265244	-4.312330484390259
-5.035284519195557	-3.1398918628692627
-11.247927904129028	-4.196818828582764
-4.5382068157196045	-3.9740395545959473
-7.637099504470825	-10.355294823646545
-7.5723137855529785	-1.3401954174041748
-10.231785356998444	-8.277646780014038
-8.61430835723877	-11.548069328069687
-7.933243989944458	-1.0848920345306396
-6.746614694595337	-4.948689937591553
-4.7606048583984375	-6.111313104629517
-6.522658824920654	-8.551355123519897
-5.51910138130188	-11.807220987975597
-10.981963902711868	-1.8994731903076172
-6.1762776374816895	-7.472365021705627
-6.957395553588867	-4.329410791397095
-4.583177089691162	-1.3852379322052002
-9.494827687740326	-6.965971827507019
-9.41439414024353	-2.371760129928589
-9.851944506168365	-0.9114139080047607
-8.790058135986328	-2.152278184890747
-8.542342185974121	-6.213490605354309
-11.182572305202484	-9.374701917171478
-9.664450943470001	-6.051117539405823
-9.222694158554077	-3.0827715396881104
-3.922039031982422	-8.826951384544373
-11.478409320116043	-3.0032029151916504
-11.02022534608841	-6.748436093330383
-9.730519115924835	-2.693268299102783
-10.908064305782318	-4.693760633468628
-7.630199432373047	-2.278853416442871
-6.133810758590698	-2.4564592838287354
-10.338507413864136	-5.343091249465942
-7.993276476860046	-2.656801700592041
-3.887197494506836	-5.36404824256897
-6.860755205154419	-5.326288461685181
-3.8693675994873047	-6.059367299079895
-8.785610675811768	-1.094785451889038
-7.036885857582092	-10.251209735870361
-10.809826970100403	-5.281884670257568
-8.04445481300354	-6.860756278038025
-3.8158092498779297	-8.037881970405579
-10.433239996433258	-3.672609329223633
-9.01925504207611	-11.709673449397087
-10.96268516778946	-0.9041905403137207
-9.11453229188919	-1.9672901630401611
-5.373429536819458	-5.458032131195068
-9.761486113071442	-9.441952407360077
-7.847691893577576	-4.990339994430542
-10.609271764755249	-7.229884743690491
-11.67661227285862	-0.8278663158416748
-8.702470064163208	-3.5782177448272705
-7.906805634498596	-8.907419800758362
-11.886676602065563	-6.671895503997803
-10.518077552318573	-9.658143818378448
-7.731539011001587	-9.348281264305115
-4.878663539886475	-3.499354362487793
-8.183927536010742	-4.698242425918579
-5.717682838439941	-3.4764039516448975
-7.467592477798462	-2.676391839981079
-9.558668911457062	-7.2072612047195435
-9.404309213161469	-9.56933480501175
-8.516463875770569	-6.6363605260849
-5.369539976119995	-2.4827356338500977
-11.266531750559807	-4.970543146133423
-7.020229697227478	-8.76677119731903
-8.374064683914185	-6.599915027618408
-7.998122334480286	-5.800274133682251
-9.516065061092377	-3.544412612915039
-6.597819685935974	-11.955668555572629
-7.546869277954102	-6.103502511978149
-9.016207695007324	-0.8152542114257812
-11.39956310391426	-3.4739255905151367
-6.189324617385864	-1.7139015197753906
-10.756634831428528	-3.7178635597229004
-7.690228700637817	-5.833074331283569
-4.761405944824219	-1.7211649417877197
-11.042251914739609	-7.642838001251221
-11.290900737047195	-3.4054949283599854
-9.447859168052673	-6.79446280002594
-7.701388835906982	-8.614546179771423
-5.832012176513672	-6.648130416870117
-5.385573863983154	-8.963810920715332
-8.068445563316345	-11.014787793159485
-10.664564967155457	-4.836733102798462
-5.654803991317749	-1.9910051822662354
-3.662579298019409	-0.6551978588104248
-10.286139607429504	-5.787501096725464
-11.353765457868576	-5.908145427703857
-4.327342987060547	-2.5200576782226562
-9.956184804439545	-8.644080519676208
-10.615577638149261	-4.442462682723999
-10.79224705696106	-3.0192553997039795
-6.819859027862549	-4.502681493759155
-8.749494910240173	-6.319533705711365
-8.523447632789612	-0.8073277473449707
-6.332755923271179	-2.2522573471069336
-10.191626965999603	-7.1558815240859985
-10.572708874940872	-5.738579750061035
-8.755573153495789	-7.323734879493713
-5.593520879745483	-4.923217535018921
-5.342959642410278	-1.8109245300292969
-7.4907249212265015	-7.657869458198547
-9.526605784893036	-8.219123482704163
-7.298781037330627	-7.136350035667419
-8.82165777683258	-5.473411560058594
-9.178092241287231	-4.110161304473877
-9.841648757457733	-8.422693133354187
-7.855649471282959	-6.914778828620911
-9.85912138223648	-6.261402368545532
-4.649015665054321	-8.559664607048035
-9.282087564468384	-2.4248692989349365
-3.6783699989318848	-11.454204216599464
-7.767434477806091	-6.02061402797699
-4.214000701904297	-7.032899379730225
-10.6120186150074	-0.8215441703796387
-10.202509760856628	-4.285173654556274
-11.169590950012207	-2.020489454269409
-9.404125213623047	-5.53905987739563
-8.840247631072998	-7.039446830749512
-9.343505144119263	-1.9599051475524902
-8.110727190971375	-11.19843989610672
-10.201455116271973	-4.768915414810181
-10.61968919634819	-9.159971415996552
-11.076515883207321	-7.886258125305176
-9.579074800014496	-7.353931188583374
-10.592918872833252	-5.8689680099487305
-11.310143440961838	-9.082967340946198
-10.429027676582336	-4.3445563316345215
-7.205715179443359	-1.5929811000823975
-7.094353437423706	-1.1094110012054443
-5.422853708267212	-9.070707499980927
-10.214943051338196	-8.123143315315247
-8.959049105644226	-4.495673418045044
-9.570391774177551	-7.998881220817566
-8.70582926273346	-10.394583642482758
-6.924297094345093	-10.642958521842957
-7.057311058044434	-10.734009504318237
-9.396621644496918	-6.631352663040161
-8.739816784858704	-4.283301115036011
-8.78586208820343	-8.986601114273071
-9.371709823608398	-0.5100488662719727
-10.216329038143158	-8.825464010238647
-5.597745180130005	-6.522080898284912
-9.332266867160797	-3.606159210205078
-5.5199174880981445	-10.253673791885376
-3.8292274475097656	-5.393242835998535
-7.224719166755676	-7.792853593826294
-6.724107384681702	-7.696836233139038
-5.3371052742004395	-6.737211227416992
-6.127784013748169	-7.568812966346741
-5.673858404159546	-8.823163747787476
-10.113210618495941	-9.382814705371857
-11.830632660537958	-5.812976360321045
-10.33346539735794	-5.258634567260742
-8.122704148292542	-3.950289487838745
-9.799391984939575	-0.7804899215698242
-9.28263795375824	-10.923877447843552
-10.699215173721313	-4.259493112564087
-8.276718735694885	-5.461306571960449
-6.164721250534058	-6.881982922554016
-6.665287613868713	-8.327000856399536
-7.3015923500061035	-7.302324414253235
-4.489598035812378	-3.337968349456787
-10.859209477901459	-2.6672043800354004
-9.808219850063324	-2.046072006225586
-9.881572544574738	-8.61141049861908
-8.04419195652008	-5.214886665344238
-3.4690353870391846	-3.209265947341919
-9.128293097019196	-4.893925666809082
-11.024930387735367	-5.641855001449585
-11.219621658325195	-10.339669525623322
-9.342879474163055	-9.231262028217316
-5.12594747543335	-6.293304920196533
-6.720653057098389	-11.306908249855042
-8.241905808448792	-1.8438992500305176
-6.116369962692261	-10.0571967959404
-9.01338529586792	-8.128535270690918
-9.751662790775299	-3.2134974002838135
-5.249952077865601	-2.123697280883789
-6.990773320198059	-1.2394917011260986
-11.400846675038338	-8.789594650268555
-8.05396020412445	-6.4170448780059814
-10.549032747745514	-6.203368663787842
-11.874816667288542	-2.125105619430542
-10.300106942653656	-4.067856073379517
-7.563860177993774	-2.914445400238037
-7.471155881881714	-1.389768362045288
-5.216595411300659	-5.393473148345947
-4.03673529624939	-10.640631794929504
-7.161725163459778	-7.546387195587158
-11.583958894014359	-7.22834837436676
-7.20515763759613	-9.993020832538605
-6.967442035675049	-3.9289820194244385
-7.03966748714447	-2.926194190979004
-2.7862772941589355	-2.3926584720611572
-4.291125297546387	-5.373204946517944
-8.446284055709839	-6.4609211683273315
-8.56664264202118	-9.37484085559845
-11.93386079929769	-7.357508182525635
-9.103604972362518	-2.44980525970459
-7.9620441198349	-9.349331617355347
-8.713409543037415	-6.989303827285767
-11.379484221339226	-9.89488559961319
-7.933881640434265	-8.444956183433533
-5.6579060554504395	-6.372592449188232
-6.6041693687438965	-6.749013662338257
-11.304795742034912	-8.957387208938599
-6.5289716720581055	-11.288723230361938
-7.853068828582764	-4.076758861541748
-8.441441059112549	-2.35872745513916
-5.879455089569092	-2.9658493995666504
-8.591249585151672	-7.494089126586914
-5.405036687850952	-2.0135343074798584
-5.582351446151733	-6.716056823730469
-5.412647008895874	-3.6998977661132812
-3.872581958770752	-6.201020121574402
-4.989251375198364	-10.258364617824554
-11.262328863143921	-5.3546998500823975
-8.72081458568573	-6.104652285575867
-8.301897168159485	-8.93101680278778
-9.312907755374908	-1.6321678161621094
-5.786827325820923	-3.8020527362823486
-10.557342857122421	-5.83308219909668
-10.671513676643372	-3.7229819297790527
-8.403417348861694	-7.2546608448028564
-5.85066032409668	-6.490989089012146
-5.279977798461914	-8.843635439872742
-8.7950838804245	-8.026471853256226
-9.26777458190918	-5.904667139053345
-10.114566922187805	-7.03982412815094
-8.125381350517273	-3.012057065963745
-3.5318942070007324	-2.0002191066741943
-5.859832048416138	-10.339470863342285
-10.56888073682785	-1.7749357223510742
-5.680561065673828	-10.67374724149704
-5.1389758586883545	-6.815306782722473
-3.626345157623291	-8.097736716270447
-11.463251307606697	-2.4552862644195557
-7.862962603569031	-9.305826902389526
-10.729663968086243	-4.413182973861694
-11.689926736056805	-11.853301998227835
-8.78224790096283	-2.9935190677642822
-11.35120864212513	-7.692035436630249
-9.453690469264984	-8.971148371696472
-4.335827350616455	-4.189739227294922
-9.101293981075287	-6.615053415298462
-9.238670825958252	-6.529039263725281
-9.899139940738678	-8.974340558052063
-11.837107837200165	-11.638687312602997
-11.5988939255476	-3.4873266220092773
-7.807298898696899	-1.1952152252197266
-5.612515211105347	-10.774442911148071
-6.927261829376221	-9.664891362190247
-8.485619187355042	-1.301156759262085
-11.952418142929673	-2.8415486812591553
-9.862343788146973	-6.753206491470337
-5.213567733764648	-5.290215969085693
-7.206682562828064	-4.805079460144043
-11.635983064770699	-8.397275805473328
-6.735499978065491	-4.920126914978027
-9.45873910188675	-5.482876539230347
-7.950991988182068	-4.829752206802368
-11.024891674518585	-8.24721872806549
-11.651802867650986	-10.080672204494476
-5.384188413619995	-5.689021110534668
-8.882484197616577	-7.932515859603882
-5.902288198471069	-5.879515171051025
-10.37979108095169	-2.526258945465088
-10.872511625289917	-10.426543772220612
-4.36236047744751	-5.649395942687988
-10.737496197223663	-8.416620254516602
-7.779445767402649	-4.593945264816284
-9.463587641716003	-8.999937057495117
-8.411424279212952	-3.4314630031585693
-5.826142072677612	-4.695525169372559
-2.6538126468658447	-6.935431122779846
-6.435267806053162	-11.284620344638824
-6.232455253601074	-4.368325710296631
-4.870339393615723	-9.105580508708954
-6.311578273773193	-2.3484413623809814
-5.56293797492981	-5.864808082580566
-9.002113044261932	-5.628097057342529
-8.29358196258545	-4.323810338973999
-11.622780874371529	-6.658317446708679
-11.373316302895546	-8.460451483726501
-7.879483222961426	-6.012707948684692
-9.72168517112732	-2.6395504474639893
-5.6647374629974365	-4.61142110824585
-8.828132629394531	-5.745748043060303
-8.816781520843506	-2.002765417098999
-7.146307826042175	-6.398309111595154
-10.467276334762573	-7.43460488319397
-10.475990116596222	-5.953386068344116
-8.76530134677887	-8.366199016571045
-8.015404343605042	-5.4463512897491455
-10.682348370552063	-1.8755135536193848
-7.2722285985946655	-1.7459042072296143
-9.545593678951263	-7.570360064506531
-8.335711598396301	-6.799375891685486
-7.836522817611694	-10.58083963394165
-10.092639327049255	-8.000009894371033
-9.316246390342712	-7.81040346622467
-7.063883185386658	-2.850717544555664
-11.364356249570847	-4.572059869766235
-4.616421461105347	-5.4205162525177
-9.208731651306152	-8.174435019493103
-5.853122234344482	-0.9756553173065186
-10.840161859989166	-8.452962040901184
-4.976006984710693	-3.4535164833068848
-7.143318057060242	-10.020029425621033
-6.031274914741516	-1.2058639526367188
-6.47616720199585	-6.48600161075592
-10.530771374702454	-5.954632043838501
-6.990282654762268	-4.19568657875061
-4.20793604850769	-6.814923048019409
-8.920618414878845	-1.4327523708343506
-9.262960374355316	-4.002212762832642
-11.305714264512062	-5.934855222702026
-10.790362805128098	-5.2249696254730225
-3.611222505569458	-6.723636031150818
-7.757626175880432	-1.9965770244598389
-3.888673782348633	-1.8605647087097168
-3.670804023742676	-5.994565486907959
-9.291443109512329	-4.864336967468262
-10.813711792230606	-5.327916383743286
-9.477013349533081	-0.8024060726165771
-9.566606640815735	-3.1265430450439453
-10.850021302700043	-3.9911155700683594
-9.236212313175201	-10.639546126127243
-7.938880920410156	-9.181843757629395
-8.613716840744019	-7.478360652923584
-9.790569841861725	-8.72304368019104
-6.524478077888489	-9.270682990550995
-4.946370363235474	-4.472270965576172
-10.163149416446686	-2.1095681190490723
-10.373604834079742	-7.038862466812134
-9.861214935779572	-7.166139364242554
-8.13032877445221	-3.607001781463623
-9.48070514202118	-6.7082390785217285
-10.933857411146164	-7.296705007553101
-11.033823251724243	-3.154827117919922
-8.858026385307312	-2.210594415664673
-11.40001206099987	-3.997129440307617
-5.518228054046631	-1.4751269817352295
-7.05872118473053	-0.9527742862701416
-7.447547078132629	-6.750325798988342
-9.61023098230362	-11.642903611063957
-5.396636724472046	-5.728482484817505
-7.331218957901001	-8.48868477344513
-8.225808262825012	-1.4275739192962646
-7.895796060562134	-5.4452691078186035
-6.5750205516815186	-6.726441979408264
-6.643950462341309	-4.182514429092407
-4.708153009414673	-3.970444679260254
-11.190423220396042	-1.8932533264160156
-9.11603558063507	-6.695323348045349
-9.738208651542664	-6.547014355659485
-11.036219716072083	-7.07707679271698
-7.6605459451675415	-5.7056779861450195
-10.842657387256622	-2.110161066055298
-5.288163185119629	-1.1568760871887207
-11.340081587433815	-1.0279862880706787
-5.255300760269165	-5.000514507293701
-11.691106371581554	-5.903582811355591
-7.362934470176697	-10.495272874832153
-6.865873217582703	-5.682888507843018
-6.464125871658325	-2.7784245014190674
-4.690058469772339	-7.991581678390503
-7.4244225025177	-1.5439732074737549
-10.895154923200607	-2.4082796573638916
-10.697791278362274	-10.071211695671082
-4.674751281738281	-9.50060373544693
-10.954337865114212	-1.2217862606048584
-5.908904314041138	-10.618448048830032
-10.334939897060394	-1.8213608264923096
-11.509478732943535	-5.411441087722778
-6.795578598976135	-6.891218662261963
-10.75676715373993	-2.331644296646118
-11.043485641479492	-7.638322591781616
-5.141709566116333	-6.968528866767883
-9.912898778915405	-2.1560654640197754
-6.797521948814392	-10.962491065263748
-6.358949661254883	-2.5600483417510986
-5.692676067352295	-5.196367263793945
-10.445841372013092	-7.61132276058197
-11.346834138035774	-0.9122693538665771
-8.859254837036133	-5.524216890335083
-7.067966938018799	-7.778531312942505
-11.963181889615953	-7.026638031005859
-4.758305311203003	-6.75536048412323
-11.740987658500671	-1.5389657020568848
-11.0504330098629	-11.330633461475372
-8.104583859443665	-6.399283289909363
-7.341528654098511	-8.854433298110962
-9.892565131187439	-8.173631429672241
-10.408972442150116	-8.468433737754822
-4.500085115432739	-5.028243541717529
-10.363153159618378	-3.9066545963287354
-8.89453661441803	-1.795562982559204
-10.605427712202072	-1.7389612197875977
-6.5800570249557495	-4.1129279136657715
-9.383001923561096	-7.987340927124023
-10.00810593366623	-9.935702562332153
-7.8940125703811646	-5.3590850830078125
-10.386550068855286	-2.257553815841675
-9.668164551258087	-6.0127129554748535
-5.5365214347839355	-8.903682231903076
-7.226069211959839	-7.055166721343994
-11.409741774201393	-9.085968017578125
-11.178417384624481	-5.714535713195801
-4.230145454406738	-8.823675155639648
-7.946789503097534	-1.5669329166412354
-10.805669367313385	-4.955436944961548
-8.811072707176208	-9.095744848251343
-9.761472165584564	-8.46310579776764
-9.411155104637146	-2.29750657081604
-11.90459968149662	-7.751589059829712
-11.770408473908901	-1.139397382736206
-4.335804462432861	-3.9538865089416504
-9.150975465774536	-5.184048414230347
-10.982344418764114	-1.4467034339904785
-10.195562481880188	-7.469096660614014
-8.46632695198059	-5.375754117965698
-10.256906926631927	-5.2389185428619385
-8.466708183288574	-2.376497983932495
-9.2689368724823	-9.615603268146515
-7.795163512229919	-4.344979763031006
-6.926908850669861	-9.767857074737549
-9.611014008522034	-10.38546234369278
-5.424914360046387	-0.9745566844940186
-11.748328931629658	-5.805494785308838
-4.591436147689819	-6.82090151309967
-10.114438891410828	-4.252063035964966
-10.446570038795471	-7.250260233879089
-10.195968568325043	-1.7794196605682373
-10.604939818382263	-5.584048748016357
-9.883861005306244	-8.384145498275757
-8.467931270599365	-3.463125228881836
-9.201122045516968	-0.8274064064025879
-9.17355465888977	-5.114955425262451
-10.994910210371017	-3.1275100708007812
-10.738453567028046	-3.589583158493042
-6.427864909172058	-2.0694851875305176
-5.607074975967407	-3.0780208110809326
-10.528167307376862	-5.297527313232422
-6.9506038427352905	-1.0317506790161133
-6.717561364173889	-7.195303559303284
-6.571195721626282	-8.237546682357788
-7.283772826194763	-1.3140850067138672
-7.943299770355225	-8.02996551990509
-7.011422038078308	-6.7323585748672485
-10.17789763212204	-3.401740550994873
-9.762428104877472	-1.4154102802276611
-7.608502149581909	-4.953079462051392
-11.550391048192978	-8.619505763053894
-10.471236884593964	-4.992364168167114
-9.709123313426971	-4.565831422805786
-7.1712141036987305	-10.474209308624268
-11.43357490003109	-8.073675870895386
-8.38428819179535	-10.738835155963898
-7.006197810173035	-6.7508465051651
-6.755827188491821	-2.237635374069214
-8.306920409202576	-3.305927038192749
-11.647580534219742	-3.0518839359283447
-3.0654122829437256	-2.8584043979644775
-8.150393843650818	-8.15949833393097
-6.8276331424713135	-8.044876456260681
-10.321790635585785	-3.804497480392456
-9.769180476665497	-6.989562749862671
-10.828865647315979	-8.100634217262268
-10.975518733263016	-6.160973310470581
-8.821483969688416	-2.562722682952881
-11.277181684970856	-6.359050869941711
-7.865121603012085	-1.7060301303863525
-8.066795825958252	-4.950887203216553
-11.162955164909363	-3.8823301792144775
-9.146157503128052	-4.233146667480469
-9.154294431209564	-5.391220808029175
-8.693126678466797	-10.561916202306747
-11.660590924322605	-1.7829852104187012
-11.284941673278809	-0.9809317588806152
-10.52384027838707	-1.694833517074585
-10.510325074195862	-9.781010627746582
-4.892630338668823	-1.1121010780334473
-10.129371643066406	-3.0262956619262695
-7.653325080871582	-8.391173958778381
-9.809315621852875	-9.256055653095245
-5.351393222808838	-10.050637185573578
-6.516624569892883	-1.1788952350616455
-9.677908658981323	-2.428938388824463
-9.850659370422363	-7.439191102981567
-6.200859189033508	-3.5835013389587402
-4.732062578201294	-10.553902119398117
-5.284993886947632	-8.002459645271301
-8.368513584136963	-9.49342006444931
-7.40060019493103	-10.54206097126007
-10.050390601158142	-5.575661659240723
-5.947727680206299	-3.389007568359375
-11.50481566786766	-3.7776474952697754
-6.52620005607605	-7.206589221954346
-10.560011118650436	-10.373231649398804
-4.927946090698242	-5.481557607650757
-2.954064130783081	-10.545146137475967
-11.399702847003937	-8.477435231208801
-5.7906174659729	-4.540657997131348
-9.385932326316833	-10.041363179683685
-11.309386745095253	-9.01163524389267
-5.6214330196380615	-11.089021056890488
-5.2893712520599365	-3.387139320373535
-9.5672008395195	-6.503402352333069
-7.718924403190613	-5.979997873306274
-9.181001901626587	-8.570861577987671
-11.71689087152481	-2.898380756378174
-11.379864245653152	-10.217038750648499
-9.827419817447662	-2.391456127166748
-7.184022545814514	-5.3435797691345215
-7.303754210472107	-8.021816968917847
-8.225431680679321	-9.383588790893555
-10.977143615484238	-5.545969247817993
-7.279140472412109	-0.5664575099945068
-7.6133376359939575	-6.041809558868408
-7.204481720924377	-0.7612545490264893
-8.384621143341064	-2.870868444442749
-10.553062051534653	-2.1044304370880127
-7.530426263809204	-8.06991720199585
-9.066437423229218	-2.379035711288452
-7.687506437301636	-9.319464683532715
-11.548769921064377	-5.9310901165008545
-10.793484181165695	-7.321238279342651
-8.237462997436523	-2.4708595275878906
-10.673396229743958	-7.546092510223389
-5.692235469818115	-8.60807454586029
-9.5083726644516	-5.475600957870483
-7.064822673797607	-6.0471789836883545
-5.956355094909668	-3.178921937942505
-4.858908176422119	-9.155582249164581
-8.307114601135254	-3.448745012283325
-4.376363754272461	-2.2271389961242676
-11.566177725791931	-7.805887341499329
-9.377349436283112	-3.034226417541504
-8.110430717468262	-6.084704518318176
-11.27535067498684	-2.580476760864258
-9.405507981777191	-9.250612735748291
-10.216901779174805	-6.470794200897217
-6.647141933441162	-1.0453133583068848
-8.088277459144592	-8.445957899093628
-10.391214787960052	-1.067645788192749
-11.265739157795906	-9.016888976097107
-6.586998224258423	-3.477863073348999
-4.104299068450928	-7.738659739494324
-8.928054213523865	-4.954843997955322
-6.756937265396118	-1.390272617340088
-5.922289609909058	-10.123270690441132
-11.438240244984627	-9.273599624633789
-10.274191975593567	-11.669436916708946
-10.162151098251343	-8.868450164794922
-11.677945777773857	-3.8800835609436035
-8.416251540184021	-7.7242430448532104
-6.414371609687805	-2.9500129222869873
-8.936266779899597	-3.7972612380981445
-11.427967742085457	-9.09200370311737
-9.498635172843933	-2.8070662021636963
-11.259677946567535	-8.441293716430664
-7.725625276565552	-4.082009553909302
-10.465395033359528	-1.6937284469604492
-6.0758360624313354	-3.7384114265441895
-9.116899073123932	-7.364783406257629
-11.986873535905033	-3.236452102661133
-9.129208445549011	-2.8817739486694336
-9.335620164871216	-1.2641050815582275
-2.7685911655426025	-8.376493334770203
-4.396194219589233	-4.653564691543579
-7.426154851913452	-2.4404125213623047
-9.615296244621277	-7.80655574798584
-11.945629846304655	-3.354708194732666
-6.9995445013046265	-10.351119339466095
-8.528066396713257	-9.48942893743515
-11.680215619504452	-9.667332351207733
-10.045801877975464	-3.044400930404663
-7.197607040405273	-2.4408581256866455
-11.55621774494648	-0.8022594451904297
-11.114027291536331	-7.129336953163147
-7.164889097213745	-3.8370559215545654
-9.69852089881897	-2.6506505012512207
-10.093937158584595	-1.2948553562164307
-8.584084510803223	-7.8591495752334595
-7.886460542678833	-5.692930698394775
-7.101288199424744	-5.662058115005493
-5.635092258453369	-8.807428479194641
-8.893272399902344	-3.5734691619873047
-10.980618059635162	-7.368657946586609
-5.929683208465576	-10.403947234153748
-7.318972706794739	-9.906768500804901
-5.877719879150391	-3.6779773235321045
-6.966354131698608	-8.46950876712799
-6.088716745376587	-2.402438163757324
-10.519458264112473	-6.071397542953491
-10.13643479347229	-3.001843214035034
-11.825859021395445	-9.15606951713562
-6.6056177616119385	-1.569028615951538
-8.979257941246033	-5.871005058288574
-11.66705397516489	-1.0246217250823975
-11.890696171671152	-8.63268256187439
-9.28498363494873	-1.2542824745178223
-4.426222801208496	-2.229489326477051
-10.024813055992126	-3.037757635116577
-8.361764788627625	-8.436152815818787
-11.394737496972084	-5.035752296447754
-7.640370011329651	-6.165154695510864
-11.896027810871601	-6.6802732944488525
-6.9194759130477905	-3.4811933040618896
-8.42704725265503	-11.090773075819016
-9.918480098247528	-6.583533883094788
-11.597468242049217	-5.0874223709106445
-8.050381064414978	-2.631531000137329
-8.808521747589111	-5.066439628601074
-9.25567889213562	-4.494055509567261
-7.908094525337219	-9.444660544395447
-8.656716585159302	-1.9358296394348145
-8.621283173561096	-6.90281617641449
-7.784363508224487	-7.051743865013123
-10.50706958770752	-4.281882047653198
-7.993358731269836	-10.736944377422333
-9.119980931282043	-7.095170259475708
-10.189705431461334	-2.629302978515625
-8.352380633354187	-4.582712888717651
-5.201889753341675	-11.49395652115345
-9.539789021015167	-5.8886096477508545
-6.472445368766785	-2.509681463241577
-11.569657355546951	-6.225685000419617
-11.597248166799545	-6.0098583698272705
-10.068025410175323	-5.337806940078735
-6.846756219863892	-2.1037795543670654
-11.098849385976791	-9.753377795219421
-7.1802603006362915	-6.086421847343445
-4.457005977630615	-5.4290642738342285
-9.454949140548706	-8.440707564353943
-10.07716566324234	-0.7417008876800537
-9.426466941833496	-3.8213324546813965
-10.904673546552658	-2.11431884765625
-5.7645263671875	-1.8849477767944336
-6.202989220619202	-9.124621331691742
-10.612941294908524	-8.964816927909851
-4.145326852798462	-2.6603779792785645
-10.188969790935516	-0.9836468696594238
-6.547418475151062	-2.954352378845215
-10.093823611736298	-6.940072059631348
-8.193185448646545	-9.1445272564888
-6.879305720329285	-6.449530005455017
-11.842558074742556	-8.264938831329346
-8.887947678565979	-4.818362474441528
-5.368090867996216	-9.059846699237823
-5.063861846923828	-3.1587517261505127
-5.7981648445129395	-3.3761000633239746
-7.752447724342346	-2.054130792617798
-10.001849949359894	-4.16347861289978
-9.77477878332138	-5.8533289432525635
-7.031077265739441	-5.652254104614258
-8.894364953041077	-7.80088198184967
-7.964702010154724	-3.417403221130371
-8.966052532196045	-2.8455562591552734
-5.606898307800293	-11.137937486171722
-5.300369739532471	-5.089167594909668
-4.940237045288086	-5.3882739543914795
-8.791177868843079	-8.29076600074768
-11.829691842198372	-7.998354077339172
-8.250099778175354	-9.013154089450836
-9.037891209125519	-6.189620018005371
-6.8642191886901855	-4.294334650039673
-10.014038980007172	-7.034335613250732
-8.096883416175842	-7.21488618850708
-6.857129216194153	-11.653000496327877
-10.814922004938126	-6.445591449737549
-7.283461332321167	-3.766275644302368
-7.542482972145081	-1.6596229076385498
-5.15733003616333	-8.152528524398804
-7.201460123062134	-2.6510510444641113
-11.07461991906166	-8.121949195861816
-8.321511626243591	-10.154636442661285
-8.660494208335876	-6.674802303314209
-6.243701934814453	-10.529152750968933
-7.5592310428619385	-6.281651258468628
-6.327529549598694	-6.53003203868866
-5.397264719009399	-4.195238828659058
-7.480304718017578	-7.819225072860718
-4.240271329879761	-5.909308433532715
-10.812316417694092	-10.062810122966766
-8.93674921989441	-7.308460593223572
-11.410067573189735	-2.9020750522613525
-10.462294399738312	-1.1053855419158936
-8.811591982841492	-2.3404219150543213
-8.47322130203247	-3.8668484687805176
-11.87188284471631	-1.807640790939331
-3.9996750354766846	-5.807888031005859
-8.733979225158691	-2.7570769786834717
-9.078497886657715	-5.155691385269165
-7.0115708112716675	-7.274924039840698
-10.481517791748047	-10.578224033117294
-7.578765034675598	-9.316282510757446
-7.317207098007202	-8.251919388771057
-7.005243301391602	-4.2746357917785645
-9.06018877029419	-7.056909084320068
-9.106354594230652	-2.466552972793579
-9.956269204616547	-1.962566614151001
-11.11665827035904	-10.023772895336151
-8.552515983581543	-8.685227394104004
-5.077149152755737	-1.4208054542541504
-6.775857210159302	-3.816314935684204
-10.813811123371124	-9.780113339424133
-11.39785735309124	-3.127987861633301
-10.035548150539398	-5.108319282531738
-11.355027437210083	-9.174752533435822
-9.102879345417023	-3.0042450428009033
-8.535786509513855	-2.133175849914551
-3.6997647285461426	-2.344954490661621
-5.398223161697388	-1.5854995250701904
-8.368051528930664	-7.464959621429443
-8.56408166885376	-8.703750014305115
-10.888560175895691	-8.836711406707764
-5.474141836166382	-4.264927625656128
-4.975650787353516	-6.363999009132385
-10.463148593902588	-4.429419994354248
-11.342655435204506	-4.382239580154419
-4.594277858734131	-11.36409030854702
-6.693840980529785	-4.822780609130859
-9.446577787399292	-7.247450351715088
-10.59221675992012	-4.299596786499023
-8.819687962532043	-2.4147584438323975
-10.622091203927994	-6.144531726837158
-8.57319724559784	-8.469330310821533
-9.111170053482056	-1.1099839210510254
-6.485610723495483	-4.820049047470093
-6.179548501968384	-6.3296799659729
-3.4686756134033203	-1.0235395431518555
-8.654502868652344	-7.5006866455078125
-3.4807655811309814	-11.830744553357363
-9.564976930618286	-6.431291699409485
-9.48094618320465	-6.153585433959961
-4.66100549697876	-4.5538129806518555
-8.862752437591553	-7.300180077552795
-7.278626203536987	-6.49073052406311
-7.524903059005737	-1.4191546440124512
-7.508794069290161	-3.3416812419891357
-8.179946064949036	-2.1402904987335205
-6.801698684692383	-4.63239312171936
-8.528411149978638	-1.3129019737243652
-10.054440200328827	-3.5932817459106445
-10.735603719949722	-7.909658074378967
-11.244148224592209	-4.55059289932251
-10.02802687883377	-2.4413294792175293
-9.975244402885437	-8.459531307220459
-3.8238229751586914	-9.137780785560608
-7.104422092437744	-6.111235857009888
-11.323436200618744	-6.231188535690308
-8.606369376182556	-6.100262761116028
-8.094047784805298	-0.9857425689697266
-5.036160707473755	-3.6330363750457764
-5.9168901443481445	-8.432658433914185
-6.569813847541809	-5.662213325500488
-11.113042742013931	-7.75058126449585
-5.331531286239624	-5.974415302276611
-5.606306076049805	-6.392269134521484
-9.47239351272583	-1.5068893432617188
-4.252564430236816	-2.0983736515045166
-6.925866365432739	-1.2262845039367676
-6.942693829536438	-10.194856345653534
-5.504580974578857	-9.407360851764679
-7.8028517961502075	-10.779949754476547
-7.640885353088379	-10.35081285238266
-11.670707501471043	-5.079946517944336
-9.4580699801445	-6.849388003349304
-5.155290842056274	-2.3481810092926025
-9.372573852539062	-8.643016576766968
-3.9183332920074463	-1.2077751159667969
-5.737574100494385	-8.352917790412903
-9.766934394836426	-2.585909128189087
-8.801393151283264	-11.875492248684168
-9.044625163078308	-7.220783114433289
-5.645025730133057	-7.542978644371033
-8.27056610584259	-1.1988980770111084
-8.59106433391571	-10.361696541309357
-10.79264160990715	-3.0573935508728027
-9.997457206249237	-0.8957984447479248
-9.007436871528625	-9.303843677043915
-3.8717257976531982	-3.7729947566986084
-5.811132431030273	-4.79365611076355
-10.905291348695755	-2.4162397384643555
-11.606790393590927	-0.9286730289459229
-11.793688952922821	-5.601875066757202
-4.198496103286743	-1.0630252361297607
-7.7113276720047	-2.9826979637145996
-9.180527150630951	-8.98391604423523
-8.66718327999115	-1.2912862300872803
-5.63927435874939	-6.083082318305969
-8.559885263442993	-4.3912646770477295
-9.096004486083984	-1.7351138591766357
-4.200126886367798	-7.268081903457642
-6.083283305168152	-3.732801675796509
-10.958440661430359	-5.017226457595825
-11.149136871099472	-10.574352622032166
-11.540252700448036	-5.783767461776733
-6.023754715919495	-8.534324884414673
-8.1713547706604	-2.0222296714782715
-6.714213609695435	-2.8581290245056152
-8.296117544174194	-10.769643187522888
-5.212539911270142	-9.42812865972519
-7.57880437374115	-4.729962587356567
-4.9934163093566895	-9.246822595596313
-5.617220163345337	-4.06126856803894
-4.446918725967407	-4.732345819473267
-11.884424395859241	-9.825302124023438
-11.520475521683693	-6.182427763938904
-9.588374197483063	-2.220939874649048
-9.416914165019989	-5.994823694229126
-8.10423195362091	-8.456820487976074
-9.157756090164185	-8.071933150291443
-11.741390772163868	-5.562405109405518
-7.464087009429932	-8.016652464866638
-11.34297725558281	-9.797221004962921
-7.774515151977539	-5.791119575500488
-11.723704598844051	-8.758352994918823
-11.960652083158493	-3.501314163208008
-11.214913129806519	-8.536660194396973
-6.5065823793411255	-5.756068468093872
-10.574975341558456	-10.5466588139534
-6.804991722106934	-0.8312094211578369
-6.3641417026519775	-6.472611308097839
-1.9530494213104248	-7.988673090934753
-8.844102144241333	-1.6357240676879883
-5.945029020309448	-4.730334520339966
-4.637324094772339	-6.841172218322754
-7.502474427223206	-0.6835756301879883
-7.030905246734619	-1.8758668899536133
-6.711855053901672	-2.3432765007019043
-7.441524267196655	-1.581780195236206
-8.907311081886292	-5.88453483581543
-7.732333302497864	-4.779237270355225
-9.71932053565979	-10.427425146102905
-2.5998809337615967	-8.071582317352295
-3.2941231727600098	-7.19573700428009
-5.707448959350586	-11.312133193016052
-11.975237198174	-5.569028377532959
-9.368648886680603	-5.826174974441528
-7.515905857086182	-2.4663913249969482
-3.419287919998169	-9.323233187198639
-8.568712949752808	-3.6889729499816895
-11.759631045162678	-6.075225591659546
-6.789315819740295	-7.402093291282654
-10.29724109172821	-2.0619349479675293
-6.335438847541809	-8.120360970497131
-11.201829135417938	-8.648273706436157
-8.127913355827332	-7.788942575454712
-5.570359468460083	-10.17807823419571
-8.179521203041077	-2.4693853855133057
-7.147931098937988	-8.195550441741943
-10.922727674245834	-7.733442306518555
-6.516142845153809	-1.4885501861572266
-9.670142769813538	-7.97320282459259
-8.218835949897766	-4.776607990264893
-11.172645449638367	-6.596531867980957
-6.725438117980957	-7.342361569404602
-11.584783762693405	-6.882061243057251
-11.291248306632042	-1.6808717250823975
-5.913797378540039	-6.410690188407898
-7.683413028717041	-9.717901647090912
-6.866913199424744	-8.340962290763855
-9.85538774728775	-8.15858244895935
-9.550178468227386	-8.24635398387909
-8.160032629966736	-2.5718486309051514
-8.002976059913635	-6.581410646438599
-9.133602619171143	-1.1784274578094482
-5.88694953918457	-9.817001760005951
-10.242076992988586	-7.696272611618042
-4.601821660995483	-0.9382524490356445
-11.166670113801956	-4.129187107086182
-7.150140166282654	-6.4625483751297
-6.015100836753845	-9.294984698295593
-11.934612466022372	-5.849135398864746
-10.361424386501312	-5.217633962631226
-8.210034728050232	-9.275826036930084
-6.749547600746155	-11.043866604566574
-10.824034631252289	-9.442509055137634
-6.50423276424408	-6.000849366188049
-5.708320140838623	-1.8895940780639648
-6.425175905227661	-7.044357776641846
-6.426334977149963	-10.338127255439758
-9.216792047023773	-1.2793664932250977
-9.182729423046112	-9.238521337509155
-6.637983441352844	-4.926253795623779
-5.8899571895599365	-10.00098967552185
-8.442984580993652	-3.2423787117004395
-9.237679123878479	-6.409030079841614
-6.803917765617371	-8.615331172943115
-8.721594214439392	-6.2491689920425415
-4.848150730133057	-1.7654314041137695
-10.086303055286407	-3.143977403640747
-5.07193922996521	-1.2701926231384277
-11.069651752710342	-1.2568531036376953
-9.476144313812256	-11.661950044333935
-3.946878433227539	-10.8762546479702
-8.649443507194519	-9.494459331035614
-9.285277426242828	-4.659236669540405
-8.671669006347656	-6.043397784233093
-9.860768973827362	-2.4788711071014404
-9.653981745243073	-9.370667517185211
-5.50860857963562	-2.4642255306243896
-8.37457287311554	-4.890864372253418
-8.44499123096466	-8.585794687271118
-10.990187466144562	-0.8307445049285889
-4.743746995925903	-1.4049546718597412
-7.915439128875732	-11.00981855392456
-6.725100159645081	-1.3075082302093506
-6.882795810699463	-9.065320193767548
-11.352202981710434	-2.254786491394043
-10.161449611186981	-0.9083375930786133
-8.065978288650513	-3.6033310890197754
-6.941005110740662	-2.2188148498535156
-7.864867329597473	-8.242357850074768
-8.310941576957703	-3.285531520843506
-10.680009663105011	-5.461053371429443
-9.435470581054688	-4.288100481033325
-5.8147501945495605	-3.4971764087677
-8.363985657691956	-5.329313278198242
-7.261062026023865	-2.260831117630005
-9.413473963737488	-4.535569667816162
-6.362433314323425	-8.000916481018066
-10.367958426475525	-11.104966878890991
-7.0671608448028564	-6.090228080749512
-5.599679231643677	-10.36257791519165
-5.352506160736084	-7.522958278656006
-9.02701860666275	-2.6770756244659424
-2.432149887084961	-5.353741407394409
-4.465458869934082	-1.073824167251587
-7.0416319370269775	-3.0572962760925293
-11.662078969180584	-7.353651165962219
-8.081729292869568	-2.669957399368286
-10.39283949136734	-10.937144458293915
-7.555073261260986	-2.719736337661743
-9.241778790950775	-3.7469322681427
-7.580730557441711	-6.89785373210907
-11.199433386325836	-1.8231468200683594
-7.005668878555298	-7.312743902206421
-4.570270299911499	-8.016605973243713
-7.566274881362915	-6.359266519546509
-11.872653052210808	-1.1022005081176758
-5.15971827507019	-3.764326572418213
-9.980267822742462	-4.6780149936676025
-5.35779333114624	-7.987662076950073
-10.196219444274902	-6.298679709434509
-9.004841208457947	-3.321694850921631
-7.256544828414917	-2.8907790184020996
-5.2044517993927	-0.918832540512085
-6.5366291999816895	-7.3928611278533936
-7.7832101583480835	-8.236436605453491
-8.17686152458191	-7.215873956680298
-8.956104755401611	-4.176483392715454
-10.17505019903183	-8.895788311958313
-5.719346523284912	-5.934343099594116
-10.936923265457153	-7.252311944961548
-6.239853143692017	-9.451597273349762
-6.361000657081604	-4.401222467422485
-7.253331542015076	-6.479106903076172
-7.838486909866333	-3.9658641815185547
-10.220673501491547	-7.22062361240387
-5.675685167312622	-2.945824384689331
-9.087648510932922	-3.0821049213409424
-9.827798187732697	-8.772360563278198
-4.216819524765015	-1.989830732345581
-4.857919692993164	-3.352487325668335
-7.800044417381287	-3.711925506591797
-6.19514536857605	-7.296265482902527
-8.524152159690857	-7.25582492351532
-11.32539801299572	-10.342953622341156
-8.765133619308472	-7.204683780670166
-10.02255517244339	-6.796374678611755
-6.735162377357483	-2.554964303970337
-9.986884832382202	-9.810245096683502
-6.293399333953857	-5.748089790344238
-11.32085408270359	-11.330506950616837
-7.114422798156738	-8.13095211982727
-11.006058365106583	-1.6327621936798096
-10.612688899040222	-4.0763232707977295
-10.31428188085556	-7.679132580757141
-7.711112380027771	-9.23022723197937
-4.708627223968506	-2.2313239574432373
-5.906611919403076	-1.2073159217834473
-8.432671308517456	-0.7850511074066162
-7.0975459814071655	-2.9360740184783936
-10.433408796787262	-5.66106104850769
-4.587571620941162	-6.585771918296814
-3.604964017868042	-6.943580746650696
-8.586888313293457	-5.697020530700684
-7.830938458442688	-1.663630485534668
-10.325050055980682	-3.216280460357666
-6.246412038803101	-2.306074619293213
-8.025549530982971	-2.0088043212890625
-10.046931982040405	-10.85090982913971
-6.220152139663696	-3.2935423851013184
-11.817458722740412	-7.290145754814148
-11.30052924156189	-7.990824222564697
-8.4495187997818	-10.542089402675629
-6.8761478662490845	-9.238341271877289
-6.009216785430908	-7.922614216804504
-9.722033858299255	-9.011830508708954
-9.494885981082916	-10.041082262992859
-11.259792298078537	-11.426988288760185
-4.642801523208618	-10.183366656303406
-10.37993323802948	-9.850265622138977
-7.764182209968567	-7.773935079574585
-9.32833456993103	-8.31381869316101
-7.084083437919617	-3.5368666648864746
-10.057119369506836	-2.1771504878997803
-9.970915853977203	-6.597342252731323
-8.216391921043396	-4.075342655181885
-10.86751064658165	-1.446091890335083
-6.790409445762634	-1.4287440776824951
-7.978577256202698	-7.95014762878418
-11.025993973016739	-8.001397848129272
-3.5557143688201904	-9.675772368907928
-4.340972185134888	-10.078931629657745
-9.769629299640656	-3.2075536251068115
-4.5638086795806885	-5.137308597564697
-8.293638467788696	-5.5964720249176025
-5.535418510437012	-8.3401780128479
-9.193316996097565	-2.0618090629577637
-7.462756276130676	-1.2428197860717773
-10.424168765544891	-1.252589464187622
-6.546501159667969	-9.332585871219635
-7.046916961669922	-7.669361114501953
-5.232603549957275	-7.4588942527771
-11.810587584972382	-6.791629314422607
-10.145291805267334	-1.6260530948638916
-4.63657808303833	-4.8964526653289795
-7.835734605789185	-4.274547815322876
-4.457177639007568	-1.9625329971313477
-6.051681876182556	-5.640312194824219
-6.35323691368103	-5.191311836242676
-7.304091811180115	-2.4532978534698486
-5.0763115882873535	-2.6295690536499023
-7.078401803970337	-5.660513877868652
-6.145974040031433	-9.428979635238647
-7.264884352684021	-2.149603843688965
-10.57039886713028	-7.502074956893921
-9.580303251743317	-3.613832473754883
-11.500306159257889	-4.700750827789307
-9.283015608787537	-4.816669464111328
-8.182254552841187	-3.4348161220550537
-4.9316747188568115	-9.27323466539383
-9.011113464832306	-8.951612949371338
-6.693426847457886	-6.889893293380737
-5.469901084899902	-11.251997217535973
-9.98123288154602	-7.545177340507507
-10.616085916757584	-2.4990155696868896
-7.442687273025513	-10.688260406255722
-8.018505334854126	-4.71829891204834
-6.36271870136261	-7.2148354053497314
-7.059252619743347	-7.180286765098572
-6.9338425397872925	-3.1988375186920166
-4.538294076919556	-5.2082741260528564
-7.960494160652161	-3.224973678588867
-2.8385589122772217	-4.256255865097046
-9.554113805294037	-11.20667114853859
-9.218903303146362	-4.059798002243042
-7.836240649223328	-7.114279747009277
-8.914225101470947	-5.117462396621704
-10.009645879268646	-8.033692359924316
-9.718455076217651	-6.06179666519165
-10.978871941566467	-9.490054070949554
-4.8245179653167725	-7.63491690158844
-8.198511600494385	-10.29679262638092
-10.779039859771729	-9.482867360115051
-9.456278800964355	-8.477492809295654
-10.763300031423569	-5.042349815368652
-10.589639157056808	-10.04892772436142
-6.313707590103149	-1.2387750148773193
-8.369593262672424	-1.8719794750213623
-10.673547774553299	-3.3013644218444824
-10.38973206281662	-9.004193365573883
-4.934741020202637	-8.37647831439972
-2.469519853591919	-0.8078756332397461
-8.358989953994751	-4.602963924407959
-11.567836806178093	-1.0666108131408691
-9.67438530921936	-5.829165458679199
-9.434938967227936	-3.407853126525879
-9.010228157043457	-8.753944516181946
-11.210447520017624	-11.350116536021233
-6.629510879516602	-8.588319897651672
-10.889921396970749	-2.459643602371216
-6.233204483985901	-8.041104555130005
-5.31646728515625	-6.2866880893707275
-8.210010409355164	-2.0978214740753174
-5.164629936218262	-6.03271758556366
-6.461690783500671	-11.74597229808569
-6.916463613510132	-4.736111640930176
-9.536943912506104	-9.067656219005585
-6.947997093200684	-4.340648174285889
-5.655595779418945	-0.8538057804107666
-11.666375622153282	-5.802123069763184
-9.830896317958832	-2.256798505783081
-3.979509115219116	-7.276246547698975
-7.382745265960693	-8.694308638572693
-6.478464961051941	-7.103423595428467
-5.818272113800049	-8.391616344451904
-7.945683002471924	-3.5369904041290283
-8.399703025817871	-7.036049723625183
-4.159814357757568	-2.0054712295532227
-10.49604481458664	-7.186410427093506
-10.653372555971146	-5.901536464691162
-10.601440340280533	-3.2499125003814697
-9.563136398792267	-1.0198452472686768
-4.681187868118286	-1.1800918579101562
-5.9486403465271	-2.6129744052886963
-8.887629747390747	-5.518303155899048
-9.997550904750824	-7.925174832344055
-9.15857470035553	-8.351514101028442
-8.389519572257996	-9.431629300117493
-8.023681282997131	-2.4791929721832275
-7.521543860435486	-8.375221610069275
-5.838269233703613	-10.703896522521973
-10.306809604167938	-2.857754945755005
-8.643399953842163	-4.707231044769287
-9.813686549663544	-11.422776639461517
-7.463106036186218	-5.770478010177612
-6.427033424377441	-5.189949989318848
-8.882340431213379	-3.302182674407959
-10.50906389951706	-5.235589027404785
-5.696992635726929	-3.0943450927734375
-9.463471233844757	-3.243762731552124
-5.759417295455933	-2.9646942615509033
-8.495399594306946	-10.552125245332718
-7.394144654273987	-7.573313355445862
-7.883242249488831	-5.770864248275757
-4.821807146072388	-4.7565107345581055
-9.321118175983429	-8.802562952041626
-8.568373918533325	-0.3888115882873535
-5.789234161376953	-2.82690167427063
-8.300944447517395	-6.724825143814087
-5.615219593048096	-7.049208998680115
-9.96604174375534	-3.391392230987549
-8.382028698921204	-6.306529641151428
-9.703315436840057	-5.123932600021362
-11.229994028806686	-11.108726263046265
-9.248646855354309	-9.52778023481369
-8.770509481430054	-3.3010096549987793
-11.274801447987556	-6.347625017166138
-6.491723656654358	-9.286106944084167
-8.936038613319397	-6.3123743534088135
-6.154742360115051	-4.843889236450195
-7.921494841575623	-4.7802979946136475
-10.145842730998993	-1.393564224243164
-8.278420686721802	-6.349475741386414
-11.553715199232101	-8.27230954170227
-8.131407737731934	-8.977213025093079
-8.097702383995056	-2.303004026412964
-9.522787392139435	-10.012389242649078
-10.857838600873947	-4.698610782623291
-6.397758722305298	-8.580799341201782
-11.134783297777176	-5.257869243621826
-9.012399137020111	-3.7512316703796387
-11.22000476717949	-7.206471920013428
-4.872493743896484	-2.598137855529785
-5.788232088088989	-0.7496774196624756
-4.472064256668091	-1.9735822677612305
-9.224638402462006	-3.6105923652648926
-11.039346903562546	-6.057791233062744
-11.237800508737564	-0.91672682762146
-9.954704761505127	-5.825476169586182
-9.44509881734848	-1.5079565048217773
-4.577731132507324	-6.552514314651489
-10.752818942070007	-5.466836929321289
-9.910406112670898	-2.316063165664673
-6.717007756233215	-2.334742784500122
-10.839671015739441	-5.499349594116211
-6.689982533454895	-5.007822275161743
-9.633849263191223	-5.195643424987793
-8.13182008266449	-6.971007943153381
-8.275285720825195	-7.887344598770142
-3.991096258163452	-3.475905418395996
-9.61585807800293	-6.70329487323761
-5.573702573776245	-4.929915904998779
-6.214332461357117	-2.3050918579101562
-5.211236000061035	-2.9710185527801514
-11.755405113101006	-5.420581340789795
-8.255887985229492	-2.7593986988067627
-10.855639904737473	-3.556204319000244
-11.310120329260826	-3.339493989944458
-11.263209074735641	-0.8624811172485352
-11.1151262819767	-5.093099355697632
-4.206387519836426	-1.6577188968658447
-5.700644016265869	-8.546955585479736
-9.918489575386047	-7.595871090888977
-5.448572874069214	-2.5897042751312256
-7.668697357177734	-3.2028493881225586
-8.791819453239441	-3.3246967792510986
-9.872737526893616	-7.1791380643844604
-6.3151127099990845	-6.757048487663269
-11.18546211719513	-1.6813123226165771
-4.234323978424072	-9.11569082736969
-3.921572685241699	-6.203189492225647
-7.7134130001068115	-6.442750096321106
-7.9114086627960205	-6.924969792366028
-10.523491948843002	-5.791620969772339
-9.691739201545715	-3.971470355987549
-7.188759684562683	-7.147304177284241
-7.007060766220093	-6.146146059036255
-9.970426440238953	-0.9511713981628418
-9.031361818313599	-6.249141454696655
-9.598519921302795	-6.289296627044678
-10.567212134599686	-3.8900513648986816
-9.910855293273926	-11.868637282401323
-8.967476606369019	-3.6918182373046875
-10.090738356113434	-6.949983716011047
-7.7340370416641235	-7.269871115684509
-3.624861717224121	-1.1016132831573486
-6.745324373245239	-9.24644386768341
-10.981877535581589	-3.837146043777466
-9.15313446521759	-3.9600777626037598
-11.17910921573639	-5.349100828170776
-8.883318543434143	-0.839730978012085
-11.313308849930763	-6.591175317764282
-7.9355374574661255	-5.843825340270996
-9.994384467601776	-11.18050754070282
-8.037497162818909	-2.8940377235412598
-7.099340200424194	-7.9495110511779785
-6.00724983215332	-6.705027937889099
-10.02277547121048	-10.969527304172516
-8.134069919586182	-6.560468673706055
-9.28047090768814	-3.742304563522339
-6.345384836196899	-2.7719078063964844
-10.95953893661499	-6.850647211074829
-11.18688914179802	-3.5183651447296143
-3.670374870300293	-7.946513414382935
-9.365769803524017	-5.314292907714844
-7.363561749458313	-2.985483169555664
-8.719287872314453	-1.134645938873291
-8.524196147918701	-1.8451194763183594
-8.824460506439209	-2.1177992820739746
-10.693656206130981	-7.651179671287537
-7.764727234840393	-1.6314404010772705
-8.790072083473206	-7.975598216056824
-7.636854529380798	-3.294952154159546
-7.940721273422241	-7.786718845367432
-7.868155002593994	-10.38144600391388
-10.836474627256393	-8.727781176567078
-10.357983648777008	-4.902892827987671
-5.408097267150879	-4.017406940460205
-11.617597863078117	-1.1423742771148682
-7.213521838188171	-5.955912351608276
-6.475152611732483	-6.53053343296051
-3.8544952869415283	-1.6387603282928467
-8.968864560127258	-6.0667126178741455
-4.50625205039978	-4.457709789276123
-11.43195091187954	-1.920992374420166
-6.90898597240448	-6.284387469291687
-6.255892395973206	-7.3979891538619995
-9.511882066726685	-7.377755284309387
-9.875287055969238	-5.856685638427734
-5.3625569343566895	-7.4690505266189575
-10.590403318405151	-9.910391807556152
-10.234514772891998	-10.279291033744812
-5.97108006477356	-5.683193922042847
-9.558202385902405	-5.572304964065552
-8.090970396995544	-5.3641369342803955
-7.4780977964401245	-8.368868350982666
-8.260448813438416	-7.274161219596863
-10.061928570270538	-7.925056457519531
-11.35447096824646	-3.0755245685577393
-10.749608784914017	-0.9283497333526611
-8.056187152862549	-5.482357978820801
-8.442645192146301	-0.7748587131500244
-9.920728325843811	-5.845033407211304
-6.9852612018585205	-11.00116503238678
-6.2344536781311035	-11.376511752605438
-5.795311689376831	-1.23805832862854
-5.436142444610596	-2.2298591136932373
-7.57042121887207	-6.110497713088989
-9.136923730373383	-7.306075930595398
-9.30043351650238	-2.767925977706909
-8.00338876247406	-5.0915772914886475
-7.934771776199341	-3.569474458694458
-6.053547620773315	-2.026717185974121
-11.384862497448921	-3.070770263671875
-11.649232596158981	-9.166783690452576
-9.25702053308487	-6.332055330276489
-9.953944623470306	-5.959606647491455
-8.615613341331482	-8.932542085647583
-5.399437665939331	-7.58573055267334
-9.52363908290863	-5.26522421836853
-9.218565165996552	-2.76275897026062
-5.372562646865845	-8.292974352836609
-6.059576153755188	-2.805147171020508
-6.865664720535278	-2.9050540924072266
-6.742477297782898	-9.637751877307892
-6.869574666023254	-1.3507153987884521
-6.435123682022095	-8.883721590042114
-6.125977635383606	-2.4713644981384277
-8.106682062149048	-5.513646841049194
-11.313975512981415	-6.984295606613159
-8.887847900390625	-2.4428064823150635
-9.668324947357178	-9.495067477226257
-5.208401441574097	-9.477954089641571
-6.798742175102234	-4.63665246963501
-6.365615487098694	-5.419092178344727
-7.072727680206299	-7.3839486837387085
-4.1333935260772705	-6.67542564868927
-9.502341628074646	-6.048748254776001
-8.047697067260742	-3.6919634342193604
-10.393690824508667	-7.190895080566406
-8.562368631362915	-10.918216735124588
-7.529346942901611	-0.9634687900543213
-10.893314480781555	-3.758685350418091
-9.928633332252502	-11.24325978755951
-8.679597616195679	-1.4230999946594238
-5.809771299362183	-2.9951040744781494
-8.941908359527588	-2.5801191329956055
-10.744650721549988	-6.154052138328552
-7.482180118560791	-8.191032528877258
-6.633729457855225	-1.2010009288787842
-6.474925518035889	-5.160492897033691
-4.786575078964233	-5.646146535873413
-7.16450822353363	-2.043517827987671
-9.559093236923218	-3.6051528453826904
-9.455541908740997	-7.431876540184021
-4.664443016052246	-1.7892723083496094
-11.45518447458744	-8.121502161026001
-8.71205985546112	-6.405543208122253
-6.029311537742615	-1.368330717086792
-10.636263370513916	-4.814389944076538
-9.059750139713287	-5.646609306335449
-5.990630149841309	-7.675632476806641
-4.725417852401733	-9.011110961437225
-8.953991889953613	-6.444229602813721
-4.269970178604126	-7.84480619430542
-8.338277578353882	-5.883853197097778
-4.7386415004730225	-1.355818748474121
-10.466954290866852	-8.885156393051147
-10.739335119724274	-11.162775546312332
-10.953935712575912	-1.1736531257629395
-6.471388578414917	-4.404587745666504
-4.69696569442749	-6.249743342399597
-8.681899666786194	-3.604764461517334
-9.110053718090057	-3.5912024974823
-5.603665351867676	-3.291557550430298
-9.053919911384583	-3.446240186691284
-8.9566730260849	-3.096353530883789
-10.51898404955864	-6.520321011543274
-10.934618532657623	-9.895170986652374
-7.663755297660828	-1.2799437046051025
-5.151273250579834	-1.4563100337982178
-8.868715524673462	-3.427642822265625
-4.776753902435303	-1.1422812938690186
-8.861817240715027	-7.063405394554138
-8.21146273612976	-5.507658004760742
-8.403447389602661	-3.408848762512207
-8.429785251617432	-9.814185082912445
-9.181110799312592	-4.5402138233184814
-8.233406782150269	-8.02264130115509
-11.772552855312824	-2.2988526821136475
-11.595792397856712	-9.01095324754715
-9.767986178398132	-10.062953352928162
-7.63771390914917	-4.904943466186523
-4.486232042312622	-8.572333574295044
-8.749630093574524	-1.3340928554534912
-11.100241720676422	-7.5966678857803345
-4.549232482910156	-6.26276957988739
-10.635160088539124	-8.948042392730713
-11.63664948195219	-8.269236445426941
-4.745804786682129	-4.77381706237793
-8.517521739006042	-4.314309597015381
-6.677323222160339	-8.49053406715393
-5.7007155418396	-4.626978635787964
-9.762511968612671	-4.60462760925293
-10.794743746519089	-5.128317832946777
-6.256660580635071	-1.1440551280975342
-8.394247770309448	-2.79174542427063
-4.041091203689575	-1.5215399265289307
-5.660686254501343	-6.8191434144973755
-6.1482027769088745	-6.490774869918823
-3.4883809089660645	-6.201449990272522
-11.228834062814713	-8.661993741989136
-6.5994744300842285	-4.784236192703247
-8.075745105743408	-3.867952823638916
-8.952461242675781	-7.577223300933838
-5.404256343841553	-0.5951292514801025
-10.102861762046814	-7.190478801727295
-9.327300667762756	-1.0108880996704102
-7.663753151893616	-6.202574729919434
-10.262670457363129	-7.6320555210113525
-9.433815658092499	-5.703412055969238
-4.375265836715698	-3.3329837322235107
-10.102983355522156	-3.2709896564483643
-8.551460981369019	-9.756834626197815
-8.15440285205841	-1.6645102500915527
-5.944575548171997	-6.115564942359924
-4.691280126571655	-7.274141192436218
-5.923098564147949	-9.797425389289856
-6.764110565185547	-4.619691610336304
-11.281429588794708	-1.2305903434753418
-4.577852010726929	-7.051302909851074
-11.272494077682495	-6.707540273666382
-6.291947364807129	-1.5899105072021484
-7.922595977783203	-7.789331316947937
-8.640405535697937	-6.815642952919006
-6.940772294998169	-5.321405410766602
-3.7041070461273193	-1.916248083114624
-9.456802010536194	-5.717283725738525
-9.388826251029968	-6.049806475639343
-11.050113916397095	-3.195697546005249
-9.73142820596695	-9.944119334220886
-3.5223183631896973	-1.8157525062561035
-4.352701663970947	-5.910937070846558
-8.341785192489624	-7.495494961738586
-5.737076282501221	-9.23344498872757
-4.692838668823242	-6.583004951477051
-6.409257531166077	-5.688963174819946
-6.057783007621765	-2.7615323066711426
-6.588200926780701	-6.587084054946899
-8.055274844169617	-8.341696500778198
-7.653061509132385	-2.2128496170043945
-6.84548020362854	-7.106892943382263
-10.25988221168518	-2.6825366020202637
-5.51732611656189	-6.222416281700134
-4.3158345222473145	-2.9084866046905518
-2.4511234760284424	-8.945167422294617
-5.409969806671143	-8.73219895362854
-6.075564622879028	-9.564051568508148
-10.583091706037521	-1.203019380569458
-8.971771359443665	-3.7292654514312744
-4.825984239578247	-10.63301333785057
-6.790804982185364	-11.905455518513918
-2.509672164916992	-2.0139870643615723
-8.390598893165588	-5.298017978668213
-11.113555669784546	-9.885020434856415
-3.5813426971435547	-0.9979584217071533
-9.389086246490479	-11.944860957562923
-5.839578866958618	-11.556964471936226
-8.209802627563477	-6.658576726913452
-10.383793652057648	-6.402219772338867
-6.876028776168823	-2.364827871322632
-5.057945251464844	-2.7410638332366943
-11.923868721351027	-4.881113290786743
-3.042276620864868	-5.79837441444397
-8.065569519996643	-10.913482636213303
-7.154218554496765	-8.402150273323059
-11.400507107377052	-1.988616943359375
-5.368011474609375	-2.989286184310913
-5.763502836227417	-10.56991195678711
-9.147263824939728	-4.77224063873291
-8.439741969108582	-1.918884515762329
-10.759649276733398	-8.709972023963928
-5.8439154624938965	-5.8319549560546875
-9.96144425868988	-7.98527991771698
-9.966455340385437	-1.0910046100616455
-5.701185464859009	-1.7256402969360352
-10.562976032495499	-11.501934081315994
-10.11620968580246	-6.083501815795898
-11.938740340992808	-1.5965523719787598
-9.671418964862823	-5.922573566436768
-9.015774250030518	-6.799613356590271
-6.685098052024841	-6.742506980895996
-5.461335182189941	-5.767290830612183
-11.380869403481483	-7.81222665309906
-8.662320256233215	-5.390098571777344
-11.656721524894238	-2.515010118484497
-10.214934647083282	-7.711089849472046
-8.150261163711548	-5.19196343421936
-5.626342535018921	-4.868359565734863
-8.916493892669678	-4.344466209411621
-7.359219431877136	-6.528201341629028
-11.15415421128273	-4.5344624519348145
-8.372559070587158	-3.111961841583252
-5.280723810195923	-5.982186555862427
-7.267868399620056	-5.185614109039307
-10.95944032073021	-3.9155688285827637
-9.224152743816376	-0.7951076030731201
-5.715308904647827	-10.163226306438446
-10.583913087844849	-5.225724935531616
-11.087355852127075	-4.48712682723999
-5.040447235107422	-8.43565821647644
-10.2107954621315	-9.854082763195038
-9.035066306591034	-1.7571179866790771
-7.219979882240295	-8.795655727386475
-8.646237015724182	-10.055085003376007
-8.329071164131165	-9.377703845500946
-5.594987154006958	-6.511455774307251
-4.855865478515625	-8.428763508796692
-8.423606872558594	-2.1877377033233643
-4.20022988319397	-5.4007251262664795
-9.118341565132141	-7.427000284194946
-11.84975028410554	-4.537816286087036
-7.24859082698822	-5.471824407577515
-9.026643633842468	-2.5287201404571533
-10.802545130252838	-8.207999110221863
-10.800709247589111	-7.7706767320632935
-10.329825818538666	-8.335480213165283
-7.0685402154922485	-4.642025470733643
-6.488046884536743	-9.065438032150269
-8.29058575630188	-0.884840726852417
-8.014380097389221	-7.989024996757507
-9.437156617641449	-0.6085996627807617
-7.918860554695129	-6.330639123916626
-9.418388307094574	-8.304975986480713
-8.156156659126282	-1.0922784805297852
-8.011189699172974	-4.72194242477417
-5.859735488891602	-9.639129638671875
-5.291728734970093	-2.1366398334503174
-6.013166427612305	-6.569567799568176
-8.475497961044312	-4.435095548629761
-11.520891577005386	-1.5683619976043701
-11.912635367363691	-10.405146181583405
-8.443069338798523	-1.2370455265045166
-6.648789167404175	-5.787689208984375
-6.919832468032837	-5.011570930480957
-10.438582420349121	-0.7163314819335938
-8.414055347442627	-10.664866536855698
-7.108870983123779	-7.7642762660980225
-5.350573539733887	-3.571659564971924
-6.806565999984741	-4.187780141830444
-6.181593418121338	-6.218254923820496
-11.137293577194214	-7.489031910896301
-7.043832421302795	-1.5487124919891357
-7.958546876907349	-2.3641040325164795
-6.093165636062622	-7.392922639846802
-9.659728109836578	-11.772909499704838
-10.85336422920227	-5.251994848251343
-6.9300888776779175	-2.948277711868286
-11.305303931236267	-2.1737215518951416
-11.517514139413834	-1.9348576068878174
-10.004739224910736	-7.469783663749695
-6.068053722381592	-1.683931589126587
-4.52876615524292	-6.249922156333923
-6.910974383354187	-7.534618020057678
-10.074747204780579	-6.0529625415802
-7.991787314414978	-9.387804865837097
-7.328431248664856	-6.0677454471588135
-10.596859484910965	-4.226692199707031
-8.066107749938965	-6.762249112129211
-11.207425564527512	-2.832812547683716
-9.954058170318604	-4.553792953491211
-11.059458196163177	-3.889765977859497
-9.032000720500946	-1.0537505149841309
-7.127146482467651	-4.812060356140137
-9.361726820468903	-10.01573395729065
-8.166458487510681	-5.063190937042236
-7.332548260688782	-8.87407386302948
-10.736976385116577	-3.6233925819396973
-9.064747631549835	-0.9414346218109131
-9.89470911026001	-11.125570267438889
-5.9246320724487305	-7.773293137550354
-8.59946858882904	-1.439316987991333
-9.76641047000885	-6.559731602668762
-4.82766580581665	-3.581130266189575
-4.975200176239014	-1.8713836669921875
-6.2751710414886475	-7.12031364440918
-7.98247218132019	-10.17911034822464
-10.006854593753815	-7.60589075088501
-7.374986886978149	-5.363601207733154
-9.560381948947906	-7.031142711639404
-9.213589668273926	-8.756350636482239
-4.375105619430542	-7.056496024131775
-8.376098155975342	-1.135193109512329
-9.582423985004425	-7.818337440490723
-8.509705781936646	-6.169710874557495
-7.933096647262573	-4.195921182632446
-11.718224219977856	-9.895172774791718
-6.6875810623168945	-8.46484923362732
-7.466007113456726	-4.990534543991089
-7.998561859130859	-4.35161018371582
-9.315011501312256	-6.679256916046143
-8.203184366226196	-7.484718918800354
-9.076104819774628	-10.596666812896729
-6.289018750190735	-10.90990537405014
-9.93316376209259	-6.14765202999115
-7.435018301010132	-2.8740062713623047
-6.36345112323761	-11.740072444081306
-7.754005193710327	-4.1171722412109375
-10.947374939918518	-5.123363256454468
-10.920961797237396	-6.465170502662659
-10.511865198612213	-9.485891282558441
-10.257314801216125	-10.125921607017517
-7.728349328041077	-5.060901403427124
-6.781708359718323	-5.034110069274902
-7.080336570739746	-5.924899578094482
-8.440322399139404	-3.885443687438965
-9.21257221698761	-3.1837570667266846
-10.5563303232193	-1.6225576400756836
-7.187158584594727	-1.6570680141448975
-11.842397086322308	-5.881701707839966
-7.652984261512756	-1.6576259136199951
-8.499960064888	-9.093484282493591
-2.7624378204345703	-2.1583571434020996
-9.710833847522736	-11.566576704382896
-11.52983209490776	-9.675035655498505
-8.295905470848083	-8.890531182289124
-7.83547568321228	-9.860866069793701
-5.5638556480407715	-3.5812575817108154
-9.567752480506897	-3.7139203548431396
-9.11627984046936	-8.760094285011292
-10.473951637744904	-8.991578936576843
-11.344770312309265	-10.838946640491486
-10.702299803495407	-6.312360048294067
-7.533247232437134	-3.345808267593384
-7.619449138641357	-9.947656810283661
-9.031230747699738	-10.32400631904602
-6.325894832611084	-4.7848756313323975
-6.3283950090408325	-10.44176834821701
-4.637588739395142	-4.29985785484314
-10.815505653619766	-9.970909416675568
-10.67072457075119	-7.607693910598755
-6.075690150260925	-1.059441089630127
-8.100677847862244	-5.557916879653931
-6.8907694816589355	-6.541970729827881
-6.464747786521912	-10.659440249204636
-8.761471152305603	-4.780972480773926
-6.276390910148621	-7.544294714927673
-4.6909096240997314	-6.178083300590515
-11.107990890741348	-7.687942028045654
-9.539343774318695	-6.906955718994141
-7.752257823944092	-9.549763977527618
-4.351586580276489	-4.289171934127808
-9.604460656642914	-7.163424611091614
-6.459426999092102	-1.1964941024780273
-10.491657257080078	-4.7192702293396
-5.379830360412598	-10.863965302705765
-8.464932560920715	-8.701777338981628
-5.935862302780151	-9.544763624668121
-7.9802398681640625	-2.9352707862854004
-7.494694232940674	-10.213770031929016
-8.341172218322754	-6.100308179855347
-8.862729549407959	-9.447666227817535
-9.737536311149597	-4.248190641403198
-7.489752531051636	-1.9769668579101562
-9.4421426653862	-9.179862320423126
-6.2094433307647705	-7.640239477157593
-4.816116571426392	-0.598905086517334
-11.09841674566269	-10.288325250148773
-7.579018592834473	-5.878202676773071
-11.978645123541355	-2.329256772994995
-7.030441761016846	-5.603178262710571
-7.94406259059906	-3.176370620727539
-6.814399838447571	-5.520044803619385
-8.63034474849701	-6.499963760375977
-7.869832277297974	-8.14605975151062
-7.32070255279541	-2.9700300693511963
-5.88345193862915	-11.590024888515472
-4.5622944831848145	-2.4357547760009766
-6.574050664901733	-2.7543461322784424
-4.980874300003052	-7.911291718482971
-9.99645745754242	-2.5579726696014404
-7.944798588752747	-4.292085886001587
-10.979126572608948	-3.5260913372039795
-6.872516870498657	-9.200840950012207
-10.175453245639801	-1.8608078956604004
-9.895306885242462	-6.2334641218185425
-6.256369113922119	-5.464503049850464
-8.851771831512451	-10.774589002132416
-11.243934899568558	-6.618240594863892
-6.538999915122986	-4.774432897567749
-9.240833938121796	-4.05566668510437
-11.446809366345406	-5.996669054031372
-7.452165842056274	-6.617744565010071
-11.567789062857628	-2.781269073486328
-8.71058213710785	-5.8867857456207275
-8.659356594085693	-6.387657880783081
-4.2950499057769775	-4.807494878768921
-7.512249827384949	-7.276099920272827
-4.059165000915527	-3.378988265991211
-7.418155074119568	-7.814656376838684
-8.681747317314148	-8.543206214904785
-8.47052264213562	-6.442592740058899
-5.520561933517456	-7.751957058906555
-10.608085870742798	-1.7372732162475586
-10.453010380268097	-1.6031098365783691
-6.108912348747253	-7.568527936935425
-5.9855568408966064	-6.473056197166443
-5.5387938022613525	-0.8925769329071045
-11.56388421356678	-5.585734605789185
-8.391180753707886	-5.602326393127441
-9.920116066932678	-7.315269470214844
-8.411604881286621	-2.8262007236480713
-9.676232635974884	-5.546845436096191
-7.1697739362716675	-4.933078765869141
-7.0160071849823	-5.738783597946167
-2.7320151329040527	-4.494304418563843
-3.9096386432647705	-7.675166487693787
-4.8171844482421875	-10.418683111667633
-10.871448040008545	-1.758411169052124
-10.553994476795197	-1.0000662803649902
-5.694065093994141	-4.847410440444946
-10.570776611566544	-1.2887935638427734
-10.41419631242752	-1.6614010334014893
-10.86780247092247	-8.581884384155273
-11.6973687261343	-3.7452878952026367
-11.894475258886814	-11.130200296640396
-11.697561755776405	-4.597993612289429
-7.848788738250732	-9.702201426029205
-6.619448661804199	-5.465889930725098
-4.520928382873535	-6.62255322933197
-2.1016552448272705	-6.789372682571411
-10.619164109230042	-8.229586958885193
-7.605964422225952	-4.889869451522827
-3.7032251358032227	-0.8474164009094238
-8.809560656547546	-11.281366869807243
-7.747620463371277	-7.6957186460494995
-7.922786235809326	-6.663497686386108
-6.511435389518738	-0.8378362655639648
-6.589776635169983	-6.101403594017029
-8.828771710395813	-9.344577491283417
-6.536151051521301	-11.382576361298561
-11.891159266233444	-9.029872119426727
-10.865701675415039	-3.104236364364624
-9.232748866081238	-0.9654436111450195
-9.266060829162598	-8.89493179321289
-10.830273985862732	-7.34659731388092
-8.677742958068848	-3.668272018432617
-6.715281128883362	-6.226073384284973
-8.018981695175171	-8.54114305973053
-6.30592954158783	-2.1510822772979736
-11.459387362003326	-2.1121938228607178
-4.9738547801971436	-5.85953950881958
-11.848945464938879	-1.5553593635559082
-7.384774804115295	-5.641026020050049
-3.918489933013916	-5.078098297119141
-6.147825479507446	-7.854553699493408
-4.116665840148926	-2.5277767181396484
-6.074632287025452	-8.332518339157104
-6.832578063011169	-1.7560064792633057
-8.236828565597534	-7.429066300392151
-10.449957132339478	-8.02661919593811
-6.708852410316467	-0.7236549854278564
-3.0409040451049805	-6.565626382827759
-5.694447040557861	-5.6494996547698975
-10.055916130542755	-11.921303210780025
-5.238577365875244	-5.845405340194702
-5.602028131484985	-7.2664854526519775
-6.150079965591431	-9.354485750198364
-8.979446768760681	-5.27419638633728
-10.124669015407562	-2.61847186088562
-10.456698060035706	-1.0884296894073486
-9.33637136220932	-5.0007548332214355
-6.345134139060974	-0.8378663063049316
-10.15395337343216	-9.437802493572235
-7.179399132728577	-8.471599102020264
-9.225578963756561	-6.108842611312866
-5.3301637172698975	-3.655405282974243
-10.270109295845032	-10.418598353862762
-10.255551159381866	-7.567387819290161
-9.410613656044006	-9.57949036359787
-11.740113593637943	-2.8442065715789795
-11.71657296270132	-2.989424228668213
-9.489491879940033	-5.884063482284546
-6.782063126564026	-10.064156591892242
-10.609190851449966	-2.165198564529419
-9.756919384002686	-4.920762777328491
-4.084414958953857	-8.121004343032837
-11.5890122205019	-3.9737720489501953
-11.090931951999664	-1.2475526332855225
-11.167722076177597	-1.2961328029632568
-10.628803610801697	-9.458305478096008
-7.321398496627808	-2.188011646270752
-9.649744212627411	-2.9987096786499023
-5.602880001068115	-0.5630514621734619
-8.70124089717865	-8.947808146476746
-10.372956454753876	-6.4367101192474365
-10.583251029253006	-3.5393121242523193
-9.742932915687561	-7.789534091949463
-4.1177308559417725	-2.9451091289520264
-3.412639617919922	-3.469599723815918
-10.978389769792557	-4.388098239898682
-5.750088214874268	-10.37783396244049
-10.01899391412735	-6.1398303508758545
-4.539904832839966	-1.3038883209228516
-10.976552993059158	-3.7479822635650635
-7.029366731643677	-0.6522495746612549
-4.1402363777160645	-0.8842406272888184
-6.056394338607788	-2.5745902061462402
-4.752535343170166	-1.9949533939361572
-9.944504857063293	-2.747326612472534
-9.2837473154068	-2.3346312046051025
-7.934549331665039	-10.850307494401932
-10.745069861412048	-6.2015368938446045
-7.645665764808655	-3.0996665954589844
-7.315358877182007	-8.562795639038086
-4.353271722793579	-3.3820831775665283
-10.176937401294708	-6.0964930057525635
-11.377309083938599	-2.859712600708008
-9.815719306468964	-10.15368640422821
-8.892292499542236	-9.019510567188263
-6.702745199203491	-9.911571264266968
-8.695693373680115	-8.447443842887878
-3.810788869857788	-2.2257142066955566
-9.670803308486938	-11.61582125723362
-9.524095952510834	-5.332590579986572
-6.189263105392456	-8.281509160995483
-10.691636860370636	-5.525105237960815
-10.312261641025543	-5.776657819747925
-3.1934516429901123	-5.8490517139434814
-9.318234622478485	-3.1981358528137207
-10.439120292663574	-10.590779721736908
-4.800583362579346	-6.121064901351929
-7.553778290748596	-5.925295114517212
-9.157294571399689	-6.055423021316528
-7.479693531990051	-11.349130243062973
-8.613269805908203	-1.803736925125122
-5.6672773361206055	-8.081961035728455
-4.912060976028442	-10.18406993150711
-6.129589676856995	-0.9713852405548096
-5.40518045425415	-2.1390252113342285
-10.255068182945251	-3.334794759750366
-8.424462676048279	-3.5587949752807617
-8.007643818855286	-8.516643762588501
-11.773441918194294	-1.3375675678253174
-9.188786923885345	-10.675567924976349
-8.533960819244385	-1.2388193607330322
-4.663730621337891	-7.3152101039886475
-2.6502091884613037	-1.5406029224395752
-6.3338223695755005	-1.650747299194336
-7.3504310846328735	-9.146556437015533
-5.088955879211426	-3.756249189376831
-11.70728849619627	-5.935687780380249
-10.519097596406937	-4.927392482757568
-7.519461393356323	-3.269117832183838
-11.321344256401062	-7.511388301849365
-9.598044276237488	-9.239409506320953
-6.660358428955078	-3.4324758052825928
-8.1478511095047	-7.001639485359192
-9.829196512699127	-7.256593108177185
-9.141011238098145	-8.113979458808899
-8.346114993095398	-1.5737457275390625
-4.568530082702637	-7.7878206968307495
-11.956455297768116	-1.68403959274292
-11.905645228922367	-8.215017557144165
-11.624987035989761	-7.741625905036926
-3.975839138031006	-10.130558788776398
-10.025053560733795	-7.527767300605774
-8.808820724487305	-4.734377145767212
-9.98425430059433	-8.344162344932556
-9.090127229690552	-7.293365836143494
-10.706798940896988	-7.484067320823669
-7.588165283203125	-0.9122071266174316
-10.189367830753326	-9.925408959388733
-10.182361364364624	-4.550635814666748
-5.191504955291748	-10.859942078590393
-9.093578338623047	-3.994415044784546
-11.77526693791151	-5.947295665740967
-11.561388552188873	-2.629499673843384
-6.689074516296387	-9.090734660625458
-6.8178101778030396	-1.0245988368988037
-7.318187713623047	-5.15386962890625
-5.371025562286377	-3.1029396057128906
-9.262324154376984	-10.526968091726303
-5.761196136474609	-11.552517235279083
-8.700716614723206	-4.914930582046509
-8.433499574661255	-5.759318590164185
-7.466782450675964	-9.248625576496124
-7.846912980079651	-7.809644937515259
-9.613579094409943	-6.269437551498413
-9.565775513648987	-6.359046936035156
-6.734221816062927	-5.013678073883057
-8.919021964073181	-11.023581057786942
-6.800869345664978	-1.0512750148773193
-8.429276704788208	-3.914731979370117
-7.462386131286621	-1.913658857345581
-5.940372705459595	-7.609877943992615
-5.8683178424835205	-2.408623695373535
-4.06569242477417	-8.43058955669403
-10.701734215021133	-2.7384989261627197
-9.430764377117157	-3.9017415046691895
-10.114838540554047	-8.889824151992798
-5.283049821853638	-10.38054871559143
-4.087398290634155	-3.47340989112854
-9.587690770626068	-1.202310562133789
-4.500301837921143	-3.980809450149536
-8.560540080070496	-4.407629728317261
-10.13953810930252	-2.882100820541382
-8.006898880004883	-2.8926501274108887
-6.225064158439636	-0.839247465133667
-10.00253301858902	-1.6341991424560547
-8.2127605676651	-6.661147356033325
-6.299588441848755	-1.4190359115600586
-4.3252222537994385	-10.877502679824829
-6.060481667518616	-3.1651976108551025
-4.375232934951782	-7.676803708076477
-10.390823185443878	-5.078854322433472
-5.864988327026367	-3.979203701019287
-7.32848846912384	-11.342506259679794
-7.428938627243042	-2.942549228668213
-7.296348452568054	-0.8454172611236572
-10.53019005060196	-1.0556516647338867
-4.6263649463653564	-1.3870196342468262
-7.05595850944519	-6.033541917800903
-9.411413848400116	-10.832197934389114
-8.845966100692749	-5.131002187728882
-8.97130286693573	-1.8343069553375244
-11.452656894922256	-9.919237732887268
-11.440323650836945	-3.0394177436828613
-6.485897541046143	-4.373415470123291
-6.912390232086182	-3.1916213035583496
-9.19668459892273	-11.271573767066002
-6.871897459030151	-9.916656196117401
-9.623126149177551	-3.1865909099578857
-9.083377182483673	-8.774316430091858
-7.955052137374878	-10.0432568192482
-8.06238305568695	-2.0325429439544678
-11.719428084790707	-1.9193859100341797
-7.646872043609619	-4.6032185554504395
-5.689447402954102	-10.80601242184639
-9.63920259475708	-6.618156552314758
-10.42930269241333	-1.04781174659729
-7.03940212726593	-5.744527816772461
-8.462523937225342	-5.965604066848755
-6.5743972063064575	-3.413844108581543
-9.081960797309875	-10.599809736013412
-10.34482330083847	-7.850040435791016
-10.072725355625153	-2.2835605144500732
-10.778062373399734	-5.671017408370972
-11.769176825881004	-6.655266523361206
-6.2652976512908936	-6.509732007980347
-8.437723159790039	-6.5112587213516235
-6.789460301399231	-10.8024243414402
-6.671117305755615	-3.9327335357666016
-9.223360419273376	-6.010234236717224
-11.35530424118042	-9.231711745262146
-6.780075430870056	-7.009671092033386
-8.074947953224182	-10.389240145683289
-6.537216067314148	-1.2394959926605225
-7.360750436782837	-6.674529433250427
-7.054239392280579	-4.103057384490967
-10.23925656080246	-5.861468553543091
-11.16598704457283	-6.97271990776062
-9.389134883880615	-10.13739949464798
-10.942306637763977	-9.580410182476044
-7.461793899536133	-3.7575623989105225
-9.874112069606781	-2.377427816390991
-7.024444341659546	-11.919219575822353
-4.452200174331665	-10.47955709695816
-9.269601702690125	-3.098146677017212
-10.857197731733322	-8.245133757591248
-5.810115337371826	-11.276479750871658
-9.195112466812134	-5.175697088241577
-6.755894422531128	-10.557289123535156
-7.241913557052612	-9.370736360549927
-5.5541839599609375	-3.076439380645752
-4.824496507644653	-7.136643290519714
-9.377923786640167	-9.27501118183136
-9.870282769203186	-5.554348468780518
-8.030829191207886	-5.817667722702026
-5.184566974639893	-6.697585701942444
-5.41682767868042	-10.171375572681427
-7.582229018211365	-6.2610121965408325
-9.14867377281189	-9.518004655838013
-9.010181844234467	-4.673276424407959
-7.389693975448608	-7.605168700218201
-3.575955390930176	-4.456845045089722
-9.221487164497375	-7.356201410293579
-5.693198919296265	-4.947642803192139
-11.487899288535118	-8.435232281684875
-7.303037524223328	-4.135685920715332
-8.723989248275757	-4.4272284507751465
-10.006084263324738	-7.029274821281433
-10.490413784980774	-8.365526676177979
-11.171931713819504	-4.42644739151001
-11.236625254154205	-6.792052388191223
-10.483482420444489	-2.0724806785583496
-4.828084230422974	-10.20541512966156
-3.8587496280670166	-3.722353219985962
-5.748750686645508	-4.46082329750061
-10.983248502016068	-7.550822854042053
-9.444124281406403	-10.49677437543869
-9.70477420091629	-10.372861325740814
-7.980560660362244	-2.4816112518310547
-11.199260294437408	-5.925013303756714
-10.766367852687836	-2.0541751384735107
-7.067966938018799	-8.235764622688293
-8.305938005447388	-4.6153178215026855
-10.160283386707306	-8.128554582595825
-10.01450890302658	-8.246825695037842
-9.447028577327728	-5.788231372833252
-11.005516201257706	-7.529370188713074
-11.589282721281052	-5.414329290390015
-7.730135679244995	-6.889595031738281
-5.2163801193237305	-4.250866413116455
-4.747663736343384	-6.432638883590698
-6.776493430137634	-3.169834613800049
-10.59788578748703	-1.3115358352661133
-5.640062570571899	-2.382648468017578
-7.283652305603027	-5.532396554946899
-6.434978485107422	-3.5485053062438965
-10.553184986114502	-7.840982437133789
-9.16298496723175	-5.886028289794922
-5.300370454788208	-1.109229326248169
-8.89056658744812	-11.359254106879234
-6.907742857933044	-2.9950268268585205
-9.2768075466156	-9.291570782661438
-10.16974800825119	-8.248973608016968
-3.630972146987915	-5.577981233596802
-10.568638801574707	-2.176109790802002
-4.758915424346924	-5.980663061141968
-3.4834342002868652	-8.78104555606842
-11.73645255714655	-8.25865924358368
-7.329013466835022	-10.645926475524902
-7.198601603507996	-6.163484215736389
-9.31638514995575	-3.6277735233306885
-4.700584173202515	-2.664236068725586
-10.224063456058502	-6.9795684814453125
-7.156692266464233	-9.709091126918793
-7.919560074806213	-6.217910528182983
-6.198779940605164	-1.8018229007720947
-4.316484689712524	-0.9219131469726562
-8.008544683456421	-10.076474905014038
-8.736506938934326	-7.052368998527527
-10.549639463424683	-8.75635850429535
-9.384216964244843	-5.4106764793396
-7.886637210845947	-2.155761480331421
-5.455879211425781	-1.0133814811706543
-6.566209316253662	-3.998748779296875
-10.983734875917435	-4.523951768875122
-5.554696798324585	-9.155640542507172
-11.530828982591629	-3.216113805770874
-9.6182422041893	-11.39250361919403
-6.823020100593567	-1.7635788917541504
-5.05196213722229	-6.916381359100342
-6.43166720867157	-7.249561786651611
-8.43403422832489	-7.7569520473480225
-8.897069692611694	-7.215941548347473
-11.326199725270271	-5.2769787311553955
-7.324352502822876	-7.531530261039734
-11.09513533115387	-8.938175082206726
-10.498197734355927	-7.449475407600403
-9.13759857416153	-4.790271520614624
-10.40994268655777	-3.9112401008605957
-8.848515629768372	-2.929123878479004
-8.812093377113342	-4.94523811340332
-7.575728058815002	-7.405182480812073
-6.966472864151001	-5.926314353942871
-8.285537481307983	-6.206678509712219
-8.588531613349915	-3.4057888984680176
-9.682038009166718	-4.177399635314941
-7.616729378700256	-11.02557510137558
-5.144502639770508	-3.9513015747070312
-7.6539963483810425	-2.6648333072662354
-10.147271811962128	-2.232250213623047
-6.0708171129226685	-0.6803233623504639
-10.777101069688797	-7.163034796714783
-4.051767826080322	-9.737058341503143
-9.499796569347382	-4.335895299911499
-5.447326898574829	-6.383352756500244
-10.832400172948837	-8.719135522842407
-9.04004430770874	-9.598677098751068
-10.527418434619904	-5.984172821044922
-10.779575049877167	-4.384511947631836
-6.24104905128479	-8.755445837974548
-4.128021955490112	-10.637010276317596
-9.670958876609802	-1.649721622467041
-6.444355487823486	-9.313090860843658
-10.720875173807144	-7.007287859916687
-6.6154457330703735	-6.81488835811615
-4.173623085021973	-10.620891094207764
-8.273608446121216	-3.331413745880127
-5.305564641952515	-7.590115070343018
-8.06752359867096	-5.179786205291748
-8.669326901435852	-6.295876979827881
-5.218811988830566	-0.7121937274932861
-7.793764114379883	-7.264785647392273
-9.805381178855896	-2.6535873413085938
-8.97901725769043	-7.842679738998413
-5.042112350463867	-6.185237646102905
-4.578509330749512	-2.8141837120056152
-5.8688671588897705	-1.5270674228668213
-9.894941210746765	-7.348438382148743
-2.6898558139801025	-1.5684900283813477
-10.826810896396637	-3.965648889541626
-7.244142293930054	-1.4091546535491943
-11.300617352128029	-7.788578152656555
-10.843386858701706	-11.42104683816433
-7.600599646568298	-1.5389013290405273
-11.43774689733982	-8.88199782371521
-10.366533994674683	-7.1233967542648315
-6.101967215538025	-2.2863399982452393
-11.278945907950401	-1.7559807300567627
-3.588496685028076	-4.729440450668335
-4.430408477783203	-7.20555317401886
-9.634235680103302	-5.752354145050049
-11.01041454076767	-8.924236536026001
-8.282954335212708	-5.524230480194092
-6.676676988601685	-6.97655189037323
-5.46640419960022	-10.630681872367859
-3.8511064052581787	-5.650534629821777
-8.736310958862305	-1.5111579895019531
-11.003640443086624	-6.7711780071258545
-3.3128600120544434	-0.8735418319702148
-7.973267555236816	-1.1158254146575928
-8.90738046169281	-2.6518993377685547
-11.828178752213717	-2.737804412841797
-5.978721857070923	-8.611355066299438
-4.207810878753662	-1.9713563919067383
-9.579589426517487	-8.595999956130981
-4.875833988189697	-2.6082208156585693
-4.6546711921691895	-10.411834001541138
-7.196286678314209	-3.7344424724578857
-10.778390944004059	-2.5591392517089844
-10.409566819667816	-6.912102699279785
-10.84604099392891	-6.416732668876648
-10.547884404659271	-6.514872193336487
-5.637819528579712	-7.4057289361953735
-4.860134124755859	-10.90261995792389
-11.063066393136978	-1.126574993133545
-11.3429124802351	-1.935858964920044
-10.492035984992981	-8.922875761985779
-5.4506542682647705	-5.081237554550171
-5.55541205406189	-1.9642438888549805
-6.282005667686462	-10.370060920715332
-6.357554912567139	-6.046283483505249
-6.960390329360962	-3.9498038291931152
-7.396581530570984	-8.831421375274658
-11.167825251817703	-5.227158308029175
-10.381663620471954	-4.470795392990112
-11.504495993256569	-5.528975486755371
-7.146233081817627	-2.0892913341522217
-5.639051198959351	-7.78930127620697
-7.1232311725616455	-5.284342288970947
-5.669664144515991	-1.590712308883667
-11.903869327157736	-6.667972683906555
-9.439843833446503	-1.024965763092041
-8.379330039024353	-1.2975947856903076
-9.831615507602692	-3.126474380493164
-7.435147047042847	-4.807788133621216
-8.142408013343811	-2.0156099796295166
-8.256895065307617	-1.50887131690979
-10.069096148014069	-3.1969778537750244
-4.916362524032593	-0.7092361450195312
-5.436001539230347	-9.323811650276184
-7.944125175476074	-8.633700370788574
-9.106440246105194	-7.3127524852752686
-11.092839539051056	-11.08486345410347
-3.7748494148254395	-5.474688291549683
-10.96351084113121	-10.530321568250656
-9.057379961013794	-5.100489377975464
-11.85241300240159	-9.298643231391907
-6.285653829574585	-7.465703845024109
-10.789793908596039	-1.776848316192627
-3.9823858737945557	-4.218498945236206
-7.701624870300293	-9.240389585494995
-4.024012327194214	-7.865619421005249
-4.94647479057312	-3.9099583625793457
-6.971932053565979	-1.976081371307373
-4.1539177894592285	-4.085813283920288
-5.607746601104736	-9.097791731357574
-9.334316611289978	-3.6978514194488525
-9.42298686504364	-5.351988315582275
-7.686553716659546	-7.0133256912231445
-7.395330905914307	-6.661753535270691
-6.961841940879822	-7.008864998817444
-10.794390767812729	-9.734131872653961
-10.841741502285004	-8.526234984397888
-10.621071606874466	-9.197814702987671
-10.718437492847443	-7.426466345787048
-9.564212322235107	-2.992265224456787
-8.139716148376465	-9.625243842601776
-8.098600029945374	-6.743471145629883
-5.295853614807129	-6.744038343429565
-11.050246328115463	-8.506667375564575
-8.724676251411438	-5.700845718383789
-10.459148168563843	-4.308897972106934
-9.755528926849365	-3.423748254776001
-11.01690325140953	-8.935239315032959
-3.8202638626098633	-6.411718726158142
-11.793497756123543	-8.058474898338318
-8.936305403709412	-3.819664478302002
-9.142736256122589	-7.209994912147522
-4.46572208404541	-7.433554172515869
-6.399562239646912	-9.424061000347137
-8.038018941879272	-6.573771715164185
-7.209163069725037	-3.173504590988159
-10.185916900634766	-10.750816583633423
-4.527648210525513	-7.731914162635803
-7.028311371803284	-6.398472189903259
-6.913127303123474	-9.318479061126709
-11.21408960223198	-9.638638079166412
-8.588281273841858	-5.5213422775268555
-7.566460490226746	-7.655242323875427
-8.12650752067566	-4.3866870403289795
-8.577699780464172	-2.5413694381713867
-9.53858506679535	-10.038728535175323
-5.952270984649658	-0.9316298961639404
-9.302694082260132	-2.1006832122802734
-9.023613810539246	-4.832712650299072
-4.604705572128296	-2.9389193058013916
-5.600430250167847	-7.359445810317993
-9.400071322917938	-3.456108570098877
-6.640627026557922	-2.4658684730529785
-10.688889741897583	-9.550262689590454
-9.739188551902771	-1.49122953414917
-5.778492450714111	-5.779852867126465
-7.076786756515503	-3.306929111480713
-8.95693588256836	-6.188187003135681
-9.826074957847595	-7.930421948432922
-8.516252160072327	-9.719672799110413
-10.646737933158875	-7.296496868133545
-9.904714822769165	-6.958229184150696
-8.79816448688507	-4.88111686706543
-8.921424150466919	-9.914645075798035
-8.229344487190247	-5.6787285804748535
-11.002282172441483	-1.4676146507263184
-6.599960803985596	-7.831436991691589
-10.329476952552795	-4.831541061401367
-11.867939036339521	-6.8378705978393555
-10.968720048666	-4.106258869171143
-5.680558919906616	-8.36077094078064
-8.675571084022522	-7.544130206108093
-8.217931151390076	-8.244821548461914
-8.353120923042297	-4.0686936378479
-7.733923316001892	-1.0232577323913574
-10.882411748170853	-10.353740394115448
-4.429816961288452	-4.4898834228515625
-9.845064103603363	-5.296385049819946
-9.992440581321716	-3.7092432975769043
-5.958959341049194	-2.3479199409484863
-6.868707776069641	-2.906517505645752
-8.948745489120483	-7.114952445030212
-8.170036911964417	-7.2158732414245605
-11.119115263223648	-1.1617720127105713
-7.594151616096497	-6.846529483795166
-6.363380670547485	-2.8862528800964355
-9.117659389972687	-5.177174091339111
-11.8973947763443	-2.816100597381592
-5.72807765007019	-3.340055465698242
-5.49465537071228	-3.1545639038085938
-4.6623194217681885	-6.737642526626587
-7.67924702167511	-3.9375457763671875
-7.484143495559692	-4.933878421783447
-9.324256896972656	-3.7529654502868652
-5.7107155323028564	-6.17267632484436
-6.5141401290893555	-8.476404547691345
-11.948144311085343	-8.214949250221252
-5.965528964996338	-4.341724634170532
-6.766956925392151	-4.085966348648071
-9.447620630264282	-3.3807692527770996
-7.893417835235596	-1.6715784072875977
-7.936853885650635	-5.126347303390503
-9.400120496749878	-9.426287412643433
-10.491139590740204	-4.164669513702393
-10.0742826461792	-9.693884253501892
-8.429856419563293	-10.019127666950226
-7.124197483062744	-6.183573246002197
-9.299437165260315	-6.98983633518219
-6.665754675865173	-3.201536178588867
-7.784104228019714	-3.5264275074005127
-5.52351450920105	-9.5592582821846
-8.341259479522705	-8.185118436813354
-8.00437617301941	-1.7578346729278564
-3.7785637378692627	-2.178060293197632
-7.590009927749634	-8.543829917907715
-10.005183577537537	-7.555227756500244
-8.722026944160461	-5.876480340957642
-3.4398322105407715	-0.9556546211242676
-2.2230942249298096	-2.057819366455078
-5.666227340698242	-6.89664101600647
-11.005350708961487	-3.7879929542541504
-6.939537048339844	-5.969845533370972
-7.893327355384827	-4.862563133239746
-9.108149349689484	-9.084720969200134
-9.484094023704529	-5.7310631275177
-8.437915205955505	-6.502015113830566
-10.417350590229034	-3.7965266704559326
-9.026049077510834	-3.775556802749634
-8.229088425636292	-6.067424297332764
-9.001824975013733	-7.316897034645081
-7.498229384422302	-10.210422992706299
-11.550138920545578	-7.519892334938049
-9.615566074848175	-1.8242647647857666
-9.447037875652313	-1.665229082107544
-9.435741126537323	-10.61546990275383
-7.913928151130676	-6.628510236740112
-7.99259877204895	-2.4078469276428223
-9.210602939128876	-7.230628252029419
-9.895896971225739	-4.087748050689697
-8.181093692779541	-9.616973161697388
-7.829859137535095	-2.2131993770599365
-5.087708473205566	-7.56303083896637
-7.007374048233032	-0.8563227653503418
-8.879644274711609	-2.91105580329895
-7.154289722442627	-6.00806450843811
-9.41642028093338	-4.379014492034912
-8.3601393699646	-5.711271286010742
-11.488243237137794	-2.677098512649536
-11.59335172176361	-7.8940147161483765
-7.3844321966171265	-6.9711949825286865
-8.985647678375244	-8.366681456565857
-11.380991578102112	-10.685524195432663
-6.078768968582153	-9.063026368618011
-8.025354266166687	-10.637920796871185
-10.497978150844574	-10.492049753665924
-9.431870698928833	-1.2778265476226807
-10.429029107093811	-9.36840569972992
-6.941025495529175	-1.6764113903045654
-8.837467074394226	-1.4151349067687988
-11.065199464559555	-0.9880421161651611
-4.893873453140259	-10.132657706737518
-10.919248133897781	-1.0075700283050537
-7.806868672370911	-4.991095304489136
-9.679930329322815	-5.313501834869385
-11.5223109126091	-6.265873432159424
-9.371674239635468	-4.52562403678894
-4.398739814758301	-5.2823166847229
-6.540644288063049	-10.47076964378357
-11.644052669405937	-7.189162373542786
-11.566022604703903	-3.352104663848877
-6.703611731529236	-1.331526517868042
-9.86391967535019	-1.5437514781951904
-3.757373571395874	-0.9783225059509277
-7.00880241394043	-6.810119390487671
-9.704550683498383	-1.011143445968628
-3.9802236557006836	-1.9529342651367188
-8.402314066886902	-8.351412177085876
-6.7033714056015015	-9.471268057823181
-10.404977917671204	-8.561801433563232
-10.375435888767242	-7.510946273803711
-8.200730681419373	-5.874791622161865
-11.70352752506733	-9.65660959482193
-9.775004088878632	-1.3932316303253174
-9.681283593177795	-9.668912172317505
-4.689702987670898	-1.2520651817321777
-6.966809034347534	-6.589400768280029
-4.532117128372192	-1.412644386291504
-4.67635703086853	-1.1924107074737549
-5.753783226013184	-6.953416228294373
-7.105216026306152	-9.2873974442482
-5.084876775741577	-3.0758986473083496
-6.710202097892761	-3.4575462341308594
-9.145743906497955	-0.9914982318878174
-9.707415103912354	-7.36750853061676
-9.28397673368454	-9.520380198955536
-7.548898100852966	-3.2640717029571533
-8.16641914844513	-2.491612672805786
-4.5673463344573975	-7.2243711948394775
-5.364137649536133	-9.664898693561554
-11.424673050642014	-2.0911567211151123
-10.69113627076149	-2.852935552597046
-11.0635746717453	-5.111811876296997
-6.893794655799866	-8.855463981628418
-10.191931307315826	-6.169929027557373
-11.025706440210342	-6.261107325553894
-7.838760852813721	-5.334048271179199
-5.954222917556763	-7.523760437965393
-7.526460886001587	-11.35343585908413
-4.982797622680664	-3.904603958129883
-6.666985988616943	-11.208399206399918
-11.139708012342453	-3.808640241622925
-2.6319351196289062	-2.6189775466918945
-11.527577966451645	-0.9840459823608398
-6.145243406295776	-6.3457581996917725
-9.4565509557724	-4.7175071239471436
-8.892612218856812	-6.166145324707031
-4.740828037261963	-5.883915424346924
-9.277938544750214	-6.951520085334778
-10.517102837562561	-1.2690038681030273
-11.572956204414368	-5.7614593505859375
-9.993392407894135	-7.252254009246826
-7.622620224952698	-3.817256212234497
-9.196438550949097	-1.1185719966888428
-7.60203230381012	-3.4475369453430176
-10.300372123718262	-0.8777596950531006
-8.254564046859741	-8.519917488098145
-8.825065612792969	-5.7742531299591064
-11.398090168833733	-6.7923771142959595
-10.73318338394165	-8.618860244750977
-5.075870990753174	-6.343092441558838
-3.792267322540283	-7.311962127685547
-11.356485038995743	-8.088262796401978
-8.76090931892395	-9.848310828208923
-10.288152694702148	-2.7632689476013184
-11.292602866888046	-1.7490191459655762
-7.729316711425781	-10.30820918083191
-6.088480353355408	-8.453264236450195
-10.926188170909882	-8.356955409049988
-9.177105724811554	-3.7465102672576904
-10.167409658432007	-7.22534716129303
-6.332446575164795	-1.8122620582580566
-7.681063413619995	-2.0665018558502197
-10.382147133350372	-3.7985966205596924
-8.867350101470947	-8.458283185958862
-7.997257590293884	-6.404856204986572
-5.63770866394043	-10.041838467121124
-6.152162075042725	-9.57572865486145
-11.988239224534482	-8.1436368227005
-5.2989342212677	-11.252983689308167
-6.516358494758606	-0.8201751708984375
-6.496297359466553	-1.9149599075317383
-10.550879001617432	-7.0461859703063965
-11.337752312421799	-7.783257722854614
-8.894823431968689	-8.237047791481018
-11.171706765890121	-6.012744426727295
-8.040974378585815	-3.4084832668304443
-7.849305510520935	-5.571247816085815
-4.084953546524048	-7.9549949169158936
-3.94305682182312	-5.116658449172974
-10.155403912067413	-2.875378131866455
-7.825332283973694	-2.2901394367218018
-9.284811079502106	-2.902132272720337
-11.241172403097153	-6.900609254837036
-10.528954088687897	-8.436244368553162
-10.59177178144455	-2.864140033721924
-6.315852999687195	-2.837104082107544
-11.095937848091125	-3.5588228702545166
-10.175049841403961	-1.8908286094665527
-10.659994751214981	-5.990415573120117
-6.870626449584961	-2.8341143131256104
-10.254007279872894	-3.526609182357788
-6.969510197639465	-3.5455312728881836
-5.118229150772095	-6.307437300682068
-4.643807888031006	-11.094398081302643
-3.903160572052002	-7.429842710494995
-5.616458415985107	-3.2592780590057373
-6.809417724609375	-5.519148588180542
-8.28177273273468	-7.4665367603302
-10.38182383775711	-9.963873624801636
-8.525054097175598	-0.7577633857727051
-11.810179866850376	-0.6797397136688232
-10.778363406658173	-7.9229196310043335
-11.692882306873798	-6.3460997343063354
-9.188977539539337	-8.188542008399963
-4.9792985916137695	-4.656668186187744
-5.813921928405762	-5.073443412780762
-8.792331576347351	-2.567901134490967
-10.668888956308365	-7.288540363311768
-6.977863311767578	-1.2187213897705078
-10.274096131324768	-6.732910752296448
-8.648938179016113	-7.1364651918411255
-9.408704280853271	-3.725602626800537
-8.401962161064148	-1.2843525409698486
-7.594399094581604	-6.9884748458862305
-9.12618362903595	-3.608583927154541
-8.692667484283447	-5.453965902328491
-10.571349799633026	-8.345917582511902
-6.329703211784363	-7.449221849441528
-6.900277018547058	-9.203205049037933
-8.832223892211914	-5.290151596069336
-10.010017991065979	-9.508985817432404
-11.474633038043976	-2.879721164703369
-5.8706488609313965	-8.36892056465149
-9.644331693649292	-2.31150484085083
-4.834265470504761	-3.8724474906921387
-10.809380382299423	-6.977295756340027
-11.413472548127174	-2.782043695449829
-3.323976516723633	-8.94042420387268
-7.7603137493133545	-7.03812038898468
-11.219029515981674	-9.681203663349152
-7.0309975147247314	-7.147508025169373
-6.537503242492676	-7.416088700294495
-8.875972867012024	-5.864777326583862
-9.964173674583435	-6.19371485710144
-8.463393330574036	-1.0398516654968262
-8.402525424957275	-9.019074440002441
-7.432467341423035	-3.271519660949707
-11.743076384067535	-7.2557133436203
-11.641221284866333	-1.6779506206512451
-3.3922362327575684	-5.225384473800659
-10.27453351020813	-6.896033048629761
-10.685525625944138	-5.559105634689331
-8.670881152153015	-6.907600164413452
-10.88145786523819	-2.962796688079834
-11.218758970499039	-1.6753134727478027
-9.125655055046082	-1.3565075397491455
-4.546753406524658	-6.286626935005188
-5.398748159408569	-10.927349656820297
-11.4365846067667	-8.932613253593445
-8.3560631275177	-4.867053508758545
-2.3206050395965576	-9.346264958381653
-8.780393958091736	-0.5683658123016357
-6.569834232330322	-3.0651426315307617
-9.582180619239807	-5.118990898132324
-8.684113025665283	-6.295490026473999
-6.9447373151779175	-5.322864532470703
-8.907495975494385	-1.7217071056365967
-8.157018542289734	-9.902253985404968
-11.228946536779404	-4.6312172412872314
-9.551391899585724	-6.845516681671143
-9.66317081451416	-10.570121973752975
-5.226118326187134	-3.3693344593048096
-4.95948600769043	-3.2878496646881104
-8.768097639083862	-10.560364723205566
-5.701538801193237	-5.518480539321899
-10.163077175617218	-6.5648674964904785
-7.455817222595215	-8.410006642341614
-9.338348507881165	-4.332272529602051
-10.191068172454834	-1.3330779075622559
-4.137785196304321	-1.55934476852417
-8.5220468044281	-5.449554204940796
-1.9556028842926025	-8.641639709472656
-5.27891206741333	-4.9316325187683105
-6.697741985321045	-8.559505462646484
-5.363844394683838	-3.913355827331543
-7.318363308906555	-5.260205984115601
-7.395902752876282	-9.757440626621246
-8.121105909347534	-5.274370193481445
-8.475149631500244	-11.60685034096241
-9.288797736167908	-8.606061458587646
-7.926184773445129	-5.654059410095215
-7.459631681442261	-1.2328169345855713
-6.241042256355286	-1.6814854145050049
-7.197997570037842	-7.40714156627655
-10.611578285694122	-5.924020528793335
-6.939370036125183	-10.531172722578049
-7.532640337944031	-3.9662153720855713
-11.233423233032227	-11.029237568378448
-9.078210711479187	-8.892924427986145
-10.126576960086823	-6.34729278087616
-5.933514833450317	-9.892116665840149
-8.795269131660461	-1.61240816116333
-5.32889199256897	-9.621058881282806
-7.5370670557022095	-8.284056544303894
-9.584310472011566	-9.751418709754944
-7.590123653411865	-6.933040022850037
-6.725462794303894	-3.714491844177246
-5.525457143783569	-8.692233681678772
-4.047948360443115	-6.388211131095886
-10.587000399827957	-5.2442307472229
-8.83773958683014	-5.68062686920166
-11.206613838672638	-0.9357790946960449
-3.2205169200897217	-9.365967035293579
-7.622496485710144	-5.415672540664673
-7.424007296562195	-4.698592901229858
-9.60578066110611	-3.4567301273345947
-11.649923488497734	-1.7773125171661377
-3.5118842124938965	-1.559941291809082
-7.6604243516922	-6.505062103271484
-6.637658715248108	-5.508759498596191
-7.855741024017334	-10.605039596557617
-8.778419494628906	-1.9738905429840088
-8.295136570930481	-11.01344409584999
-11.33827431499958	-10.363121330738068
-8.068093657493591	-3.2624402046203613
-10.71017611026764	-6.003895998001099
-5.9961183071136475	-9.410299837589264
-7.23936653137207	-7.84844434261322
-9.703999757766724	-9.04107928276062
-7.470107316970825	-9.52054613828659
-8.959244012832642	-1.0100584030151367
-7.800711393356323	-6.806173324584961
-7.117252707481384	-7.550349712371826
-11.926723105832934	-9.741172313690186
-11.310581982135773	-5.014204502105713
-9.702671706676483	-5.650526762008667
-9.446287035942078	-1.4665231704711914
-11.379617974162102	-5.052267551422119
-5.403872966766357	-1.3967971801757812
-7.550830364227295	-6.73732316493988
-10.294636309146881	-2.619616985321045
-4.33778715133667	-6.035808205604553
-9.475437104701996	-7.915288209915161
-9.477213263511658	-4.154988527297974
-8.462427377700806	-6.12630021572113
-8.294020414352417	-10.55844846367836
-6.39987587928772	-2.262969732284546
-5.734307527542114	-2.3608310222625732
-9.902155458927155	-7.795405983924866
-10.155980587005615	-7.742556095123291
-8.11107337474823	-3.8707008361816406
-9.579974949359894	-3.6038146018981934
-8.991768836975098	-11.207345992326736
-5.527017831802368	-10.231160938739777
-7.689985156059265	-6.4219383001327515
-5.157490253448486	-3.9953620433807373
-3.837059497833252	-6.470024228096008
-5.851909875869751	-5.920747518539429
-8.886109828948975	-1.5351247787475586
-8.024792790412903	-7.273584008216858
-7.2269675731658936	-8.319910883903503
-9.819863855838776	-10.163683891296387
-10.50375947356224	-1.7786850929260254
-9.541334509849548	-7.6434327363967896
-4.367650508880615	-8.342342376708984
-9.727653622627258	-4.7095627784729
-9.390529811382294	-9.119697332382202
-10.06224149465561	-9.400638699531555
-10.692214250564575	-9.595902621746063
-9.271133244037628	-4.221363544464111
-9.048844635486603	-6.121763706207275
-4.905118703842163	-5.090677499771118
-4.739376783370972	-4.434478282928467
-9.42638075351715	-2.7801647186279297
-8.704434156417847	-5.249608755111694
-7.789807319641113	-9.11780047416687
-8.388870477676392	-2.152510643005371
-10.085582435131073	-1.8219079971313477
-6.077425003051758	-9.033982694149017
-9.169414758682251	-4.529074430465698
-10.245069086551666	-7.729521989822388
-10.463989913463593	-7.325867772102356
-9.982285022735596	-8.791503310203552
-6.582293629646301	-4.195714473724365
-7.825260758399963	-10.236019849777222
-8.269454956054688	-3.4264748096466064
-9.111750841140747	-1.7464678287506104
-7.664242386817932	-1.6002709865570068
-8.952162623405457	-8.6060231924057
-7.970559239387512	-8.021234393119812
-7.078500866889954	-9.834814310073853
-9.645335912704468	-10.974633514881134
-5.5089476108551025	-8.74999737739563
-11.589766144752502	-5.531302213668823
-10.41280084848404	-5.867183446884155
-9.121368706226349	-8.689425587654114
-4.089894533157349	-0.9414253234863281
-11.482082828879356	-8.921561479568481
-8.631358981132507	-1.7315075397491455
-8.32928466796875	-1.3870396614074707
-11.140713304281235	-6.730353355407715
-4.941854238510132	-7.00707471370697
-9.942221760749817	-3.4170613288879395
-1.9024629592895508	-5.505113840103149
-9.095701396465302	-5.725968360900879
-10.069763660430908	-5.543457269668579
-7.851985573768616	-10.426942348480225
-8.280782103538513	-3.457566976547241
-8.661612868309021	-4.686902761459351
-4.046496391296387	-0.6724827289581299
-3.8487775325775146	-10.307262361049652
-6.5182106494903564	-5.110779762268066
-6.187364459037781	-1.5233323574066162
-8.217048168182373	-2.9710378646850586
-8.248171091079712	-7.333655476570129
-8.103509902954102	-8.134049534797668
-8.153318166732788	-4.610927581787109
-5.513804912567139	-8.824422597885132
-9.440802276134491	-11.35548685491085
-5.232848167419434	-9.046779870986938
-11.93609550409019	-5.954320907592773
-11.2127665579319	-3.1891837120056152
-7.602523326873779	-10.552374064922333
-6.517259001731873	-11.576089069247246
-7.50837242603302	-1.41853666305542
-4.742236375808716	-9.422742247581482
-9.497841238975525	-4.467859983444214
-6.514799237251282	-4.936469793319702
-11.752207830548286	-1.5546855926513672
-11.344089299440384	-11.230693906545639
-9.950739920139313	-8.10670781135559
-5.071466445922852	-7.291241884231567
-11.718102514743805	-8.100167512893677
-7.349035978317261	-9.555563271045685
-11.693294271826744	-6.411344647407532
-4.577343463897705	-9.206964790821075
-10.780528753995895	-10.291776895523071
-7.581994414329529	-7.869749307632446
-5.874117851257324	-2.741392135620117
-9.612568259239197	-8.202216267585754
-7.278315424919128	-6.1691590547561646
-6.172168850898743	-10.05848103761673
-10.85924881696701	-4.415868759155273
-7.1356576681137085	-3.2788310050964355
-7.691255807876587	-1.083387851715088
-5.660494565963745	-3.9265172481536865
-9.220348298549652	-2.5478932857513428
-10.032936930656433	-4.621715784072876
-9.58544236421585	-1.2842531204223633
-7.737069725990295	-5.396728992462158
-4.974045038223267	-7.7851642370224
-5.280826091766357	-6.479535698890686
-6.037119626998901	-2.4640510082244873
-8.955836176872253	-4.600622177124023
-6.986961722373962	-1.4272570610046387
-7.809245824813843	-6.774163484573364
-9.388852000236511	-7.445305109024048
-10.424473643302917	-5.185821533203125
-6.4230122566223145	-1.4537172317504883
-11.798913829028606	-1.361182451248169
-11.580718830227852	-8.061515808105469
-7.23317563533783	-4.519266128540039
-8.309180617332458	-2.746569871902466
-6.074039340019226	-2.6571850776672363
-7.53611147403717	-3.2788031101226807
-10.414534986019135	-7.668886184692383
-10.538943976163864	-8.037788271903992
-4.871480226516724	-1.4686782360076904
-11.97236870136112	-8.618376016616821
-4.573981761932373	-7.870104789733887
-8.159720420837402	-4.420576572418213
-8.037204265594482	-10.529466211795807
-6.650245785713196	-1.1270885467529297
-8.225183486938477	-7.83544921875
-11.68871994316578	-3.1587674617767334
-9.552237868309021	-1.5514354705810547
-11.56979888677597	-4.522079229354858
-9.595222055912018	-5.754876136779785
-6.1176838874816895	-6.292571067810059
-9.622146248817444	-7.909555792808533
-10.901912033557892	-7.371202826499939
-11.217506378889084	-1.6498854160308838
-5.727823734283447	-7.1240880489349365
-7.088395714759827	-7.2292996644973755
-9.539726078510284	-1.4238660335540771
-7.9978004693984985	-3.583040714263916
-8.074957966804504	-2.6102399826049805
-8.789687991142273	-2.7336559295654297
-9.21988320350647	-7.358640074729919
-3.371269941329956	-6.937824726104736
-11.077460199594498	-10.192767262458801
-10.313790142536163	-7.519915223121643
-5.394674777984619	-3.0409555435180664
-9.62428468465805	-2.2265396118164062
-11.713272325694561	-4.261528730392456
-9.06383728981018	-3.935445785522461
-5.887457370758057	-1.4267549514770508
-10.782822668552399	-8.014793872833252
-4.555007457733154	-6.463443160057068
-5.650207042694092	-6.622691988945007
-7.354117512702942	-5.234614133834839
-7.046953439712524	-2.9499263763427734
-6.213371157646179	-1.4562349319458008
-6.200868844985962	-10.469363629817963
-6.627280354499817	-9.130975127220154
-6.40141761302948	-8.438977718353271
-4.790589809417725	-6.501748323440552
-6.258846759796143	-9.354831576347351
-6.499297499656677	-2.583721160888672
-7.95555317401886	-9.119033217430115
-8.89158010482788	-6.526396036148071
-9.180638015270233	-10.224585235118866
-6.9600595235824585	-8.963657140731812
-11.231816679239273	-8.934755802154541
-5.477309703826904	-7.1009427309036255
-10.899649411439896	-9.55241185426712
-6.611687421798706	-1.1457173824310303
-7.705387473106384	-8.716231226921082
-9.131251394748688	-10.139858722686768
-6.5034860372543335	-3.633655071258545
-8.151010751724243	-5.600050449371338
-6.316786766052246	-8.662037014961243
-9.6084263920784	-1.6816864013671875
-8.349004983901978	-2.252195119857788
-6.83035933971405	-1.013519525527954
-10.129642188549042	-5.218701124191284
-9.116754949092865	-5.733796834945679
-7.1119608879089355	-8.34542727470398
-9.411803483963013	-6.6280213594436646
-11.469527497887611	-5.365900039672852
-8.563842058181763	-9.851303100585938
-5.831916332244873	-2.8412668704986572
-6.7320170402526855	-8.87591278553009
-10.125454008579254	-2.1835291385650635
-4.88068699836731	-6.649243354797363
-9.858618199825287	-6.577962756156921
-8.329495310783386	-10.116496324539185
-7.341203927993774	-5.3937599658966064
-6.803918480873108	-2.900982141494751
-7.115026831626892	-8.570379853248596
-11.174315750598907	-3.0033795833587646
-9.057007133960724	-8.919578433036804
-8.8544762134552	-9.894787609577179
-7.072808861732483	-5.213630676269531
-8.549486875534058	-10.227684795856476
-7.1703890562057495	-7.447075009346008
-9.749800622463226	-1.9171478748321533
-7.440418481826782	-1.0156917572021484
-10.230150282382965	-6.501752972602844
-7.769078493118286	-6.62017035484314
-3.8662312030792236	-1.27164888381958
-9.114276051521301	-4.4946513175964355
-9.02128118276596	-1.0847275257110596
-7.084338426589966	-9.217142343521118
-8.862323641777039	-8.135107398033142
-8.212231993675232	-6.644110321998596
-4.979784250259399	-7.476821422576904
-9.640696227550507	-1.379650354385376
-8.760468006134033	-2.094677209854126
-9.100656867027283	-7.902588486671448
-6.150707244873047	-4.089049816131592
-7.880987048149109	-6.332974433898926
-7.691810846328735	-8.780990481376648
-6.073960661888123	-6.735494613647461
-8.025274872779846	-6.5124160051345825
-7.441788911819458	-8.068887948989868
-8.338093042373657	-9.729343235492706
-9.689346134662628	-4.899908781051636
-10.853282779455185	-10.793418645858765
-10.852687865495682	-11.889821961522102
-9.640869677066803	-1.5186481475830078
-10.656817853450775	-5.132585048675537
-11.15983173251152	-1.5192039012908936
-11.922483757138252	-6.984171509742737
-7.325202584266663	-6.303199410438538
-4.6527485847473145	-8.631940126419067
-10.018217325210571	-4.574816465377808
-8.61220407485962	-4.210474491119385
-6.211294054985046	-2.3774750232696533
-11.712146446108818	-4.710903167724609
-6.999688982963562	-1.5353100299835205
-9.120079457759857	-4.305810928344727
-4.8678202629089355	-2.72116756439209
-9.066870331764221	-4.792156219482422
-5.935320854187012	-6.0020588636398315
-11.35840930044651	-9.369466960430145
-8.575720310211182	-8.794398307800293
-7.44589626789093	-6.479212045669556
-9.087258696556091	-11.394430205225945
-6.767494440078735	-4.543963193893433
-7.70683479309082	-9.757806658744812
-8.62968635559082	-8.346541285514832
-10.466465771198273	-5.451803684234619
-11.936602419242263	-0.908778190612793
-6.457710385322571	-6.792302370071411
-3.9897758960723877	-2.0446386337280273
-7.309102535247803	-6.245360612869263
-9.632048964500427	-3.2394654750823975
-11.731884084641933	-11.482793435454369
-9.77210122346878	-6.330917000770569
-3.8677711486816406	-10.525970041751862
-11.70026857405901	-6.824653387069702
-6.426644325256348	-3.482346296310425
-9.297963201999664	-1.2348604202270508
-6.926095247268677	-0.8447506427764893
-8.256947636604309	-2.0646743774414062
-8.009060382843018	-9.543250858783722
-10.167418599128723	-4.438440799713135
-5.3350818157196045	-1.778494119644165
-10.625227689743042	-3.361377239227295
-10.71958976984024	-8.553109645843506
-8.832368016242981	-3.153127670288086
-7.200287818908691	-5.62467098236084
-5.902006387710571	-8.102540731430054
-11.727335840463638	-1.1320981979370117
-10.883244395256042	-1.1119909286499023
-10.329165637493134	-5.072486400604248
-9.032875120639801	-4.869880199432373
-8.147645473480225	-4.672162771224976
-7.4235759973526	-7.730401396751404
-5.646255254745483	-10.349048495292664
-11.724169559776783	-2.8688149452209473
-10.079294621944427	-7.0604774951934814
-10.71009510755539	-9.188498854637146
-6.532731056213379	-8.82026982307434
-5.079830646514893	-1.8578674793243408
-5.388762474060059	-11.011891543865204
-6.259439706802368	-0.5935871601104736
-7.505969166755676	-7.057913303375244
-8.021813035011292	-1.83143949508667
-10.60714915394783	-3.63586163520813
-5.193336009979248	-7.216261267662048
-7.079346656799316	-7.665859937667847
-8.407079815864563	-4.11024284362793
-10.850221574306488	-11.127310127019882
-11.453198119997978	-5.512973785400391
-9.040173768997192	-2.228977918624878
-4.735676050186157	-9.844198822975159
-10.387380838394165	-7.805561900138855
-9.799435436725616	-8.50772738456726
-8.761197566986084	-5.907375812530518
-10.524199962615967	-9.779066026210785
-8.449400782585144	-7.673472762107849
-9.260959804058075	-3.189032793045044
-9.421243965625763	-10.55110564827919
-11.806623972952366	-5.836887359619141
-9.260542273521423	-2.2262935638427734
-7.498164653778076	-0.9007551670074463
-5.663520097732544	-8.255025029182434
-5.007319450378418	-1.080064058303833
-10.335628509521484	-11.197467058897018
-8.157185912132263	-5.18082332611084
-8.315637230873108	-9.239530384540558
-7.688083648681641	-6.921612024307251
-5.342019081115723	-4.6506078243255615
-4.030026912689209	-6.8171879053115845
-5.864295244216919	-5.302545547485352
-7.741252541542053	-5.736958980560303
-11.470498993992805	-4.310593128204346
-5.636845350265503	-1.1355385780334473
-7.3913140296936035	-7.675906419754028
-6.965044856071472	-7.589820384979248
-7.696228623390198	-3.981241464614868
-7.452839255332947	-1.8991312980651855
-4.2912304401397705	-10.500577211380005
-6.124996662139893	-3.0693039894104004
-8.9069105386734	-7.452576041221619
-7.711859464645386	-6.914510250091553
-9.61612719297409	-1.4615929126739502
-10.147527694702148	-8.541851878166199
-10.985482335090637	-2.5004281997680664
-10.487660944461823	-5.987483739852905
-5.79703688621521	-1.1047568321228027
-7.903769016265869	-6.351162314414978
-4.256353139877319	-1.3790867328643799
-9.799232482910156	-0.9118537902832031
-7.770910263061523	-6.132926344871521
-5.7774152755737305	-3.6686339378356934
-10.589947789907455	-10.861060559749603
-11.070631116628647	-8.921890497207642
-10.181895017623901	-4.874971389770508
-5.118462324142456	-6.765043258666992
-7.2406017780303955	-9.536463618278503
-8.884829878807068	-7.398752689361572
-11.758255384862423	-5.24022102355957
-10.087326228618622	-6.737445831298828
-6.111531972885132	-0.6944382190704346
-3.8936877250671387	-6.973107576370239
-10.2122962474823	-4.041450262069702
-5.161831855773926	-4.956855297088623
-10.399958610534668	-8.476345896720886
-9.20097666978836	-3.9899110794067383
-6.176372766494751	-6.3002729415893555
-8.559512972831726	-7.93022882938385
-5.457128047943115	-6.575423240661621
-6.970740795135498	-8.287028789520264
-6.843378067016602	-8.00934648513794
-9.877411901950836	-7.242353796958923
-8.611944437026978	-6.977995276451111
-10.716473937034607	-5.157073259353638
-3.5837888717651367	-5.30563759803772
-9.762083530426025	-8.691498041152954
-3.1820168495178223	-4.716655969619751
-5.836026191711426	-2.3748743534088135
-10.015603423118591	-5.3074235916137695
-7.267838358879089	-8.380671858787537
-10.798714309930801	-4.2390453815460205
-8.246991991996765	-10.770690232515335
-5.264748573303223	-2.4503252506256104
-4.949074029922485	-3.806626081466675
-11.730000279843807	-9.589768588542938
-10.863305658102036	-0.6109507083892822
-7.588795781135559	-5.970518589019775
-4.937810182571411	-7.5285598039627075
-8.971465229988098	-8.484845280647278
-11.668706260621548	-7.341079473495483
-5.0412797927856445	-4.089597702026367
-5.523694038391113	-2.8498148918151855
-10.906964153051376	-7.88432514667511
-11.97471596673131	-6.139566421508789
-9.877962112426758	-7.054402828216553
-6.153898000717163	-2.8938589096069336
-3.8996493816375732	-5.7268688678741455
-11.325135290622711	-4.00049901008606
-11.125672817230225	-9.416064083576202
-4.887948989868164	-4.250025272369385
-11.664312109351158	-0.7870824337005615
-4.164507150650024	-5.293109893798828
-10.122507333755493	-5.949578762054443
-8.222882151603699	-4.176105737686157
-9.957234978675842	-4.868952512741089
-6.593008518218994	-10.468056499958038
-7.358808159828186	-6.950981497764587
-10.663069814443588	-8.389994859695435
-5.945285797119141	-8.099357843399048
-7.138280868530273	-8.566099762916565
-10.843945920467377	-3.4352495670318604
-9.064219951629639	-9.061877310276031
-3.8819425106048584	-7.773645043373108
-5.017850875854492	-5.102088689804077
-5.41667103767395	-3.871514081954956
-9.58702540397644	-7.109824061393738
-4.630495548248291	-6.300167441368103
-4.69877028465271	-0.9990978240966797
-11.692664667963982	-9.373609721660614
-10.022507786750793	-3.8726184368133545
-11.940382121130824	-1.6367111206054688
-8.275491714477539	-3.2859885692596436
-8.47573435306549	-6.992081165313721
-10.69905361533165	-2.3526785373687744
-10.448346555233002	-5.692256212234497
-10.82782557606697	-10.193200707435608
-6.802701830863953	-6.543754935264587
-2.0182864665985107	-4.401198863983154
-9.334141552448273	-7.675379276275635
-10.9865140914917	-10.222598254680634
-8.489980101585388	-2.339688777923584
-5.158552408218384	-9.233623087406158
-5.929011583328247	-2.156935214996338
-8.367428183555603	-4.8025946617126465
-2.3129782676696777	-4.597198247909546
-10.437641501426697	-5.975107669830322
-11.655224025249481	-10.21726530790329
-7.272438883781433	-9.86445289850235
-8.804959416389465	-1.1792736053466797
-11.724890917539597	-2.591712713241577
-7.944432735443115	-7.0306620597839355
-8.748897671699524	-2.3387231826782227
-8.605391263961792	-1.736530065536499
-6.241390585899353	-5.327598810195923
-9.228698909282684	-2.1432487964630127
-10.712998509407043	-2.414339303970337
-7.361867308616638	-5.435422897338867
-10.434701263904572	-6.262593626976013
-10.840371251106262	-4.163066625595093
-8.868322849273682	-5.751460075378418
-9.061943113803864	-1.334998369216919
-11.841167259961367	-11.688514195382595
-7.665908217430115	-4.190876483917236
-6.667836785316467	-5.289869070053101
-10.469098091125488	-3.4903371334075928
-7.459509372711182	-3.797468662261963
-10.53938215970993	-7.845412731170654
-6.8109705448150635	-10.894316911697388
-8.482759952545166	-6.820648670196533
-7.161146879196167	-2.8057050704956055
-11.215668439865112	-5.611965179443359
-8.481562972068787	-2.3133816719055176
-10.116720914840698	-3.2017457485198975
-9.959074258804321	-0.9243578910827637
-6.660900592803955	-7.05900514125824
-9.56589013338089	-4.640963315963745
-9.844135701656342	-5.26904296875
-10.480974555015564	-9.477884888648987
-4.055046558380127	-9.291987776756287
-8.60550856590271	-3.8741118907928467
-5.71155309677124	-7.873311281204224
-11.65580179542303	-7.630229473114014
-7.485867977142334	-3.1884655952453613
-9.211115956306458	-6.778668165206909
-9.606944024562836	-1.6641490459442139
-9.68256801366806	-4.534775733947754
-9.111092627048492	-1.4807581901550293
-8.414385437965393	-6.354046940803528
-9.932444214820862	-6.6939414739608765
-5.869065999984741	-2.9685702323913574
-4.094142436981201	-5.788413047790527
-9.65084981918335	-3.334418535232544
-7.466542840003967	-3.507189989089966
-8.668179273605347	-8.135743975639343
-10.895519256591797	-9.3044952750206
-4.310211181640625	-8.887057542800903
-5.537044286727905	-3.2287402153015137
-7.21644651889801	-11.751126676797867
-7.679861783981323	-3.6915392875671387
-4.6906349658966064	-4.127403259277344
-6.911593794822693	-7.220046043395996
-11.323317468166351	-6.027487277984619
-5.047917366027832	-11.343062326312065
-11.072379916906357	-9.376881659030914
-11.302978321909904	-5.764385461807251
-10.834277272224426	-9.68131399154663
-8.889073133468628	-8.412674188613892
-6.210452914237976	-8.863444805145264
-11.513416394591331	-1.7406134605407715
-6.080235600471497	-7.86352264881134
-9.58112633228302	-8.859168291091919
-8.874329209327698	-7.9775190353393555
-5.926426649093628	-3.4579145908355713
-4.029118537902832	-10.005900263786316
-6.149676203727722	-6.163655877113342
-4.496104001998901	-6.986954212188721
-7.223694562911987	-0.8405270576477051
-10.925571084022522	-1.6008610725402832
-5.213104248046875	-7.631579160690308
-6.348192930221558	-4.965603590011597
-6.016036033630371	-3.8849380016326904
-11.571421220898628	-3.41593337059021
-9.989266991615295	-8.987295269966125
-8.571020007133484	-2.245096206665039
-10.456182539463043	-9.951190173625946
-7.884309768676758	-9.36128032207489
-9.096979200839996	-8.660298585891724
-5.945829391479492	-9.397433996200562
-5.750845670700073	-7.851343989372253
-8.912001729011536	-9.64930272102356
-10.478854358196259	-0.8475830554962158
-10.161554217338562	-2.537989854812622
-9.312403857707977	-1.3726744651794434
-9.739973723888397	-8.472343683242798
-8.854412913322449	-0.9255251884460449
-8.438225984573364	-6.509851455688477
-7.753301739692688	-10.523596554994583
-7.815433144569397	-3.1028802394866943
-11.088700979948044	-3.086367130279541
-4.876534938812256	-5.8031580448150635
-6.217868685722351	-0.8941082954406738
-7.090150594711304	-11.069110572338104
-7.139457821846008	-1.7084426879882812
-10.709387093782425	-6.357365727424622
-5.697999715805054	-8.263972163200378
-8.559751510620117	-10.158979833126068
-8.186884045600891	-3.8423001766204834
-11.462512627243996	-9.277173221111298
-5.327839136123657	-5.24741792678833
-7.327522158622742	-6.59682297706604
-7.689611434936523	-7.7883278131484985
-6.805629372596741	-2.318851947784424
-7.7712424993515015	-3.4656600952148438
-10.976576507091522	-8.305115818977356
-5.937768459320068	-5.411418199539185
-9.587518036365509	-11.80203676968813
-4.201804876327515	-7.071664452552795
-11.730022206902504	-1.8684468269348145
-11.530264154076576	-6.378838777542114
-4.354047060012817	-1.2297849655151367
-9.583240628242493	-4.312825441360474
-6.8955559730529785	-9.37630158662796
-2.680586099624634	-1.6335711479187012
-8.40813946723938	-7.20318603515625
-11.16350269317627	-1.1838312149047852
-7.46239972114563	-11.888268012553453
-9.139878988265991	-7.353383660316467
-8.629642009735107	-9.216289222240448
-6.283082485198975	-1.3929991722106934
-5.301346778869629	-9.003233850002289
-9.18258386850357	-1.5282940864562988
-4.78279709815979	-9.292078256607056
-8.595983147621155	-8.09748387336731
-10.069469690322876	-6.402390003204346
-9.217007875442505	-3.123757839202881
-8.37744390964508	-1.7961959838867188
-8.842766046524048	-7.603449583053589
-8.740142226219177	-7.216116786003113
-11.912499345839024	-5.657517671585083
-9.99608463048935	-9.024936854839325
-8.71232807636261	-4.770323038101196
-8.080983281135559	-3.269413948059082
-11.159250319004059	-2.582548141479492
-5.276098251342773	-4.554386615753174
-7.570479512214661	-3.5730836391448975
-11.793383695185184	-5.348042964935303
-2.9005651473999023	-3.510927200317383
-9.914824962615967	-11.264866545796394
-9.758566975593567	-3.064674139022827
-8.474842429161072	-7.716737866401672
-8.945419549942017	-7.179852604866028
-5.713314056396484	-9.869021773338318
-7.669932961463928	-4.7900025844573975
-7.167196154594421	-5.420726537704468
-10.472421884536743	-2.939333438873291
-9.286467611789703	-4.496553182601929
-8.358859062194824	-8.703772187232971
-11.25114619731903	-3.1774206161499023
-6.65649139881134	-6.799169540405273
-10.465824902057648	-8.151862621307373
-7.143683910369873	-10.524240374565125
-5.753115177154541	-1.179373025894165
-5.674479961395264	-8.936851859092712
-10.057006359100342	-5.402887344360352
-6.4539642333984375	-5.281731605529785
-8.219154238700867	-2.802757501602173
-10.048592805862427	-9.365720808506012
-7.494902729988098	-8.760484099388123
-4.9788923263549805	-3.8486030101776123
-8.545932054519653	-5.683221817016602
-9.727198898792267	-2.2337093353271484
-8.81452488899231	-11.586252138018608
-2.7995288372039795	-10.024813055992126
-7.194937705993652	-11.070176392793655
-6.356487393379211	-3.7669379711151123
-10.667266577482224	-10.12969297170639
-6.827323079109192	-10.653015822172165
-10.808725029230118	-7.211579918861389
-5.028640508651733	-8.192639708518982
-5.120492935180664	-6.836763381958008
-7.249132990837097	-10.065919876098633
-9.396510779857635	-4.601135015487671
-7.059740781784058	-3.407280206680298
-7.220041751861572	-5.626998424530029
-11.983889769762754	-4.885523557662964
-3.9153385162353516	-6.707881450653076
-7.71913754940033	-0.8123195171356201
-5.271537780761719	-5.744185924530029
-9.957847774028778	-6.30128538608551
-11.647728368639946	-2.409931182861328
-9.475207507610321	-9.473219811916351
-9.862130284309387	-7.7660640478134155
-3.546830892562866	-7.557931065559387
-8.508366107940674	-2.546224594116211
-6.139914393424988	-7.12412166595459
-9.589813113212585	-5.981254577636719
-5.175964593887329	-4.478312015533447
-9.675313711166382	-8.79293704032898
-4.581314563751221	-1.2872121334075928
-11.764823377132416	-9.67057192325592
-7.924604415893555	-6.678042769432068
-7.4251896142959595	-5.20833420753479
-8.970924139022827	-9.833280086517334
-11.5190539509058	-4.101261377334595
-7.652382731437683	-10.468216001987457
-10.661774933338165	-10.116640090942383
-10.670194208621979	-3.257658004760742
-7.492253422737122	-8.088717341423035
-10.160515308380127	-4.792754888534546
-8.755715131759644	-8.94446611404419
-7.6553428173065186	-2.840791940689087
-4.0456702709198	-7.8034762144088745
-8.749107599258423	-2.3887782096862793
-7.089317679405212	-5.947845697402954
-11.501664385199547	-1.0299203395843506
-7.261892795562744	-5.766964673995972
-5.085461139678955	-9.205762445926666
-9.810155153274536	-4.1073760986328125
-8.813759207725525	-6.89190673828125
-4.32594108581543	-7.500707745552063
-4.700982570648193	-2.4628186225891113
-5.819189786911011	-4.235062122344971
-6.323587417602539	-10.486136376857758
-11.54545721411705	-5.771437883377075
-7.8135634660720825	-4.872409343719482
-5.9916887283325195	-1.2905802726745605
-5.748478174209595	-4.486313581466675
-10.815033584833145	-6.73018741607666
-5.2028632164001465	-8.80319631099701
-4.099893093109131	-5.45108699798584
-7.301240086555481	-1.2922117710113525
-10.042017996311188	-6.074231028556824
-7.649954438209534	-8.074461579322815
-8.233553767204285	-8.888097524642944
-4.577362775802612	-3.0726242065429688
-4.267054080963135	-7.919499635696411
-11.718350976705551	-1.6588397026062012
-8.638774037361145	-7.616687536239624
-8.604945659637451	-2.3411800861358643
-6.5006550550460815	-5.247889995574951
-5.28687858581543	-7.4444146156311035
-5.129663944244385	-4.3198370933532715
-8.229174613952637	-1.0448799133300781
-9.264697015285492	-5.2665746212005615
-8.32991874217987	-6.358654618263245
-11.043021708726883	-2.7016489505767822
-11.320292964577675	-7.3061288595199585
-5.657458305358887	-1.325740098953247
-5.472588300704956	-5.9126036167144775
-9.641457796096802	-1.85780668258667
-8.169540166854858	-5.581239223480225
-8.942320704460144	-7.648401618003845
-7.650867462158203	-6.235187530517578
-9.393893122673035	-6.668267726898193
-9.54419732093811	-4.644768476486206
-3.3563268184661865	-5.436544418334961
-5.777311563491821	-4.279366493225098
-5.248618125915527	-6.517156720161438
-6.622633695602417	-6.63031804561615
-6.00750195980072	-6.995781898498535
-8.205480337142944	-9.065304458141327
-7.77391254901886	-8.591175556182861
-5.779490232467651	-10.345275521278381
-7.884547233581543	-9.81932258605957
-10.856023281812668	-2.2995994091033936
-4.439092397689819	-5.801145315170288
-10.786747008562088	-9.487744688987732
-9.736827671527863	-7.754425048828125
-8.92634904384613	-3.886575937271118
-6.397942900657654	-6.415865778923035
-8.21160614490509	-8.765673637390137
-10.38804441690445	-9.967936277389526
-7.909571886062622	-8.962804198265076
-11.512466043233871	-10.82933109998703
-9.745106399059296	-1.648625135421753
-10.100691318511963	-7.277913808822632
-8.9623943567276	-2.6688151359558105
-7.887241959571838	-4.089388132095337
-11.02865919470787	-1.9493072032928467
-7.07819402217865	-2.1433138847351074
-6.217853307723999	-9.071077108383179
-9.116067588329315	-5.171351194381714
-11.607432469725609	-3.7701594829559326
-6.469164490699768	-0.4358189105987549
-8.826117038726807	-3.05711030960083
-3.465700149536133	-4.515158414840698
-9.10025292634964	-5.525495767593384
-7.341329097747803	-7.852187991142273
-11.542291715741158	-3.4952945709228516
-7.4869630336761475	-6.812638163566589
-4.890184164047241	-1.3493943214416504
-10.506566047668457	-1.7659764289855957
-8.57353162765503	-2.7274625301361084
-4.760890960693359	-5.780737638473511
-11.743421852588654	-7.639210939407349
-6.649461507797241	-8.524152874946594
-9.521780848503113	-3.03257417678833
-9.07102918624878	-1.4161970615386963
-10.461252629756927	-6.737282395362854
-6.421512722969055	-6.036146521568298
-4.545167684555054	-9.84645813703537
-10.713505804538727	-8.011104226112366
-10.172577917575836	-3.131714344024658
-4.1671342849731445	-8.818240284919739
-7.027237415313721	-2.497615098953247
-9.741429448127747	-2.9278922080993652
-11.215645730495453	-6.477868437767029
-9.264330267906189	-7.342511773109436
-8.725174069404602	-8.873091101646423
-8.198746919631958	-7.428061366081238
-6.456450462341309	-7.308739900588989
-7.944637656211853	-5.04268741607666
-7.78873085975647	-11.199240446090698
-10.5182925760746	-1.0644207000732422
-6.263356447219849	-11.522333845496178
-11.222119778394699	-2.1968278884887695
-9.03691291809082	-5.086973190307617
-9.58110773563385	-2.1320250034332275
-11.361546456813812	-3.1461503505706787
-11.18203130364418	-6.963370442390442
-4.685406446456909	-2.39680552482605
-9.754509329795837	-1.1463232040405273
-10.996852666139603	-9.016812264919281
-7.849773645401001	-10.655923694372177
-9.578646183013916	-2.1173973083496094
-11.58641405403614	-11.218745112419128
-10.537951648235321	-7.727840065956116
-7.466016054153442	-9.765710055828094
-4.333997011184692	-7.024524807929993
-5.70625376701355	-4.809088468551636
-10.935456901788712	-9.032283246517181
-9.707335889339447	-4.24293065071106
-8.379521369934082	-8.003307938575745
-6.806904315948486	-4.86396861076355
-6.491206169128418	-3.865661859512329
-9.457970559597015	-5.734896898269653
-11.527812838554382	-8.32978641986847
-4.715237617492676	-4.1037468910217285
-10.809985667467117	-9.441834926605225
-5.946900844573975	-2.34511399269104
-8.827183485031128	-2.046475410461426
-8.841930627822876	-3.728426456451416
-11.260216310620308	-4.753786325454712
-8.33817172050476	-0.6817395687103271
-10.505997240543365	-3.4005582332611084
-7.501919746398926	-1.2677392959594727
-11.583684280514717	-0.9832613468170166
-8.802521824836731	-10.252933323383331
-10.960499972105026	-3.562201738357544
-8.825618863105774	-8.428491711616516
-5.455850601196289	-6.502174258232117
-10.361415266990662	-2.056720733642578
-4.415984630584717	-1.7774863243103027
-5.927511692047119	-8.621367931365967
-9.350157380104065	-9.76690685749054
-11.384750828146935	-1.3857979774475098
-5.5996034145355225	-5.899583101272583
-6.4496458768844604	-3.0718517303466797
-10.486289620399475	-6.197489619255066
-7.04240870475769	-3.219348907470703
-10.406274676322937	-7.261547684669495
-8.253703951835632	-10.004484236240387
-9.720145583152771	-2.281486988067627
-7.500144839286804	-9.446404874324799
-10.386040091514587	-7.294605016708374
-5.7932517528533936	-7.786023259162903
-6.4089674949646	-3.1147384643554688
-6.020194888114929	-4.239817142486572
-10.375935316085815	-5.023725986480713
-10.677902340888977	-5.335094690322876
-7.935068249702454	-2.764904022216797
-6.126948595046997	-8.132372975349426
-8.810038805007935	-1.206571340560913
-7.41465961933136	-0.7495694160461426
-8.520733952522278	-2.184689998626709
-6.7077906131744385	-1.9812219142913818
-9.204712986946106	-5.9495909214019775
-11.05793908238411	-11.53411965072155
-11.075720250606537	-2.715517044067383
-8.580965280532837	-2.805241584777832
-5.810209035873413	-3.410325050354004
-7.9501190185546875	-3.161607027053833
-8.550845861434937	-2.970200300216675
-7.576984405517578	-8.52173101902008
-7.248175263404846	-8.346287727355957
-11.271259278059006	-8.800012707710266
-10.59501314163208	-6.737722277641296
-8.137277841567993	-1.693392276763916
-10.248377501964569	-7.589735984802246
-5.125000476837158	-1.9672658443450928
-8.506810069084167	-2.133748769760132
-11.46297137439251	-5.510565519332886
-11.930087082087994	-3.524921178817749
-5.550711393356323	-11.279256910085678
-11.28384943306446	-6.753028750419617
-8.455504417419434	-8.319044709205627
-8.45635986328125	-6.153393030166626
-11.319452717900276	-2.327148199081421
-6.025089383125305	-4.315311670303345
-4.711134910583496	-1.3138904571533203
-8.15129041671753	-5.969122409820557
-11.984735869802535	-7.737223148345947
-6.715169191360474	-3.6343038082122803
-11.796525724232197	-8.156486749649048
-10.836541593074799	-9.025136411190033
-7.607844829559326	-3.0154223442077637
-7.438126087188721	-9.252431809902191
-5.012102365493774	-2.7575976848602295
-9.247227787971497	-2.594442129135132
-6.307033896446228	-0.9655308723449707
-9.498093366622925	-1.0989482402801514
-11.111804187297821	-2.974944591522217
-4.106396913528442	-7.473268747329712
-9.355192422866821	-1.8237848281860352
-10.353960156440735	-8.23161792755127
-7.8147969245910645	-4.5738444328308105
-3.546142101287842	-1.8073182106018066
-7.213278293609619	-8.002866625785828
-8.235558986663818	-7.399934649467468
-8.986857891082764	-9.432851672172546
-7.934844732284546	-6.740990996360779
-6.0077104568481445	-2.8679895401000977
-9.884517073631287	-1.0165114402770996
-8.178550958633423	-5.252488374710083
-8.082390189170837	-2.044076442718506
-11.562017038464546	-3.6174280643463135
-5.014371871948242	-8.511576175689697
-7.939410924911499	-1.2197284698486328
-8.352952480316162	-9.027115523815155
-5.787786483764648	-8.062971353530884
-10.445208549499512	-8.630332589149475
-4.378352880477905	-7.627356290817261
-6.800381898880005	-9.204522728919983
-10.348490238189697	-8.560588359832764
-9.79591566324234	-6.642249941825867
-9.008244574069977	-6.734373092651367
-6.560866355895996	-1.1184332370758057
-5.763794660568237	-5.98241400718689
-6.908381223678589	-4.940429449081421
-10.723594397306442	-9.263197839260101
-7.691030502319336	-10.299051582813263
-10.16704112291336	-3.294246196746826
-10.614117175340652	-7.808992981910706
-11.507907807826996	-2.7150113582611084
-11.063801497220993	-7.5194138288497925
-7.579074740409851	-3.7329325675964355
-7.159008979797363	-7.077356457710266
-4.570278167724609	-2.6268575191497803
-8.896966338157654	-2.9450955390930176
-5.625128746032715	-6.121841669082642
-4.003206968307495	-6.753267288208008
-7.6931058168411255	-2.9177792072296143
-8.363751411437988	-3.4806833267211914
-11.011979967355728	-3.2075250148773193
-6.00541877746582	-3.0485308170318604
-5.670291423797607	-1.192209005355835
-7.6783061027526855	-6.87134850025177
-7.630146861076355	-5.235347270965576
-9.760704338550568	-8.395408987998962
-9.938380658626556	-11.446717858314514
-6.186067700386047	-5.110698223114014
-9.209099650382996	-9.542165637016296
-10.053310096263885	-1.1479482650756836
-9.307463586330414	-7.668256044387817
-6.991978168487549	-1.1413328647613525
-8.370762705802917	-2.4564292430877686
-9.86506873369217	-2.0174753665924072
-10.954146265983582	-4.880218505859375
-3.650343418121338	-6.777737259864807
-5.717085599899292	-5.507715225219727
-9.790129780769348	-2.133733034133911
-9.370291471481323	-6.092803359031677
-9.743814289569855	-6.842635631561279
-9.619965076446533	-7.0776636600494385
-9.255371868610382	-10.801955938339233
-8.96321153640747	-4.063997268676758
-10.996362447738647	-9.996215343475342
-9.879223644733429	-9.910189747810364
-7.2166664600372314	-2.7559876441955566
-8.097649455070496	-9.490574955940247
-5.96811318397522	-1.8055486679077148
-11.1616530418396	-4.521838188171387
-8.13219666481018	-11.15725913643837
-8.757985353469849	-8.943832755088806
-6.051568865776062	-9.733922302722931
-8.655129432678223	-8.522546768188477
-4.286215782165527	-8.969325184822083
-5.868673324584961	-6.85585355758667
-5.1444268226623535	-6.553707003593445
-5.7200939655303955	-1.0560736656188965
-11.068125754594803	-3.146552324295044
-11.484892889857292	-3.577575445175171
-8.239503622055054	-1.7852568626403809
-9.04007863998413	-10.423539876937866
-4.966731548309326	-4.327939510345459
-10.290536999702454	-7.026285409927368
-9.63077563047409	-9.72713452577591
-10.722093164920807	-6.140649318695068
-7.935818552970886	-7.409745812416077
-6.279700756072998	-6.269989728927612
-7.8571457862854	-7.133853793144226
-10.375951945781708	-5.482092618942261
-7.157897114753723	-8.374383330345154
-6.750225305557251	-2.230769634246826
-9.192411482334137	-6.80573844909668
-8.238158941268921	-2.285910129547119
-7.072694420814514	-8.936628699302673
-11.507857427001	-7.676073789596558
-11.159138023853302	-0.941486120223999
-11.80220628529787	-4.630297422409058
-10.282428860664368	-3.46527099609375
-6.9742820262908936	-6.464416980743408
-10.306552290916443	-6.1295835971832275
-10.469254553318024	-8.528886079788208
-10.99385780096054	-4.807892560958862
-4.52206563949585	-6.642274975776672
-7.946812033653259	-6.606750011444092
-9.570281088352203	-3.243500232696533
-5.4013144969940186	-4.223618745803833
-6.989811301231384	-4.72070574760437
-8.234598755836487	-1.6906263828277588
-7.602819800376892	-7.7902854681015015
-8.31811237335205	-1.3697755336761475
-6.17458963394165	-3.887484312057495
-8.749534249305725	-7.747917652130127
-10.856410145759583	-9.25861144065857
-8.177980184555054	-2.3894598484039307
-7.781068325042725	-6.9189512729644775
-10.221270561218262	-3.0769550800323486
-6.26391863822937	-6.352510929107666
-5.803020000457764	-6.534191608428955
-5.12157940864563	-8.83538281917572
-8.24537479877472	-7.748071074485779
-11.123633086681366	-9.70030528306961
-11.106997847557068	-8.23055648803711
-9.526223123073578	-1.6034924983978271
-9.202886402606964	-2.433558940887451
-11.416159093379974	-6.4568846225738525
-6.053192853927612	-4.594435214996338
-2.880711793899536	-5.270916938781738
-8.847553968429565	-9.30320942401886
-7.646468639373779	-5.206450939178467
-7.997430682182312	-4.467832088470459
-10.990394353866577	-5.561920166015625
-5.2902138233184814	-11.064351081848145
-6.334025502204895	-1.2519299983978271
-8.400301337242126	-11.669040285050869
-6.735559344291687	-5.328408479690552
-8.955865144729614	-8.150989651679993
-5.61441707611084	-7.016016840934753
-8.58238685131073	-5.670423746109009
-8.379114031791687	-6.98527729511261
-3.8169608116149902	-6.681055784225464
-6.785948395729065	-5.653520107269287
-8.40785837173462	-8.044910788536072
-7.882558465003967	-11.275382950901985
-6.4803560972213745	-5.158515930175781
-11.167760610580444	-1.642441749572754
-5.811917781829834	-4.667625904083252
-5.075021982192993	-7.054793000221252
-10.689215183258057	-7.377330422401428
-6.743826270103455	-0.5123748779296875
-8.174172163009644	-6.929143667221069
-10.593408197164536	-5.889929294586182
-7.80196487903595	-5.56084942817688
-8.134117484092712	-5.57898473739624
-11.167522609233856	-2.204787254333496
-9.598671734333038	-3.130424737930298
-5.656842470169067	-7.699196934700012
-10.739202350378036	-11.50999966263771
-6.21759831905365	-8.397441744804382
-8.267773747444153	-7.023987293243408
-5.440936803817749	-1.8919737339019775
-7.912091016769409	-1.1399116516113281
-8.56256890296936	-4.353245258331299
-7.257675290107727	-5.934966087341309
-7.080711007118225	-4.534376621246338
-9.250605404376984	-8.713806509971619
-7.714811325073242	-6.683248400688171
-9.223167657852173	-10.297818124294281
-8.374837160110474	-4.507156133651733
-4.121377944946289	-9.623582124710083
-10.57380598783493	-10.952081590890884
-8.886236786842346	-10.985459446907043
-6.240824460983276	-11.588111132383347
-10.978317439556122	-3.577253580093384
-5.534736156463623	-8.328752160072327
-8.336597442626953	-8.904346704483032
-6.62225067615509	-9.642607390880585
-10.491964280605316	-4.609746694564819
-9.994086384773254	-7.73969578742981
-6.295898079872131	-3.1656296253204346
-6.644872069358826	-4.910367250442505
-8.546099066734314	-7.647780418395996
-10.195219695568085	-8.275197744369507
-2.0124428272247314	-6.326978087425232
-3.143368721008301	-1.302994966506958
-7.39643919467926	-1.475229263305664
-9.70029330253601	-4.079584121704102
-8.78096866607666	-8.251593232154846
-5.1851112842559814	-5.697113513946533
-7.464054107666016	-6.193303942680359
-10.966362476348877	-1.9580368995666504
-6.493105173110962	-6.914966940879822
-7.629886150360107	-3.9033336639404297
-9.601923823356628	-2.789241313934326
-7.2196701765060425	-3.583526372909546
-8.355283498764038	-9.98042607307434
-10.242615938186646	-3.1042392253875732
-9.625671923160553	-4.5646233558654785
-10.581785649061203	-7.191222667694092
-4.0451531410217285	-8.486278295516968
-5.258690357208252	-1.0494704246520996
-6.837602019309998	-4.052875757217407
-8.51201605796814	-8.233579516410828
-3.987974166870117	-2.2070188522338867
-9.282260119915009	-3.5830628871917725
-8.484052419662476	-8.258503675460815
-9.40950858592987	-7.843316674232483
-9.469409823417664	-4.0304388999938965
-4.361579418182373	-1.5278205871582031
-6.787185788154602	-3.3597171306610107
-8.036858439445496	-1.9864883422851562
-6.633123993873596	-5.327967882156372
-8.471170663833618	-7.159289717674255
-3.059130907058716	-0.8977725505828857
-8.190828323364258	-2.682807683944702
-9.314625978469849	-8.42519724369049
-7.26964545249939	-6.299765467643738
-11.380277752876282	-3.257082939147949
-7.531363606452942	-7.6541372537612915
-4.782907962799072	-5.700979471206665
-7.744873523712158	-1.5274250507354736
-6.118671655654907	-1.073737621307373
-6.850608944892883	-9.29001760482788
-4.004573822021484	-2.0413527488708496
-4.969817876815796	-7.630760192871094
-10.888683289289474	-2.652503728866577
-8.645961284637451	-10.46924203634262
-7.132364273071289	-1.8031575679779053
-10.297266840934753	-10.56368100643158
-6.717965483665466	-8.060591697692871
-11.36064313352108	-11.737014770507812
-10.466105282306671	-8.44416081905365
-8.974758267402649	-8.342256546020508
-5.565365552902222	-8.489558100700378
-10.799494475126266	-6.571091651916504
-10.81637129187584	-4.251195430755615
-11.619559496641159	-9.258032262325287
-6.005855441093445	-10.250705659389496
-11.10497322678566	-6.47187352180481
-11.890637621283531	-10.957482755184174
-5.071437120437622	-1.106529951095581
-10.688521027565002	-10.647841036319733
-7.8357943296432495	-8.066628456115723
-10.790688246488571	-7.733615398406982
-11.273530349135399	-6.013225793838501
-6.1025941371917725	-1.5525705814361572
-7.178704619407654	-6.646074056625366
-10.622038096189499	-3.061675786972046
-4.0416340827941895	-4.227004051208496
-7.255780577659607	-4.245239496231079
-8.722784757614136	-5.3747992515563965
-4.693284273147583	-2.4393131732940674
-6.062374591827393	-6.6621047258377075
-9.733953773975372	-4.600233793258667
-5.577616453170776	-8.549099922180176
-11.720049239695072	-3.0063843727111816
-6.45039689540863	-4.406349420547485
-7.189574718475342	-3.7137651443481445
-7.236552357673645	-3.4642446041107178
-7.595425486564636	-3.7638158798217773
-5.053238868713379	-9.19781094789505
-5.424633979797363	-8.810567021369934
-9.951621115207672	-3.80564546585083
-8.230819702148438	-2.5241611003875732
-6.2342036962509155	-3.429957389831543
-10.905833065509796	-4.634764194488525
-9.038001894950867	-6.150232315063477
-9.153789103031158	-2.427557945251465
-6.139724850654602	-8.830269813537598
-8.799236297607422	-7.0624680519104
-7.8033024072647095	-2.4798030853271484
-9.014518082141876	-3.5016911029815674
-6.028903841972351	-4.159591913223267
-9.6823890209198	-1.444700002670288
-5.537808179855347	-9.250934958457947
-9.848597466945648	-2.5666558742523193
-9.22733849287033	-5.10304069519043
-8.770153641700745	-9.33597457408905
-10.231163799762726	-1.1153676509857178
-7.087448000907898	-3.489466667175293
-10.887794405221939	-4.362661600112915
-8.090384602546692	-3.3533084392547607
-11.778972677886486	-9.219404697418213
-7.990265607833862	-2.6871156692504883
-7.478878498077393	-7.534734606742859
-5.489661455154419	-6.305402755737305
-10.4729483127594	-2.976059675216675
-9.019613564014435	-10.490208506584167
-11.083512961864471	-11.794842347502708
-5.555118083953857	-7.692670226097107
-9.676088690757751	-9.034415066242218
-5.408222436904907	-6.241016864776611
-6.3681639432907104	-3.4289095401763916
-6.924871444702148	-0.8588883876800537
-8.006177186965942	-4.0116355419158936
-8.599483251571655	-8.005029201507568
-7.136979818344116	-1.754164695739746
-11.223454177379608	-9.121461868286133
-11.495349705219269	-2.5238699913024902
-10.303047895431519	-2.5402772426605225
-3.185838460922241	-4.02831244468689
-11.429302766919136	-6.880927920341492
-8.966872930526733	-6.831981897354126
-9.672500610351562	-7.142528057098389
-11.478464931249619	-1.0367803573608398
-10.241985976696014	-1.3383901119232178
-3.856023073196411	-3.1611971855163574
-10.996606349945068	-9.678988516330719
-9.403594315052032	-9.880311727523804
-9.28982824087143	-6.629623174667358
-9.667368650436401	-2.1741714477539062
-9.573897957801819	-8.484424352645874
-8.881536841392517	-0.7174544334411621
-8.73459792137146	-5.80085563659668
-5.438164472579956	-4.145584344863892
-8.4658784866333	-2.2953665256500244
-7.216286301612854	-1.1383545398712158
-11.995714769815095	-1.7189483642578125
-6.724514007568359	-9.737353384494781
-3.5955605506896973	-4.888973951339722
-4.126601457595825	-1.246708631515503
-10.903853416442871	-1.7859599590301514
-6.948470234870911	-8.621596813201904
-6.258662223815918	-5.292954683303833
-7.85737681388855	-0.9962310791015625
-5.3324689865112305	-4.502702951431274
-6.918321490287781	-9.422463834285736
-8.254950284957886	-8.662121057510376
-5.359630823135376	-2.617140769958496
-10.673210084438324	-1.240213394165039
-8.166118383407593	-10.96394357085228
-7.996600270271301	-2.621772050857544
-8.60038447380066	-5.700055360794067
-8.175715684890747	-5.006886005401611
-10.210639536380768	-6.166703581809998
-5.59521746635437	-6.581823706626892
-6.827611327171326	-9.200778722763062
-10.11546528339386	-8.072900533676147
-8.739822506904602	-5.117491006851196
-10.262972474098206	-1.4467978477478027
-9.28076183795929	-2.7357823848724365
-7.526257753372192	-1.198991060256958
-10.362385332584381	-9.613909006118774
-11.205847442150116	-2.128807783126831
-6.993200898170471	-8.612722277641296
-6.676298260688782	-9.736948907375336
-8.68765389919281	-0.41419529914855957
-8.848052144050598	-8.644673466682434
-8.970420241355896	-1.2061121463775635
-9.550263404846191	-4.706236124038696
-10.929622739553452	-10.125989735126495
-7.342892289161682	-2.367648124694824
-6.216527938842773	-4.979771375656128
-6.591511130332947	-7.411260008811951
-3.315234661102295	-9.436404705047607
-6.353335976600647	-2.1166841983795166
-5.277235507965088	-1.072598934173584
-11.128408759832382	-11.170982748270035
-7.743155837059021	-8.869707942008972
-11.614115417003632	-4.762658357620239
-5.06622576713562	-3.3052711486816406
-8.81615674495697	-8.260823249816895
-11.06421759724617	-2.529343843460083
-10.552356719970703	-10.95723769068718
-8.878528118133545	-3.47562575340271
-10.317989587783813	-4.440682411193848
-6.171226143836975	-1.2178723812103271
-8.148870348930359	-5.1862406730651855
-7.28403639793396	-10.190796196460724
-10.915605247020721	-5.7557995319366455
-9.393220245838165	-7.128221869468689
-7.876930832862854	-2.3677268028259277
-7.578673481941223	-1.3073036670684814
-6.651915907859802	-1.3870632648468018
-5.395963668823242	-3.3949649333953857
-4.098783016204834	-1.6592495441436768
-11.69724827259779	-2.7696776390075684
-9.534615576267242	-6.803051233291626
-8.340698003768921	-5.99386739730835
-11.731549948453903	-11.429281130433083
-5.942421197891235	-7.362464189529419
-8.773000001907349	-9.742470681667328
-10.114970862865448	-9.821766972541809
-11.213200271129608	-0.7150740623474121
-6.291128039360046	-2.8164796829223633
-8.163617134094238	-6.09987473487854
-11.558500304818153	-1.4393641948699951
-10.372328102588654	-1.526559591293335
-10.753458380699158	-6.09828507900238
-8.58799159526825	-1.7919838428497314
-5.255096197128296	-6.411604642868042
-6.443447113037109	-4.200149059295654
-8.561298608779907	-7.425481081008911
-5.766873121261597	-2.686295986175537
-3.0492031574249268	-9.857450544834137
-11.092289596796036	-6.806132555007935
-6.545260548591614	-6.7029043436050415
-9.06623125076294	-10.6843963265419
-5.797825813293457	-1.898564100265503
-4.127268075942993	-3.6611387729644775
-11.149547159671783	-0.9753484725952148
-4.788783073425293	-2.3715784549713135
-10.672203361988068	-2.843137264251709
-6.163764238357544	-2.872771739959717
-9.208108484745026	-8.721460103988647
-6.975351691246033	-4.066524982452393
-6.502107381820679	-6.814477443695068
-5.623500108718872	-1.6714317798614502
-8.700024962425232	-2.9694035053253174
-7.4338377714157104	-1.103649616241455
-7.972529053688049	-5.707895278930664
-10.914467543363571	-8.238053441047668
-7.585266709327698	-2.991333246231079
-7.660314917564392	-10.051388561725616
-5.78494119644165	-5.804842472076416
-6.1155009269714355	-10.513806849718094
-8.703206419944763	-6.352662563323975
-10.554466634988785	-9.258732676506042
-4.3654890060424805	-9.75610613822937
-7.952036619186401	-7.7240012884140015
-7.153635621070862	-1.338028907775879
-11.280020624399185	-3.5911402702331543
-6.636234641075134	-10.95689195394516
-7.994179844856262	-6.597936272621155
-3.754972457885742	-2.0051043033599854
-9.9629967212677	-7.944328308105469
-5.038978815078735	-4.550643682479858
-8.693684577941895	-8.848947644233704
-9.308683454990387	-3.5710537433624268
-9.561567842960358	-10.947769403457642
-9.760719001293182	-2.6143383979797363
-11.833583381026983	-5.991716623306274
-10.609120845794678	-6.2154189348220825
-10.30601942539215	-7.230100750923157
-7.401938796043396	-7.087196588516235
-4.7619946002960205	-3.5805845260620117
-7.213988900184631	-5.261991262435913
-7.134773254394531	-8.633241534233093
-9.508753716945648	-9.864141941070557
-7.810227870941162	-1.0011076927185059
-4.773106813430786	-8.660325407981873
-6.548393368721008	-10.83991277217865
-9.636014342308044	-6.4796669483184814
-4.848094940185547	-6.007227659225464
-8.771069526672363	-2.328474998474121
-11.815937899053097	-8.295200943946838
-11.906307365745306	-6.814303636550903
-8.027575850486755	-7.779216885566711
-9.467363119125366	-5.870438575744629
-11.37534798681736	-2.616124391555786
-4.428812026977539	-4.133699655532837
-6.4000314474105835	-2.562382221221924
-6.142897725105286	-5.503402233123779
-8.597396850585938	-10.72413745522499
-3.9287803173065186	-3.420067548751831
-5.157709836959839	-6.00784170627594
-11.024731546640396	-8.465244054794312
-7.15985906124115	-9.842494189739227
-4.483239412307739	-5.579707145690918
-4.232422828674316	-7.1979968547821045
-8.745118618011475	-6.075876832008362
-2.8652894496917725	-5.263044834136963
-8.997745513916016	-2.9528846740722656
-11.77327986806631	-7.966092109680176
-8.391443967819214	-5.857724905014038
-8.377153515815735	-2.242917537689209
-8.04640531539917	-4.364636421203613
-5.7284746170043945	-3.6718533039093018
-11.985822153277695	-1.5928387641906738
-6.644567370414734	-10.35524833202362
-4.006316900253296	-5.500012636184692
-8.442932724952698	-7.469749331474304
-10.786051243543625	-5.932087182998657
-4.2745184898376465	-4.055816888809204
-8.405540227890015	-6.133820056915283
-6.787574529647827	-6.259719014167786
-8.401644587516785	-9.948728263378143
-4.872807741165161	-8.143606066703796
-7.436015725135803	-3.1073548793792725
-4.614828586578369	-4.76805567741394
-10.861447781324387	-2.5783932209014893
-9.768584668636322	-10.756681859493256
-11.632571496069431	-2.972501277923584
-8.139339923858643	-8.590736389160156
-11.909788705408573	-9.74469530582428
-10.113982200622559	-9.38761568069458
-10.370395481586456	-3.674252986907959
-8.29964804649353	-1.2121775150299072
-10.86086618900299	-2.7840256690979004
-6.897220730781555	-9.699387073516846
-9.286584734916687	-2.8945677280426025
-6.313127875328064	-8.680990219116211
-8.790855288505554	-7.417932629585266
-11.32825492322445	-4.861765623092651
-7.908915638923645	-6.558359742164612
-5.684722423553467	-6.115721940994263
-6.313847064971924	-11.706431575119495
-10.660289525985718	-10.222683012485504
-7.469298720359802	-4.897370338439941
-6.679080605506897	-9.223116159439087
-8.538596391677856	-8.796136379241943
-6.542412757873535	-4.503765821456909
-9.945760130882263	-5.308263301849365
-10.617675125598907	-10.905641734600067
-6.1509668827056885	-9.621098577976227
-4.349456548690796	-2.913076400756836
-5.150988578796387	-3.0034468173980713
-8.519940733909607	-7.42329204082489
-3.931079864501953	-0.859987735748291
-7.860452055931091	-1.0223701000213623
-5.905685663223267	-4.382012128829956
-11.454724922776222	-5.259533643722534
-6.3282859325408936	-5.820550203323364
-9.673332810401917	-6.25254499912262
-7.395132422447205	-10.981812983751297
-5.771525859832764	-10.314740359783173
-10.942226260900497	-1.84934663772583
-5.7433483600616455	-4.008630037307739
-8.066283702850342	-7.8805307149887085
-6.942135572433472	-1.5881645679473877
-11.528481021523476	-7.110973119735718
-11.534914657473564	-1.6710340976715088
-10.038979232311249	-4.069737911224365
-7.43924868106842	-9.253186583518982
-10.039496004581451	-3.8863463401794434
-5.488863229751587	-5.266523838043213
-11.196427166461945	-3.7462148666381836
-6.563504934310913	-1.8149006366729736
-11.407312542200089	-5.21698522567749
-7.100669860839844	-1.7895140647888184
-10.98241075873375	-4.120425224304199
-11.490514039993286	-3.8211722373962402
-7.785529732704163	-1.0313243865966797
-8.752243280410767	-1.3349082469940186
-8.69117295742035	-5.959583759307861
-10.909262359142303	-9.331418752670288
-9.676446676254272	-7.758250594139099
-11.143508434295654	-6.978174090385437
-9.778479516506195	-3.671893358230591
-3.481926441192627	-1.2304651737213135
-4.954283237457275	-3.3013408184051514
-10.568077504634857	-9.931928873062134
-5.0829691886901855	-7.189801096916199
-8.677151083946228	-8.757904171943665
-5.496941328048706	-6.336660146713257
-6.852814078330994	-5.541996717453003
-9.706484377384186	-8.171761393547058
-9.822845757007599	-6.002236604690552
-10.54788064956665	-7.231509447097778
-10.380520284175873	-1.8610761165618896
-7.8639925718307495	-4.4221673011779785
-5.1459503173828125	-2.4519639015197754
-5.047636270523071	-0.8310778141021729
-4.558270454406738	-1.0110139846801758
-8.30129063129425	-2.812763214111328
-9.537098944187164	-7.647082686424255
-8.069586396217346	-1.3441035747528076
-5.169416427612305	-5.361438989639282
-3.479445219039917	-2.5768089294433594
-4.414132833480835	-3.8721392154693604
-6.030553936958313	-2.425828456878662
-11.64642146229744	-5.904589891433716
-10.769412338733673	-7.2126381397247314
-6.080161929130554	-1.8014044761657715
-10.111274242401123	-8.853094339370728
-10.584671437740326	-7.032614350318909
-9.747526824474335	-1.2161579132080078
-10.651611059904099	-6.025659441947937
-9.037607252597809	-1.084993600845337
-7.827068567276001	-7.60176157951355
-8.222695112228394	-2.0584537982940674
-9.233999490737915	-1.3222002983093262
-9.049476206302643	-5.609100580215454
-6.133281469345093	-7.156292080879211
-5.51742696762085	-11.91913921572268
-4.646717548370361	-8.725474119186401
-10.942596405744553	-3.338651418685913
-5.233461856842041	-6.909851431846619
-10.566699743270874	-10.983727186918259
-11.021724879741669	-6.176060914993286
-3.1843514442443848	-7.317080140113831
-4.46258282661438	-2.572760581970215
-10.006014347076416	-8.568786978721619
-11.519677475094795	-6.548943400382996
-10.82191613316536	-11.113614857196808
-9.287142097949982	-2.216878652572632
-3.9814631938934326	-2.311819553375244
-4.959608316421509	-2.233715772628784
-11.255543544888496	-1.3649840354919434
-3.3318371772766113	-10.250827968120575
-8.864319205284119	-1.766193151473999
-8.357983589172363	-5.917306423187256
-11.421302855014801	-5.497509956359863
-4.938716411590576	-5.304173469543457
-6.438749313354492	-8.718507528305054
-8.379833936691284	-1.3938288688659668
-8.469442248344421	-2.0213069915771484
-8.832464575767517	-6.055496335029602
-8.675626158714294	-7.253175258636475
-8.477327585220337	-1.9697191715240479
-9.307086646556854	-6.831032752990723
-9.514593064785004	-4.562719345092773
-5.185481071472168	-8.962905049324036
-10.80484852194786	-1.8700847625732422
-4.477470874786377	-5.617150783538818
-10.984801322221756	-6.625085949897766
-9.759528815746307	-1.3938453197479248
-11.153883576393127	-8.500269770622253
-6.956217527389526	-6.6751896142959595
-6.423672437667847	-10.106565535068512
-5.3656768798828125	-1.6610419750213623
-9.042421102523804	-3.0587761402130127
-7.4752349853515625	-7.971232652664185
-5.527145147323608	-4.4166176319122314
-9.631950795650482	-4.854095935821533
-4.390163898468018	-4.510379791259766
-11.321486011147499	-7.91552209854126
-5.461293697357178	-10.85061326622963
-7.951071739196777	-9.303660571575165
-10.63163548707962	-6.469350099563599
-10.13273012638092	-4.58643364906311
-11.354989752173424	-1.5666460990905762
-7.721015453338623	-2.232717990875244
-9.155403077602386	-5.74629807472229
-6.3947296142578125	-6.1340296268463135
-11.52853448688984	-11.503860980272293
-10.734532177448273	-7.148611664772034
-7.392693400382996	-1.4931120872497559
-3.054940938949585	-7.788766622543335
-9.188795328140259	-5.4193274974823
-8.954016208648682	-4.303260326385498
-9.08460384607315	-3.3449456691741943
-6.850519895553589	-1.4884865283966064
-11.307552114129066	-6.574103236198425
-8.361101746559143	-10.037333607673645
-9.5631542801857	-7.570200562477112
-8.714897274971008	-1.2341651916503906
-10.738027185201645	-8.522278547286987
-7.7887033224105835	-5.691131114959717
-10.571468532085419	-3.98292875289917
-9.547228395938873	-1.481464147567749
-8.993446469306946	-1.6584348678588867
-10.606914818286896	-8.776816606521606
-4.936491966247559	-0.33135151863098145
-10.50286915898323	-4.6395628452301025
-9.035690009593964	-3.9343185424804688
-8.272973656654358	-1.753178358078003
-6.269155025482178	-5.36209774017334
-9.755937695503235	-6.528813600540161
-8.235212445259094	-2.5061817169189453
-6.5187764167785645	-7.0123207569122314
-6.106121063232422	-3.1405727863311768
-7.9817622900009155	-5.940723180770874
-10.794486343860626	-2.0609450340270996
-5.680218458175659	-4.255612134933472
-11.714653864502907	-2.632935047149658
-6.303178310394287	-1.8241345882415771
-9.252767980098724	-7.495529294013977
-9.66800308227539	-2.556828260421753
-7.303861141204834	-9.898666799068451
-10.7775337100029	-11.464341223239899
-10.309517920017242	-1.0745065212249756
-8.942390441894531	-9.613254010677338
-11.507997840642929	-3.1947033405303955
-5.553295612335205	-6.812159299850464
-10.193555653095245	-6.834575414657593
-6.305950999259949	-4.69689416885376
-10.198766469955444	-2.116133451461792
-6.766810655593872	-5.3737077713012695
-11.480079755187035	-7.064667105674744
-9.696421086788177	-2.517254590988159
-5.755956172943115	-6.105402588844299
-6.063535094261169	-4.932789087295532
-7.458720088005066	-4.958811521530151
-10.493689477443695	-1.474858045578003
-7.174341201782227	-2.002065896987915
-6.476318120956421	-5.122972011566162
-5.452112674713135	-1.25235915184021
-9.271884262561798	-6.144783854484558
-10.125432550907135	-5.352423906326294
-9.064513027668	-1.9187943935394287
-7.608951687812805	-6.445474147796631
-6.4335232973098755	-9.46246862411499
-11.154139548540115	-3.8768463134765625
-10.413175463676453	-7.3000688552856445
-7.246330618858337	-5.508144378662109
-6.321868300437927	-2.0212783813476562
-10.67460286617279	-7.666763663291931
-9.139314651489258	-5.682734727859497
-5.887136220932007	-2.1083521842956543
-4.70743203163147	-9.465893983840942
-11.587005570530891	-7.263335824012756
-8.567096829414368	-5.683869123458862
-5.590466737747192	-4.637582302093506
-6.5630106925964355	-6.275208234786987
-6.457044839859009	-4.782988786697388
-8.73848569393158	-2.453279972076416
-6.45119047164917	-3.6087355613708496
-9.64447671175003	-3.857012987136841
-7.85826051235199	-8.611697673797607
-7.819678544998169	-4.092071771621704
-10.037792444229126	-7.670180082321167
-6.299735069274902	-1.4470853805541992
-2.6420323848724365	-6.8027966022491455
-5.821097373962402	-5.233023405075073
-11.097496211528778	-4.69914436340332
-8.925321578979492	-3.666170597076416
-5.066378116607666	-3.488646984100342
-8.062163829803467	-9.739849984645844
-6.465041756629944	-1.1653032302856445
-8.093926191329956	-7.799954652786255
-7.861576080322266	-9.404814541339874
-10.603536665439606	-2.387169599533081
-9.568362772464752	-6.3121479749679565
-7.9951043128967285	-1.2830307483673096
-6.528486013412476	-3.9697372913360596
-8.735255241394043	-6.337264895439148
-6.835834980010986	-1.319406509399414
-9.439941465854645	-1.1339020729064941
-8.542448043823242	-7.866253137588501
-10.063549160957336	-2.6449077129364014
-10.115087807178497	-6.3971686363220215
-9.48145079612732	-5.62200665473938
-7.410593748092651	-6.213923335075378
-7.582742214202881	-1.4563078880310059
-10.721015453338623	-9.250330209732056
-9.03458297252655	-1.5280888080596924
-7.741506099700928	-8.539032340049744
-6.020731687545776	-5.456076622009277
-11.561320647597313	-9.177893042564392
-9.991793990135193	-8.075448989868164
-11.796779684722424	-5.910236120223999
-10.699631720781326	-9.13225543498993
-3.8490965366363525	-1.623722791671753
-8.923036336898804	-9.740684151649475
-8.123350381851196	-2.329918384552002
-8.443482041358948	-3.1523923873901367
-5.25093412399292	-10.846674978733063
-11.617898091673851	-3.738286256790161
-8.178186535835266	-7.378074645996094
-10.133513331413269	-9.94095504283905
-10.839290589094162	-8.586466312408447
-8.364986300468445	-5.6211998462677
-4.947214365005493	-8.861973524093628
-9.379483580589294	-6.211465358734131
-6.059065103530884	-1.2520194053649902
-8.165703892707825	-6.111270546913147
-3.928718090057373	-0.8398611545562744
-9.475974440574646	-2.826117753982544
-9.027710974216461	-7.6975672245025635
-9.930432379245758	-11.721387170255184
-4.803029537200928	-11.335648030042648
-11.320133775472641	-1.1907970905303955
-6.774790406227112	-8.715721249580383
-11.140541911125183	-4.066951274871826
-11.930255390703678	-1.8043527603149414
-8.743991732597351	-5.420222997665405
-10.69604006409645	-4.521821022033691
-6.567080855369568	-6.599947929382324
-11.273892357945442	-4.549320459365845
-9.908913731575012	-7.695329189300537
-10.386253952980042	-6.566786527633667
-7.998278260231018	-6.591748952865601
-11.001647651195526	-5.85998797416687
-4.091973066329956	-6.488458871841431
-11.260885253548622	-2.117548942565918
-5.637667894363403	-2.948972225189209
-10.235049068927765	-7.252964615821838
-3.726191282272339	-8.883785605430603
-8.386391043663025	-3.383686065673828
-4.967966079711914	-1.8283002376556396
-11.968035542406142	-2.7033884525299072
-4.916485548019409	-5.823376893997192
-4.425526857376099	-11.847523916512728
-6.168625473976135	-1.9448676109313965
-6.515553832054138	-7.4910500049591064
-8.783285021781921	-1.395728588104248
-8.070010900497437	-1.1728463172912598
-11.537217915058136	-8.93455159664154
-6.750438809394836	-1.0801684856414795
-7.694283127784729	-3.2659006118774414
-8.122690916061401	-4.030441045761108
-5.716430425643921	-1.6938121318817139
-10.879757344722748	-2.756511926651001
-8.723746061325073	-8.535004734992981
-6.2424516677856445	-4.101572513580322
-9.399755001068115	-3.6210601329803467
-6.811681509017944	-5.902142286300659
-8.866475701332092	-4.798501253128052
-8.978613495826721	-3.6385066509246826
-11.55440340936184	-11.110469967126846
-8.062020063400269	-8.479564547538757
-8.740911841392517	-3.0512609481811523
-10.694807052612305	-5.829980134963989
-11.363281175494194	-2.7965877056121826
-6.252530336380005	-5.2876152992248535
-11.863900266587734	-0.5560619831085205
-8.200294017791748	-3.5900795459747314
-9.684504926204681	-7.881447672843933
-11.245243281126022	-1.6645252704620361
-7.791518568992615	-4.807447671890259
-7.60505211353302	-0.8785557746887207
-7.401047229766846	-5.151031494140625
-11.289456278085709	-6.921229720115662
-10.776544332504272	-10.413610696792603
-4.349591016769409	-6.74346399307251
-9.501985967159271	-3.951481819152832
-6.526226878166199	-1.3894293308258057
-6.346506714820862	-6.757802367210388
-9.090659379959106	-6.229141116142273
-6.268784523010254	-7.855383396148682
-4.924715280532837	-10.545382797718048
-11.44999435544014	-2.146531820297241
-7.559682726860046	-9.153784453868866
-8.162392973899841	-2.9027323722839355
-8.066689610481262	-6.101361393928528
-9.728125870227814	-8.852227091789246
-8.399498105049133	-2.575537919998169
-3.2722599506378174	-5.50468111038208
-7.455300807952881	-4.7564377784729
-8.705512404441833	-2.497446298599243
-10.440443694591522	-6.136438250541687
-6.9831154346466064	-6.075949788093567
-8.776264786720276	-4.7260730266571045
-11.125673532485962	-6.042740821838379
-7.864013671875	-2.643092393875122
-5.966301441192627	-9.174190878868103
-10.19245183467865	-10.082659184932709
-10.092864990234375	-4.822199106216431
-5.661825656890869	-6.3969486951828
-6.969249486923218	-11.582876533269882
-7.330195784568787	-5.624377727508545
-4.511213064193726	-5.82313084602356
-7.411351203918457	-4.6156697273254395
-10.505364149808884	-4.972766876220703
-11.909388296306133	-8.179994344711304
-11.744051702320576	-5.051161050796509
-7.502914309501648	-10.867496699094772
-5.156094789505005	-0.8613066673278809
-10.600758790969849	-3.0329954624176025
-6.953065395355225	-1.7669556140899658
-8.255673050880432	-7.987270474433899
-11.125405043363571	-7.238744258880615
-9.262252807617188	-3.872519016265869
-10.936378955841064	-9.164982497692108
-8.26512086391449	-9.671715795993805
-8.25502610206604	-10.480673253536224
-5.576793193817139	-8.32356083393097
-11.0575592815876	-1.6849865913391113
-4.924511432647705	-9.277424454689026
-7.949535369873047	-1.7198266983032227
-6.987354397773743	-6.324433207511902
-11.402267172932625	-8.223163604736328
-8.715846419334412	-5.909839868545532
-9.258132755756378	-6.204740524291992
-10.052354872226715	-6.979732632637024
-8.236759901046753	-4.409536600112915
-8.777018666267395	-6.492184996604919
-8.190903782844543	-4.477859973907471
-5.6891770362854	-0.8312716484069824
-5.210920572280884	-11.156712681055069
-9.545636415481567	-10.260801315307617
-3.9077961444854736	-7.157763361930847
-11.975304407067597	-9.53872525691986
-6.071351051330566	-7.470905900001526
-8.38867199420929	-2.7260191440582275
-4.10137152671814	-3.780182361602783
-10.809034198522568	-4.997373104095459
-8.86768662929535	-1.2008178234100342
-3.5228054523468018	-8.629896998405457
-11.152809262275696	-5.800718307495117
-9.179952263832092	-3.4385147094726562
-8.394961953163147	-8.28385591506958
-11.009114563465118	-2.4266324043273926
-4.475592613220215	-9.467291593551636
-8.08883786201477	-7.114644527435303
-10.649815142154694	-3.1063292026519775
-5.7950005531311035	-8.797589778900146
-9.01972210407257	-6.601705312728882
-7.614874362945557	-5.359005689620972
-11.78121929615736	-6.257396936416626
-7.580297470092773	-6.643264889717102
-9.325770378112793	-6.081372499465942
-7.367432355880737	-6.355754971504211
-10.309284746646881	-6.899779558181763
-5.037113428115845	-6.844160199165344
-6.5923590660095215	-6.52955174446106
-9.46254962682724	-10.387596845626831
-11.936663640663028	-9.257010161876678
-6.8694716691970825	-4.214155197143555
-11.850466288626194	-3.9254472255706787
-9.282824635505676	-6.657515287399292
-5.960216760635376	-6.061337471008301
-7.331874489784241	-3.54728364944458
-7.681502938270569	-4.454431056976318
-10.01229876279831	-6.4777525663375854
-6.196162819862366	-4.626128196716309
-6.811715483665466	-2.9908154010772705
-8.234919905662537	-8.878820300102234
-8.449026703834534	-7.384351372718811
-11.1119324862957	-0.6464195251464844
-5.634246110916138	-2.372925281524658
-8.59598958492279	-3.0821850299835205
-6.116432189941406	-7.863750100135803
-7.703901529312134	-8.21339213848114
-7.529820442199707	-3.4535858631134033
-5.55572247505188	-4.736250400543213
-9.070414960384369	-9.289256036281586
-4.984262466430664	-11.460628777742386
-9.111230671405792	-10.611475467681885
-10.479249715805054	-6.099957704544067
-10.121794402599335	-7.189744234085083
-4.972541570663452	-0.980414628982544
-8.746704697608948	-6.249228000640869
-9.85562789440155	-2.8076112270355225
-8.698890566825867	-2.9135398864746094
-5.627469062805176	-11.250969886779785
-11.701806530356407	-9.497404932975769
-8.315877199172974	-6.888052225112915
-5.105619192123413	-5.9361891746521
-4.6558685302734375	-0.9411885738372803
-5.523515224456787	-7.822808504104614
-4.885569334030151	-1.2163646221160889
-6.321258544921875	-1.7953855991363525
-11.828029621392488	-8.60036587715149
-11.414599791169167	-7.987004041671753
-6.483816146850586	-9.08687835931778
-3.976047992706299	-8.574907064437866
-8.543608903884888	-1.6426599025726318
-4.632320165634155	-10.350910663604736
-8.90156865119934	-6.007431507110596
-3.3465843200683594	-2.832552909851074
-7.362150192260742	-10.34212464094162
-8.11073899269104	-7.0804595947265625
-9.320103406906128	-1.275111436843872
-7.999601483345032	-9.119803011417389
-7.159703493118286	-9.55063784122467
-7.340632438659668	-10.160173952579498
-11.48919877409935	-3.4523327350616455
-4.091287136077881	-9.326164841651917
-11.91750961728394	-7.9043344259262085
-4.215636491775513	-8.563641786575317
-6.625363826751709	-6.7154213190078735
-8.710254907608032	-5.224494695663452
-3.9048593044281006	-2.2198054790496826
-9.299971282482147	-1.2295002937316895
-11.953103190287948	-4.293118715286255
-11.067463606595993	-8.914676785469055
-11.038668125867844	-1.3141028881072998
-8.20690369606018	-8.27224051952362
-6.554233431816101	-9.302250444889069
-10.594830483198166	-10.55525627732277
-10.856254309415817	-9.515408456325531
-4.6471710205078125	-4.463263750076294
-6.771904706954956	-5.494447946548462
-11.25909349322319	-9.049547910690308
-11.538210690021515	-4.86110258102417
-3.1286823749542236	-7.993170261383057
-6.179111123085022	-11.347451984882355
-7.93176805973053	-2.9357149600982666
-7.474034786224365	-2.83646821975708
-7.147952198982239	-3.3946609497070312
-8.420635342597961	-7.578172445297241
-8.490952134132385	-5.661929368972778
-5.826071262359619	-2.1456298828125
-8.317470788955688	-8.187888979911804
-5.951220989227295	-6.6912760734558105
-6.528305768966675	-10.154597640037537
-10.75549766421318	-11.607840478420258
-9.404230892658234	-6.5748127698898315
-10.684063106775284	-7.619515657424927
-6.173925876617432	-1.8367981910705566
-8.684601187705994	-11.2986249178648
-9.37295812368393	-1.4336986541748047
-6.878870487213135	-0.5875132083892822
-7.901535630226135	-2.65191650390625
-9.414600133895874	-3.475154399871826
-6.660082697868347	-2.821367025375366
-11.04010596871376	-5.37134313583374
-6.985450029373169	-7.6511911153793335
-9.22678005695343	-6.925786256790161
-5.817819356918335	-3.9079413414001465
-7.133952498435974	-3.374505043029785
-6.5617125034332275	-6.4272319078445435
-10.522634267807007	-8.966838955879211
-8.319913387298584	-11.353187441825867
-8.891965985298157	-6.487289786338806
-10.91254448890686	-1.947911024093628
-8.125624179840088	-9.152894139289856
-8.838685870170593	-6.853904485702515
-7.187349557876587	-4.584702014923096
-4.378572463989258	-7.445502877235413
-10.622207701206207	-8.731369256973267
-8.95717191696167	-3.924377918243408
-5.427571535110474	-4.9240193367004395
-5.401833772659302	-9.850046217441559
-11.946228062734008	-10.101637601852417
-7.278352975845337	-1.9635980129241943
-7.35655403137207	-4.861463785171509
-5.16955304145813	-2.5062832832336426
-7.179567217826843	-11.514363795518875
-7.776166319847107	-0.8723194599151611
-6.516213297843933	-6.68541955947876
-8.692487239837646	-3.789788246154785
-9.752225518226624	-8.2142972946167
-11.107093334197998	-4.259862184524536
-8.215925931930542	-3.818906307220459
-10.3633434176445	-1.8204996585845947
-9.276754260063171	-7.881659388542175
-6.3622108697891235	-6.707721590995789
-8.114953637123108	-3.653461217880249
-8.649253964424133	-7.879923105239868
-9.511550903320312	-5.3845460414886475
-9.446280777454376	-1.0814380645751953
-4.315827369689941	-1.4444754123687744
-10.130639255046844	-4.35541033744812
-8.71804690361023	-2.0960662364959717
-3.929715871810913	-2.825528383255005
-10.877399772405624	-3.5915744304656982
-7.7078211307525635	-8.32014012336731
-8.021991848945618	-9.813088417053223
-5.733881235122681	-8.596935510635376
-5.42840838432312	-6.432176828384399
-4.604429483413696	-4.088897466659546
-9.647193968296051	-5.8601953983306885
-9.41811454296112	-2.5697600841522217
-9.959825456142426	-7.772812128067017
-11.213019132614136	-2.652019500732422
-11.989501387579367	-3.1839301586151123
-9.045658886432648	-5.0761871337890625
-4.444772243499756	-3.169010639190674
-7.208509683609009	-8.69246256351471
-5.859332799911499	-6.419340491294861
-11.224590092897415	-7.727468848228455
-8.834539890289307	-7.99778151512146
-7.1425477266311646	-1.6951797008514404
-6.920404314994812	-9.072464525699615
-11.83471604436636	-4.646672487258911
-10.421185612678528	-10.563842833042145
-8.14389681816101	-3.069857597351074
-7.923278331756592	-4.351431369781494
-9.218393325805664	-0.9668762683868408
-11.076229691505432	-7.66488254070282
-10.217249751091003	-4.30795955657959
-8.811725735664368	-4.905275344848633
-11.46234878897667	-2.403773546218872
-5.2382426261901855	-0.3285355567932129
-6.109719157218933	-6.5227872133255005
-6.98642635345459	-1.2742445468902588
-4.790093421936035	-4.1237311363220215
-2.823169469833374	-8.18904161453247
-6.244187951087952	-6.623646855354309
-11.054426461458206	-7.792818188667297
-7.603344798088074	-10.196944177150726
-9.713097095489502	-9.225866317749023
-11.946154676377773	-2.1810243129730225
-8.646409392356873	-8.668917775154114
-11.29969011247158	-8.331751942634583
-11.745998561382294	-10.774967908859253
-11.483822599053383	-7.611976504325867
-8.819464802742004	-4.405503273010254
-7.3919126987457275	-11.235579818487167
-5.312025547027588	-7.884727120399475
-10.90630155801773	-6.660501480102539
-9.671796441078186	-8.79528558254242
-9.64160406589508	-7.586056351661682
-10.024438977241516	-2.2127959728240967
-10.875850707292557	-10.862322717905045
-7.898691773414612	-7.126163721084595
-7.309935808181763	-3.9604461193084717
-7.887750864028931	-4.4452292919158936
-7.861127614974976	-8.825482249259949
-9.709264934062958	-4.820216417312622
-9.743389785289764	-2.803251028060913
-7.970117926597595	-9.428900599479675
-9.623100936412811	-7.479414582252502
-6.627600431442261	-5.706471920013428
-10.65163967013359	-7.904418110847473
-4.181470155715942	-1.4219326972961426
-7.875197052955627	-6.576189637184143
-10.394913911819458	-5.178189039230347
-9.339191436767578	-3.943222761154175
-5.706172943115234	-0.9684934616088867
-9.31605327129364	-9.420121192932129
-10.583966821432114	-11.435332775115967
-9.563299834728241	-2.38311767578125
-8.465232968330383	-6.493401288986206
-11.631486810743809	-1.434455394744873
-4.922420024871826	-3.3097057342529297
-9.051603376865387	-4.115193843841553
-5.189935684204102	-1.9981498718261719
-3.7253315448760986	-9.440111517906189
-10.95883995294571	-0.7361655235290527
-7.371200680732727	-7.790911674499512
-11.15365943312645	-10.041775703430176
-10.105166137218475	-1.1120009422302246
-10.730478465557098	-1.5032086372375488
-8.145098090171814	-8.783462762832642
-8.6997731924057	-10.87022602558136
-10.381757318973541	-7.284691572189331
-10.39939284324646	-5.909526586532593
-6.240154266357422	-6.161561608314514
-11.487677469849586	-8.600032567977905
-10.67875725030899	-8.11371123790741
-8.997036695480347	-1.977752923965454
-8.725118279457092	-1.2879080772399902
-6.879028916358948	-6.7014734745025635
-2.7407355308532715	-8.288130640983582
-6.269230484962463	-1.264859676361084
-7.29389762878418	-7.978435277938843
-10.318411231040955	-8.883066415786743
-11.882251504808664	-2.7100560665130615
-9.871928572654724	-2.342437505722046
-8.95522427558899	-4.095475673675537
-10.766234636306763	-6.849175214767456
-5.437840461730957	-11.399210840463638
-6.7284064292907715	-2.5911362171173096
-6.3939478397369385	-7.571722626686096
-10.961224883794785	-9.081232130527496
-3.6810965538024902	-1.5777561664581299
-10.253813624382019	-6.6322760581970215
-8.707642078399658	-6.180657863616943
-11.144274115562439	-1.7060015201568604
-7.278243184089661	-7.590602159500122
-5.822037220001221	-3.742537021636963
-4.403934001922607	-6.234797358512878
-9.203968226909637	-2.2975423336029053
-6.390432000160217	-4.815896272659302
-6.130415439605713	-2.35880970954895
-9.595896184444427	-7.537053823471069
-6.147534012794495	-7.110472083091736
-7.810320496559143	-2.1185288429260254
-6.9696221351623535	-5.553866386413574
-7.281136751174927	-9.261216938495636
-6.472583055496216	-3.254626750946045
-11.41465911269188	-5.27446174621582
-5.389599323272705	-2.2640883922576904
-10.839605927467346	-1.9622218608856201
-9.556425154209137	-1.9126732349395752
-5.620251417160034	-9.90000718832016
-9.363723456859589	-6.335440635681152
-9.286835610866547	-1.8291049003601074
-7.956839561462402	-2.5035953521728516
-4.451280355453491	-9.86594831943512
-11.872429646551609	-4.340765476226807
-10.330161988735199	-7.175794959068298
-7.671178936958313	-1.0002708435058594
-6.745544672012329	-5.330815315246582
-11.098209589719772	-3.033282995223999
-5.9682347774505615	-4.773425102233887
-6.528186678886414	-1.0994696617126465
-10.507729232311249	-6.204095005989075
-9.693593144416809	-4.29439902305603
-8.851057291030884	-9.702503621578217
-10.74751415848732	-7.515717029571533
-7.533939242362976	-6.06234347820282
-10.084983587265015	-9.051556885242462
-5.605441331863403	-10.195504009723663
-4.6297266483306885	-8.384425520896912
-9.082466661930084	-5.311182975769043
-10.931150525808334	-6.279403567314148
-8.913655757904053	-7.242439270019531
-7.174327254295349	-9.028829634189606
-5.065278053283691	-1.1575169563293457
-6.981552958488464	-8.871988892555237
-10.037604689598083	-8.93437671661377
-7.679927945137024	-4.983436346054077
-5.470489025115967	-4.500698804855347
-8.438689470291138	-6.9309200048446655
-8.015624642372131	-10.88915365934372
-4.421680212020874	-8.757704973220825
-6.80567479133606	-3.15617036819458
-4.189112663269043	-3.7460274696350098
-8.531620860099792	-0.8899869918823242
-8.083936929702759	-4.135481357574463
-4.605440855026245	-1.6996707916259766
-7.88405978679657	-6.705673098564148
-6.76463770866394	-2.526916265487671
-9.50844669342041	-1.4898104667663574
-6.685849070549011	-3.6900501251220703
-9.804396450519562	-4.804285526275635
-8.306074619293213	-8.288096308708191
-10.258702576160431	-7.688650131225586
-8.308613777160645	-7.097370028495789
-8.116205334663391	-2.3443844318389893
-11.064576923847198	-3.2667760848999023
-11.167958557605743	-0.7723081111907959
-11.254211872816086	-9.929117739200592
-11.282995909452438	-0.9045431613922119
-7.622954964637756	-6.043272972106934
-8.643015503883362	-5.141319036483765
-6.916681408882141	-2.392157793045044
-6.797847747802734	-6.6218297481536865
-5.907882213592529	-4.4876954555511475
-9.247666597366333	-4.75113844871521
-7.3053141832351685	-5.446039438247681
-4.289214134216309	-5.91037917137146
-8.01758873462677	-6.781641125679016
-9.883312404155731	-6.824330449104309
-8.44386112689972	-10.008430480957031
-7.942410707473755	-4.9352710247039795
-8.430586338043213	-6.122331619262695
-10.144021689891815	-1.304807424545288
-8.655965209007263	-4.766791820526123
-7.139354467391968	-5.06618857383728
-6.008123517036438	-2.790553092956543
-8.126668453216553	-3.0911028385162354
-5.881446361541748	-2.049777030944824
-11.195159018039703	-1.1032962799072266
-6.454935550689697	-4.957245111465454
-10.428575098514557	-5.59688401222229
-11.186556816101074	-10.88991317152977
-10.99742317199707	-11.605538606643677
-7.120994567871094	-8.653196811676025
-8.282485485076904	-0.8268849849700928
-5.7179954051971436	-8.59791648387909
-9.90214490890503	-0.9381780624389648
-10.295178294181824	-8.674680233001709
-7.554390907287598	-7.516260266304016
-3.539912223815918	-1.1868481636047363
-5.958957195281982	-1.7055938243865967
-5.6256608963012695	-2.1256513595581055
-10.247584998607635	-6.78375506401062
-11.428250044584274	-6.050896883010864
-6.005430221557617	-8.74834942817688
-5.626625061035156	-5.985175609588623
-8.14202606678009	-10.062907218933105
-9.093994975090027	-8.396938562393188
-10.951226502656937	-7.538575887680054
-8.228556275367737	-1.845470666885376
-4.03509521484375	-2.2296338081359863
-7.54358446598053	-1.2778258323669434
-5.393455266952515	-7.644418001174927
-10.637006253004074	-2.053372621536255
-5.384281396865845	-1.0763740539550781
-8.073758125305176	-4.590413331985474
-9.360608518123627	-6.817205429077148
-9.184397578239441	-4.6662139892578125
-11.170641303062439	-0.8924574851989746
-10.210916519165039	-4.632217884063721
-8.312576651573181	-2.376347780227661
-7.849063396453857	-10.241050958633423
-10.589668929576874	-7.3019760847091675
-10.352465271949768	-5.3936755657196045
-8.70385730266571	-7.564644455909729
-6.672132611274719	-4.150610446929932
-7.3127700090408325	-9.048781156539917
-9.982367634773254	-4.896982669830322
-5.572629690170288	-4.834871292114258
-8.7186359167099	-6.913777470588684
-8.274621963500977	-3.8128716945648193
-5.9988133907318115	-7.938934564590454
-7.588889479637146	-10.604516297578812
-8.244352340698242	-8.564669251441956
-6.0409544706344604	-4.798983335494995
-9.853947758674622	-10.453525364398956
-7.650054931640625	-5.968663930892944
-6.368830919265747	-7.8298680782318115
-4.7317585945129395	-7.201464056968689
-8.814882159233093	-4.407339334487915
-8.492685556411743	-6.253250241279602
-9.521468460559845	-7.465954542160034
-10.182647824287415	-4.08507227897644
-5.862361907958984	-5.938233375549316
-9.768401026725769	-1.4117538928985596
-3.7718560695648193	-4.901646852493286
-11.07941597700119	-3.026111125946045
-8.294969916343689	-10.11175149679184
-11.015183597803116	-8.379573941230774
-10.913930922746658	-3.872192144393921
-7.249580025672913	-2.3832499980926514
-7.747964143753052	-6.360954523086548
-10.297820091247559	-1.9702856540679932
-5.427203178405762	-7.7274699211120605
-7.17669403553009	-0.7316522598266602
-7.340678930282593	-10.19598913192749
-3.0404863357543945	-2.364071846008301
-8.921449542045593	-7.13651704788208
-6.0016350746154785	-3.562816858291626
-11.969319451600313	-4.686611652374268
-6.287569642066956	-7.640425801277161
-10.57659700512886	-7.378843545913696
-6.20312762260437	-5.431240081787109
-11.39997598528862	-6.922730326652527
-9.484087586402893	-3.23915433883667
-9.818201065063477	-7.025906682014465
-7.483971476554871	-6.811729073524475
-10.371729254722595	-5.6657209396362305
-8.240326881408691	-4.393195867538452
-6.909738063812256	-10.79848426580429
-8.173413276672363	-6.523289322853088
-6.380330801010132	-4.282228946685791
-7.962621688842773	-8.083485960960388
-7.396935939788818	-0.8131420612335205
-4.5426177978515625	-2.2802038192749023
-10.10361635684967	-1.776266098022461
-10.884411334991455	-4.908676385879517
-9.294728815555573	-4.162485837936401
-10.118200421333313	-3.364938497543335
-11.498998403549194	-4.863300561904907
-6.333662152290344	-6.394860148429871
-9.17690223455429	-6.147177815437317
-4.059534072875977	-1.0545523166656494
-11.512865290045738	-3.3927927017211914
-7.4822022914886475	-1.8990862369537354
-6.132934212684631	-5.375545978546143
-10.598918080329895	-3.2137184143066406
-7.355882048606873	-6.88550341129303
-11.654092781245708	-10.24312162399292
-5.528405427932739	-3.5925750732421875
-8.08088207244873	-2.45003342628479
-9.64485615491867	-11.512881830334663
-8.983867406845093	-4.23996376991272
-6.262956619262695	-3.302227735519409
-5.4582438468933105	-5.560290813446045
-8.930803298950195	-9.545054018497467
-10.770775705575943	-5.883235931396484
-9.334683537483215	-3.108778953552246
-10.433522880077362	-10.163325011730194
-8.45036244392395	-7.403640031814575
-5.719282865524292	-8.500537633895874
-10.242445707321167	-9.646911263465881
-8.606923699378967	-2.6544241905212402
-5.148373603820801	-4.187138557434082
-11.685349211096764	-6.474916934967041
-3.965073823928833	-9.371250092983246
-11.760894075036049	-2.7024879455566406
-11.505901113152504	-1.6360716819763184
-3.6039233207702637	-5.989525079727173
-10.172752261161804	-8.314366936683655
-10.386682748794556	-10.943700671195984
-8.175350546836853	-1.7392737865447998
-2.729823589324951	-1.9444985389709473
-3.561338424682617	-2.3638079166412354
-9.90652745962143	-6.930967569351196
-9.916839838027954	-1.0166895389556885
-9.393255829811096	-7.01287579536438
-4.8281049728393555	-6.8344337940216064
-7.222663521766663	-4.693655490875244
-4.09741473197937	-9.181111872196198
-8.014407277107239	-7.774168968200684
-8.102189540863037	-10.528937816619873
-10.860751211643219	-5.581090450286865
-7.401069760322571	-4.512642860412598
-3.5478157997131348	-0.9940066337585449
-8.099672555923462	-6.602535009384155
-10.235566198825836	-2.240300416946411
-9.326924264431	-10.440814018249512
-7.520363688468933	-7.864476442337036
-10.123414993286133	-3.5029027462005615
-9.775577008724213	-6.557446360588074
-11.129983752965927	-2.3538615703582764
-9.357636272907257	-5.83357572555542
-6.6553380489349365	-7.001576542854309
-10.88999855518341	-8.233953952789307
-3.6428918838500977	-3.106698989868164
-9.69376266002655	-3.861445426940918
-8.055854558944702	-3.0113525390625
-8.17591381072998	-5.536308288574219
-9.004690289497375	-2.9566497802734375
-6.8864428997039795	-6.032248020172119
-4.555181980133057	-7.4906333684921265
-10.687294006347656	-3.4402005672454834
-8.768489956855774	-6.346721649169922
-7.89862847328186	-7.82456374168396
-9.001214683055878	-8.212594985961914
-7.972514033317566	-0.812138557434082
-5.767497539520264	-2.3128809928894043
-6.558587908744812	-5.370930433273315
-9.387323498725891	-0.923842191696167
-10.705043613910675	-6.364573359489441
-8.239166021347046	-9.910396456718445
-11.335688173770905	-8.705624341964722
-7.199288606643677	-10.412748277187347
-7.356815814971924	-7.079427480697632
-8.95820438861847	-9.989078521728516
-7.644988417625427	-6.187500715255737
-10.544117957353592	-7.301408529281616
-5.965925931930542	-1.5569021701812744
-10.505248010158539	-4.83073353767395
-10.171044945716858	-7.421934127807617
-9.26844835281372	-4.095696687698364
-4.619722366333008	-5.0465569496154785
-6.997645139694214	-1.9188573360443115
-6.899100422859192	-8.631275296211243
-8.74714207649231	-7.717279314994812
-10.849307745695114	-2.89701247215271
-6.92599618434906	-1.9426474571228027
-11.405350551009178	-8.086280822753906
-9.222585439682007	-5.66748833656311
-6.928959488868713	-10.825632959604263
-6.634537696838379	-2.0194952487945557
-9.63065242767334	-8.381057381629944
-7.129938840866089	-5.873257398605347
-8.892498135566711	-5.553445100784302
-8.691884636878967	-2.1061248779296875
-9.9693004488945	-8.379693746566772
-8.89029836654663	-4.797992706298828
-4.583688497543335	-2.101996421813965
-9.857455730438232	-6.898832559585571
-10.21248185634613	-2.953460454940796
-10.730296701192856	-9.97556608915329
-4.581690073013306	-4.988163471221924
-5.998539447784424	-8.128007769584656
-6.541527271270752	-8.843700528144836
-8.688046216964722	-8.819803476333618
-9.542515575885773	-5.971391201019287
-5.278439998626709	-6.21079158782959
-9.144081830978394	-4.5411787033081055
-11.228861421346664	-1.5813539028167725
-9.363583624362946	-8.689989566802979
-7.36075222492218	-2.503392219543457
-10.89741575717926	-9.9075728058815
-5.098199129104614	-2.6034135818481445
-8.504115343093872	-10.383127391338348
-4.257089138031006	-3.9299426078796387
-4.987275838851929	-6.466137886047363
-11.542204141616821	-4.345360279083252
-11.744510225951672	-3.6351871490478516
-5.026317358016968	-3.00553822517395
-5.328228235244751	-7.833452939987183
-10.499202489852905	-11.026518434286118
-9.868069052696228	-1.412651538848877
-9.930920720100403	-6.553686261177063
-8.782193541526794	-8.692668199539185
-11.3658547103405	-3.415489912033081
-7.92104709148407	-3.403430700302124
-5.913065671920776	-10.356769502162933
-9.24208116531372	-7.663310408592224
-8.993258714675903	-5.093711614608765
-4.932263374328613	-2.378004312515259
-9.092599153518677	-11.569629862904549
-11.211817502975464	-10.552447468042374
-6.135566353797913	-6.139939069747925
-11.800801679491997	-9.247327387332916
-7.121356844902039	-7.8554381132125854
-5.175732135772705	-3.329390287399292
-9.221648454666138	-2.2688512802124023
-3.08331298828125	-5.0780417919158936
-8.953138589859009	-9.231262743473053
-10.680780708789825	-2.1483757495880127
-7.683817505836487	-0.7394671440124512
-7.529630541801453	-2.8132317066192627
-5.0248939990997314	-5.826312303543091
-6.978702664375305	-7.996974349021912
-5.3464930057525635	-2.183303117752075
-7.899702072143555	-9.647798895835876
-4.482888221740723	-10.337921619415283
-9.835357367992401	-7.019422173500061
-7.690595984458923	-9.973272442817688
-7.760081648826599	-7.474400997161865
-7.1622501611709595	-4.64284086227417
-5.173614263534546	-1.2965748310089111
-11.32827141880989	-4.649874687194824
-10.93477874994278	-11.408254399895668
-3.37258243560791	-6.382243037223816
-8.281267762184143	-8.815201878547668
-8.485634565353394	-8.525316953659058
-4.388667583465576	-2.9683191776275635
-10.566752314567566	-7.966352820396423
-8.680765628814697	-1.8841910362243652
-7.283262848854065	-0.9662847518920898
-8.893182635307312	-6.055993437767029
-10.530872225761414	-1.4326214790344238
-6.794533610343933	-5.234830141067505
-10.280679523944855	-6.189154028892517
-10.094941556453705	-8.405430436134338
-8.564805150032043	-2.2317302227020264
-9.254020035266876	-2.4845802783966064
-5.6814658641815186	-2.717454671859741
-4.734417915344238	-1.0865535736083984
-6.73300302028656	-9.515123784542084
-8.09435498714447	-1.4087741374969482
-11.460812509059906	-8.198930025100708
-7.069002628326416	-9.148979723453522
-5.924346685409546	-6.960271954536438
-4.142497301101685	-3.246753215789795
-7.229650139808655	-7.570066452026367
-9.747956156730652	-0.9929838180541992
-6.306401252746582	-8.2670316696167
-8.621779203414917	-4.247737884521484
-11.520719736814499	-7.8867902755737305
-9.560947716236115	-7.849313378334045
-5.412930250167847	-1.641770839691162
-8.112399458885193	-7.487789511680603
-4.181185483932495	-5.1785008907318115
-11.819303411990404	-4.268418788909912
-9.818456053733826	-8.022904515266418
-10.516805917024612	-6.159061789512634
-8.27090048789978	-9.0050910115242
-4.394652843475342	-3.2436683177948
-8.254252552986145	-8.222877144813538
-11.179592996835709	-9.887491106987
-11.534111246466637	-11.748353272676468
-7.88522207736969	-4.668014287948608
-7.531523108482361	-3.60888934135437
-8.835533022880554	-6.849186658859253
-5.752152442932129	-5.0404393672943115
-10.481960713863373	-1.9137797355651855
-10.079817652702332	-6.361359000205994
-6.450562119483948	-3.944234848022461
-4.073443651199341	-6.999291300773621
-9.583897590637207	-5.190411329269409
-11.608727931976318	-4.33380389213562
-7.632234692573547	-1.414696455001831
-9.189307451248169	-4.4271605014801025
-5.6774067878723145	-9.691650688648224
-11.214664041996002	-7.064548015594482
-6.148070812225342	-8.55764615535736
-9.700521647930145	-6.867994666099548
-7.974716663360596	-6.387060642242432
-3.091749429702759	-10.192055583000183
-4.499657392501831	-4.864806890487671
-7.857125759124756	-1.7318294048309326
-8.819825649261475	-1.535973072052002
-10.756150156259537	-9.245605051517487
-11.124324828386307	-7.1804927587509155
-8.99173092842102	-7.023436546325684
-9.718177914619446	-3.084554672241211
-8.366235494613647	-5.204277276992798
-11.303641185164452	-10.412898480892181
-7.498993992805481	-8.243945002555847
-9.716700553894043	-5.591476678848267
-6.801741600036621	-7.086287498474121
-10.224767982959747	-10.377791404724121
-9.544808506965637	-10.40594494342804
-7.308478116989136	-5.1274495124816895
-11.639337725937366	-5.511455297470093
-11.165985077619553	-9.578998446464539
-7.0659520626068115	-9.262367606163025
-5.664690256118774	-3.737926483154297
-3.1673920154571533	-8.087744235992432
-11.376725524663925	-4.308976650238037
-4.937573432922363	-4.128134250640869
-4.142044544219971	-1.1624372005462646
-5.334943056106567	-1.8520195484161377
-7.903962850570679	-9.310806155204773
-11.137647181749344	-8.231595039367676
-3.95474910736084	-2.28640079498291
-10.20543748140335	-8.713358044624329
-9.290346801280975	-8.30107319355011
-6.671462059020996	-4.315671443939209
-11.680912747979164	-9.934282422065735
-7.324893951416016	-4.9584596157073975
-8.98646092414856	-11.041164726018906
-5.998129606246948	-9.101484060287476
-4.960836410522461	-8.05116319656372
-9.701068639755249	-1.6626126766204834
-4.1789445877075195	-1.6471531391143799
-9.866021990776062	-2.188403606414795
-10.048346757888794	-4.717520713806152
-6.974538087844849	-3.843754291534424
-10.487316191196442	-8.407346606254578
-10.389782845973969	-5.144747257232666
-7.7427978515625	-1.2771692276000977
-6.130523085594177	-11.179185211658478
-10.953043431043625	-4.064412832260132
-7.917818069458008	-1.0098681449890137
-8.059605360031128	-6.977901935577393
-6.35084867477417	-4.9543633460998535
-10.116786539554596	-10.127936840057373
-6.054799318313599	-6.460486650466919
-8.512791752815247	-4.881631135940552
-10.515937864780426	-2.7109150886535645
-6.908944845199585	-6.368814826011658
-5.868596792221069	-5.2943115234375
-9.228646337985992	-5.220607280731201
-5.8912975788116455	-5.207835674285889
-8.691018104553223	-4.600067853927612
-8.064233422279358	-6.686036825180054
-11.064967811107635	-1.823699712753296
-8.646852493286133	-0.9969577789306641
-8.385800242424011	-2.6500089168548584
-9.411057472229004	-3.5050742626190186
-8.243707537651062	-6.880571365356445
-6.580020546913147	-7.333852171897888
-4.5657877922058105	-2.2908618450164795
-6.316742420196533	-8.687267661094666
-9.624849915504456	-2.8485589027404785
-9.900885343551636	-1.0065293312072754
-6.686795353889465	-10.31462824344635
-9.839638888835907	-1.9277501106262207
-8.968924283981323	-10.723085045814514
-7.253621935844421	-5.845977544784546
-8.752943515777588	-2.588099956512451
-5.6063618659973145	-4.989108324050903
-10.48187381029129	-0.9304525852203369
-7.235994100570679	-7.375834107398987
-11.27156513929367	-1.0788753032684326
-10.664204746484756	-8.838986277580261
-10.296671748161316	-7.034103155136108
-6.554443001747131	-5.616922616958618
-10.092245757579803	-6.481050252914429
-8.945050477981567	-7.898342728614807
-8.526431679725647	-4.656932830810547
-9.879781007766724	-7.689775228500366
-5.935026168823242	-4.406460285186768
-7.053024172782898	-1.902139663696289
-10.369164884090424	-1.481513500213623
-5.839447975158691	-10.239071488380432
-8.2461576461792	-2.5541768074035645
-9.314501702785492	-1.582690715789795
-11.647630982100964	-2.30340313911438
-6.078158855438232	-8.227379322052002
-9.807683050632477	-6.825515270233154
-7.654814600944519	-0.9474005699157715
-7.830811142921448	-5.392549753189087
-8.960298299789429	-1.8856651782989502
-9.011827826499939	-5.6437389850616455
-9.949804723262787	-6.2072542905807495
-8.297687888145447	-2.1484415531158447
-7.385720729827881	-3.1786587238311768
-11.708331808447838	-10.8123419880867
-8.187582850456238	-5.527491331100464
-10.64339992403984	-6.012394309043884
-6.426562070846558	-5.457022190093994
-10.690680295228958	-7.469834089279175
-6.561242580413818	-3.298321008682251
-7.695136785507202	-6.612856507301331
-9.260076105594635	-9.631582975387573
-5.226919412612915	-9.535575985908508
-9.772527515888214	-5.629591226577759
-7.063974738121033	-6.114013910293579
-11.190253257751465	-9.816759645938873
-10.042182683944702	-4.1220152378082275
-10.354867994785309	-2.7328970432281494
-10.70554867386818	-9.5656578540802
-3.181386709213257	-10.270665049552917
-6.853891968727112	-1.5873470306396484
-8.151342630386353	-8.785273432731628
-11.11182153224945	-6.952028274536133
-11.475607842206955	-0.584805965423584
-7.673677325248718	-6.932269334793091
-11.876741655170918	-4.980149745941162
-8.232001304626465	-9.512027442455292
-9.833065509796143	-5.142690181732178
-8.889787316322327	-11.221564918756485
-10.874967098236084	-2.703657388687134
-4.965504884719849	-7.9029461145401
-9.213247418403625	-5.41979455947876
-10.124365210533142	-2.6789095401763916
-10.374901056289673	-1.8053076267242432
-10.670140206813812	-1.9807584285736084
-6.598021030426025	-1.8664240837097168
-9.67950564622879	-3.27974796295166
-4.14070200920105	-4.659019947052002
-11.855536457151175	-6.0536956787109375
-6.156148195266724	-1.7065258026123047
-8.497954487800598	-6.541351675987244
-10.156517386436462	-5.456196069717407
-6.618336796760559	-11.560827255249023
-5.684664487838745	-8.8543199300766
-7.4079694747924805	-5.113187313079834
-10.720590054988861	-7.8986324071884155
-5.129520893096924	-2.7275583744049072
-5.491940259933472	-3.6899821758270264
-8.026668548583984	-6.546453952789307
-9.8175630569458	-6.62759792804718
-8.042503237724304	-6.765944838523865
-8.487100481987	-9.10499221086502
-6.522325158119202	-3.667952299118042
-11.684182271361351	-6.669875621795654
-9.105972826480865	-1.0065944194793701
-8.513490915298462	-8.313926696777344
-10.43464457988739	-11.951025635004044
-11.629388093948364	-1.9725830554962158
-8.437822937965393	-3.25423264503479
-9.852885067462921	-3.752204418182373
-6.88107168674469	-2.3405864238739014
-11.00421416759491	-2.9761126041412354
-11.834766827523708	-7.196625351905823
-8.41457211971283	-4.8033342361450195
-7.253904461860657	-0.9791343212127686
-3.308544158935547	-6.60746705532074
-11.06828248500824	-2.5175249576568604
-10.081371009349823	-10.572735160589218
-3.938413381576538	-10.395442843437195
-5.813088655471802	-7.325378894805908
-6.016651511192322	-6.905404329299927
-11.961793589405715	-3.448368787765503
-10.611573278903961	-6.376487374305725
-10.41328364610672	-6.732706189155579
-8.307131052017212	-3.7408576011657715
-9.816321551799774	-4.961960077285767
-7.028656840324402	-0.949120044708252
-10.57656928896904	-2.4610061645507812
-7.676913857460022	-2.518620729446411
-9.211382031440735	-6.1334370374679565
-11.037166625261307	-8.569648504257202
-7.889465689659119	-1.082787036895752
-11.746531270444393	-6.701732397079468
-11.188423544168472	-11.939728623256087
-9.453330159187317	-1.6096515655517578
-11.556589856743813	-7.850891590118408
-11.642405837774277	-6.284185767173767
-7.583106279373169	-4.670881748199463
-7.413207650184631	-5.428958415985107
-5.030133962631226	-1.50667405128479
-10.164116263389587	-7.3982813358306885
-7.154277205467224	-1.6175572872161865
-11.746202677488327	-1.4513018131256104
-11.720354922115803	-1.7554821968078613
-7.724446177482605	-6.659111380577087
-7.705069541931152	-4.784256935119629
-8.127148747444153	-6.309405326843262
-9.626834571361542	-5.216078281402588
-6.405125856399536	-8.102060794830322
-9.674021601676941	-1.8736038208007812
-8.734504222869873	-6.849323987960815
-11.713942654430866	-4.452831745147705
-11.66693177819252	-2.466866970062256
-8.654945969581604	-3.9076080322265625
-6.426309585571289	-0.9505019187927246
-10.563711494207382	-2.0847959518432617
-6.804423809051514	-4.2050700187683105
-8.790338516235352	-2.619619131088257
-10.970611453056335	-7.04200279712677
-8.824227333068848	-1.0200448036193848
-5.888480186462402	-7.357497453689575
-6.76100492477417	-7.356825113296509
-6.232619762420654	-5.619157791137695
-4.124250411987305	-4.199306488037109
-10.643996804952621	-1.0224030017852783
-6.333472967147827	-3.0190107822418213
-9.068509697914124	-4.037780284881592
-8.440626740455627	-6.694933533668518
-8.231938004493713	-7.38481593132019
-6.170181155204773	-5.272399663925171
-7.840041518211365	-3.808363437652588
-5.072011470794678	-3.033442497253418
-10.758584886789322	-4.896562099456787
-10.119719624519348	-2.4925589561462402
-9.006880939006805	-2.6851000785827637
-10.232462882995605	-7.747340083122253
-6.40172266960144	-2.7340028285980225
-10.69006633758545	-3.035172700881958
-10.635108053684235	-6.815115809440613
-8.389517784118652	-1.845954179763794
-3.355645179748535	-4.998385190963745
-5.274468898773193	-6.773133873939514
-8.956823229789734	-9.281150937080383
-9.09982842206955	-5.167839288711548
-10.131996631622314	-5.468861818313599
-7.864946722984314	-1.8032927513122559
-9.130925595760345	-9.828929364681244
-4.718479156494141	-1.5944795608520508
-6.386495590209961	-1.4350941181182861
-6.75475001335144	-3.004589796066284
-6.6347397565841675	-9.329784214496613
-11.841765739023685	-7.377751350402832
-10.020314812660217	-11.033306926488876
-8.239903450012207	-4.583630561828613
-8.03889012336731	-1.7327656745910645
-7.301429629325867	-6.944687604904175
-10.327790021896362	-0.9293797016143799
-8.651751637458801	-2.6694095134735107
-7.38102114200592	-10.066890478134155
-9.504154086112976	-4.8995361328125
-11.05492615699768	-9.6326504945755
-11.325595915317535	-10.093815922737122
-10.262643098831177	-4.748528480529785
-11.56913110613823	-6.86402428150177
-8.473381519317627	-8.467535734176636
-10.480352818965912	-2.138239860534668
-10.06079363822937	-4.008597135543823
-9.060467183589935	-9.610220611095428
-4.323763132095337	-5.016602039337158
-9.213298916816711	-11.698563113808632
-10.887626588344574	-6.34620201587677
-9.387027740478516	-1.705479383468628
-11.583693623542786	-6.232709527015686
-5.827954530715942	-1.4782440662384033
-5.365569591522217	-8.447252869606018
-4.577183246612549	-3.112489700317383
-4.768401145935059	-1.5321249961853027
-6.933223128318787	-2.6072380542755127
-8.03660774230957	-3.9677317142486572
-10.491551399230957	-3.0864028930664062
-6.8818148374557495	-4.484288692474365
-4.280445098876953	-2.1757936477661133
-11.163551598787308	-6.8138744831085205
-8.87869656085968	-7.234440565109253
-9.072276055812836	-7.193036198616028
-9.307178914546967	-7.851039290428162
-9.628158688545227	-8.6148601770401
-11.487087965011597	-2.244161367416382
-7.879188537597656	-9.479405522346497
-4.390652418136597	-6.3983505964279175
-5.795483350753784	-7.32773745059967
-9.391183197498322	-2.1175453662872314
-7.157278060913086	-2.4960129261016846
-4.692990303039551	-4.486053943634033
-6.212453842163086	-1.2295231819152832
-10.72401487827301	-3.5043575763702393
-6.531690716743469	-8.91382920742035
-6.000570058822632	-4.426048278808594
-3.737316370010376	-8.253397107124329
-11.701664038002491	-7.765806555747986
-4.519040107727051	-3.095487356185913
-5.86577296257019	-4.80280065536499
-6.860940456390381	-3.7041685581207275
-8.180152416229248	-6.137784361839294
-10.38723635673523	-1.5555503368377686
-5.588188648223877	-3.6833982467651367
-10.980027168989182	-10.732140898704529
-6.919844269752502	-2.5368497371673584
-8.485162854194641	-6.61165452003479
-9.891003727912903	-9.23050743341446
-11.29610113799572	-7.633150935173035
-7.309703350067139	-7.218011856079102
-11.427341535687447	-9.363175213336945
-9.92941439151764	-1.263253927230835
-6.450381517410278	-5.907050371170044
-9.983679056167603	-6.253563165664673
-7.842280983924866	-6.1821513175964355
-9.67619651556015	-3.503291130065918
-9.10089111328125	-10.630222499370575
-6.1704429388046265	-8.324345111846924
-11.11376702785492	-5.786532640457153
-9.274550020694733	-9.63137286901474
-9.749702274799347	-4.776669502258301
-5.1921937465667725	-8.658194661140442
-9.697125613689423	-7.47382915019989
-10.795231640338898	-10.15063601732254
-7.9572179317474365	-2.3154144287109375
-11.148882687091827	-6.858628749847412
-10.948477774858475	-8.088332533836365
-11.711290709674358	-4.859496831893921
-9.824924290180206	-8.60703992843628
-11.225779920816422	-11.758207932114601
-5.974735736846924	-6.330298662185669
-11.734765335917473	-2.101012945175171
-7.664780974388123	-8.245759963989258
-8.61169159412384	-3.607546806335449
-8.209236860275269	-4.6969521045684814
-8.268478631973267	-5.302210092544556
-8.915753245353699	-1.8422126770019531
-11.32813847064972	-7.782895445823669
-6.684381723403931	-2.1893184185028076
-11.391381606459618	-5.3213889598846436
-3.9950673580169678	-9.211912751197815
-9.157709240913391	-2.6400561332702637
-10.470324397087097	-5.3570637702941895
-6.9204089641571045	-5.648223638534546
-5.375728368759155	-1.1673839092254639
-10.646747678518295	-6.876093149185181
-9.082581639289856	-5.1860268115997314
-2.658715009689331	-1.065763235092163
-4.475328683853149	-2.9475231170654297
-8.4443918466568	-8.30701231956482
-11.589272484183311	-4.694035291671753
-9.339361310005188	-7.026949167251587
-6.6079065799713135	-8.332834124565125
-3.562668800354004	-4.019670724868774
-9.492794036865234	-3.103034734725952
-6.539077520370483	-7.304476618766785
-11.076282262802124	-4.444427490234375
-11.214901328086853	-1.149322271347046
-10.578720778226852	-4.497684717178345
-6.658183693885803	-3.139331102371216
-8.034710884094238	-9.000774800777435
-11.536552906036377	-5.2216057777404785
-7.16555392742157	-1.1073110103607178
-6.896939992904663	-2.7241036891937256
-7.3216516971588135	-3.871084213256836
-10.376739621162415	-3.849029302597046
-5.384314298629761	-1.3605494499206543
-6.406148314476013	-6.664379239082336
-10.434234023094177	-2.8321738243103027
-11.487662672996521	-8.1728013753891
-9.81800401210785	-6.273961186408997
-11.447419255971909	-11.710046835243702
-8.221045017242432	-5.809998035430908
-4.9667487144470215	-4.718097925186157
-7.215753078460693	-6.146774053573608
-4.106566429138184	-7.634827494621277
-11.382035583257675	-1.267829418182373
-8.812100172042847	-4.4600443840026855
-5.147435903549194	-1.5192646980285645
-8.171285390853882	-5.0304272174835205
-5.654395580291748	-7.837728381156921
-7.916444420814514	-5.22137188911438
-10.074117243289948	-4.7925496101379395
-4.593629837036133	-1.354567050933838
-11.3856241106987	-3.8236098289489746
-6.264243006706238	-2.9063150882720947
-11.800343491137028	-8.641294598579407
-9.227438807487488	-9.839246928691864
-7.33508563041687	-9.90468156337738
-7.081467390060425	-1.0214946269989014
-8.234119892120361	-5.444105386734009
-7.845684885978699	-6.174554228782654
-8.586455583572388	-5.597586393356323
-6.209394335746765	-8.31803047657013
-9.507812440395355	-2.905240058898926
-9.413412094116211	-1.5401558876037598
-6.062025547027588	-11.51080995798111
-5.904103517532349	-6.813805103302002
-10.209811806678772	-3.2751173973083496
-9.497524917125702	-9.575094759464264
-9.375511229038239	-6.542438864707947
-10.600037008523941	-7.950163006782532
-11.196775406599045	-5.474290609359741
-9.041979432106018	-1.3203027248382568
-7.664437651634216	-11.065733581781387
-9.904712677001953	-3.4176371097564697
-9.610614895820618	-10.4727144241333
-11.150677531957626	-1.2845957279205322
-3.8156118392944336	-1.995417594909668
-7.759182929992676	-4.539368391036987
-9.013875246047974	-6.170864224433899
-4.773785591125488	-1.2166235446929932
-10.985926687717438	-6.554259538650513
-6.57148289680481	-1.6277103424072266
-7.653539657592773	-1.2643611431121826
-11.034202694892883	-2.6631317138671875
-9.81340205669403	-3.6070189476013184
-6.051823854446411	-3.4736294746398926
-6.175663232803345	-2.8986217975616455
-6.276649832725525	-11.757483512163162
-5.969497919082642	-6.423233985900879
-4.838854551315308	-3.276113748550415
-10.526062488555908	-3.77217435836792
-5.702421426773071	-6.01298189163208
-7.948635578155518	-1.6967403888702393
-6.715662360191345	-4.242676734924316
-11.791976518929005	-6.077544808387756
-10.762915760278702	-4.995680809020996
-8.653367042541504	-6.318187952041626
-6.573195934295654	-0.8978025913238525
-8.727039456367493	-5.235322952270508
-11.967581159435213	-11.174236088991165
-7.919405937194824	-8.11422872543335
-8.634478211402893	-3.969970464706421
-7.427165865898132	-10.483114778995514
-11.296964675188065	-3.551143169403076
-2.4474406242370605	-8.781240105628967
-2.92387318611145	-5.235808610916138
-7.854009747505188	-5.202784538269043
-11.315862357616425	-8.405736207962036
-9.223425507545471	-7.933021545410156
-9.75175005197525	-2.8343453407287598
-7.158710718154907	-8.771490097045898
-6.585866689682007	-1.0334672927856445
-8.434742331504822	-9.083854973316193
-7.615788817405701	-9.367911636829376
-9.873927891254425	-6.717585325241089
-6.079264998435974	-3.5830700397491455
-10.573399275541306	-6.933032155036926
-9.509457886219025	-6.951659917831421
-5.122964143753052	-5.487875461578369
-9.192539155483246	-8.331843852996826
-8.222684383392334	-9.2075936794281
-5.534872770309448	-3.589458703994751
-11.69397385418415	-7.551838159561157
-8.772005081176758	-2.312105655670166
-8.105373859405518	-8.038182020187378
-6.760558247566223	-11.972328043542802
-9.462902069091797	-8.821751475334167
-4.982401371002197	-1.315971851348877
-11.327803015708923	-4.040026903152466
-8.207385420799255	-3.980985403060913
-8.254394173622131	-4.763803482055664
-10.854909539222717	-3.2702293395996094
-10.498941242694855	-3.845174789428711
-10.46126389503479	-1.0866401195526123
-6.482162833213806	-8.260046482086182
-8.137016773223877	-9.087764203548431
-11.080715328454971	-7.468074560165405
-7.889750003814697	-9.180506765842438
-7.408910751342773	-10.301103830337524
-4.928800106048584	-7.366510033607483
-5.6917641162872314	-8.889899969100952
-11.482280641794205	-2.261275291442871
-7.371142029762268	-2.2255654335021973
-9.402192413806915	-10.517343252897263
-10.354263603687286	-2.326730489730835
-10.260523080825806	-6.993027091026306
-11.646093249320984	-3.5167629718780518
-10.69693922996521	-0.9618809223175049
-10.655450463294983	-0.837949275970459
-10.057137966156006	-1.7396986484527588
-8.501180648803711	-6.436284184455872
-7.122243762016296	-1.7951602935791016
-6.547915577888489	-5.3526105880737305
-7.163421034812927	-0.7672019004821777
-5.847809314727783	-3.4056200981140137
-8.90463387966156	-1.7378125190734863
-7.7819273471832275	-5.588363885879517
-7.3786633014678955	-7.447345733642578
-10.963832080364227	-5.173771619796753
-6.004693508148193	-4.751542568206787
-11.72281115502119	-0.8306379318237305
-9.347215354442596	-0.7217488288879395
-10.053279161453247	-5.457718133926392
-10.354665398597717	-8.76367735862732
-6.075175166130066	-3.7898354530334473
-5.838752031326294	-4.536880016326904
-5.931788206100464	-6.43539834022522
-6.189067125320435	-9.157174587249756
-11.178862363100052	-4.525428771972656
-11.870047274976969	-7.276057720184326
-5.386399984359741	-6.192984223365784
-8.065742254257202	-8.664849400520325
-6.151987552642822	-2.504390001296997
-10.6816885471344	-4.137913227081299
-8.077832579612732	-7.717899441719055
-5.37949275970459	-4.526783466339111
-6.493735671043396	-5.69896388053894
-9.156433761119843	-7.331085920333862
-8.300846457481384	-6.668158292770386
-4.235252380371094	-6.8725905418396
-5.929986476898193	-5.925036907196045
-4.998596906661987	-4.860081195831299
-3.6574745178222656	-3.2904117107391357
-8.57877767086029	-1.0022706985473633
-6.261743545532227	-1.7190971374511719
-8.99198842048645	-2.6728034019470215
-5.637600660324097	-8.46797525882721
-4.613601207733154	-2.7350549697875977
-10.008860886096954	-3.9022350311279297
-8.21914029121399	-7.866705536842346
-6.501527667045593	-7.252314448356628
-10.307861566543579	-4.2275848388671875
-11.507430508732796	-1.5222787857055664
-9.85005784034729	-7.207650661468506
-6.356279969215393	-2.3425068855285645
-6.521376729011536	-10.639204055070877
-4.021982431411743	-10.555022656917572
-11.233571738004684	-7.6652491092681885
-4.428897857666016	-1.3430213928222656
-3.6295166015625	-6.442985773086548
-5.1354453563690186	-9.213993966579437
-11.413306877017021	-9.989436686038971
-10.138809978961945	-6.565255880355835
-7.297944188117981	-1.4773457050323486
-9.184014201164246	-8.061591267585754
-10.537273585796356	-10.285685062408447
-7.585825681686401	-1.6121406555175781
-11.607821121811867	-7.160380125045776
-8.810175776481628	-7.85170841217041
-11.149285018444061	-3.4275519847869873
-2.0433568954467773	-5.1619791984558105
-7.7582902908325195	-6.802630662918091
-8.580612659454346	-11.098456710577011
-11.964801689609885	-4.1559062004089355
-7.660470128059387	-6.276689529418945
-8.3612380027771	-3.1939008235931396
-2.731309175491333	-2.5577595233917236
-7.680657505989075	-5.286502361297607
-11.244034051895142	-10.186914145946503
-4.087057113647461	-11.32014387845993
-5.409375429153442	-11.052262902259827
-11.514177337288857	-11.173684000968933
-8.154245138168335	-1.6509425640106201
-6.0937052965164185	-1.4471497535705566
-7.879751443862915	-1.7285642623901367
-6.704723954200745	-5.026453971862793
-9.602725446224213	-5.14306640625
-5.224232196807861	-4.187368869781494
-11.313767910003662	-6.813453197479248
-11.252147242426872	-10.597953915596008
-8.364155173301697	-3.0215048789978027
-8.868919730186462	-4.188661336898804
-8.35154414176941	-5.982516288757324
-10.285018801689148	-9.691656768321991
-5.880566596984863	-7.95143187046051
-4.021547555923462	-1.0022921562194824
-9.625031054019928	-10.539734959602356
-8.852766394615173	-4.42041277885437
-6.859249234199524	-10.00297611951828
-10.666001826524734	-4.682048320770264
-3.3189940452575684	-6.14233660697937
-9.126240313053131	-8.800572037696838
-8.835296630859375	-3.753592014312744
-5.139053821563721	-5.894572019577026
-11.193407267332077	-9.515790939331055
-6.480583906173706	-9.386378288269043
-6.565030574798584	-10.117589056491852
-9.084079384803772	-3.0027995109558105
-8.78237271308899	-2.3721020221710205
-9.315219283103943	-10.352054178714752
-6.191609144210815	-10.43550181388855
-8.55949866771698	-4.241780519485474
-7.2835729122161865	-10.696596801280975
-8.593681812286377	-1.6476774215698242
-6.411468029022217	-4.623695611953735
-8.36086356639862	-9.743067920207977
-7.41965389251709	-7.080196380615234
-9.04182118177414	-9.835701048374176
-8.201690912246704	-3.4245221614837646
-6.3590229749679565	-6.616857647895813
-11.319444671273232	-1.2851979732513428
-11.626944199204445	-2.8687734603881836
-9.998102903366089	-2.1866819858551025
-8.83118462562561	-8.888575673103333
-7.026845812797546	-4.4173078536987305
-9.848438680171967	-10.720172613859177
-10.107413113117218	-2.761059522628784
-9.900333523750305	-4.742482423782349
-9.516986846923828	-7.79697060585022
-9.883053123950958	-8.740657925605774
-6.143337965011597	-2.4984147548675537
-6.795089364051819	-7.323110461235046
-8.930973529815674	-9.082971274852753
-10.252776145935059	-1.209287166595459
-8.145552635192871	-1.9195268154144287
-5.841978549957275	-9.254704356193542
-9.161655843257904	-2.809412956237793
-9.321109592914581	-8.142785668373108
-7.8579933643341064	-6.052791237831116
-9.12887728214264	-7.898724675178528
-8.420410752296448	-1.3041207790374756
-10.074314832687378	-3.3851730823516846
-9.223580002784729	-0.9678189754486084
-8.010662913322449	-8.405562400817871
-6.494371175765991	-0.8128201961517334
-10.407038748264313	-10.48334151506424
-6.562866926193237	-3.271574020385742
-6.7790515422821045	-1.7771623134613037
-4.936520576477051	-5.701771259307861
-11.357286885380745	-3.696202039718628
-11.735834687948227	-7.785013318061829
-8.504647493362427	-0.7024741172790527
-8.86924946308136	-10.219342768192291
-8.712080955505371	-3.3282887935638428
-4.971337080001831	-6.289175033569336
-9.700177073478699	-8.376611709594727
-5.855232238769531	-4.773008823394775
-9.826294362545013	-11.696581542491913
-7.092363238334656	-7.633258581161499
-10.779023498296738	-6.308076739311218
-10.524806499481201	-2.705963373184204
-7.5032572746276855	-3.4475018978118896
-9.515953481197357	-8.673380970954895
-4.389996528625488	-10.007088482379913
-4.969518184661865	-6.442200064659119
-9.284673929214478	-6.446637511253357
-4.101643323898315	-9.711184322834015
-8.252824544906616	-8.27140188217163
-11.412673205137253	-9.374373614788055
-7.67664635181427	-10.139069616794586
-5.638938903808594	-7.957829117774963
-10.647721588611603	-1.133195400238037
-9.881480991840363	-4.246320962905884
-7.911420822143555	-9.51429033279419
-4.363224506378174	-6.796601414680481
-8.231026411056519	-3.040999174118042
-5.186586856842041	-5.740817070007324
-7.554006099700928	-3.668240547180176
-7.782002091407776	-1.2158703804016113
-11.874103009700775	-3.0335254669189453
-11.74277414381504	-7.101222395896912
-6.448753237724304	-1.4495244026184082
-10.370763123035431	-6.91192352771759
-6.826954007148743	-2.242049217224121
-9.766889870166779	-4.154632329940796
-11.248576194047928	-11.96322863548994
-4.673627614974976	-2.963766574859619
-5.726703643798828	-0.9433450698852539
-9.944514155387878	-0.905597448348999
-11.082098364830017	-2.947875738143921
-8.977415442466736	-8.105425357818604
-9.783130645751953	-1.055924892425537
-11.524583503603935	-1.962806224822998
-9.518027186393738	-2.2650654315948486
-11.143213927745819	-1.1353776454925537
-7.795014381408691	-9.673759281635284
-11.678749568760395	-8.462256789207458
-6.379845857620239	-7.679470896720886
-7.1149595975875854	-8.649938464164734
-6.124767065048218	-9.1497141122818
-5.799790620803833	-2.031374216079712
-7.1661200523376465	-8.241333603858948
-8.825146436691284	-9.451496243476868
-8.378621935844421	-6.484059691429138
-4.346014738082886	-5.62872576713562
-9.710443496704102	-7.641597390174866
-7.148918509483337	-1.2126080989837646
-5.791519403457642	-8.691839933395386
-5.8996617794036865	-2.7234578132629395
-7.05461847782135	-1.0847218036651611
-8.09532380104065	-10.813544422388077
-11.317528456449509	-2.2092103958129883
-8.223982572555542	-9.190310776233673
-5.056615591049194	-1.671602725982666
-7.015472888946533	-7.0360482931137085
-7.143317341804504	-1.053208351135254
-7.8342225551605225	-0.9836697578430176
-10.333219528198242	-4.529291868209839
-9.289053976535797	-9.932980298995972
-7.906153678894043	-7.542981863021851
-8.722866654396057	-6.1857322454452515
-9.738075077533722	-10.189116418361664
-11.28310064971447	-9.07424122095108
-7.55691933631897	-4.870858669281006
-6.599125027656555	-8.458524584770203
-4.175713062286377	-8.768495678901672
-8.725810647010803	-1.4247794151306152
-8.069759130477905	-10.878068625926971
-8.270749568939209	-7.992409586906433
-6.658737659454346	-0.7646212577819824
-7.688349723815918	-4.437605381011963
-9.121890485286713	-1.8235065937042236
-9.016038537025452	-6.062354207038879
-10.257734298706055	-9.342966735363007
-7.88087010383606	-7.364315629005432
-7.49470317363739	-5.030276298522949
-10.406491577625275	-8.544984340667725
-5.063323974609375	-1.5001723766326904
-4.240320682525635	-3.23384428024292
-11.401171088218689	-5.688637733459473
-9.26475441455841	-4.579835414886475
-6.550850987434387	-6.6709288358688354
-5.482797861099243	-0.9078490734100342
-7.175119400024414	-10.429210782051086
-8.037054061889648	-7.6215187311172485
-9.469406425952911	-2.606137275695801
-10.374271094799042	-4.8544228076934814
-6.693787693977356	-6.185783743858337
-6.977545738220215	-4.6473634243011475
-6.998556733131409	-4.421538591384888
-9.784924328327179	-3.0836055278778076
-10.024806439876556	-8.294412732124329
-11.34948393702507	-0.6611716747283936
-6.783833026885986	-5.653435707092285
-9.720302402973175	-7.500340104103088
-4.958285093307495	-8.69807767868042
-10.357693433761597	-6.2487441301345825
-10.418066561222076	-9.101753890514374
-5.083243131637573	-1.002699851989746
-8.993547677993774	-10.358748257160187
-7.488524079322815	-9.134591460227966
-10.447583734989166	-11.158229112625122
-7.796126961708069	-7.334617495536804
-8.84396767616272	-9.81287705898285
-10.217957139015198	-11.373366460204124
-9.42080444097519	-5.7993879318237305
-3.210986852645874	-2.031691789627075
-9.729352712631226	-6.861265540122986
-11.166900426149368	-11.084801942110062
-10.175189137458801	-1.8332412242889404
-10.899031609296799	-4.506193399429321
-8.249150276184082	-5.968709707260132
-5.685602903366089	-1.3090581893920898
-6.112254738807678	-11.726685583591461
-5.942898273468018	-8.907936215400696
-5.428489923477173	-2.05702543258667
-8.959125995635986	-10.243751585483551
-10.83653837442398	-2.7335643768310547
-7.560074329376221	-3.7238738536834717
-4.805274724960327	-2.2144017219543457
-5.716969728469849	-4.048057794570923
-5.4238121509552	-3.3039608001708984
-7.106248140335083	-1.2744605541229248
-9.501107454299927	-4.586296319961548
-9.1173614859581	-9.49850732088089
-11.443181589245796	-6.6052329540252686
-10.077642917633057	-2.8993477821350098
-9.391014754772186	-11.05269393324852
-8.44578731060028	-8.646742343902588
-11.816584780812263	-11.92575839906931
-8.298744678497314	-10.71706348657608
-11.442154660820961	-8.385330319404602
-9.540882289409637	-7.744079232215881
-10.412787079811096	-4.290542364120483
-4.608705282211304	-5.407501459121704
-7.73549222946167	-9.658461928367615
-5.81201434135437	-7.582363486289978
-10.924938976764679	-6.913365840911865
-7.52472460269928	-7.25703763961792
-8.292416095733643	-6.3824615478515625
-7.114062309265137	-1.3216438293457031
-8.551600098609924	-8.97295331954956
-11.067234098911285	-9.281540930271149
-10.049265325069427	-5.9735541343688965
-11.370639503002167	-6.413243293762207
-6.085874676704407	-7.326679229736328
-8.002958178520203	-6.222634792327881
-11.594403997063637	-5.486588716506958
-10.00835520029068	-6.787767648696899
-9.593559443950653	-1.9236152172088623
-7.742761731147766	-7.757863998413086
-11.310031950473785	-6.643206238746643
-4.469277620315552	-4.385680675506592
-7.266209006309509	-8.866247177124023
-9.623354315757751	-2.5947418212890625
-7.038339614868164	-8.823383331298828
-6.752270221710205	-5.527748107910156
-11.788494385778904	-4.932289123535156
-7.547037363052368	-7.499937415122986
-11.928848516196012	-9.33985322713852
-9.793785810470581	-4.795364141464233
-10.535874903202057	-9.207868695259094
-5.917036771774292	-7.196778416633606
-6.746110439300537	-6.078335165977478
-10.946676135063171	-8.174517273902893
-2.075162172317505	-7.171210169792175
-7.105892300605774	-6.017574191093445
-9.505826890468597	-8.430043816566467
-4.875585079193115	-5.290364027023315
-11.040477633476257	-2.2767555713653564
-11.548719719052315	-5.879216194152832
-10.616911679506302	-6.73194944858551
-7.149502158164978	-5.867340803146362
-10.546495378017426	-9.869548738002777
-8.974116683006287	-7.592103123664856
-7.844769358634949	-7.292776107788086
-9.499090254306793	-7.751115202903748
-5.265779256820679	-9.528028786182404
-9.254647672176361	-8.609410285949707
-11.878883454948664	-7.005450367927551
-8.411015152931213	-3.615654945373535
-7.962309122085571	-5.801312685012817
-8.553458333015442	-9.389895379543304
-6.060986280441284	-1.2951006889343262
-8.587702989578247	-1.4321322441101074
-11.503490790724754	-10.557226717472076
-11.679233126342297	-7.112534880638123
-6.582340836524963	-2.684738874435425
-10.09512323141098	-3.1574292182922363
-7.280304193496704	-6.36439847946167
-11.490644127130508	-7.971123933792114
-11.904706612229347	-10.698955178260803
-10.06587427854538	-2.8655998706817627
-9.856181144714355	-7.664339303970337
-6.484826445579529	-7.799427509307861
-5.524972200393677	-6.189456939697266
-9.777918577194214	-1.7194654941558838
-2.5713493824005127	-2.3187668323516846
-9.585831105709076	-11.173413723707199
-8.563037037849426	-4.32887864112854
-4.787127256393433	-11.487365394830704
-4.719460487365723	-1.8616111278533936
-11.30520236492157	-4.248459577560425
-3.584428310394287	-2.969818353652954
-7.121102213859558	-7.879345893859863
-8.011502623558044	-1.6300628185272217
-9.49085158109665	-2.8143560886383057
-5.658796548843384	-2.3570680618286133
-11.717811048030853	-8.937558889389038
-6.129238486289978	-7.9319844245910645
-7.113842725753784	-10.799523174762726
-6.326756000518799	-6.009101629257202
-10.910994172096252	-8.676793813705444
-9.148562014102936	-5.711141109466553
-10.787698924541473	-1.5654308795928955
-7.325753688812256	-2.5930516719818115
-8.235835433006287	-7.109092712402344
-4.866783142089844	-3.192716360092163
-11.877680137753487	-8.776335954666138
-9.787893533706665	-7.370199680328369
-11.661227904260159	-5.682946443557739
-8.463340401649475	-6.5316081047058105
-8.044755935668945	-3.712434768676758
-6.873471021652222	-7.048158288002014
-9.122563183307648	-7.450517892837524
-9.688605666160583	-5.541846513748169
-8.226466298103333	-3.227344036102295
-5.280000686645508	-1.2703464031219482
-7.286029815673828	-5.380602836608887
-4.830138444900513	-3.781106472015381
-9.721339523792267	-3.0854265689849854
-6.256137728691101	-6.341871500015259
-8.40801215171814	-2.64279842376709
-9.112910985946655	-8.888335347175598
-7.609875440597534	-2.5991785526275635
-6.573318600654602	-0.7617437839508057
-11.224759429693222	-1.8675856590270996
-4.94037938117981	-5.6390275955200195
-3.628828525543213	-1.077890396118164
-7.295307755470276	-5.593433618545532
-11.066728949546814	-7.063395738601685
-8.356816291809082	-3.10613751411438
-6.287944436073303	-5.6061787605285645
-4.363581418991089	-3.056840658187866
-10.529399514198303	-7.212049126625061
-9.71328055858612	-3.0540904998779297
-4.345327377319336	-2.4366352558135986
-4.551422595977783	-1.1460821628570557
-5.527602195739746	-8.422465324401855
-5.508240222930908	-9.347076952457428
-7.556256294250488	-9.472270667552948
-7.216925382614136	-5.968761920928955
-8.35985541343689	-3.4628169536590576
-9.515739798545837	-7.440240740776062
-10.976865023374557	-6.588488817214966
-10.966137707233429	-7.710427165031433
-4.556502342224121	-1.0611512660980225
-9.620755076408386	-1.5839216709136963
-9.95063978433609	-7.77166485786438
-4.141663312911987	-3.872554063796997
-8.867628693580627	-8.101115584373474
-10.615129709243774	-11.322677940130234
-10.710998296737671	-8.081698536872864
-6.495966196060181	-5.172243118286133
-5.285378694534302	-7.729706525802612
-11.471116349101067	-1.7719295024871826
-7.85002326965332	-9.398441433906555
-8.048467755317688	-5.121010065078735
-10.215030670166016	-6.774580121040344
-6.718629598617554	-8.738738894462585
-6.163361191749573	-1.192106008529663
-7.929150223731995	-4.492049932479858
-8.802035093307495	-3.2485556602478027
-8.186155915260315	-8.444389343261719
-9.838398098945618	-4.298300743103027
-6.739334464073181	-7.454774737358093
-9.762722432613373	-11.059843808412552
-6.3573256731033325	-8.04952597618103
-8.090126752853394	-7.304917216300964
-3.895930051803589	-7.5796966552734375
-11.23928913474083	-5.371290922164917
-8.955798268318176	-9.030529797077179
-10.94551357626915	-2.301023483276367
-8.530561566352844	-6.984976887702942
-9.41370302438736	-7.693135499954224
-6.470004200935364	-2.176849365234375
-5.6124794483184814	-8.99906301498413
-9.47012186050415	-7.357646226882935
-7.4805368185043335	-8.851440668106079
-8.88406240940094	-2.696368932723999
-11.740667760372162	-3.971470355987549
-10.177739024162292	-9.086767137050629
-9.009610891342163	-0.8812079429626465
-10.401102483272552	-5.687443256378174
-9.349554598331451	-1.7893774509429932
-5.26727557182312	-7.137413263320923
-10.72494649887085	-9.999053299427032
-2.305171251296997	-8.323912024497986
-6.106452584266663	-5.569692134857178
-6.902565121650696	-1.8983895778656006
-5.334177017211914	-3.7919204235076904
-11.460958242416382	-3.476062774658203
-4.34821343421936	-3.765441656112671
-10.620069801807404	-7.185365796089172
-10.609091699123383	-9.415522813796997
-11.489312723279	-6.477953910827637
-11.152089893817902	-0.9194791316986084
-8.327423572540283	-8.119979739189148
-4.9141645431518555	-8.906442761421204
-8.112704515457153	-2.9832687377929688
-4.565223455429077	-1.8598980903625488
-7.663323283195496	-1.9013285636901855
-7.642287611961365	-3.0933544635772705
-5.694087266921997	-6.54469621181488
-7.282890558242798	-3.8128244876861572
-3.61799955368042	-6.188131213188171
-4.69022798538208	-6.177882671356201
-8.326582431793213	-2.938575267791748
-11.183958381414413	-2.9635426998138428
-10.947988271713257	-2.3683483600616455
-7.4331443309783936	-6.234000205993652
-7.293843626976013	-6.403712153434753
-9.03716379404068	-3.456878185272217
-11.593866840004921	-5.848023176193237
-6.532328009605408	-6.695030093193054
-3.3306548595428467	-1.7151095867156982
-8.957220554351807	-9.520390391349792
-11.374444350600243	-11.945080434903502
-7.939935564994812	-4.953595876693726
-8.474213004112244	-3.350741386413574
-4.278727769851685	-1.2933168411254883
-8.118940830230713	-2.3431241512298584
-9.502704083919525	-7.1797767877578735
-10.370916187763214	-7.856538891792297
-10.72840502858162	-6.7806748151779175
-10.636395692825317	-5.275640487670898
-11.497828558087349	-5.465804815292358
-9.72099244594574	-8.043185234069824
-7.709184765815735	-0.8442893028259277
-9.457505822181702	-7.610882520675659
-8.05711305141449	-7.735485792160034
-7.410820841789246	-6.202721357345581
-9.424296140670776	-2.1902003288269043
-8.129753351211548	-6.756888270378113
-9.244525730609894	-6.694796204566956
-10.269723773002625	-8.481432437896729
-8.079068541526794	-10.703275233507156
-6.5514103174209595	-6.005885481834412
-9.109827160835266	-2.976043939590454
-11.17032676935196	-6.802342057228088
-10.808565974235535	-0.9780449867248535
-3.6024856567382812	-7.277713894844055
-7.3607529401779175	-7.733557820320129
-7.814397096633911	-4.448103189468384
-5.075477600097656	-1.3021659851074219
-11.35094752907753	-3.7888355255126953
-8.27580463886261	-4.7432591915130615
-7.963591933250427	-4.2685160636901855
-7.198491096496582	-2.0568387508392334
-10.881222635507584	-7.253100156784058
-6.495244860649109	-2.6343870162963867
-10.120013236999512	-9.448830664157867
-11.446705386042595	-10.120359241962433
-5.929855585098267	-6.439558625221252
-5.711846351623535	-9.49439424276352
-10.069581806659698	-1.2648754119873047
-6.757139325141907	-5.922414779663086
-10.553042560815811	-5.9375159740448
-6.807245850563049	-6.113825082778931
-7.054328441619873	-9.041279554367065
-5.765607118606567	-5.738781452178955
-10.10462361574173	-5.105725049972534
-8.568553805351257	-9.474924802780151
-9.169835865497589	-7.173733234405518
-8.879294514656067	-9.669581830501556
-11.368896692991257	-10.248121798038483
-8.405510902404785	-6.589303493499756
-8.919412851333618	-0.9340825080871582
-8.140736818313599	-9.449477970600128
-8.284305810928345	-5.297101736068726
-4.699354648590088	-5.578667879104614
-7.0711973905563354	-4.005208253860474
-11.596318110823631	-2.4166696071624756
-7.404795169830322	-9.581176042556763
-8.057255029678345	-4.251108884811401
-9.80438768863678	-6.886298775672913
-6.6794350147247314	-4.674468755722046
-9.043288350105286	-4.68673038482666
-5.162125825881958	-3.137291193008423
-3.1426033973693848	-1.0808072090148926
-5.618524074554443	-5.5965893268585205
-9.029954731464386	-8.110976457595825
-10.244324862957	-3.6208956241607666
-8.881299018859863	-6.790175199508667
-10.294395446777344	-6.97194242477417
-9.121710777282715	-5.498557806015015
-9.25583428144455	-5.696435451507568
-8.653843760490417	-3.0270516872406006
-10.114173889160156	-3.5146565437316895
-9.943205773830414	-6.950819492340088
-9.201448559761047	-5.216480255126953
-6.3964455127716064	-8.249075531959534
-5.803542852401733	-5.568869590759277
-8.875290155410767	-11.53424759209156
-7.662672400474548	-8.88868510723114
-7.520183086395264	-8.264238595962524
-7.455463171005249	-6.324924945831299
-6.884135484695435	-9.588373124599457
-8.783327221870422	-10.06368863582611
-5.683990716934204	-1.255143642425537
-9.877723932266235	-4.102871417999268
-7.678179860115051	-9.615390837192535
-10.02475368976593	-3.641467809677124
-8.792167782783508	-1.593109130859375
-11.206370651721954	-11.346144005656242
-4.172415733337402	-3.4592642784118652
-9.35875529050827	-4.8556365966796875
-5.521857976913452	-7.086011052131653
-9.894702315330505	-2.1552586555480957
-10.49822062253952	-8.012159943580627
-8.096223950386047	-2.494274139404297
-6.042717218399048	-4.8160178661346436
-7.367642641067505	-9.45848697423935
-7.534320116043091	-0.9259815216064453
-6.325149178504944	-3.937945604324341
-5.327822685241699	-6.123965620994568
-4.276898145675659	-10.963818222284317
-7.14054536819458	-5.580704212188721
-8.291156888008118	-2.250124454498291
-7.378644704818726	-7.436807870864868
-11.99546970706433	-2.787677049636841
-8.930845856666565	-9.662461996078491
-9.359417259693146	-7.155049681663513
-7.024176836013794	-8.456862330436707
-8.971636891365051	-1.2478551864624023
-7.969877600669861	-9.591999650001526
-11.550888374447823	-2.6593000888824463
-6.714344501495361	-8.457668781280518
-11.614876002073288	-10.501732259988785
-8.248974680900574	-9.112152636051178
-5.164524078369141	-0.8047764301300049
-7.775899529457092	-6.141154646873474
-5.658428192138672	-5.205132007598877
-6.215285897254944	-8.137846112251282
-7.960163354873657	-7.140180587768555
-9.807890832424164	-7.09122633934021
-11.80161888152361	-6.168761730194092
-7.823747634887695	-2.7524936199188232
-7.819902420043945	-7.233579397201538
-7.51756739616394	-9.25787490606308
-6.625646352767944	-3.677696943283081
-8.149675726890564	-9.418485760688782
-9.604413628578186	-3.7498576641082764
-7.978254318237305	-10.554375797510147
-5.33465051651001	-3.8655731678009033
-10.908239990472794	-7.135126233100891
-9.624898374080658	-9.847549974918365
-5.985337257385254	-8.091711401939392
-6.244814515113831	-4.894736051559448
-9.382574737071991	-1.3724520206451416
-8.85276997089386	-2.4530818462371826
-10.369365155696869	-7.354546308517456
-9.729503452777863	-4.31486964225769
-9.759005069732666	-9.256082832813263
-5.230207443237305	-4.592669248580933
-4.827066421508789	-5.962648630142212
-7.50952935218811	-6.477588772773743
-5.687385320663452	-3.5769424438476562
-10.314267754554749	-5.3433637619018555
-7.878695368766785	-1.5554959774017334
-5.960177421569824	-7.041829705238342
-6.518154501914978	-3.801323890686035
-5.6666929721832275	-7.30155873298645
-9.45304924249649	-9.900079607963562
-9.967820584774017	-9.458065509796143
-10.174547553062439	-4.413020610809326
-8.295182704925537	-4.924030780792236
-6.581280827522278	-1.619791030883789
-4.277186393737793	-2.1333768367767334
-4.665771245956421	-1.513667106628418
-6.309038758277893	-5.422327995300293
-9.951286733150482	-7.962967157363892
-11.68998958915472	-9.729003131389618
-6.238716244697571	-1.2008600234985352
-10.39950692653656	-7.395373106002808
-10.524929076433182	-10.651624023914337
-10.165044665336609	-1.5882582664489746
-3.76440167427063	-4.87610936164856
-7.494489312171936	-6.193544626235962
-7.3366734981536865	-6.265785455703735
-10.962680339813232	-6.036890029907227
-5.324644088745117	-6.737263798713684
-11.82153245061636	-9.483069956302643
-5.82474160194397	-5.252401828765869
-8.20277488231659	-11.895582888275385
-8.804046392440796	-1.7238857746124268
-6.916603088378906	-7.225837469100952
-9.804330289363861	-1.1030101776123047
-9.99954378604889	-9.92384397983551
-11.652447268366814	-7.031572937965393
-10.83880090713501	-4.022079706192017
-7.545985579490662	-5.294663429260254
-11.014316976070404	-9.391238451004028
-5.750033855438232	-4.406225681304932
-9.406217873096466	-4.205836057662964
-10.020654559135437	-2.208228349685669
-11.151053130626678	-4.978354454040527
-4.04888391494751	-5.565559387207031
-9.564597308635712	-2.328648090362549
-3.5069961547851562	-0.9698095321655273
-7.29966938495636	-5.6363160610198975
-10.398039937019348	-3.9091451168060303
-11.255841180682182	-7.010192155838013
-7.359322428703308	-7.448665380477905
-9.333353877067566	-1.9006333351135254
-10.94384452700615	-10.416672348976135
-7.053532719612122	-9.313313126564026
-8.282372117042542	-2.4655001163482666
-7.765244007110596	-6.112182855606079
-9.17875760793686	-3.1127779483795166
-7.2075276374816895	-5.837995290756226
-8.046778321266174	-6.617931962013245
-4.165937662124634	-9.44563490152359
-8.669208526611328	-7.298319339752197
-5.691147565841675	-5.841115236282349
-7.378420829772949	-2.949950695037842
-7.100198864936829	-2.541543960571289
-11.979710814077407	-3.175865650177002
-7.9535486698150635	-6.24523651599884
-9.220572888851166	-1.3844640254974365
-9.11091023683548	-1.1491763591766357
-7.668263554573059	-4.002551078796387
-7.944279313087463	-0.9892473220825195
-4.8253068923950195	-6.729105591773987
-5.974358081817627	-4.246542692184448
-11.366958126425743	-8.97373116016388
-7.978051543235779	-5.040561676025391
-10.417254745960236	-3.08850359916687
-9.846151292324066	-9.381536543369293
-5.717961072921753	-2.957900047302246
-3.8724725246429443	-7.019414663314819
-7.154139876365662	-3.374619483947754
-5.337178945541382	-4.872327089309692
-10.941561877727509	-7.684589624404907
-8.67053747177124	-5.3821234703063965
-11.426975682377815	-5.504535913467407
-8.218072772026062	-1.7725260257720947
-4.443335294723511	-5.780679702758789
-10.848481714725494	-5.984129905700684
-10.16750854253769	-5.734410524368286
-1.9882278442382812	-10.452592670917511
-9.068994641304016	-8.147292137145996
-5.210805416107178	-2.8773086071014404
-11.74854489415884	-3.004425287246704
-10.423909306526184	-8.581614375114441
-6.2787333726882935	-3.6053831577301025
-11.15671581029892	-1.7413294315338135
-11.900100857019424	-7.732067584991455
-6.347643971443176	-6.39227557182312
-7.205157279968262	-5.67361307144165
-11.129840612411499	-1.4621694087982178
-6.447539806365967	-1.67165207862854
-10.909252345561981	-10.00995683670044
-7.872072815895081	-7.038816690444946
-11.428790464997292	-6.783140301704407
-9.276572942733765	-5.877896547317505
-9.886689841747284	-5.79267954826355
-10.382850408554077	-6.217203140258789
-9.291997969150543	-8.525209307670593
-11.007148414850235	-8.812875509262085
-10.088932514190674	-9.983545482158661
-11.936398783698678	-8.768213868141174
-9.329241335391998	-4.215550661087036
-8.268873453140259	-2.141023635864258
-9.834202408790588	-5.529054880142212
-11.092590361833572	-6.870399355888367
-8.563202977180481	-8.632881045341492
-6.928544998168945	-6.560400366783142
-7.050363779067993	-8.537497758865356
-5.403244972229004	-9.107547998428345
-9.632174134254456	-2.7242367267608643
-6.280267953872681	-3.416510581970215
-6.6578181982040405	-4.619624376296997
-4.38720703125	-3.6050527095794678
-6.677399039268494	-2.4526705741882324
-8.894460082054138	-3.5626065731048584
-11.146252870559692	-4.984828233718872
-10.891704976558685	-8.916053295135498
-8.980995297431946	-4.865969181060791
-7.16586434841156	-5.809579610824585
-9.50153535604477	-9.737932741641998
-8.38782548904419	-8.379887223243713
-8.174320936203003	-5.0053675174713135
-9.317596435546875	-9.17005205154419
-9.659904062747955	-6.910233378410339
-3.9536869525909424	-8.54489529132843
-8.494466185569763	-6.913997054100037
-10.356951534748077	-1.919862985610962
-10.234232783317566	-9.315738022327423
-10.25937956571579	-9.40545916557312
-4.8778417110443115	-1.3761534690856934
-5.664427757263184	-10.222843587398529
-10.430253267288208	-1.7221033573150635
-10.81410339474678	-1.6995770931243896
-5.914395332336426	-3.4983043670654297
-8.428476691246033	-4.688100099563599
-8.508239150047302	-8.076018333435059
-7.820824027061462	-11.839441694319248
-6.5576698780059814	-6.061108231544495
-7.290235161781311	-6.6357643604278564
-8.787157773971558	-7.412935137748718
-7.296800136566162	-4.570183038711548
-11.017349481582642	-2.519911766052246
-9.928852915763855	-8.536654114723206
-8.73600947856903	-0.5321738719940186
-7.7771676778793335	-8.629827618598938
-9.460762917995453	-1.6404340267181396
-10.24642413854599	-8.385656476020813
-8.550112009048462	-6.75322151184082
-11.289776220917702	-5.046787261962891
-9.892638802528381	-4.91925573348999
-10.080521643161774	-6.393268346786499
-7.983473181724548	-5.569328784942627
-8.974802613258362	-0.7617645263671875
-7.343329310417175	-3.9103853702545166
-7.868658542633057	-1.6299691200256348
-6.553447008132935	-4.232072353363037
-8.999834418296814	-1.4834704399108887
-9.879102408885956	-7.78529155254364
-7.714459419250488	-4.546779155731201
-6.5041823387146	-7.789671778678894
-6.028663158416748	-6.565770864486694
-4.133054494857788	-4.928702116012573
-9.356587886810303	-4.660017013549805
-8.296249866485596	-4.05797266960144
-11.140986263751984	-8.550896286964417
-9.09747326374054	-5.634023666381836
-10.768696814775467	-0.9822556972503662
-4.886219501495361	-5.0310516357421875
-6.445946216583252	-3.0891988277435303
-5.6323442459106445	-4.423225164413452
-11.1079041659832	-10.303033769130707
-9.236011505126953	-0.7187447547912598
-7.717353343963623	-9.546282470226288
-7.595283150672913	-10.108215987682343
-9.462749004364014	-7.920256018638611
-3.915879964828491	-5.657729387283325
-6.175873875617981	-6.7302006483078
-7.4816654920578	-8.514430403709412
-8.632081747055054	-2.780019521713257
-6.81319534778595	-2.8448166847229004
-7.498512625694275	-6.200259447097778
-10.294675469398499	-3.512984275817871
-7.203587651252747	-3.9568898677825928
-6.559427976608276	-3.5163516998291016
-6.692572832107544	-6.853304743766785
-6.464281439781189	-4.1567888259887695
-6.780271053314209	-7.112315654754639
-8.394392251968384	-1.122072458267212
-5.6065099239349365	-7.353180170059204
-9.667443037033081	-8.95499324798584
-11.247147381305695	-11.264936685562134
-11.375656306743622	-10.60545364022255
-5.891148090362549	-1.7298495769500732
-9.880058348178864	-6.83730947971344
-7.756788969039917	-1.1183488368988037
-7.959126949310303	-6.564648270606995
-8.54031765460968	-7.7726569175720215
-10.016356229782104	-8.655379056930542
-5.6552417278289795	-7.90980327129364
-7.209269642829895	-5.719739198684692
-10.646616786718369	-2.1312804222106934
-7.138299465179443	-5.960728168487549
-10.764112561941147	-4.5047972202301025
-8.77907109260559	-3.9048571586608887
-7.842427968978882	-8.930729985237122
-7.448283433914185	-9.260026752948761
-10.269797623157501	-2.4817943572998047
-6.763104200363159	-1.7632992267608643
-11.116016060113907	-3.716503143310547
-4.500911235809326	-0.5000581741333008
-10.093033075332642	-11.473450407385826
-6.1206886768341064	-3.110658645629883
-8.523199796676636	-7.979146599769592
-7.671278715133667	-2.2374179363250732
-9.637995958328247	-5.905799388885498
-8.153066396713257	-5.797262191772461
-6.493648409843445	-10.014128565788269
-5.491126298904419	-10.473392486572266
-5.793015718460083	-6.972184896469116
-10.759734034538269	-10.110521793365479
-7.24769139289856	-4.982296943664551
-7.348841428756714	-4.589922666549683
-11.399831905961037	-9.287046790122986
-4.885714530944824	-6.238601088523865
-9.73706191778183	-2.37016224861145
-3.813920259475708	-9.310602843761444
-5.7533934116363525	-1.1842167377471924
-3.1615419387817383	-3.4737396240234375
-5.727207183837891	-4.7291579246521
-8.262877821922302	-3.7460896968841553
-7.953434586524963	-8.864032745361328
-9.652186274528503	-7.69698429107666
-9.199304938316345	-7.04447329044342
-6.840532064437866	-6.563406586647034
-10.902844816446304	-9.799446523189545
-11.13335931301117	-5.998394250869751
-7.5784302949905396	-2.394953727722168
-4.555631160736084	-8.936493158340454
-3.839329719543457	-0.8823537826538086
-4.6432271003723145	-3.1651604175567627
-7.336064457893372	-4.457352876663208
-8.07004702091217	-4.385684967041016
-11.695493124425411	-6.648070335388184
-4.03259539604187	-2.664078712463379
-7.935051798820496	-4.929814338684082
-5.186495304107666	-5.718229293823242
-8.117062211036682	-7.397180914878845
-9.668721735477448	-11.193290501832962
-6.172709226608276	-10.691844373941422
-6.141872763633728	-9.952614963054657
-9.919307112693787	-0.9034938812255859
-5.216034650802612	-7.668226003646851
-6.035046100616455	-1.8436803817749023
-8.862268209457397	-4.554586172103882
-5.90677285194397	-6.741943001747131
-8.155653834342957	-4.710137128829956
-11.207084834575653	-2.2367992401123047
-9.447075605392456	-3.0514590740203857
-10.146601617336273	-4.507289886474609
-9.792091727256775	-2.150590181350708
-11.448311850428581	-3.3010647296905518
-10.481259763240814	-1.0304503440856934
-11.744253158569336	-1.7276086807250977
-10.88158330321312	-6.792728662490845
-9.902373254299164	-5.937750577926636
-9.718130886554718	-9.88981318473816
-10.304526150226593	-2.4249072074890137
-8.220850467681885	-7.6936140060424805
-8.060424327850342	-6.0057220458984375
-8.353010416030884	-1.6042563915252686
-10.671276837587357	-3.247366189956665
-5.405609607696533	-5.577413320541382
-5.0402326583862305	-5.22001576423645
-6.208309292793274	-0.941112756729126
-7.8214616775512695	-9.076048851013184
-10.299165487289429	-1.254133701324463
-8.06583023071289	-1.9671456813812256
-4.921397924423218	-2.7142202854156494
-9.089414656162262	-1.3360497951507568
-11.279421553015709	-3.0627715587615967
-6.5878132581710815	-4.046340465545654
-10.445528268814087	-4.115976333618164
-7.549996018409729	-7.357597231864929
-5.986975908279419	-3.08021879196167
-8.746901750564575	-4.291093111038208
-8.96838891506195	-7.5734885931015015
-11.91505073569715	-8.498353958129883
-3.605576992034912	-10.970171928405762
-10.71466612815857	-9.685856223106384
-8.685598611831665	-6.741962313652039
-9.780916929244995	-4.613439559936523
-7.125935912132263	-2.791938543319702
-5.664076566696167	-0.9799525737762451
-8.554452896118164	-6.8984105587005615
-11.857142239809036	-5.747315883636475
-8.201380491256714	-3.948021411895752
-11.393709182739258	-3.0933573246002197
-8.264614462852478	-5.554617404937744
-7.351046562194824	-8.503574967384338
-7.140607595443726	-6.186266183853149
-10.81149137020111	-7.5174880027771
-10.870985269546509	-0.8688132762908936
-9.620156407356262	-3.3464927673339844
-7.612894177436829	-4.54236102104187
-11.380265057086945	-9.764434933662415
-6.730515003204346	-6.087549448013306
-6.438650608062744	-7.814801216125488
-5.961181640625	-3.122640609741211
-8.853363633155823	-9.436516463756561
-7.016932368278503	-1.3687191009521484
-8.63429081439972	-7.046112656593323
-11.785616040229797	-5.328256845474243
-7.057109713554382	-4.09438419342041
-11.721426576375961	-5.585530042648315
-10.85410925745964	-8.34131634235382
-7.533126354217529	-4.614950895309448
-7.975573539733887	-7.146216630935669
-8.441987156867981	-2.4146554470062256
-6.147096633911133	-8.288568377494812
-7.497022390365601	-7.246318817138672
-9.153440237045288	-2.393008232116699
-5.333546876907349	-3.626316547393799
-2.942150831222534	-5.8162336349487305
-9.968575537204742	-5.191512823104858
-6.043766498565674	-1.1680855751037598
-6.038337349891663	-6.189048171043396
-9.191905617713928	-5.19010591506958
-9.369923293590546	-7.6876537799835205
-4.979999542236328	-4.892300605773926
-11.14370709657669	-10.477733194828033
-7.347560405731201	-2.6016547679901123
-11.12604135274887	-4.554701328277588
-8.171199202537537	-4.4713640213012695
-7.002809643745422	-0.9660637378692627
-9.617590069770813	-8.76384687423706
-11.793329179286957	-3.4717025756835938
-11.845937389880419	-5.3445775508880615
-10.054886877536774	-7.800162434577942
-5.428801774978638	-6.735234618186951
-7.701401710510254	-6.097623109817505
-6.425720930099487	-11.55743484199047
-9.503271460533142	-4.582659959793091
-6.284804821014404	-4.405148506164551
-8.657126426696777	-6.921294093132019
-10.213489830493927	-4.610512018203735
-6.805706262588501	-6.903862237930298
-6.753917098045349	-0.6023447513580322
-11.884450145065784	-3.661916971206665
-9.459130346775055	-9.752762496471405
-3.9403553009033203	-6.3668317794799805
-5.042646646499634	-5.619806528091431
-6.133292555809021	-4.544172763824463
-11.41948775947094	-4.280222654342651
-10.339757680892944	-7.9650596380233765
-10.414725244045258	-7.817623257637024
-6.588853597640991	-9.392513573169708
-7.120979189872742	-7.216984391212463
-6.766438007354736	-9.015803933143616
-5.421337366104126	-4.2420079708099365
-9.818645417690277	-5.72102165222168
-5.780042409896851	-1.0000240802764893
-7.900056481361389	-3.914583206176758
-6.634279131889343	-3.975098133087158
-3.6408655643463135	-9.625799059867859
-9.915159702301025	-10.586617559194565
-11.351805433630943	-1.3644769191741943
-9.006493270397186	-8.071914196014404
-2.90082049369812	-7.840387344360352
-4.895243167877197	-2.426633834838867
-7.358348250389099	-5.798768520355225
-7.460167407989502	-7.787568211555481
-10.931114941835403	-2.483785629272461
-10.801122933626175	-6.880123972892761
-8.78238558769226	-0.8359243869781494
-10.838990718126297	-9.896216690540314
-11.65639141201973	-5.694623708724976
-11.222592562437057	-4.004412889480591
-7.918183922767639	-2.083454132080078
-8.108216643333435	-4.093173265457153
-11.139959782361984	-6.511521577835083
-9.761022806167603	-6.442663908004761
-7.747940540313721	-9.58886843919754
-9.678930759429932	-8.321262001991272
-7.477325677871704	-11.000546962022781
-8.17104685306549	-3.3455915451049805
-6.791270613670349	-9.33574104309082
-10.194071888923645	-7.316105604171753
-6.5660237073898315	-7.217523694038391
-10.737685561180115	-1.4681603908538818
-7.45276951789856	-8.352447152137756
-4.897096395492554	-8.906821131706238
-6.403190016746521	-9.39347380399704
-9.528497636318207	-5.380934715270996
-7.4484862089157104	-5.81953239440918
-5.316951513290405	-8.608965039253235
-11.176964163780212	-8.494094252586365
-8.775485873222351	-10.667314499616623
-10.251832723617554	-7.465118050575256
-6.227009296417236	-1.9319393634796143
-10.356334805488586	-6.64014744758606
-6.85595977306366	-11.396453127264977
-10.698293924331665	-5.612957239151001
-8.056723237037659	-5.466092348098755
-8.171022891998291	-9.701432347297668
-3.3045802116394043	-1.2519421577453613
-5.766944646835327	-9.82177609205246
-6.139333605766296	-11.455489933490753
-7.261294841766357	-6.546006917953491
-9.186450183391571	-9.236053884029388
-11.456872969865799	-4.149742841720581
-10.68076577782631	-8.80504846572876
-11.491447046399117	-1.2349298000335693
-7.683929085731506	-1.991997241973877
-9.676756739616394	-6.088522553443909
-6.498883008956909	-6.004235744476318
-4.603655576705933	-9.796717286109924
-6.3569934368133545	-8.354912996292114
-10.650609612464905	-10.17653775215149
-8.931989908218384	-2.6679024696350098
-9.578746497631073	-5.057046890258789
-10.396477460861206	-6.848910927772522
-6.692046761512756	-8.178582787513733
-6.532205700874329	-6.701849699020386
-4.817729473114014	-1.9902005195617676
-7.025060176849365	-7.7104185819625854
-10.697476744651794	-4.0394532680511475
-8.011884927749634	-7.819728255271912
-10.00101524591446	-5.967807054519653
-9.040636003017426	-7.597015857696533
-7.972556948661804	-9.46409422159195
-10.841598093509674	-2.8331165313720703
-11.43347842991352	-6.6965121030807495
-8.983474016189575	-9.765398025512695
-10.04644238948822	-11.353180959820747
-6.492775082588196	-6.914070725440979
-9.055499196052551	-9.319481134414673
-11.265159666538239	-6.1649476289749146
-7.572392821311951	-6.659533381462097
-6.165534138679504	-7.555601119995117
-11.053983896970749	-2.732891321182251
-5.343571186065674	-5.3037285804748535
-9.757439196109772	-5.7358410358428955
-10.20844155550003	-9.417253911495209
-9.968340575695038	-8.396722912788391
-11.337287709116936	-9.647848784923553
-10.362335443496704	-8.390986204147339
-6.961387395858765	-4.815718173980713
-5.3102874755859375	-4.581587076187134
-11.178366333246231	-3.4222218990325928
-11.028653383255005	-0.9421291351318359
-7.711133122444153	-11.740052081644535
-6.402480840682983	-5.735851049423218
-10.291522443294525	-7.586893558502197
-6.985345959663391	-7.299748778343201
-9.360419154167175	-1.524672031402588
-10.65702348947525	-8.795642852783203
-6.272875070571899	-1.118051290512085
-8.311126828193665	-3.2805397510528564
-5.701422929763794	-3.9301936626434326
-11.269549503922462	-6.384814381599426
-8.896796464920044	-7.9757362604141235
-10.485781252384186	-5.682168960571289
-3.9943900108337402	-7.200458765029907
-8.066922426223755	-5.4884490966796875
-8.759578585624695	-9.230742752552032
-9.829295217990875	-8.528229832649231
-11.108827382326126	-10.642512112855911
-10.484493255615234	-9.810325562953949
-7.964566469192505	-1.1095569133758545
-8.073118329048157	-7.057936906814575
-9.709383487701416	-8.379941940307617
-6.0663063526153564	-3.357599973678589
-7.090312600135803	-9.176049828529358
-6.396387219429016	-1.2366650104522705
-11.862051341682673	-10.254571616649628
-11.216043502092361	-1.684126853942871
-5.526851177215576	-11.158083021640778
-7.957002282142639	-1.3438632488250732
-7.443638920783997	-5.170148849487305
-8.933059573173523	-6.059744238853455
-5.085487604141235	-7.532692551612854
-11.218391418457031	-9.049313843250275
-10.85829171538353	-10.048111081123352
-8.718843698501587	-8.385239124298096
-8.070897817611694	-4.410903453826904
-9.514869689941406	-9.722944021224976
-5.86625862121582	-4.864366292953491
-11.508572548627853	-3.289026975631714
-4.175739526748657	-7.650262713432312
-10.180884540081024	-9.420139968395233
-9.28575450181961	-4.006084442138672
-6.7898640632629395	-6.421992659568787
-9.388194501399994	-2.7958359718322754
-9.271521091461182	-9.903459191322327
-3.922173500061035	-9.047415018081665
-11.267668649554253	-1.0531110763549805
-10.354699194431305	-6.347245573997498
-8.852618336677551	-10.694457113742828
-9.392421126365662	-3.4725823402404785
-7.771920561790466	-8.558304190635681
-11.444011956453323	-2.090104579925537
-9.98973673582077	-11.815296046435833
-7.266084909439087	-1.1379389762878418
-9.284030020236969	-2.433405876159668
-7.309727668762207	-3.4186956882476807
-10.316904544830322	-1.6458678245544434
-3.6079766750335693	-9.805291056632996
-10.195937633514404	-2.6621382236480713
-9.958968043327332	-4.682716369628906
-8.235722422599792	-10.536478847265244
-8.257883548736572	-5.1080403327941895
-5.6111369132995605	-1.2235214710235596
-8.54820442199707	-4.373480558395386
-8.609836220741272	-1.9255385398864746
-4.568796157836914	-8.420007348060608
-6.913906931877136	-9.783937275409698
-5.157689809799194	-3.411817789077759
-8.746205449104309	-7.8171690702438354
-8.09968113899231	-1.6686286926269531
-10.583940535783768	-5.7309486865997314
-6.898588299751282	-3.4598894119262695
-10.887222111225128	-4.12510085105896
-10.194096207618713	-7.489272236824036
-9.300384879112244	-11.460463240742683
-4.66872239112854	-1.6171932220458984
-10.780569523572922	-9.027700960636139
-7.3209099769592285	-3.7605063915252686
-7.904520750045776	-7.140861511230469
-9.315861940383911	-11.87987943738699
-11.417307391762733	-2.4526469707489014
-6.7341578006744385	-10.340011060237885
-6.360903024673462	-7.168444633483887
-9.07695597410202	-4.855421304702759
-10.413976728916168	-6.0918474197387695
-10.514467656612396	-3.097285509109497
-9.947906792163849	-8.398481369018555
-10.481440901756287	-5.873155117034912
-10.516001433134079	-3.9161624908447266
-10.362499594688416	-7.717600107192993
-8.126957058906555	-2.3462777137756348
-11.473103508353233	-1.1577508449554443
-6.500812768936157	-1.9674668312072754
-10.922537595033646	-3.7878241539001465
-7.711730718612671	-9.75553822517395
-11.46047991514206	-9.634483695030212
-5.460315942764282	-7.667911648750305
-9.133740842342377	-7.567462205886841
-9.733626902103424	-1.814950704574585
-9.422497630119324	-4.320037364959717
-11.247766524553299	-11.263750031590462
-5.1420886516571045	-7.831844329833984
-5.16071891784668	-3.4367544651031494
-8.960575461387634	-4.585160493850708
-7.265363574028015	-6.01928436756134
-9.094513356685638	-4.829232931137085
-2.8848459720611572	-4.254634380340576
-10.990158945322037	-8.692684292793274
-11.725132293999195	-3.5391204357147217
-8.432913780212402	-2.441127061843872
-11.362413302063942	-9.572584927082062
-9.480341792106628	-8.905979633331299
-10.87518721818924	-4.337528228759766
-11.377592235803604	-3.371100425720215
-11.567076489329338	-4.4878363609313965
-10.738070547580719	-5.021849870681763
-9.950666069984436	-9.485918462276459
-6.4494359493255615	-1.4779958724975586
-11.833628576248884	-11.019165337085724
-4.393747329711914	-0.751854658126831
-8.80208694934845	-7.0003741979599
-9.700661838054657	-1.4707074165344238
-6.284823775291443	-8.11749815940857
-6.100541710853577	-11.063781559467316
-7.906749486923218	-1.009587049484253
-7.198889851570129	-1.9567880630493164
-6.783875942230225	-1.4279587268829346
-9.870771288871765	-3.400290012359619
-6.411220550537109	-1.0164134502410889
-4.555521011352539	-5.0893120765686035
-4.535566091537476	-0.6607475280761719
-8.735393285751343	-2.5551137924194336
-6.369673490524292	-4.032236337661743
-9.715254485607147	-0.9783804416656494
-9.417472064495087	-2.881849765777588
-10.349275588989258	-4.888016223907471
-5.8814849853515625	-5.386304140090942
-5.395822763442993	-2.5545709133148193
-6.066236972808838	-10.3373481631279
-5.57160758972168	-11.445944264531136
-5.420181512832642	-4.1809000968933105
-5.706849575042725	-8.566368341445923
-6.59821093082428	-5.019963026046753
-7.715779066085815	-6.013324499130249
-6.517036199569702	-9.003062188625336
-5.280445575714111	-9.640488088130951
-10.60811921954155	-1.3540663719177246
-5.03570294380188	-3.7617287635803223
-3.9757611751556396	-1.3141758441925049
-6.692580342292786	-3.2453441619873047
-10.06314879655838	-5.724685907363892
-7.616310238838196	-0.9763970375061035
-9.997694849967957	-3.8290207386016846
-5.93182110786438	-6.965699315071106
-6.910570979118347	-2.074207305908203
-11.924419647082686	-1.8766264915466309
-7.764749765396118	-8.250556468963623
-5.471782207489014	-5.3669421672821045
-10.131137073040009	-0.912590503692627
-8.229083061218262	-5.262301683425903
-8.70225977897644	-9.169816732406616
-10.375557124614716	-7.421330094337463
-5.303969621658325	-7.638242125511169
-9.391190886497498	-1.7688403129577637
-10.103732585906982	-5.333282232284546
-7.073560953140259	-1.0085513591766357
-8.450528025627136	-0.9153170585632324
-10.072581231594086	-1.501737356185913
-11.094794690608978	-8.596577167510986
-2.8585259914398193	-11.4167220890522
-3.280951738357544	-11.387425303459167
-7.740788698196411	-3.083627700805664
-7.952891707420349	-6.4304763078689575
-10.034164130687714	-3.392015218734741
-3.086087465286255	-9.794184923171997
-6.950422883033752	-2.563251256942749
-11.176137417554855	-8.874121069908142
-11.46192853152752	-3.7985987663269043
-8.517860412597656	-11.955034377984703
-11.928073816001415	-10.653197050094604
-8.375795602798462	-1.6675279140472412
-6.2946048974990845	-1.1857573986053467
-8.38994836807251	-5.235827207565308
-10.808051615953445	-4.3542444705963135
-5.767072677612305	-10.277402579784393
-7.176872491836548	-8.766852021217346
-6.115756273269653	-3.1797516345977783
-11.783663168549538	-9.8509241938591
-9.372379302978516	-7.879225015640259
-3.0193984508514404	-1.8202779293060303
-4.194841146469116	-5.420898199081421
-9.172216057777405	-9.105396151542664
-11.382113948464394	-10.262252748012543
-8.329270005226135	-5.704336166381836
-9.556341648101807	-10.239903509616852
-6.304171800613403	-7.598160266876221
-10.44855809211731	-5.844390392303467
-4.490185260772705	-5.767056941986084
-9.86438924074173	-5.459469795227051
-9.731666207313538	-3.135786294937134
-4.560206651687622	-6.178526759147644
-5.119974374771118	-5.066933870315552
-6.759106993675232	-7.8282212018966675
-11.211596667766571	-7.196255207061768
-7.932579874992371	-3.7701144218444824
-9.85623836517334	-8.98756492137909
-4.776766061782837	-2.4934744834899902
-11.36150175333023	-6.918011784553528
-6.68127715587616	-5.008129119873047
-8.245885491371155	-6.594910740852356
-11.196948051452637	-4.547008752822876
-8.51514208316803	-7.712246060371399
-6.506374955177307	-1.0025925636291504
-9.782515168190002	-2.4345710277557373
-10.803702682256699	-8.480026245117188
-6.806057095527649	-0.9765357971191406
-4.681232213973999	-6.449398398399353
-9.057190239429474	-9.196095049381256
-9.155321896076202	-4.536010265350342
-5.225668430328369	-8.303372025489807
-4.044294118881226	-3.411531686782837
-8.860970735549927	-6.778365254402161
-11.415086075663567	-8.716651439666748
-10.080329060554504	-6.225585222244263
-9.26922208070755	-1.8287150859832764
-6.409865498542786	-8.870802283287048
-4.647801876068115	-9.993347525596619
-7.129402041435242	-1.9101076126098633
-4.991762638092041	-5.671236276626587
-5.306084632873535	-8.276798486709595
-8.010278820991516	-2.9528939723968506
-7.079943537712097	-3.363039493560791
-9.251964747905731	-7.2514883279800415
-10.511162906885147	-8.942715883255005
-11.727239437401295	-6.362431526184082
-8.656333208084106	-7.673714518547058
-8.85872733592987	-2.531954526901245
-4.833129644393921	-9.14480996131897
-3.1068670749664307	-2.177020311355591
-8.3405921459198	-11.962385161779821
-10.482883036136627	-1.531895399093628
-11.661702007055283	-6.701617956161499
-7.846072196960449	-1.4698140621185303
-11.299220636487007	-6.966732859611511
-6.560561299324036	-5.453945159912109
-8.816276907920837	-3.1299355030059814
-10.91491037607193	-4.568190336227417
-9.673107326030731	-5.562023162841797
-6.196521878242493	-7.8793559074401855
-9.519004046916962	-2.0998363494873047
-11.2253977060318	-2.693026542663574
-8.05269455909729	-2.966703414916992
-10.970547258853912	-1.2236952781677246
-8.785412549972534	-1.0627942085266113
-9.15564876794815	-1.2140908241271973
-4.976958274841309	-4.653086185455322
-9.724407970905304	-3.7453129291534424
-9.742995142936707	-5.322999715805054
-8.18699848651886	-1.662271499633789
-9.552905023097992	-1.5284178256988525
-10.43345582485199	-8.438584327697754
-9.354133129119873	-0.9129495620727539
-8.881148099899292	-2.045632839202881
-11.539763331413269	-7.4625163078308105
-10.508025169372559	-5.152500629425049
-3.670369863510132	-8.222254514694214
-9.657575726509094	-1.4415757656097412
-7.8038177490234375	-1.004577398300171
-10.096498489379883	-0.6058974266052246
-6.768394231796265	-8.02465045452118
-6.89960789680481	-2.7207319736480713
-10.429454326629639	-1.450859785079956
-8.624451041221619	-5.029972314834595
-8.42999017238617	-0.8561131954193115
-11.803012423217297	-3.8331692218780518
-7.254778504371643	-1.8534715175628662
-11.77797006815672	-10.266254425048828
-5.272977590560913	-4.456547498703003
-7.920135498046875	-4.589288234710693
-6.371554613113403	-4.618520736694336
-4.809285879135132	-5.239537239074707
-7.039514064788818	-7.885669112205505
-11.20928755402565	-11.288434624671936
-11.179954916238785	-9.561152637004852
-6.609951496124268	-3.7850568294525146
-2.9443838596343994	-6.015951991081238
-8.08946406841278	-2.37585711479187
-7.466616153717041	-5.221829652786255
-6.515331387519836	-1.0992343425750732
-6.591107726097107	-5.964118480682373
-10.326198756694794	-4.057023525238037
-7.886472702026367	-9.912685811519623
-10.368835508823395	-5.991441249847412
-7.846640467643738	-10.155717194080353
-9.437456488609314	-2.207624673843384
-11.233173161745071	-8.747501492500305
-3.5794565677642822	-4.721764326095581
-8.55659794807434	-8.316495537757874
-7.641296625137329	-1.1255056858062744
-4.79810643196106	-5.007213592529297
-9.599558651447296	-7.9701186418533325
-11.832671541720629	-9.115159749984741
-9.662804245948792	-5.425651788711548
-8.506264686584473	-1.8258984088897705
-5.1549460887908936	-5.813780307769775
-11.851621605455875	-3.4022376537323
-8.829851031303406	-0.8509747982025146
-6.238765239715576	-11.070412069559097
-7.279892563819885	-4.435147047042847
-6.6067246198654175	-7.297772169113159
-10.028821170330048	-5.2583863735198975
-3.613745927810669	-5.336319923400879
-7.615042805671692	-10.565561056137085
-11.472743198275566	-8.39047658443451
-8.652960419654846	-0.5352022647857666
-9.91680657863617	-7.487367510795593
-3.7230706214904785	-4.994060039520264
-8.201718807220459	-4.473543405532837
-6.044656276702881	-7.496826767921448
-9.700805068016052	-11.382801488041878
-10.976685136556625	-1.9126732349395752
-10.407945334911346	-3.118457078933716
-9.594083368778229	-1.603978157043457
-7.327725291252136	-4.104779005050659
-8.396341323852539	-7.205853581428528
-6.321832537651062	-3.5024335384368896
-10.702226400375366	-10.306129217147827
-5.22812032699585	-5.559590578079224
-9.070416748523712	-1.430762529373169
-6.12908148765564	-8.538537383079529
-11.087673962116241	-4.332044363021851
-7.653110861778259	-4.052927255630493
-6.928487777709961	-3.6353280544281006
-10.071311831474304	-7.082608938217163
-6.391471982002258	-2.219667434692383
-11.084957331418991	-5.160388469696045
-4.827948331832886	-3.246234655380249
-6.669582724571228	-7.842071056365967
-8.629794716835022	-3.465449810028076
-5.600732803344727	-9.017470121383667
-5.544304847717285	-4.269445180892944
-4.675966501235962	-0.9682009220123291
-10.077627718448639	-4.339701175689697
-9.071538627147675	-8.486024022102356
-8.271734833717346	-8.673701047897339
-9.34000825881958	-2.9897868633270264
-9.812919616699219	-3.329934597015381
-3.928652286529541	-6.551894187927246
-11.352808356285095	-5.78220534324646
-10.883304119110107	-8.000457644462585
-5.728717803955078	-7.180365800857544
-6.71448826789856	-5.365415096282959
-9.555624783039093	-7.554813265800476
-6.241416335105896	-11.13543650507927
-11.873785212635994	-8.362653493881226
-11.276234149932861	-9.808075189590454
-9.727105379104614	-6.725385546684265
-6.044679522514343	-5.710492372512817
-11.59782063961029	-0.9543936252593994
-10.674538135528564	-1.093196153640747
-7.935750961303711	-8.178456544876099
-5.317123174667358	-5.551642656326294
-8.33652377128601	-3.950063467025757
-10.172985076904297	-7.337785005569458
-8.803924441337585	-5.352889537811279
-7.081978440284729	-3.518343687057495
-5.793250322341919	-6.640960335731506
-5.85789942741394	-7.392127633094788
-4.279151916503906	-4.816306114196777
-6.068174600601196	-6.049434542655945
-11.121003806591034	-4.045401334762573
-7.71153724193573	-2.2126214504241943
-9.2317453622818	-7.930323958396912
-8.755939722061157	-4.2518627643585205
-7.8588902950286865	-4.858564853668213
-10.198654532432556	-5.097892999649048
-9.814434349536896	-4.100076913833618
-11.167559534311295	-4.642822265625
-11.454912096261978	-6.86476993560791
-4.929094076156616	-1.7525639533996582
-7.798322081565857	-10.40815258026123
-5.785763740539551	-4.370630979537964
-9.752433836460114	-4.82734751701355
-10.579209923744202	-3.335742473602295
-6.254590272903442	-8.85469937324524
-8.1229909658432	-4.791689872741699
-10.809050649404526	-2.9386353492736816
-9.6335928440094	-7.961434006690979
-11.215823382139206	-11.171115964651108
-7.273653030395508	-7.871978044509888
-7.2206608057022095	-1.400191068649292
-5.828843593597412	-11.005930066108704
-10.242433547973633	-6.69492781162262
-8.298146724700928	-4.7686944007873535
-9.46170848608017	-2.906757116317749
-7.031451344490051	-4.763885736465454
-8.199210405349731	-5.024133682250977
-5.396178960800171	-4.881531715393066
-8.39337408542633	-6.3701194524765015
-5.12712836265564	-7.421225666999817
-5.75985860824585	-1.5549652576446533
-10.872729331254959	-8.578663945198059
-5.13031268119812	-3.1616463661193848
-5.1384437084198	-5.220853328704834
-9.584127187728882	-2.0092334747314453
-6.224535226821899	-1.1010432243347168
-10.563449710607529	-8.186407685279846
-7.502269506454468	-9.104361891746521
-6.897739291191101	-4.421337604522705
-7.221477627754211	-5.908834218978882
-4.948766469955444	-6.608787417411804
-6.128115892410278	-7.378856420516968
-5.97355055809021	-2.23649525642395
-6.398902058601379	-9.96560025215149
-7.235147595405579	-9.044993698596954
-5.407520055770874	-7.283891916275024
-11.304474547505379	-7.605474472045898
-5.221714496612549	-6.272069334983826
-9.526165008544922	-2.7216925621032715
-8.79763913154602	-2.723248243331909
-6.517597317695618	-7.596655011177063
-9.773651897907257	-6.91393768787384
-8.07210624217987	-2.4616169929504395
-9.274554669857025	-6.476963996887207
-8.924373507499695	-1.2889595031738281
-10.73743924498558	-3.7084829807281494
-8.861393809318542	-7.323710203170776
-11.884289212524891	-8.359359383583069
-6.612137317657471	-9.816193521022797
-8.959385633468628	-7.875606179237366
-9.684722900390625	-7.410768985748291
-7.4655522108078	-9.407632827758789
-4.8006978034973145	-2.783675193786621
-6.3634926080703735	-1.286341667175293
-8.40583598613739	-3.4380576610565186
-10.943425208330154	-10.291395127773285
-7.8617262840271	-4.482755899429321
-10.591904908418655	-5.0308449268341064
-11.171153515577316	-9.935357451438904
-11.509316191077232	-11.887316431850195
-6.6289204359054565	-5.8312461376190186
-4.644463777542114	-0.6776432991027832
-6.9369285106658936	-4.105203866958618
-10.492282748222351	-9.415973961353302
-5.36224365234375	-5.2972118854522705
-7.931755900382996	-9.121735095977783
-5.205193519592285	-5.815589904785156
-11.668629683554173	-7.019696474075317
-6.577601909637451	-5.187415838241577
-10.545344084501266	-9.687684416770935
-7.440933108329773	-8.101972103118896
-10.523235261440277	-1.7232885360717773
-11.830312449485064	-7.983091235160828
-4.5847063064575195	-5.59251594543457
-7.876833915710449	-7.814826250076294
-11.409407526254654	-4.697434186935425
-6.307311773300171	-4.867640018463135
-8.374585747718811	-11.524516358971596
-10.787811756134033	-2.7509851455688477
-10.884348660707474	-2.1559174060821533
-8.686567783355713	-8.82267415523529
-6.58236837387085	-1.175140142440796
-10.312008798122406	-1.2334363460540771
-9.470248639583588	-5.885499000549316
-3.703920364379883	-2.871948480606079
-9.015804469585419	-1.5453650951385498
-8.665296792984009	-9.99502319097519
-9.96212375164032	-6.685182452201843
-10.323391020298004	-1.4486560821533203
-11.039173185825348	-6.757466554641724
-4.549304008483887	-8.278830170631409
-7.011890888214111	-7.865374803543091
-8.335954070091248	-8.112323999404907
-7.511035323143005	-9.38656497001648
-7.190399408340454	-6.289929270744324
-6.759876251220703	-7.15337061882019
-6.164344668388367	-10.411836862564087
-10.090447783470154	-9.116315603256226
-8.626744508743286	-4.468669652938843
-5.472815752029419	-3.6348588466644287
-10.149235904216766	-1.6646690368652344
-11.111667215824127	-5.977376461029053
-4.726125240325928	-9.221047818660736
-6.234206557273865	-8.376249432563782
-7.728743076324463	-6.514159798622131
-6.390674829483032	-3.4577372074127197
-8.98359990119934	-1.1178302764892578
-10.396975457668304	-6.66484808921814
-5.692803382873535	-7.37962281703949
-6.01166296005249	-7.941712975502014
-6.438045859336853	-0.8656718730926514
-11.042811959981918	-3.6681511402130127
-6.132391333580017	-11.427934527397156
-8.1563880443573	-4.004753351211548
-9.036734640598297	-0.8328201770782471
-11.988727061077952	-4.531622886657715
-3.323033094406128	-6.116946458816528
-7.597748637199402	-6.863518953323364
-11.964760509319603	-5.5855772495269775
-9.89786285161972	-5.240016460418701
-10.298161268234253	-2.404752731323242
-4.8678059577941895	-3.8201422691345215
-9.979832589626312	-4.387888669967651
-9.517121136188507	-4.742591142654419
-10.17866975069046	-2.133946180343628
-5.343992471694946	-7.741822957992554
-9.2653169631958	-11.73882320523262
-11.175664901733398	-5.5058913230896
-10.69017469882965	-7.390455365180969
-8.061640620231628	-3.995837688446045
-7.468476176261902	-9.414575099945068
-11.08078345656395	-7.701331257820129
-6.482881665229797	-4.236230850219727
-7.938561201095581	-9.989914119243622
-10.506181865930557	-8.133154392242432
-8.791030883789062	-11.03307831287384
-8.757211804389954	-6.455858588218689
-8.364753127098083	-1.4428188800811768
-10.589852929115295	-3.7351527214050293
-9.423348605632782	-7.0183632373809814
-8.212074637413025	-4.479241132736206
-6.817089557647705	-4.765496492385864
-8.714674472808838	-2.44064998626709
-9.840677797794342	-8.081978917121887
-4.190852165222168	-4.50438380241394
-5.111404895782471	-5.974775075912476
-10.007872402668	-2.328514337539673
-9.767846524715424	-4.369789123535156
-4.096388339996338	-4.475104808807373
-8.579028725624084	-5.037981033325195
-10.353720903396606	-7.2285908460617065
-5.617944002151489	-0.8769142627716064
-9.965001583099365	-3.1687324047088623
-5.930651664733887	-7.050515413284302
-9.550169169902802	-5.45909857749939
-4.684415817260742	-9.018579661846161
-10.490222811698914	-1.0281014442443848
-10.505881279706955	-9.521848618984222
-11.801617674529552	-8.171751379966736
-9.68110066652298	-0.7644925117492676
-7.833869218826294	-7.1697142124176025
-5.548464775085449	-10.264196455478668
-7.71893835067749	-9.754545450210571
-8.489184737205505	-8.139229774475098
-7.274616479873657	-3.504748821258545
-5.025592803955078	-11.496310248970985
-7.126358270645142	-10.021565437316895
-6.7798662185668945	-2.5914652347564697
-7.251136064529419	-9.894230246543884
-10.487846195697784	-5.777727842330933
-9.214079439640045	-8.086384177207947
-10.312669694423676	-4.268275022506714
-11.681752167642117	-0.8365609645843506
-10.356772720813751	-10.150022506713867
-9.940818071365356	-5.487145185470581
-7.027801036834717	-5.8316144943237305
-9.313883364200592	-5.184418201446533
-8.624654531478882	-3.2320547103881836
-7.669174790382385	-1.0048978328704834
-7.80825662612915	-3.3083925247192383
-10.01128739118576	-7.014056324958801
-11.498590260744095	-11.470339179039001
-3.690434217453003	-0.39001965522766113
-10.3402419090271	-10.995195597410202
-8.612613201141357	-8.324149489402771
-10.608647167682648	-2.8588814735412598
-3.120346784591675	-0.60744309425354
-8.502419471740723	-9.296657145023346
-8.527259588241577	-11.503967553377151
-7.5704087018966675	-2.944031238555908
-9.964094996452332	-7.995509147644043
-5.1629040241241455	-4.744356393814087
-4.058049201965332	-9.305137038230896
-8.687944293022156	-11.369462102651596
-10.349989593029022	-6.384086608886719
-10.610576570034027	-1.4080767631530762
-4.983447074890137	-7.424114942550659
-9.985377430915833	-6.384376287460327
-11.016859620809555	-2.7321431636810303
-4.872709035873413	-1.6591429710388184
-4.084770441055298	-8.466869115829468
-11.373274862766266	-5.305945158004761
-10.42294031381607	-5.580117702484131
-4.195737361907959	-8.213788390159607
-11.561998844146729	-5.895444631576538
-6.0530312061309814	-7.2715208530426025
-5.516409158706665	-3.251251459121704
-11.183894008398056	-5.221542835235596
-5.3955302238464355	-4.083716154098511
-11.070926874876022	-1.1048884391784668
-4.441837549209595	-2.851196050643921
-9.253620564937592	-4.366995334625244
-10.508721560239792	-6.572099447250366
-6.604055285453796	-2.2074851989746094
-10.955873519182205	-10.397296607494354
-6.343766927719116	-5.27954363822937
-10.56034004688263	-2.03812837600708
-4.755879878997803	-10.161279737949371
-10.779212951660156	-6.865359663963318
-11.132968783378601	-7.646793007850647
-9.907276690006256	-6.426825642585754
-9.10924905538559	-8.761097073554993
-11.657199002802372	-4.918627738952637
-8.4087735414505	-1.035919189453125
-7.145561099052429	-4.5506815910339355
-5.4866673946380615	-3.7540082931518555
-6.792736887931824	-3.6134605407714844
-10.563846945762634	-0.9742047786712646
-9.978559613227844	-3.881662130355835
-6.862999677658081	-7.605745911598206
-8.045987963676453	-10.186134696006775
-9.229578137397766	-5.778857946395874
-4.562913179397583	-6.856855988502502
-3.006441593170166	-0.9739601612091064
-5.985293626785278	-1.5745890140533447
-7.307646989822388	-5.098081111907959
-6.992223501205444	-8.572912216186523
-4.429168939590454	-4.9244184494018555
-9.482353448867798	-8.72898244857788
-10.784777998924255	-2.5471808910369873
-4.6836347579956055	-9.838501274585724
-11.166632920503616	-1.5508654117584229
-5.1238110065460205	-5.080264091491699
-5.972041368484497	-8.93544852733612
-6.932709574699402	-3.2383639812469482
-10.406786262989044	-9.064409494400024
-5.358236789703369	-4.077076435089111
-8.872965574264526	-5.116705656051636
-10.650131195783615	-4.968041896820068
-6.290041565895081	-3.376368284225464
-7.901073932647705	-4.963207483291626
-8.66198480129242	-7.127915024757385
-5.288954973220825	-3.512741804122925
-9.970365464687347	-1.8578946590423584
-10.413936853408813	-9.290666341781616
-6.0683673620224	-6.7730677127838135
-11.617761701345444	-1.65903639793396
-10.622595816850662	-8.734791040420532
-10.140262305736542	-4.135587930679321
-10.132133066654205	-6.139369368553162
-10.606496304273605	-9.061846196651459
-9.331462919712067	-11.259874507784843
-5.155207872390747	-7.348178029060364
-3.7768478393554688	-3.382504463195801
-4.796827554702759	-10.49701452255249
-3.7491295337677	-8.653353810310364
-9.300044238567352	-6.894506335258484
-8.702037334442139	-4.997202157974243
-5.7813920974731445	-3.3076043128967285
-4.42077112197876	-1.740483283996582
-11.588123515248299	-11.546883523464203
-2.193554162979126	-0.7763800621032715
-6.404801845550537	-8.968539476394653
-11.121796309947968	-6.054775357246399
-10.934426933526993	-4.592824459075928
-6.153548955917358	-8.947338581085205
-6.144762754440308	-11.34222024679184
-4.954164505004883	-8.431568384170532
-7.367324352264404	-7.329896450042725
-10.800963878631592	-9.489124059677124
-7.655819535255432	-10.460874795913696
-9.637701451778412	-3.538656234741211
-7.357279658317566	-2.2364695072174072
-6.3210461139678955	-3.2169063091278076
-3.667696237564087	-3.607018232345581
-4.699119329452515	-3.7736871242523193
-7.983032584190369	-4.69534707069397
-7.014673590660095	-7.034798741340637
-7.040512919425964	-2.7759439945220947
-10.924745589494705	-5.77935004234314
-9.319055199623108	-1.1181056499481201
-9.522749304771423	-2.7590882778167725
-4.5342607498168945	-7.623567223548889
-10.457995176315308	-10.109372198581696
-3.379215717315674	-6.1314815282821655
-8.099010586738586	-4.41916036605835
-8.948346734046936	-7.989382266998291
-9.66948688030243	-6.370331525802612
-6.282162666320801	-5.987132549285889
-9.713606894016266	-4.110393762588501
-8.073416590690613	-7.752000331878662
-11.875702477991581	-1.8737719058990479
-10.128250479698181	-5.463353633880615
-9.172204971313477	-11.01448255777359
-8.034604668617249	-1.7939579486846924
-7.930026412010193	-6.307020306587219
-8.12668490409851	-7.559607267379761
-8.716614603996277	-7.772303581237793
-5.203848123550415	-6.4109108448028564
-7.462170839309692	-3.1610376834869385
-4.268455982208252	-7.295909285545349
-5.049357891082764	-4.45996356010437
-7.986616015434265	-5.034519195556641
-10.053622663021088	-5.308351993560791
-8.956230998039246	-5.215518951416016
-10.559949159622192	-1.6815690994262695
-7.0076984167099	-6.191962480545044
-11.12614157795906	-6.6435288190841675
-7.381163835525513	-11.93665711954236
-8.835025548934937	-9.503782868385315
-11.041317880153656	-2.560549736022949
-9.401884317398071	-4.990251302719116
-8.888632535934448	-7.2201186418533325
-8.820474028587341	-4.111070394515991
-7.4744932651519775	-8.034257054328918
-8.082773923873901	-2.7717318534851074
-10.059818029403687	-4.52764892578125
-11.47125555574894	-3.4440865516662598
-10.076527833938599	-3.207630157470703
-11.12454441189766	-8.160588026046753
-10.670613884925842	-4.617746829986572
-7.8441749811172485	-5.936256408691406
-3.6478614807128906	-6.487011909484863
-9.18675810098648	-10.344849050045013
-4.429497241973877	-5.739754915237427
-7.943973541259766	-3.6310086250305176
-8.218669652938843	-8.366317391395569
-4.911864995956421	-3.5317440032958984
-5.1967949867248535	-10.784670889377594
-8.601956605911255	-8.644298315048218
-6.238185882568359	-1.5306000709533691
-4.921107530593872	-11.963886489160359
-4.568124532699585	-5.208561658859253
-9.260853946208954	-11.66206207126379
-8.55573320388794	-3.563692331314087
-6.80878758430481	-6.169504165649414
-9.27516371011734	-9.82206004858017
-10.073584020137787	-3.831956148147583
-6.929745554924011	-3.5558316707611084
-4.780892372131348	-1.5386881828308105
-11.199203789234161	-7.460392713546753
-10.226198136806488	-9.226900577545166
-11.477130487561226	-6.480767369270325
-9.291447758674622	-8.568593502044678
-10.675660103559494	-7.546392917633057
-5.311491250991821	-8.021952509880066
-7.315045237541199	-10.200160503387451
-11.498730808496475	-6.057819843292236
-9.762916266918182	-6.806384325027466
-10.077966749668121	-2.6521124839782715
-10.442771136760712	-9.650186777114868
-8.748733520507812	-4.374404668807983
-11.718622505664825	-2.3366875648498535
-3.6714978218078613	-0.7366311550140381
-7.094698548316956	-4.455638408660889
-6.3882797956466675	-8.213173985481262
-7.826743483543396	-7.702213883399963
-7.3635478019714355	-8.039238095283508
-4.689745187759399	-3.983630418777466
-10.360553920269012	-4.334913969039917
-7.810879468917847	-4.679811716079712
-9.883156657218933	-2.717946767807007
-8.960014700889587	-3.8791136741638184
-11.323244914412498	-8.42710554599762
-8.0130136013031	-1.6967504024505615
-6.320997834205627	-4.733494520187378
-6.333377480506897	-8.072851181030273
-9.741358280181885	-6.418864846229553
-9.845664739608765	-1.4040405750274658
-9.839426636695862	-4.3032546043396
-6.138922691345215	-3.9807357788085938
-5.003994941711426	-4.859753608703613
-10.739554077386856	-3.915740489959717
-9.75184679031372	-4.110954523086548
-9.067480087280273	-5.656971216201782
-10.122345507144928	-1.7485885620117188
-11.341994181275368	-3.491063117980957
-11.755183942615986	-8.707314848899841
-11.202546536922455	-2.5355865955352783
-3.6427881717681885	-9.647603809833527
-11.628408394753933	-2.0715808868408203
-10.726119607686996	-8.993389248847961
-8.015635371208191	-8.632161855697632
-11.062113761901855	-4.754912853240967
-7.955220937728882	-8.195213913917542
-4.338621139526367	-5.655949831008911
-8.433745980262756	-5.236691236495972
-8.282783389091492	-5.189140319824219
-7.197299480438232	-4.167972564697266
-11.677457861602306	-7.099108457565308
-8.972594976425171	-2.289222478866577
-7.562965393066406	-5.6026575565338135
-7.671932816505432	-4.197627067565918
-7.11763608455658	-5.9542107582092285
-8.269669890403748	-9.497408330440521
-9.282635807991028	-9.587499260902405
-11.315788954496384	-2.2591753005981445
-10.995841830968857	-6.860250949859619
-8.561121225357056	-1.1783151626586914
-8.718725681304932	-0.7950482368469238
-9.666102468967438	-10.254636883735657
-9.566257417201996	-5.290470600128174
-6.9622979164123535	-8.0353102684021
-10.337722778320312	-11.575142428278923
-8.102700591087341	-1.750680685043335
-6.7192143201828	-9.4489204287529
-5.917365074157715	-7.455811858177185
-6.3176010847091675	-4.917796611785889
-7.156822085380554	-2.5985405445098877
-2.73262882232666	-5.075188636779785
-8.927798867225647	-9.665212333202362
-8.271735906600952	-2.5599353313446045
-6.793860912322998	-5.2540905475616455
-10.600411981344223	-6.663103938102722
-11.34830117225647	-10.856210142374039
-10.085512161254883	-9.335806667804718
-10.282664716243744	-4.946066379547119
-4.965826749801636	-5.132828950881958
-6.866797685623169	-5.118820667266846
-8.767008662223816	-6.9965561628341675
-3.7494277954101562	-4.663808584213257
-9.621338367462158	-10.028035283088684
-4.616461515426636	-1.1881070137023926
-7.20648193359375	-1.6959993839263916
-7.49101459980011	-7.2327775955200195
-8.147034645080566	-10.107933461666107
-11.342959642410278	-5.852968454360962
-10.426133394241333	-6.7113189697265625
-9.148509442806244	-4.206192970275879
-6.346116900444031	-6.772120714187622
-8.885048031806946	-5.953872442245483
-9.41895192861557	-9.103698313236237
-10.362057030200958	-6.072418570518494
-3.463876247406006	-2.1656806468963623
-11.135724395513535	-5.490391731262207
-8.848884344100952	-9.94678008556366
-8.78950846195221	-2.447067975997925
-6.919744849205017	-3.015385866165161
-7.195636510848999	-2.086097002029419
-10.158635437488556	-9.891575574874878
-8.144079566001892	-0.850632905960083
-7.812614321708679	-4.5240232944488525
-9.378693222999573	-7.933632731437683
-2.757530450820923	-9.926726818084717
-8.436894178390503	-4.685634613037109
-10.113734900951385	-2.1724112033843994
-2.9963793754577637	-4.723089694976807
-11.734843723475933	-5.0657958984375
-9.577745497226715	-6.153444170951843
-10.485746920108795	-3.0946476459503174
-11.19679069519043	-4.66240382194519
-9.307178914546967	-7.761043667793274
-6.630094528198242	-4.808848142623901
-6.759403109550476	-6.515243053436279
-6.0871464014053345	-7.400829792022705
-5.722370624542236	-4.091427326202393
-4.006343364715576	-7.488269805908203
-7.893156409263611	-2.9170331954956055
-5.863176584243774	-5.416098117828369
-8.038524270057678	-3.2613930702209473
-10.531401336193085	-1.0370349884033203
-10.588548839092255	-8.891623377799988
-6.857306241989136	-11.747510366141796
-8.035936832427979	-5.749633312225342
-11.518284693360329	-1.1028757095336914
-6.012916445732117	-5.697750091552734
-7.032802104949951	-4.742626190185547
-7.6064393520355225	-1.3323147296905518
-11.408935189247131	-10.18738853931427
-6.982367634773254	-10.630636811256409
-11.228408217430115	-8.161752462387085
-3.078526496887207	-3.8997480869293213
-3.164398670196533	-9.183697164058685
-4.189747095108032	-2.9444446563720703
-11.585970863699913	-6.018916726112366
-8.568593502044678	-4.372779607772827
-8.072503566741943	-11.111855864524841
-5.387525796890259	-8.499959707260132
-5.945999622344971	-10.90981337428093
-10.196113407611847	-2.4653592109680176
-11.028214395046234	-6.705381631851196
-11.306529387831688	-7.7536375522613525
-9.143968284130096	-6.156283736228943
-7.163187146186829	-2.4127800464630127
-9.463966012001038	-8.18298590183258
-8.384333968162537	-1.1761722564697266
-10.355245649814606	-11.48948147892952
-8.059391498565674	-4.709898233413696
-9.401737689971924	-5.225373029708862
-9.268832087516785	-5.937671899795532
-7.034727573394775	-4.355289459228516
-6.01910662651062	-3.6875874996185303
-4.677002191543579	-9.357181191444397
-5.7172064781188965	-2.3051555156707764
-10.455114126205444	-3.5338590145111084
-11.317593187093735	-5.504140377044678
-8.666231632232666	-7.95352041721344
-4.455071926116943	-5.831313371658325
-8.134921789169312	-8.37816596031189
-11.570689961314201	-8.96877372264862
-4.677047967910767	-10.786054283380508
-8.248087406158447	-5.4508209228515625
-5.764418363571167	-1.0366694927215576
-9.916952669620514	-2.8614535331726074
-8.451534390449524	-0.6465590000152588
-9.65494966506958	-5.762115955352783
-6.3082534074783325	-9.899599313735962
-10.327555060386658	-11.441635385155678
-4.564230680465698	-9.072795331478119
-11.06671929359436	-6.702513098716736
-5.472438812255859	-3.364983558654785
-9.923290193080902	-0.5874209403991699
-6.072269797325134	-10.176928281784058
-7.715647101402283	-8.103195905685425
-3.8218538761138916	-6.41113007068634
-4.842087507247925	-6.458420634269714
-5.151758909225464	-3.3291163444519043
-8.83738088607788	-1.1632633209228516
-8.767923474311829	-2.027557611465454
-9.133232295513153	-3.5056285858154297
-8.15510094165802	-6.098241448402405
-6.779767870903015	-1.9278631210327148
-4.6067140102386475	-6.510472655296326
-10.132374286651611	-1.1647260189056396
-9.659707188606262	-7.9555370807647705
-9.721262991428375	-4.647824048995972
-7.153849840164185	-1.161257028579712
-9.925720274448395	-1.8163297176361084
-5.5030059814453125	-7.410970330238342
-6.780166983604431	-4.788183689117432
-7.20044732093811	-7.051509618759155
-6.709536910057068	-0.7050755023956299
-8.850640654563904	-4.296292304992676
-10.71292170882225	-4.169518232345581
-10.741159737110138	-11.045419245958328
-5.821665287017822	-6.323036313056946
-7.339762330055237	-10.135185420513153
-8.98396110534668	-1.9807977676391602
-9.11117398738861	-3.1891071796417236
-10.689093142747879	-9.034939527511597
-7.023809552192688	-7.713194131851196
-9.380382478237152	-9.209737122058868
-8.302253723144531	-0.9296994209289551
-9.826909840106964	-9.884612381458282
-10.620940625667572	-1.4531872272491455
-3.8368449211120605	-6.475434064865112
-6.028708577156067	-1.6192739009857178
-9.532562792301178	-5.573260545730591
-6.992924094200134	-3.4938626289367676
-7.421739220619202	-1.0655500888824463
-11.056238293647766	-2.650787830352783
-9.375281631946564	-4.057394027709961
-8.791378855705261	-6.072084188461304
-8.46957278251648	-1.2594573497772217
-8.876981019973755	-1.2593092918395996
-5.422915935516357	-7.886011004447937
-11.6412063986063	-10.383776843547821
-9.228857696056366	-0.695915937423706
-9.367263972759247	-4.512224435806274
-7.504731774330139	-2.281006336212158
-9.114696621894836	-0.7677962779998779
-9.108983874320984	-1.2897391319274902
-11.600239679217339	-6.902085542678833
-10.48508620262146	-5.7733154296875
-9.1325141787529	-3.987419843673706
-6.414658427238464	-6.77187716960907
-8.442580103874207	-3.863320827484131
-10.726092517375946	-10.030713021755219
-8.30068588256836	-3.1056668758392334
-5.4673662185668945	-7.095329403877258
-10.525855779647827	-8.245646238327026
-4.406449556350708	-6.946000814437866
-4.208353757858276	-9.358016788959503
-8.148858547210693	-4.259567499160767
-8.766113519668579	-3.281627655029297
-8.32412588596344	-2.6943140029907227
-6.1652058362960815	-0.7918846607208252
-6.0220524072647095	-5.357450008392334
-10.71633642911911	-5.524129629135132
-9.90321546792984	-11.442653015255928
-6.826195120811462	-3.0907273292541504
-3.5980024337768555	-2.800105333328247
-6.62206757068634	-4.814436435699463
-11.70094645768404	-6.656656265258789
-10.608546406030655	-1.0947160720825195
-10.25260591506958	-2.0008327960968018
-7.110481023788452	-3.2563977241516113
-5.8909056186676025	-7.357976675033569
-11.180367708206177	-7.589423418045044
-8.73326289653778	-5.374013900756836
-9.448385417461395	-9.589311182498932
-8.931190967559814	-1.9726645946502686
-5.096637725830078	-6.942404866218567
-6.000377655029297	-4.32214879989624
-8.441617727279663	-4.26577091217041
-11.88824050873518	-6.556725382804871
-10.935077726840973	-11.02042669057846
-7.9960362911224365	-6.676081538200378
-5.991860389709473	-1.1277308464050293
-11.186470180749893	-1.2098872661590576
-9.026107013225555	-10.307507693767548
-6.905995488166809	-1.603412389755249
-10.033595323562622	-4.963833332061768
-8.5863196849823	-4.499078750610352
-8.704447031021118	-1.4601681232452393
-11.096088856458664	-4.289613246917725
-9.560453653335571	-8.150010466575623
-11.908273195847869	-9.900247514247894
-3.5603721141815186	-7.253844380378723
-9.680098593235016	-6.563782811164856
-11.281107231974602	-10.00435745716095
-9.683026492595673	-3.5478179454803467
-5.320273160934448	-1.4953043460845947
-10.55093702673912	-2.2432830333709717
-3.028080940246582	-4.716756105422974
-5.60695481300354	-8.357705354690552
-6.8158968687057495	-1.0543198585510254
-4.476023197174072	-1.316227912902832
-9.13409149646759	-10.716807693243027
-5.624931335449219	-6.380009293556213
-5.528329610824585	-2.134265899658203
-8.40642249584198	-2.798855781555176
-8.805877447128296	-11.17450287938118
-8.599534392356873	-4.394612789154053
-3.9603846073150635	-7.350926041603088
-9.686394095420837	-9.670511305332184
-6.807418584823608	-4.261384963989258
-11.303636625409126	-4.878152847290039
-8.877673745155334	-9.602254450321198
-8.72660493850708	-5.193905353546143
-10.322831869125366	-6.354959964752197
-6.3763747215271	-8.514636397361755
-9.910167396068573	-2.588029146194458
-8.924081683158875	-6.405243158340454
-10.659496754407883	-0.7860252857208252
-6.480145454406738	-2.030029535293579
-11.446715220808983	-1.3289251327514648
-10.993960976600647	-8.027027249336243
-5.387430667877197	-4.422450542449951
-7.659328579902649	-3.1259636878967285
-10.435817241668701	-4.031443119049072
-6.241962790489197	-2.0592527389526367
-5.17721700668335	-2.8909828662872314
-10.828246414661407	-6.842054128646851
-5.172979831695557	-5.544595956802368
-10.999640017747879	-0.8129417896270752
-3.428413152694702	-2.822474241256714
-7.238173484802246	-3.907633066177368
-7.186209082603455	-7.420034766197205
-9.343830943107605	-1.9171342849731445
-7.172497987747192	-2.5620968341827393
-7.596495509147644	-8.486172437667847
-4.7527077198028564	-3.6359353065490723
-3.6934897899627686	-4.387347936630249
-9.286106944084167	-4.925393342971802
-9.417212784290314	-2.791977882385254
-7.577740788459778	-2.5853054523468018
-10.74893268942833	-3.1597015857696533
-7.004942536354065	-2.343334436416626
-11.073041170835495	-7.905118703842163
-9.396726071834564	-8.548485159873962
-10.809472918510437	-3.85286808013916
-7.023669004440308	-8.263049483299255
-11.193122774362564	-9.970207393169403
-7.594439148902893	-8.947342872619629
-4.66505241394043	-7.277693152427673
-4.131258487701416	-4.372713088989258
-8.5700443983078	-6.677921533584595
-9.228163719177246	-8.237375020980835
-11.466573938727379	-9.190863847732544
-7.693966269493103	-1.4733874797821045
-5.5801777839660645	-4.242271184921265
-8.455016613006592	-4.460854768753052
-10.318240821361542	-1.9203722476959229
-7.813636064529419	-4.6185407638549805
-10.101423382759094	-1.7965757846832275
-9.604663610458374	-9.339965164661407
-11.638404071331024	-8.402252554893494
-11.285195142030716	-8.527927994728088
-4.8035924434661865	-7.034485459327698
-5.836153507232666	-7.48939061164856
-10.429367065429688	-11.748279020190239
-5.23478364944458	-5.5734593868255615
-6.176287293434143	-9.799116790294647
-8.134020209312439	-1.1807785034179688
-7.702707052230835	-5.883564233779907
-8.196665525436401	-3.8437514305114746
-4.680881023406982	-3.780590772628784
-10.87058937549591	-8.9606112241745
-8.466388821601868	-1.2573137283325195
-9.337119698524475	-2.2666397094726562
-5.76160454750061	-5.745891094207764
-4.185816764831543	-8.630679488182068
-4.050634860992432	-9.974200308322906
-9.538484930992126	-7.538226842880249
-8.034359335899353	-5.881844758987427
-8.787661671638489	-2.7587149143218994
-7.667758941650391	-8.643781900405884
-11.538245469331741	-4.767338991165161
-11.007068485021591	-7.154417395591736
-7.599664807319641	-5.694650888442993
-7.817574977874756	-1.9664182662963867
-6.852795839309692	-5.9269208908081055
-7.778607130050659	-1.000563383102417
-8.61604928970337	-3.7664408683776855
-11.697995737195015	-8.576505303382874
-10.337416112422943	-5.517371892929077
-8.553831338882446	-8.394047498703003
-5.995677709579468	-4.50554895401001
-8.444856762886047	-7.493273377418518
-4.086700201034546	-6.333443284034729
-9.531370460987091	-2.7237532138824463
-3.9962289333343506	-2.6452388763427734
-8.09225606918335	-1.905195951461792
-7.661992907524109	-4.184719562530518
-8.677279114723206	-8.64328122138977
-10.419744729995728	-1.7653584480285645
-9.645197689533234	-4.740843772888184
-7.761343717575073	-5.597055673599243
-8.479637145996094	-0.7004806995391846
-4.269775629043579	-7.7345699071884155
-6.600388169288635	-5.90456485748291
-5.55497145652771	-6.489210247993469
-11.15042468905449	-5.788913011550903
-10.714200139045715	-7.612388491630554
-6.174276351928711	-0.7162392139434814
-5.369375467300415	-10.585022449493408
-7.9450907707214355	-4.519493579864502
-10.385063588619232	-1.0527198314666748
-7.303242087364197	-4.8967931270599365
-10.378822803497314	-5.87567925453186
-7.188023686408997	-5.044809579849243
-9.96594089269638	-5.841645956039429
-7.575822830200195	-5.7290167808532715
-6.447035551071167	-5.966036796569824
-8.999828338623047	-3.207343339920044
-1.7418122291564941	-4.589766025543213
-10.044372260570526	-6.449871182441711
-11.110172241926193	-1.6716949939727783
-9.731498837471008	-5.6282007694244385
-5.792733192443848	-0.9721548557281494
-6.017550945281982	-11.002525359392166
-6.198676586151123	-1.757512092590332
-10.563937157392502	-7.346183896064758
-9.324909389019012	-11.171604484319687
-8.785912156105042	-8.424931168556213
-7.140792489051819	-10.27660721540451
-7.110726714134216	-10.863918542861938
-7.771482467651367	-1.855724573135376
-8.27441668510437	-6.495537757873535
-4.903824806213379	-10.427492916584015
-8.828242778778076	-1.6029016971588135
-7.919655203819275	-1.5652191638946533
-5.3341076374053955	-9.709917962551117
-4.34977126121521	-9.21617192029953
-11.720818877220154	-6.839340090751648
-7.134139895439148	-7.62946093082428
-9.712514340877533	-5.918702602386475
-7.261794447898865	-7.601419687271118
-7.202913522720337	-2.5640108585357666
-6.242894411087036	-4.690854549407959
-8.472646594047546	-7.733159422874451
-7.044888854026794	-5.2643516063690186
-8.951658725738525	-7.7098106145858765
-11.249925076961517	-11.827063523232937
-8.389983415603638	-5.330185174942017
-9.086979925632477	-0.8513295650482178
-7.477145075798035	-3.078057289123535
-8.583033442497253	-6.522024035453796
-5.826932430267334	-0.6763858795166016
-10.120849192142487	-10.267336964607239
-10.61853513121605	-8.382399916648865
-9.464776396751404	-8.823724508285522
-7.647871255874634	-8.06502914428711
-6.327137231826782	-6.951958537101746
-4.24963116645813	-5.856786489486694
-10.515866696834564	-1.5822150707244873
-7.215927600860596	-5.597238063812256
-5.007953882217407	-6.789768218994141
-10.150338292121887	-6.125049591064453
-5.2298054695129395	-3.6494815349578857
-11.47571012377739	-7.601066708564758
-11.85833353176713	-10.40849357843399
-11.615565910935402	-7.1571385860443115
-8.158397912979126	-7.307414889335632
-9.965940535068512	-5.6247031688690186
-11.59223373234272	-9.291562736034393
-8.875532984733582	-8.74703299999237
-9.24018108844757	-6.606946349143982
-7.574580430984497	-4.7059900760650635
-8.866653442382812	-5.997945785522461
-9.72201669216156	-6.864645838737488
-5.58408522605896	-7.706418514251709
-9.72883951663971	-7.428349614143372
-7.090657711029053	-7.71039354801178
-9.508619248867035	-9.700303316116333
-5.681132555007935	-4.172553062438965
-8.624273300170898	-8.962647914886475
-10.155009806156158	-10.343101501464844
-6.063253998756409	-3.5125365257263184
-7.212781190872192	-5.865415334701538
-10.982264310121536	-6.919374346733093
-10.186491966247559	-6.270889163017273
-5.7815258502960205	-0.9571852684020996
-11.300587981939316	-1.6855452060699463
-4.776621580123901	-6.043887734413147
-4.8520896434783936	-6.998959064483643
-11.225332885980606	-1.0912628173828125
-11.699426427483559	-2.114262342453003
-10.730400055646896	-5.1448588371276855
-4.660937547683716	-6.534086465835571
-7.585757374763489	-2.960510015487671
-10.012745261192322	-3.1995835304260254
-6.416928648948669	-2.490203619003296
-10.337201535701752	-8.892814993858337
-4.623015403747559	-8.891399502754211
-10.807544767856598	-6.329538345336914
-3.445490598678589	-7.237500786781311
-8.07282829284668	-8.70494556427002
-3.5481112003326416	-10.276847541332245
-11.890316147357225	-11.239539295434952
-7.107913613319397	-3.908395528793335
-8.291696548461914	-3.4568288326263428
-8.425171494483948	-8.852998852729797
-4.953444242477417	-1.8940694332122803
-7.203813314437866	-6.61795449256897
-6.209390044212341	-0.8505878448486328
-4.7381980419158936	-9.788484334945679
-4.263721704483032	-11.82448161765933
-9.569744646549225	-1.2445170879364014
-10.16204059123993	-1.339585304260254
-9.007652699947357	-5.748891592025757
-11.431139901280403	-5.92189621925354
-5.5371294021606445	-5.960127353668213
-9.964604079723358	-3.275916337966919
-9.461426496505737	-2.5616962909698486
-8.668088793754578	-8.130630612373352
-5.008418083190918	-8.555317997932434
-11.203383833169937	-2.183893918991089
-9.709551572799683	-8.363247156143188
-9.904515624046326	-10.3911811709404
-5.521162748336792	-6.019298315048218
-6.848496794700623	-4.4561240673065186
-10.385435163974762	-7.272663831710815
-10.764115512371063	-4.701942443847656
-11.57335451245308	-5.4478919506073
-6.600357413291931	-7.154262542724609
-6.196720719337463	-1.3823068141937256
-4.082491636276245	-1.484360933303833
-8.904759049415588	-1.234740972518921
-7.68397057056427	-9.849421083927155
-9.22300511598587	-8.171380877494812
-8.90437638759613	-9.65293961763382
-9.45411103963852	-9.388801217079163
-8.592759490013123	-4.832792043685913
-9.147996246814728	-8.830185413360596
-10.658498704433441	-1.1299238204956055
-9.983682453632355	-7.5129371881484985
-6.225447177886963	-2.564868450164795
-8.49225389957428	-3.989773750305176
-5.789008855819702	-6.526538729667664
-6.8748228549957275	-5.293887376785278
-7.632441759109497	-1.3967678546905518
-10.853055953979492	-8.589919567108154
-4.193748235702515	-3.8555846214294434
-4.801669120788574	-6.77860701084137
-4.789884567260742	-3.2049264907836914
-9.676751017570496	-9.442749559879303
-6.582683444023132	-6.299274444580078
-10.413103222846985	-3.8678669929504395
-4.556729078292847	-3.6311023235321045
-6.345678806304932	-4.343733072280884
-5.0345213413238525	-6.696758151054382
-11.235791444778442	-6.444194912910461
-9.639450073242188	-2.0147387981414795
-5.471536159515381	-3.905550241470337
-5.840543746948242	-1.1422927379608154
-3.5218756198883057	-1.9513063430786133
-7.20919132232666	-0.9963669776916504
-8.821001529693604	-6.613433003425598
-5.406318426132202	-9.507448375225067
-11.675823524594307	-5.403867244720459
-7.7604957818984985	-5.455462217330933
-6.801502346992493	-4.996154308319092
-10.15085381269455	-2.247284173965454
-10.510711312294006	-7.227942109107971
-4.361066579818726	-4.747057199478149
-6.87866735458374	-1.6379127502441406
-10.190794587135315	-7.948858737945557
-3.8015055656433105	-5.158589601516724
-3.8515727519989014	-7.260985851287842
-3.8443386554718018	-5.42327356338501
-11.698987685143948	-1.264725923538208
-5.779698371887207	-1.495596170425415
-9.226960480213165	-6.719497919082642
-10.23570191860199	-2.336122512817383
-10.970262676477432	-5.527273178100586
-7.1312538385391235	-0.9365050792694092
-6.345101594924927	-7.6675028800964355
-8.528122901916504	-3.3390920162200928
-8.948138236999512	-3.5330371856689453
-4.09480619430542	-6.167026877403259
-10.36573451757431	-0.8061132431030273
-5.315512418746948	-1.2505466938018799
-5.5036633014678955	-4.735700368881226
-3.9888439178466797	-7.794592022895813
-6.54799747467041	-5.74480676651001
-8.716754794120789	-3.8921477794647217
-10.139247357845306	-5.873166561126709
-10.285246789455414	-4.523187875747681
-9.719087362289429	-2.2748115062713623
-4.2730021476745605	-2.9264445304870605
-9.226111114025116	-7.740205407142639
-10.506981521844864	-7.3674269914627075
-4.080948829650879	-3.0538330078125
-9.985194683074951	-5.611521005630493
-6.95460319519043	-4.713808536529541
-10.042307496070862	-7.246616363525391
-7.4280009269714355	-4.444654226303101
-3.8503081798553467	-6.303521275520325
-8.864411473274231	-3.552185297012329
-5.873445510864258	-7.200390100479126
-6.70037055015564	-10.794503599405289
-7.204812526702881	-4.212303400039673
-10.906650334596634	-5.739677667617798
-5.018890142440796	-7.589913368225098
-10.987765073776245	-7.889089465141296
-2.217985153198242	-9.458023309707642
-3.004591226577759	-1.2020316123962402
-7.496359348297119	-7.68519401550293
-7.751664876937866	-1.7065365314483643
-6.458574056625366	-3.906827688217163
-4.316142797470093	-6.981946349143982
-7.611379981040955	-3.5928876399993896
-6.898605823516846	-3.743520498275757
-7.804072380065918	-2.3343865871429443
-11.392842784523964	-2.3538386821746826
-9.84913569688797	-11.92847840487957
-5.651857137680054	-6.4363521337509155
-10.311177134513855	-9.114100992679596
-6.1860058307647705	-6.899846792221069
-10.267508447170258	-4.0388267040252686
-4.24535608291626	-0.947486400604248
-4.1562581062316895	-9.90197378396988
-6.62687623500824	-6.101104259490967
-6.553832530975342	-6.669980049133301
-7.95563006401062	-1.5680358409881592
-8.636034607887268	-4.9062652587890625
-7.002703428268433	-5.8884923458099365
-9.216935276985168	-7.7137720584869385
-9.89195340871811	-2.4755895137786865
-6.232492446899414	-4.714789867401123
-7.096701264381409	-7.031945586204529
-9.474031269550323	-1.0462803840637207
-9.127106487751007	-6.973200559616089
-6.158328294754028	-6.178923726081848
-9.743531942367554	-7.889585494995117
-7.894268274307251	-3.762228012084961
-4.783981561660767	-7.594690918922424
-6.634701490402222	-3.9558606147766113
-8.516587615013123	-6.401853919029236
-10.872642159461975	-5.663966417312622
-10.289239346981049	-7.326138138771057
-7.551915407180786	-7.868514060974121
-8.136924862861633	-3.9641010761260986
-6.375182390213013	-2.5812292098999023
-11.75839877128601	-6.694374918937683
-7.257146716117859	-6.105687260627747
-6.589123249053955	-10.572083115577698
-9.176997005939484	-4.720404624938965
-7.824180364608765	-7.526546001434326
-10.996086090803146	-3.2317185401916504
-7.734195828437805	-6.592696309089661
-10.854864478111267	-10.87845003604889
-11.956448184326291	-4.443721532821655
-7.971513390541077	-7.177322745323181
-7.442879676818848	-9.724893450737
-6.532872676849365	-1.1058590412139893
-8.184515476226807	-9.767437756061554
-9.783717513084412	-4.091084718704224
-11.98110373551026	-4.375079870223999
-10.87813138961792	-5.483747720718384
-9.227752983570099	-1.9644227027893066
-11.043893337249756	-7.074015140533447
-11.162779748439789	-10.02010989189148
-7.273374438285828	-10.360999345779419
-11.100927650928497	-8.05301320552826
-9.960653364658356	-4.18754768371582
-6.293254494667053	-1.3441879749298096
-10.043633759021759	-7.291069865226746
-10.479925274848938	-5.01814341545105
-5.346646070480347	-4.1232991218566895
-10.693024277687073	-7.859283685684204
-8.598031997680664	-7.943063020706177
-9.736229717731476	-2.0704307556152344
-7.5147682428359985	-5.83475661277771
-7.688210606575012	-5.625085115432739
-9.330653071403503	-6.375481009483337
-9.431799352169037	-8.145113110542297
-10.255285084247589	-10.340149998664856
-7.73855459690094	-9.55041629076004
-6.930975437164307	-6.817750811576843
-3.9957540035247803	-5.027368068695068
-5.249079465866089	-2.0976204872131348
-5.05771279335022	-11.101861774921417
-6.760418057441711	-2.7166764736175537
-5.728303670883179	-4.486850738525391
-8.52350127696991	-8.865264415740967
-8.179057359695435	-6.863264679908752
-4.637030839920044	-3.055551767349243
-5.492512464523315	-1.726975679397583
-6.628220200538635	-4.646782636642456
-9.202876210212708	-4.827117204666138
-4.7709503173828125	-4.135408401489258
-9.832883834838867	-7.811851143836975
-9.781804919242859	-1.446218490600586
-4.901666879653931	-3.763004779815674
-11.127496093511581	-9.575686991214752
-9.6672842502594	-2.058912992477417
-8.979240417480469	-1.3579473495483398
-11.492806166410446	-8.846611618995667
-5.4529030323028564	-6.084468126296997
-9.576464474201202	-6.87305760383606
-7.610915780067444	-10.008722484111786
-8.803567886352539	-5.366159677505493
-11.522222578525543	-5.142225980758667
-8.064564943313599	-6.982492089271545
-4.353991270065308	-7.048701524734497
-7.9110331535339355	-8.637564539909363
-9.2952561378479	-2.776170015335083
-10.235763967037201	-4.007473468780518
-9.880427062511444	-6.940911769866943
-7.060382723808289	-5.091495752334595
-10.027408003807068	-8.380335688591003
-10.5791674554348	-0.5878829956054688
-7.6006282567977905	-5.440840244293213
-5.059573173522949	-0.892479658126831
-11.318226635456085	-5.939714670181274
-7.977650284767151	-6.960853457450867
-9.752292215824127	-1.1195068359375
-4.149845838546753	-6.227140545845032
-4.929351568222046	-1.472017765045166
-7.186179041862488	-8.244036197662354
-10.871886670589447	-2.451624870300293
-5.122897624969482	-5.9530720710754395
-6.462023019790649	-8.443459153175354
-10.454571604728699	-2.956058979034424
-10.536475270986557	-5.030596733093262
-8.554676413536072	-7.445909857749939
-11.531615003943443	-8.695730566978455
-7.703933000564575	-6.066355347633362
-4.708542108535767	-0.7548630237579346
-3.9759721755981445	-3.3260750770568848
-9.13266009092331	-7.833668231964111
-6.870639681816101	-8.375060319900513
-7.0642329454422	-6.495291352272034
-6.111369252204895	-1.7273197174072266
-8.718193531036377	-4.045673847198486
-11.051293730735779	-9.20985209941864
-8.023047924041748	-9.52988201379776
-9.676433980464935	-8.23112154006958
-10.692271381616592	-9.424763202667236
-7.614720940589905	-4.0789875984191895
-7.913309454917908	-5.612741231918335
-7.7164067029953	-8.410354971885681
-9.428513646125793	-2.2498347759246826
-9.781446397304535	-9.165054738521576
-10.790189266204834	-0.9958734512329102
-10.15341603755951	-4.091901540756226
-7.535149455070496	-7.7270790338516235
-10.237187683582306	-5.734023571014404
-4.902132511138916	-9.777866005897522
-9.503966689109802	-3.497274398803711
-5.2047271728515625	-4.946537733078003
-5.828189849853516	-2.1694114208221436
-5.788044691085815	-11.273515418171883
-4.677355527877808	-6.380391955375671
-10.11945927143097	-6.247594714164734
-4.750885248184204	-7.451778531074524
-8.626800298690796	-8.179710745811462
-9.094617784023285	-4.514471054077148
-9.746951043605804	-4.940391540527344
-7.517112493515015	-9.139625430107117
-7.337556838989258	-1.3576161861419678
-9.555012166500092	-8.45624041557312
-10.772137731313705	-6.444266080856323
-3.339996099472046	-4.824756145477295
-11.536321252584457	-5.002474308013916
-10.30488896369934	-5.4608423709869385
-6.177385210990906	-1.0266273021697998
-5.973514795303345	-11.153691709041595
-5.426631689071655	-1.620657205581665
-11.86775729432702	-2.450087070465088
-9.280766487121582	-2.598188638687134
-11.25309956073761	-2.5811383724212646
-6.425937294960022	-1.936171531677246
-10.894509047269821	-8.938689351081848
-8.404883980751038	-7.910749912261963
-9.188769578933716	-1.3979601860046387
-5.429900407791138	-8.446290493011475
-10.44797819852829	-2.9912846088409424
-6.422729730606079	-4.35124397277832
-9.32689779996872	-6.332589268684387
-10.535813927650452	-8.56802237033844
-6.237603664398193	-6.002809166908264
-10.468415021896362	-8.337084174156189
-9.45160049200058	-3.6896252632141113
-7.173188209533691	-7.904943466186523
-3.563661575317383	-3.032106399536133
-11.109257698059082	-1.7769534587860107
-10.91976884007454	-1.128711462020874
-8.933680415153503	-3.121030569076538
-5.9228739738464355	-3.5736029148101807
-11.443411007523537	-4.466799974441528
-10.228622138500214	-2.40559458732605
-9.310280442237854	-9.696671068668365
-9.377950251102448	-1.7115583419799805
-6.924710154533386	-0.6116995811462402
-7.09308922290802	-7.064661383628845
-5.414902210235596	-9.177155792713165
-7.105018973350525	-1.654980182647705
-8.897149085998535	-8.382335543632507
-9.717576205730438	-2.128237724304199
-6.6177685260772705	-7.837498426437378
-10.084275484085083	-8.723424196243286
-4.780883073806763	-0.9825425148010254
-11.317653268575668	-1.6028881072998047
-10.377098500728607	-5.977380037307739
-6.535852789878845	-6.705705642700195
-11.839806329458952	-4.406147718429565
-7.424661755561829	-9.314780294895172
-11.965264619328082	-7.817636132240295
-8.294606566429138	-1.5856540203094482
-8.70446240901947	-1.307483196258545
-11.869165599346161	-10.321498811244965
-5.6163811683654785	-3.820674419403076
-8.699926257133484	-3.272981643676758
-9.16227811574936	-0.9256811141967773
-4.169508218765259	-4.145235300064087
-11.72522422671318	-7.87971568107605
-7.235549211502075	-3.390631914138794
-10.430926144123077	-8.026336669921875
-7.145939469337463	-9.424664318561554
-10.70788899064064	-4.420588731765747
-6.301896572113037	-10.290490329265594
-11.43263004720211	-9.72891640663147
-10.222262620925903	-9.081737458705902
-7.4990397691726685	-6.800138711929321
-6.674701452255249	-0.9384169578552246
-8.642457246780396	-10.747992664575577
-9.227842032909393	-6.848185300827026
-6.47950279712677	-9.724100232124329
-4.244592189788818	-0.9310126304626465
-8.670497417449951	-2.7713656425476074
-10.492910385131836	-8.582637906074524
-10.156157612800598	-4.694083213806152
-9.241780757904053	-8.387769341468811
-3.7316229343414307	-9.052041471004486
-5.773836135864258	-6.754941701889038
-8.623611330986023	-11.871717408299446
-11.740085609257221	-2.0954318046569824
-10.080005943775177	-3.364391326904297
-9.949632346630096	-2.9421029090881348
-6.386842489242554	-4.83269190788269
-10.409748494625092	-8.916851878166199
-5.9456541538238525	-2.698714256286621
-9.080595552921295	-3.163909435272217
-3.870699405670166	-1.542478322982788
-8.85903024673462	-6.026191592216492
-9.065004408359528	-5.283985376358032
-9.383632957935333	-4.643337965011597
-10.067772567272186	-8.845725059509277
-8.158711552619934	-8.232894659042358
-8.0538010597229	-7.254619359970093
-9.137172281742096	-11.342247605323792
-4.826951265335083	-3.194681167602539
-7.14468240737915	-8.323175311088562
-11.615307122468948	-8.34432828426361
-6.746495604515076	-3.430850028991699
-11.152412831783295	-5.558298110961914
-7.133824467658997	-2.4873833656311035
-6.741186261177063	-11.240118116140366
-8.549922823905945	-2.5294883251190186
-3.7123303413391113	-8.182663679122925
-8.841349124908447	-5.894170045852661
-9.54326069355011	-6.873029351234436
-8.13282823562622	-5.529883146286011
-9.105783104896545	-2.718013286590576
-11.725416854023933	-3.2090671062469482
-10.300469756126404	-9.219806849956512
-9.151239931583405	-7.515619397163391
-8.386784791946411	-9.4448863863945
-5.410503387451172	-1.7553942203521729
-11.075013399124146	-7.285037040710449
-8.05558168888092	-8.429034948348999
-8.221843242645264	-6.612897276878357
-8.81771171092987	-5.842235326766968
-9.551623284816742	-4.66884183883667
-11.276526153087616	-3.0949501991271973
-10.204021990299225	-1.7287530899047852
-9.16486519575119	-11.71107392013073
-10.00788813829422	-9.164675116539001
-7.913277626037598	-9.555791795253754
-6.046623587608337	-8.516956686973572
-11.085399627685547	-2.5569677352905273
-6.901704668998718	-1.8647639751434326
-4.9743053913116455	-7.2626423835754395
-4.662431716918945	-1.2056071758270264
-10.147830605506897	-1.919267177581787
-8.434762001037598	-2.9775288105010986
-6.775056481361389	-1.3480768203735352
-7.393436551094055	-2.473111867904663
-6.289396405220032	-1.1865742206573486
-7.1605610847473145	-6.825221300125122
-9.805375099182129	-3.528200626373291
-5.008138418197632	-9.74063515663147
-5.767705678939819	-6.564801335334778
-9.887669742107391	-7.555858254432678
-10.539027750492096	-1.9513814449310303
-9.148190796375275	-9.953559458255768
-4.737503528594971	-5.3007988929748535
-9.522071242332458	-6.4879374504089355
-8.842629432678223	-5.121610164642334
-7.712543249130249	-9.652293741703033
-4.851124048233032	-11.459592908620834
-6.307076454162598	-8.655908346176147
-11.888603657484055	-9.984002888202667
-9.30184543132782	-1.242643117904663
-9.430866479873657	-4.647301912307739
-7.382774233818054	-5.321863174438477
-11.325134888291359	-11.233886450529099
-7.278079032897949	-10.435041904449463
-8.862477779388428	-6.228403687477112
-3.7181389331817627	-2.0688071250915527
-11.306958854198456	-1.2544283866882324
-11.167528867721558	-8.89055335521698
-4.590817451477051	-0.804548978805542
-6.108327627182007	-1.882124662399292
-10.396699368953705	-4.004126787185669
-8.37493085861206	-1.2137961387634277
-9.384678661823273	-1.9577701091766357
-5.835007667541504	-9.976978361606598
-8.597424745559692	-3.286348342895508
-10.223857820034027	-10.830298751592636
-5.003234624862671	-7.8398802280426025
-11.351191252470016	-3.7936642169952393
-7.334165811538696	-7.373283863067627
-9.88205873966217	-7.905607223510742
-10.040324449539185	-7.150749921798706
-7.883606672286987	-6.26011848449707
-10.02582174539566	-6.218963384628296
-8.170961737632751	-2.1729061603546143
-8.843528866767883	-10.161300659179688
-3.9769062995910645	-1.0201613903045654
-8.898577094078064	-8.63071060180664
-10.042522430419922	-1.1630051136016846
-8.11836290359497	-4.099902391433716
-7.343026757240295	-10.201914668083191
-10.000954806804657	-5.491335153579712
-7.770047307014465	-8.907784938812256
-9.826615512371063	-4.013044595718384
-11.991159942699596	-4.422528505325317
-7.762866854667664	-3.6820685863494873
-7.257317662239075	-8.632128238677979
-8.763119101524353	-0.814335823059082
-10.87373623251915	-7.215188384056091
-8.770424365997314	-9.387247145175934
-7.457777738571167	-11.35076504945755
-11.262813851237297	-6.205859541893005
-9.094899594783783	-3.661656618118286
-6.325674891471863	-1.8576993942260742
-7.125300407409668	-1.54274582862854
-8.496584415435791	-8.234080195426941
-5.142632961273193	-3.0029876232147217
-6.8628973960876465	-1.6560587882995605
-8.88760757446289	-4.789255857467651
-7.445412755012512	-8.653638124465942
-6.0156354904174805	-10.415147244930267
-8.267383575439453	-7.725425362586975
-6.3796727657318115	-9.558942317962646
-8.18948757648468	-0.9887938499450684
-9.594473361968994	-8.251211285591125
-10.650493651628494	-6.814187407493591
-10.69933220744133	-6.069422721862793
-6.4104520082473755	-7.580276370048523
-8.802983164787292	-3.858110189437866
-6.812689304351807	-7.414858102798462
-9.995497405529022	-8.874713659286499
-4.077376842498779	-7.180325746536255
-9.58818143606186	-3.1967146396636963
-9.684870779514313	-4.843549489974976
-4.179301500320435	-2.2481610774993896
-6.048681020736694	-4.470261096954346
-6.145321369171143	-2.95359206199646
-6.975742936134338	-7.499067664146423
-4.341118097305298	-7.912063837051392
-4.565709829330444	-2.415712594985962
-7.193928122520447	-2.0764997005462646
-5.036957502365112	-8.502856492996216
-5.973693609237671	-2.397461414337158
-7.774257659912109	-10.836589694023132
-6.750099062919617	-5.525490045547485
-5.4847962856292725	-7.488780856132507
-7.972920298576355	-7.084333777427673
-9.905706524848938	-9.67922294139862
-5.825034141540527	-8.547534227371216
-6.324245810508728	-5.543083190917969
-9.348799645900726	-4.043932199478149
-5.943162202835083	-8.138680100440979
-9.603042840957642	-8.88334858417511
-8.950353741645813	-6.92539644241333
-8.275337934494019	-9.472725749015808
-11.848430939018726	-2.4218738079071045
-9.387063145637512	-4.4950690269470215
-6.482426762580872	-10.682496696710587
-8.270021438598633	-10.170128881931305
-8.96143627166748	-6.7500529289245605
-9.831956326961517	-9.046180665493011
-8.801514744758606	-6.806528449058533
-10.180814802646637	-8.180410623550415
-6.886179327964783	-10.971226841211319
-7.658523917198181	-10.064832866191864
-5.541838645935059	-2.7284510135650635
-9.551845908164978	-6.831049561500549
-6.200700402259827	-2.9935526847839355
-6.384552955627441	-2.4130990505218506
-10.190044283866882	-9.878097474575043
-3.5259268283843994	-3.0578906536102295
-7.379099607467651	-11.584847688674927
-10.451717734336853	-6.896625280380249
-4.9518349170684814	-7.151498436927795
-7.3067851066589355	-4.92076563835144
-10.413776814937592	-4.398706912994385
-7.624410510063171	-2.438934087753296
-4.956615686416626	-6.467219352722168
-9.321140348911285	-2.222325325012207
-11.931315992027521	-8.286978721618652
-9.813254714012146	-11.287473142147064
-9.065100073814392	-2.5442862510681152
-11.049324184656143	-8.194430708885193
-9.936075031757355	-1.798410415649414
-11.11649975180626	-2.805671453475952
-8.692590594291687	-6.524994134902954
-8.560385942459106	-6.44505250453949
-8.33577811717987	-5.637082815170288
-4.097692966461182	-3.6024577617645264
-9.213962316513062	-9.497220754623413
-6.993005275726318	-6.414718151092529
-8.15626072883606	-7.879922389984131
-8.029586791992188	-2.2133939266204834
-7.165984153747559	-9.761472880840302
-11.850237384438515	-5.65848183631897
-10.963879823684692	-3.0836727619171143
-5.666512727737427	-1.2410187721252441
-7.911911129951477	-7.774510502815247
-11.974376239813864	-8.7179696559906
-8.337303400039673	-2.137108325958252
-6.489587903022766	-6.540100336074829
-6.1712236404418945	-3.1055617332458496
-11.43300448358059	-3.6805765628814697
-9.863775551319122	-1.0186457633972168
-8.1873117685318	-8.801373481750488
-5.92029333114624	-6.92399525642395
-8.295341849327087	-9.377793967723846
-6.012551665306091	-6.079709887504578
-10.776480674743652	-7.656447172164917
-10.173590004444122	-1.7832748889923096
-11.08102172613144	-9.804100513458252
-10.051901042461395	-5.438241004943848
-10.219932854175568	-6.468338370323181
-8.037903070449829	-6.437004089355469
-7.3902751207351685	-5.562691926956177
-5.9623332023620605	-2.2866475582122803
-6.946054458618164	-7.698242425918579
-7.965538859367371	-6.903841853141785
-10.972416311502457	-10.942420899868011
-11.384159624576569	-10.612768024206161
-6.197464227676392	-11.051660656929016
-8.986001014709473	-7.691345930099487
-7.512713670730591	-1.8296856880187988
-6.898507475852966	-10.74076732993126
-9.895306706428528	-7.975757360458374
-7.099919557571411	-5.049264907836914
-3.3413028717041016	-8.89283001422882
-11.360039949417114	-1.4613826274871826
-8.028857588768005	-10.039438962936401
-6.790200233459473	-5.093429803848267
-10.600226283073425	-8.482874035835266
-8.815387845039368	-6.485851407051086
-10.198269724845886	-1.8420703411102295
-11.696419693529606	-2.779153347015381
-6.8496633768081665	-1.9668760299682617
-8.904011607170105	-2.0097856521606445
-9.57628083229065	-5.823909759521484
-7.770488977432251	-10.358750581741333
-11.710573218762875	-9.966562986373901
-5.303720712661743	-7.347150206565857
-9.334741830825806	-5.868340015411377
-9.341875612735748	-11.405162572860718
-7.0588299036026	-7.057136535644531
-7.773642897605896	-8.011816620826721
-8.231464862823486	-1.3282957077026367
-5.957868576049805	-6.942761421203613
-9.460587680339813	-1.1099109649658203
-9.93439382314682	-8.381122469902039
-3.9966044425964355	-6.0342525243759155
-8.401095986366272	-2.06514573097229
-7.354132890701294	-1.1793301105499268
-11.27654068171978	-6.912569046020508
-10.11875993013382	-4.004293441772461
-9.335637152194977	-2.498288154602051
-5.711294174194336	-7.821581125259399
-11.412137031555176	-6.406294584274292
-9.186359167098999	-4.32787299156189
-11.62095133960247	-1.427633285522461
-9.62192291021347	-9.769515216350555
-7.3970736265182495	-5.165705680847168
-6.243230938911438	-3.1370222568511963
-7.972275495529175	-6.765260338783264
-8.336956858634949	-10.428015410900116
-7.289299964904785	-3.3209452629089355
-6.855637192726135	-4.449640989303589
-6.7932504415512085	-6.147750735282898
-7.977746486663818	-7.79164731502533
-8.122880101203918	-1.4228432178497314
-5.00646185874939	-2.054499864578247
-10.33070969581604	-2.858820676803589
-9.687791883945465	-3.3169312477111816
-9.222964525222778	-6.519230604171753
-11.421484172344208	-2.5015053749084473
-9.599245011806488	-7.400709629058838
-9.114965736865997	-4.132840633392334
-4.549070119857788	-2.224308729171753
-11.04671135544777	-9.642307341098785
-6.417742609977722	-9.271415948867798
-7.576285243034363	-5.236788511276245
-7.595735549926758	-5.3400750160217285
-9.743768692016602	-5.147676229476929
-3.209102153778076	-4.402787446975708
-7.1355156898498535	-0.7138717174530029
-9.318678617477417	-5.62480902671814
-7.180103659629822	-6.160945773124695
-7.9618366956710815	-4.7850494384765625
-5.921907663345337	-2.724416971206665
-10.30868911743164	-7.947482585906982
-9.145327270030975	-5.335576057434082
-7.528588056564331	-8.816836953163147
-9.06124895811081	-7.045783996582031
-8.85595428943634	-10.77756267786026
-8.58820652961731	-4.043173313140869
-8.740797400474548	-0.9892086982727051
-11.819857858121395	-6.929917931556702
-7.182662844657898	-5.887213468551636
-11.565960019826889	-7.571242690086365
-4.373419761657715	-7.6675697565078735
-11.379097133874893	-10.016265571117401
-9.163829326629639	-3.9575886726379395
-11.388949066400528	-9.585281252861023
-10.320975244045258	-1.226766586303711
-10.587737113237381	-2.0265183448791504
-7.908989667892456	-2.530639886856079
-7.944938778877258	-8.609869837760925
-10.472066223621368	-4.9868316650390625
-11.614259093999863	-4.585466623306274
-11.387302190065384	-8.310011744499207
-3.4342081546783447	-6.263411521911621
-11.607080027461052	-2.792184591293335
-8.93746304512024	-2.894918918609619
-6.925373196601868	-6.5003238916397095
-6.422466158866882	-8.386426448822021
-8.225393772125244	-11.980915813241154
-9.532977640628815	-7.272048711776733
-10.225211799144745	-2.524714708328247
-11.792177729308605	-4.548848390579224
-5.896519660949707	-4.911196231842041
-4.794247627258301	-4.307496070861816
-8.72413694858551	-10.187593281269073
-9.720113933086395	-9.11079454421997
-9.30937510728836	-3.983393669128418
-8.05463182926178	-4.644511699676514
-4.8184425830841064	-6.685426712036133
-10.190961599349976	-4.060009002685547
-8.578046679496765	-5.518588542938232
-11.641614317893982	-7.952310919761658
-5.609642744064331	-3.896610975265503
-9.736661732196808	-2.7939562797546387
-8.915711402893066	-7.824789047241211
-7.804479360580444	-6.461509108543396
-8.595040082931519	-3.5579910278320312
-10.774081438779831	-7.166290283203125
-11.379079475998878	-6.640901684761047
-7.147659659385681	-5.474503755569458
-6.100351810455322	-5.5367982387542725
-3.6591503620147705	-8.670237421989441
-4.932568788528442	-3.250683546066284
-4.785088777542114	-6.993519902229309
-11.659321546554565	-8.625725626945496
-7.405031204223633	-6.645795106887817
-9.395335614681244	-7.721468925476074
-5.498037815093994	-5.8965654373168945
-6.6681318283081055	-10.091694474220276
-9.778041422367096	-2.1284780502319336
-8.162147283554077	-11.45297572016716
-6.369059085845947	-4.687696695327759
-10.822654724121094	-1.7171781063079834
-3.254033088684082	-7.948889136314392
-11.591643065214157	-8.824362516403198
-8.628400325775146	-5.594936370849609
-5.162822484970093	-6.093490719795227
-6.19642174243927	-5.104765892028809
-5.890472888946533	-3.2875664234161377
-3.324521541595459	-1.3765976428985596
-7.996249437332153	-4.059272289276123
-8.071909546852112	-8.342514753341675
-5.841466426849365	-7.816751718521118
-11.477249801158905	-3.6364338397979736
-8.333701729774475	-9.30102127790451
-8.453257441520691	-1.0440595149993896
-4.945233106613159	-9.135987639427185
-6.761715531349182	-0.7194771766662598
-11.052520662546158	-10.08631682395935
-7.90173876285553	-1.1670312881469727
-7.94631814956665	-2.514005184173584
-9.274840593338013	-4.325043439865112
-10.09201169013977	-8.725043892860413
-6.447146773338318	-7.804210066795349
-9.996915578842163	-2.8372678756713867
-4.756364107131958	-4.446682691574097
-10.825324952602386	-0.9600262641906738
-9.017520189285278	-3.710958480834961
-6.124744892120361	-7.55330765247345
-7.937084913253784	-0.7166948318481445
-11.316384717822075	-9.81741589307785
-7.870866894721985	-7.644507050514221
-10.241409480571747	-9.52597063779831
-7.404484391212463	-5.770891427993774
-3.1600871086120605	-2.466280460357666
-7.053144335746765	-10.05638712644577
-7.096868991851807	-1.1512434482574463
-5.541214942932129	-7.11769437789917
-5.99506402015686	-1.7710425853729248
-5.49002480506897	-6.431700825691223
-8.071131348609924	-9.103645384311676
-3.951221466064453	-7.744072079658508
-10.448041141033173	-8.748186349868774
-6.927164554595947	-5.063963413238525
-8.028139114379883	-7.928967475891113
-5.4041383266448975	-3.2620739936828613
-4.125159502029419	-3.6717138290405273
-9.720930755138397	-4.687988519668579
-4.956448316574097	-9.083233416080475
-5.628582715988159	-5.073145151138306
-9.870377719402313	-4.485421657562256
-8.96801483631134	-9.301661610603333
-6.955592393875122	-8.836901664733887
-5.163285255432129	-6.423516511917114
-2.9696009159088135	-5.155466079711914
-5.048669099807739	-8.417851567268372
-11.797642529010773	-10.17879170179367
-8.3218674659729	-10.282472848892212
-9.162806510925293	-9.568333983421326
-6.862753629684448	-3.2542526721954346
-8.77121901512146	-9.052355647087097
-9.482068955898285	-1.2924013137817383
-11.160944759845734	-6.831043481826782
-4.034014463424683	-8.649288654327393
-5.376324892044067	-0.9865422248840332
-8.420856714248657	-6.4803231954574585
-4.593685626983643	-7.830011487007141
-8.109490513801575	-8.082652688026428
-4.078442573547363	-1.3474760055541992
-8.429508447647095	-2.833245277404785
-8.60328984260559	-4.966801643371582
-8.718805432319641	-11.150629431009293
-10.528586626052856	-5.3160624504089355
-6.31020712852478	-4.4032981395721436
-9.849887430667877	-0.922943115234375
-10.633150309324265	-1.2723755836486816
-8.371740102767944	-5.1756205558776855
-4.952717542648315	-5.301303148269653
-7.057921886444092	-7.31210196018219
-11.345010593533516	-3.357105016708374
-11.642403803765774	-0.6401910781860352
-11.584012001752853	-6.491331696510315
-9.455862164497375	-9.481134295463562
-7.9294960498809814	-9.11904752254486
-11.55248375236988	-10.309528291225433
-9.511724352836609	-5.688629150390625
-4.448837757110596	-5.697697877883911
-10.333363473415375	-6.074908375740051
-8.403556823730469	-6.821398615837097
-9.110191226005554	-3.599766254425049
-3.7387075424194336	-8.645501732826233
-6.829208135604858	-1.1298637390136719
-5.306645393371582	-7.707844376564026
-11.320044949650764	-2.3406171798706055
-7.275687575340271	-7.030892014503479
-3.6694228649139404	-3.5752816200256348
-7.750073432922363	-4.354341745376587
-9.933420896530151	-3.166365623474121
-10.918714463710785	-7.9747374057769775
-6.268563866615295	-0.9116055965423584
-7.096822142601013	-1.1478917598724365
-9.414862275123596	-6.937343716621399
-7.515650510787964	-3.2395377159118652
-7.945372223854065	-4.093426465988159
-11.690220326185226	-10.263437926769257
-6.905987620353699	-2.7828705310821533
-10.670942902565002	-5.240210294723511
-4.4803526401519775	-5.393401622772217
-8.791935682296753	-1.7323050498962402
-9.862794041633606	-8.866501092910767
-10.268607079982758	-3.472935676574707
-5.006429672241211	-4.104068040847778
-10.769981414079666	-11.860138714313507
-6.749826908111572	-7.696695685386658
-10.226445078849792	-1.1794931888580322
-6.539345026016235	-7.695093512535095
-7.117340683937073	-10.908752828836441
-5.9918317794799805	-1.1114208698272705
-10.03470665216446	-7.77962851524353
-6.314578413963318	-7.504299759864807
-5.301048517227173	-9.173003554344177
-9.059810936450958	-2.127797842025757
-11.042831540107727	-2.516920566558838
-5.880883455276489	-2.344187021255493
-5.905119895935059	-5.050771236419678
-10.092247545719147	-8.537745594978333
-7.283886551856995	-3.801283121109009
-7.97710382938385	-2.181231737136841
-7.615473031997681	-7.959876894950867
-5.911379814147949	-10.340094923973083
-8.3095121383667	-0.9861710071563721
-11.276478677988052	-8.526305079460144
-6.102824449539185	-4.883571624755859
-5.405783414840698	-2.3329217433929443
-3.81233811378479	-8.19468355178833
-5.537250995635986	-10.492244839668274
-10.351824402809143	-2.3979878425598145
-5.973094940185547	-7.416571140289307
-8.869253754615784	-8.294394493103027
-7.34720778465271	-1.6493961811065674
-7.6255656480789185	-1.1823363304138184
-5.9498326778411865	-6.525175452232361
-9.492450892925262	-11.292231559753418
-6.182749629020691	-6.21777069568634
-10.19702035188675	-4.79597282409668
-8.75739598274231	-1.856522798538208
-7.345258712768555	-6.453949213027954
-6.594837784767151	-2.8128433227539062
-6.839925527572632	-3.1321041584014893
-8.765421509742737	-2.8554482460021973
-11.384476125240326	-1.8532769680023193
-10.265894293785095	-9.089630126953125
-6.294716119766235	-1.9196348190307617
-11.486954391002655	-1.6247920989990234
-10.26942640542984	-9.572400748729706
-7.615391135215759	-3.7290265560150146
-9.38059937953949	-7.083839178085327
-10.212714850902557	-2.9282455444335938
-4.2557373046875	-5.480524063110352
-8.971131205558777	-10.380573391914368
-11.345485657453537	-7.285218358039856
-11.497122019529343	-0.7932393550872803
-8.588117122650146	-5.6376729011535645
-5.657588481903076	-2.6353325843811035
-6.259435057640076	-7.138684630393982
-11.20842531323433	-0.7993419170379639
-8.31535255908966	-1.4738059043884277
-11.79496742784977	-1.144923448562622
-6.797162890434265	-6.928778886795044
-9.597766935825348	-2.2544360160827637
-8.902707695960999	-7.140625834465027
-11.219041496515274	-10.060487866401672
-7.442505598068237	-5.678141355514526
-5.8684022426605225	-1.1877515316009521
-3.788632392883301	-10.998741924762726
-10.119125783443451	-6.9365150928497314
-11.659606240689754	-8.448089718818665
-5.952073574066162	-8.209721446037292
-5.8502726554870605	-11.308357760310173
-11.68649686127901	-8.89539885520935
-5.7920708656311035	-4.269943714141846
-5.334686994552612	-1.186983346939087
-4.769525527954102	-7.765893459320068
-7.246564507484436	-5.489208698272705
-8.834172248840332	-2.6328463554382324
-8.539271593093872	-6.3184157609939575
-5.940178871154785	-10.600302278995514
-11.51736630499363	-1.28173828125
-5.805050611495972	-6.003549098968506
-7.079543709754944	-6.192293643951416
-10.368223249912262	-8.30836808681488
-11.14033117890358	-1.2697734832763672
-9.726672112941742	-5.442702054977417
-8.70029604434967	-6.843636989593506
-6.281293988227844	-2.446492910385132
-7.500645875930786	-8.058059334754944
-11.973326973617077	-8.753320097923279
-11.245258837938309	-8.817244291305542
-5.710060358047485	-3.2062761783599854
-5.611161231994629	-6.996179223060608
-9.98102992773056	-8.380085349082947
-8.31804084777832	-3.689547300338745
-11.03610509634018	-3.806178331375122
-8.071950316429138	-0.9921784400939941
-8.595886588096619	-5.6674582958221436
-11.431981086730957	-2.284980297088623
-10.210916519165039	-5.313886642456055
-9.00012892484665	-5.891482830047607
-7.832988023757935	-10.523880064487457
-2.979811191558838	-7.893224358558655
-4.883947134017944	-3.5597083568573
-2.995957374572754	-1.9703757762908936
-5.666906833648682	-9.333073139190674
-8.957107186317444	-5.943291664123535
-10.218524158000946	-4.274909019470215
-9.16383844614029	-5.17546534538269
-7.46859347820282	-11.19303086400032
-6.6674745082855225	-4.727477073669434
-10.721693515777588	-7.180314302444458
-8.988855957984924	-8.920545816421509
-4.604642629623413	-4.958928823471069
-8.662911057472229	-7.786167025566101
-4.456138372421265	-1.4503512382507324
-8.226448059082031	-8.677015900611877
-10.893185555934906	-5.804198741912842
-4.787031412124634	-4.700377464294434
-8.957762360572815	-3.5131237506866455
-9.574171364307404	-6.392476916313171
-11.698560923337936	-8.726946830749512
-9.136863827705383	-2.8388564586639404
-9.974583327770233	-7.445523262023926
-11.949857633560896	-6.993241310119629
-9.34872418642044	-4.079078435897827
-5.665656566619873	-9.912796676158905
-9.911503314971924	-2.9813075065612793
-7.832192659378052	-8.77263629436493
-9.707718908786774	-8.201785326004028
-8.128779530525208	-1.6472511291503906
-6.490374326705933	-5.04193639755249
-4.957140684127808	-2.0853281021118164
-9.775747776031494	-5.800679683685303
-5.867310047149658	-6.749274730682373
-10.15319162607193	-4.817286014556885
-8.58200204372406	-10.897007077932358
-4.8431596755981445	-11.020449131727219
-9.687060177326202	-10.948444247245789
-11.420584693551064	-11.376438438892365
-9.152074456214905	-1.799302339553833
-6.849913001060486	-6.270756125450134
-7.648290753364563	-1.9927711486816406
-9.638221263885498	-7.799306273460388
-8.882346153259277	-3.3521640300750732
-11.500533387064934	-6.151855945587158
-8.865857005119324	-1.7966387271881104
-3.9349701404571533	-3.3323793411254883
-10.501641869544983	-9.346695899963379
-11.584341868758202	-6.244447231292725
-8.348576188087463	-2.6319687366485596
-5.437330484390259	-10.164083182811737
-7.266081690788269	-6.8382532596588135
-4.9459991455078125	-4.331701040267944
-5.471547603607178	-3.521937131881714
-6.652698040008545	-7.448049545288086
-4.067090034484863	-2.976069688796997
-9.52056884765625	-3.767490863800049
-8.382496118545532	-6.097693204879761
-6.441051006317139	-7.79535698890686
-8.941477417945862	-0.918266773223877
-9.149097740650177	-5.487789630889893
-5.652608156204224	-10.683377176523209
-7.554811120033264	-1.1834306716918945
-7.463106036186218	-3.052058458328247
-11.676400735974312	-3.366055727005005
-6.2012704610824585	-7.458963632583618
-9.621711730957031	-2.536198854446411
-11.813474413007498	-7.17078173160553
-8.347989320755005	-8.560762882232666
-9.957607626914978	-0.8774664402008057
-4.5999133586883545	-10.773481875658035
-4.563408851623535	-7.185641884803772
-10.561649858951569	-4.317153453826904
-4.2213099002838135	-3.5206804275512695
-5.859633922576904	-5.3643858432769775
-9.74233227968216	-6.568866491317749
-7.704937934875488	-8.346274495124817
-7.484050512313843	-2.2171218395233154
-9.9501371383667	-2.4264535903930664
-3.805143356323242	-11.232847452163696
-5.347323417663574	-6.5529091358184814
-11.765048459172249	-11.079785406589508
-10.469270288944244	-6.516486167907715
-10.654194742441177	-6.473585486412048
-11.025173485279083	-3.1397531032562256
-6.914019584655762	-2.1587119102478027
-8.741580247879028	-5.411986827850342
-7.056914806365967	-3.7571325302124023
-8.838301062583923	-10.872604787349701
-8.871062278747559	-6.1397212743759155
-7.009261965751648	-3.95169997215271
-9.364683330059052	-3.7284185886383057
-7.7791314125061035	-4.005531549453735
-7.15801727771759	-9.816682040691376
-10.809306621551514	-7.436212420463562
-11.050779640674591	-6.227075815200806
-6.666141629219055	-6.8831552267074585
-7.078800916671753	-7.261295557022095
-4.5013267993927	-8.48090672492981
-8.63368535041809	-5.128108978271484
-11.711446680128574	-7.682388067245483
-10.154371798038483	-3.781298875808716
-10.925488203763962	-8.52678394317627
-11.663450337946415	-8.160836577415466
-6.867026209831238	-3.4463188648223877
-9.668041348457336	-11.52172565460205
-6.319839835166931	-7.686894536018372
-9.210914254188538	-8.010980486869812
-3.9962518215179443	-3.4204444885253906
-9.348449170589447	-4.780021905899048
-10.645615428686142	-6.94392192363739
-8.127771377563477	-4.401681661605835
-4.865329742431641	-3.068676710128784
-10.939896404743195	-6.137763977050781
-11.569760531187057	-0.9448492527008057
-6.000930905342102	-10.607127785682678
-6.802165389060974	-7.588888049125671
-6.733505129814148	-5.249952077865601
-9.391074299812317	-5.548911094665527
-8.935368418693542	-3.5009658336639404
-6.247838616371155	-5.596047878265381
-5.67765998840332	-4.280350685119629
-10.359954357147217	-6.307648658752441
-10.781702488660812	-7.698509216308594
-6.669899225234985	-5.242599248886108
-9.276532709598541	-10.534442335367203
-11.09470322728157	-7.452976942062378
-9.730084240436554	-7.3014854192733765
-8.572538137435913	-4.054795503616333
-5.17765474319458	-1.0284483432769775
-10.711891204118729	-4.407123327255249
-9.09890466928482	-7.740522980690002
-7.974523901939392	-4.105364799499512
-8.101148843765259	-11.656917527318
-7.780228972434998	-1.4255776405334473
-8.9514981508255	-2.4404983520507812
-11.234810382127762	-5.6274354457855225
-6.254141092300415	-4.802212715148926
-5.711107492446899	-2.0946500301361084
-9.484614193439484	-8.498026371002197
-11.56744372844696	-8.505568742752075
-6.398486495018005	-1.0019817352294922
-11.436261489987373	-9.879426062107086
-6.317806005477905	-8.718518614768982
-11.140946567058563	-2.7155749797821045
-6.147503972053528	-11.68921036273241
-5.013608694076538	-6.980202555656433
-10.793912529945374	-1.0362575054168701
-7.021978497505188	-5.207152605056763
-7.190175890922546	-5.196591854095459
-10.968232870101929	-7.793102860450745
-8.863200187683105	-10.687950879335403
-9.49697595834732	-9.88143503665924
-10.868014454841614	-2.1603147983551025
-7.552197217941284	-1.9181642532348633
-5.13102650642395	-4.951588869094849
-7.486256718635559	-8.09618353843689
-6.153565406799316	-1.0227949619293213
-5.989277601242065	-8.14076828956604
-8.3228759765625	-1.3634297847747803
-7.649431228637695	-5.308293342590332
-6.538058638572693	-9.076462626457214
-11.501957550644875	-4.013659715652466
-8.888562083244324	-2.1080267429351807
-6.520475506782532	-5.560195684432983
-9.165040791034698	-6.78926682472229
-10.106079339981079	-4.0588788986206055
-9.397722780704498	-4.9073896408081055
-8.146286845207214	-7.3546611070632935
-4.507729768753052	-1.1103358268737793
-9.04430204629898	-1.3545019626617432
-7.989596128463745	-6.516189694404602
-10.360981106758118	-3.749722480773926
-7.668606519699097	-1.6852247714996338
-8.35420846939087	-10.50649693608284
-5.379027843475342	-1.7329216003417969
-11.465585634112358	-5.76265811920166
-11.585148677229881	-4.5312581062316895
-9.091141819953918	-7.980250239372253
-11.106933832168579	-2.4065701961517334
-11.096827805042267	-9.152746617794037
-9.737004697322845	-3.0454888343811035
-10.837306022644043	-5.350274562835693
-5.826669216156006	-10.3634153008461
-6.124699115753174	-5.826375246047974
-9.684145510196686	-8.605409860610962
-8.584132432937622	-7.372266054153442
-11.865616757422686	-6.562482476234436
-4.396380186080933	-10.553289413452148
-11.632508933544159	-6.883700251579285
-7.189082980155945	-4.52927827835083
-11.381909027695656	-11.561297222971916
-6.962224960327148	-2.5890047550201416
-7.6311904191970825	-1.372258186340332
-3.3907814025878906	-7.590522050857544
-8.675071477890015	-11.223221451044083
-9.132134020328522	-11.025293737649918
-7.826433420181274	-1.2980446815490723
-11.21872964501381	-8.76123583316803
-5.413425922393799	-1.1128864288330078
-3.4037468433380127	-1.3895065784454346
-10.682239383459091	-9.597713828086853
-8.67435872554779	-10.62372037768364
-8.143712639808655	-5.709587574005127
-11.356367692351341	-6.004328727722168
-9.47913908958435	-6.364203572273254
-3.6299328804016113	-6.1754114627838135
-10.81534257531166	-5.035989046096802
-8.396737575531006	-8.13695204257965
-4.962675333023071	-0.9462118148803711
-11.82937317341566	-10.46127837896347
-9.246807754039764	-3.907675266265869
-11.127803832292557	-10.451774418354034
-4.858226537704468	-6.965582370758057
-5.361477613449097	-1.6503596305847168
-6.974652171134949	-1.090120553970337
-9.79939341545105	-6.566147804260254
-10.912238448858261	-9.75966864824295
-6.37582790851593	-5.157726287841797
-10.477556347846985	-6.221817970275879
-8.37752652168274	-4.55953574180603
-11.446557328104973	-9.223402976989746
-3.4660019874572754	-5.854158639907837
-4.908907413482666	-4.265357494354248
-7.574105143547058	-11.011718273162842
-11.151407897472382	-10.65500870347023
-6.320109128952026	-6.213711261749268
-10.714359909296036	-1.3680024147033691
-11.16662710905075	-5.805451154708862
-10.972253501415253	-8.368415236473083
-5.1726157665252686	-4.260184049606323
-11.903757501393557	-11.827215481549501
-10.085198163986206	-2.098573923110962
-10.67451560497284	-7.6224260330200195
-7.955224514007568	-9.045473277568817
-7.29242205619812	-3.3057239055633545
-11.399728149175644	-3.8082540035247803
-10.616201162338257	-4.045022964477539
-4.0944178104400635	-0.7289636135101318
-9.320163488388062	-10.436473309993744
-10.723316967487335	-3.6055026054382324
-7.909957766532898	-7.7046568393707275
-9.451462626457214	-8.47342836856842
-8.9365074634552	-7.75180971622467
-11.245536714792252	-6.917298316955566
-8.011696100234985	-7.713468432426453
-3.249742269515991	-5.230840444564819
-9.135101616382599	-3.902674913406372
-6.341805338859558	-9.99941772222519
-10.029113352298737	-8.183884978294373
-8.455130338668823	-1.5850088596343994
-5.896367311477661	-1.5788776874542236
-4.432310342788696	-8.068464159965515
-11.152565002441406	-2.8186261653900146
-8.569347381591797	-8.015562415122986
-6.547241449356079	-6.747207283973694
-6.390950560569763	-0.8063907623291016
-4.970853567123413	-6.024409174919128
-11.87049289047718	-1.5245726108551025
-8.668334126472473	-7.773798823356628
-6.699223637580872	-7.420474290847778
-7.475892663002014	-6.983406901359558
-7.188465714454651	-1.555345058441162
-11.232857197523117	-5.905751466751099
-8.030878901481628	-1.1355607509613037
-8.203097105026245	-8.74946916103363
-6.274306297302246	-8.704904437065125
-8.551840424537659	-8.700961232185364
-11.050358533859253	-8.158113956451416
-9.44876253604889	-5.505700349807739
-7.260559916496277	-9.421425819396973
-9.85887587070465	-9.038380801677704
-9.047281801700592	-3.0923352241516113
-7.9580429792404175	-5.491678476333618
-6.964123964309692	-5.65577244758606
-7.487643599510193	-1.6415348052978516
-5.695646524429321	-4.13231635093689
-11.788830265402794	-4.890788555145264
-5.629077672958374	-8.725261330604553
-4.853065252304077	-7.757514953613281
-8.184416770935059	-11.922079727053642
-10.013901829719543	-5.590819358825684
-7.125151991844177	-1.5157785415649414
-7.222130298614502	-7.500068306922913
-11.515422597527504	-4.423128604888916
-9.776937067508698	-1.0721869468688965
-9.160220682621002	-2.87978196144104
-6.489500641822815	-2.2511966228485107
-4.419458627700806	-10.763162344694138
-9.173554480075836	-10.003523647785187
-10.798502326011658	-6.84931218624115
-7.734657526016235	-3.425623655319214
-6.338037729263306	-5.006310224533081
-11.66761328279972	-10.979869902133942
-11.158864885568619	-7.312777519226074
-10.451296091079712	-7.065642356872559
-8.043607234954834	-8.142659783363342
-10.089259386062622	-9.957362830638885
-9.446417927742004	-0.8124103546142578
-7.999849319458008	-2.4521427154541016
-10.21712350845337	-7.234217047691345
-10.36571878194809	-4.832180500030518
-10.933757901191711	-5.436089515686035
-8.567211985588074	-3.3356223106384277
-11.102286547422409	-10.353061974048615
-11.119597613811493	-1.19404935836792
-10.092801868915558	-9.671498715877533
-10.173913657665253	-1.7141268253326416
-6.567007899284363	-1.8460485935211182
-8.447914838790894	-6.529794931411743
-9.841539859771729	-1.789658546447754
-11.711145155131817	-9.783480763435364
-8.726725101470947	-9.63188123703003
-11.152748018503189	-1.5454859733581543
-7.034962177276611	-0.9767582416534424
-7.561441540718079	-8.347665309906006
-9.96947568655014	-5.231540679931641
-5.718718528747559	-3.5882277488708496
-4.677085876464844	-2.569068431854248
-7.372439861297607	-8.47361433506012
-6.197771072387695	-3.97304105758667
-4.716525077819824	-7.17898964881897
-7.229837536811829	-2.274616241455078
-7.158837676048279	-1.174797534942627
-5.637783765792847	-1.4553258419036865
-7.0933427810668945	-8.315841436386108
-5.867557525634766	-7.197299122810364
-3.5500710010528564	-7.847429394721985
-11.470864310860634	-5.548421144485474
-7.375499725341797	-5.382325887680054
-6.390983819961548	-7.0519115924835205
-6.962157368659973	-2.675065755844116
-9.693930745124817	-11.258680611848831
-9.439565241336823	-7.343853235244751
-3.2460529804229736	-2.9618518352508545
-11.676499977707863	-8.164919257164001
-7.857764482498169	-3.437248706817627
-9.723803222179413	-5.464372873306274
-11.608057916164398	-8.039700508117676
-5.453453063964844	-7.441381931304932
-10.845874160528183	-6.537877321243286
-5.292524099349976	-2.3276610374450684
-7.262461423873901	-8.078518152236938
-9.479417502880096	-6.0870301723480225
-3.7791924476623535	-0.8888089656829834
-10.631725251674652	-4.835252523422241
-5.824188709259033	-8.580092310905457
-10.478378176689148	-11.26950766146183
-6.199273467063904	-5.712299823760986
-4.967864513397217	-5.627705812454224
-6.555628538131714	-1.2898807525634766
-11.313593119382858	-3.3694581985473633
-8.672677516937256	-9.63189446926117
-6.517470002174377	-2.8284645080566406
-10.12477022409439	-1.5538580417633057
-3.5414342880249023	-3.605343818664551
-9.152404189109802	-6.63739550113678
-5.485177516937256	-2.89524507522583
-4.842402219772339	-3.937286138534546
-9.02336597442627	-7.538990020751953
-10.726343125104904	-6.270187139511108
-8.519091725349426	-1.1219744682312012
-10.218349993228912	-1.6226491928100586
-5.823171615600586	-4.731760025024414
-5.873822450637817	-5.217908620834351
-5.685616493225098	-6.216907739639282
-4.779479742050171	-1.1006505489349365
-9.079369068145752	-4.642554759979248
-8.975881218910217	-2.105985403060913
-10.56003624200821	-9.880710303783417
-9.326956272125244	-2.08693528175354
-10.079752922058105	-7.0578306913375854
-10.235580146312714	-10.02944415807724
-10.04776668548584	-11.813640408217907
-5.552767753601074	-9.499785304069519
-8.124902129173279	-3.376028537750244
-5.911314010620117	-5.113816022872925
-11.208515346050262	-5.095935344696045
-11.978291207458824	-7.799724698066711
-6.840961933135986	-5.068785667419434
-11.266052171587944	-10.574957370758057
-9.946248471736908	-5.1678149700164795
-6.234283447265625	-9.569857656955719
-8.950488209724426	-8.872904062271118
-11.453073129057884	-8.792481780052185
-6.060415148735046	-4.592700719833374
-4.822543144226074	-3.3692150115966797
-11.903225060552359	-9.59139633178711
-6.7691638469696045	-1.6441969871520996
-10.10420948266983	-3.597487449645996
-10.837857484817505	-8.908704042434692
-4.768964767456055	-6.003990054130554
-8.274964213371277	-10.881464570760727
-5.2500364780426025	-2.7330479621887207
-6.4982603788375854	-4.745829105377197
-10.566660404205322	-5.833813190460205
-9.825967669487	-4.295290231704712
-11.222001850605011	-0.9767353534698486
-6.854339003562927	-9.98535543680191
-9.354853212833405	-7.721698880195618
-11.528347536921501	-2.0603713989257812
-10.595326870679855	-2.0206310749053955
-6.541731119155884	-2.0428826808929443
-11.85495849698782	-3.522087335586548
-11.347253501415253	-2.9261534214019775
-8.937213778495789	-6.794267177581787
-9.910691499710083	-5.665367603302002
-10.634164810180664	-5.049832105636597
-5.560811519622803	-8.36619758605957
-6.368909955024719	-4.628240346908569
-6.656298637390137	-6.85767924785614
-8.225641250610352	-11.931722709909081
-6.065985560417175	-3.366542100906372
-7.945711970329285	-5.9671032428741455
-7.895190954208374	-1.7032678127288818
-8.464834570884705	-3.636983871459961
-9.315516829490662	-1.1206927299499512
-6.913280367851257	-4.939802885055542
-7.662986397743225	-9.004930794239044
-8.639708876609802	-4.105895519256592
-11.061915546655655	-4.340091705322266
-9.325235188007355	-3.5118870735168457
-7.2332704067230225	-7.248818278312683
-5.934898853302002	-1.3518097400665283
-4.871525287628174	-5.73702335357666
-5.6574225425720215	-3.7231013774871826
-10.860048919916153	-6.7009910345077515
-9.301057755947113	-1.2397584915161133
-9.583176970481873	-8.005145072937012
-8.012709617614746	-9.029275059700012
-4.272862672805786	-5.41798210144043
-9.87691980600357	-4.989817142486572
-7.795623064041138	-10.381588339805603
-8.117751359939575	-2.055264472961426
-7.543644189834595	-5.06536602973938
-10.0220827460289	-1.5120291709899902
-5.58566951751709	-1.3527932167053223
-7.60725724697113	-7.571142911911011
-9.52158522605896	-2.1341586112976074
-4.411077976226807	-1.765660285949707
-5.646783828735352	-6.093588352203369
-8.60298764705658	-4.334166526794434
-6.517094135284424	-5.9106574058532715
-5.518109321594238	-6.635656714439392
-5.522045373916626	-3.9057083129882812
-5.7741851806640625	-10.191328704357147
-11.627733059227467	-0.7271904945373535
-11.83051298931241	-7.482049584388733
-7.019958972930908	-4.292637348175049
-6.080479860305786	-4.015184640884399
-8.182330012321472	-11.163353204727173
-10.690943598747253	-2.651092529296875
-10.664849013090134	-6.985958933830261
-9.575145542621613	-1.5227022171020508
-6.3405561447143555	-8.624972105026245
-9.376338064670563	-2.235905170440674
-4.039360284805298	-3.447786569595337
-6.7908775806427	-3.423616647720337
-5.5817084312438965	-1.7206435203552246
-11.994121408089995	-3.010497808456421
-10.537517488002777	-7.9696526527404785
-9.395498156547546	-10.788933366537094
-7.230176568031311	-8.21765398979187
-7.3934104442596436	-4.163750410079956
-10.297903060913086	-6.327757000923157
-9.602342069149017	-0.8660030364990234
-5.6752753257751465	-2.1755576133728027
-10.76488083600998	-11.807114258408546
-7.9516074657440186	-3.36651349067688
-6.404683470726013	-8.983742237091064
-8.485369205474854	-0.8270974159240723
-4.151151895523071	-7.15616762638092
-10.583174586296082	-6.820429801940918
-7.479061603546143	-6.9300549030303955
-11.286621540784836	-1.8366808891296387
-10.212522447109222	-7.2639816999435425
-4.4416186809539795	-6.566515803337097
-6.745047211647034	-6.8351887464523315
-3.0725204944610596	-9.261148810386658
-8.610610485076904	-0.7782454490661621
-5.643379211425781	-4.242628812789917
-9.662609338760376	-11.962164309807122
-7.380516886711121	-6.473010420799255
-10.496525824069977	-6.735740661621094
-10.007055580615997	-3.820585012435913
-7.875975966453552	-2.548017740249634
-4.710104942321777	-9.02715665102005
-9.519851446151733	-4.2461278438568115
-11.344678223133087	-5.422317266464233
-5.422855854034424	-7.351353406906128
-9.069185256958008	-3.47830867767334
-8.257944345474243	-0.6803147792816162
-9.810327529907227	-7.550623655319214
-7.951801657676697	-4.9384002685546875
-9.465902745723724	-3.325324058532715
-9.222379624843597	-1.4598119258880615
-7.182745099067688	-7.936762690544128
-9.177510559558868	-8.443170189857483
-11.863191090524197	-6.232351899147034
-9.675550818443298	-1.867560625076294
-9.075011551380157	-10.786489516496658
-10.201745867729187	-4.9914679527282715
-9.978030502796173	-10.235934555530548
-10.403428137302399	-3.188537836074829
-8.047507524490356	-5.547480583190918
-7.886681914329529	-1.3465254306793213
-6.162639856338501	-0.8110649585723877
-10.165051817893982	-9.445224523544312
-9.94433480501175	-8.553617477416992
-7.691696763038635	-1.383338212966919
-8.81677508354187	-4.605319976806641
-1.8936653137207031	-1.6046926975250244
-11.158389061689377	-0.8280243873596191
-9.962060987949371	-6.921762943267822
-6.06675910949707	-7.8408050537109375
-8.010879635810852	-7.775006890296936
-8.233802318572998	-11.13195526599884
-11.6488126963377	-3.228593587875366
-7.938531517982483	-2.8695788383483887
-9.269936800003052	-5.180012226104736
-9.469916045665741	-11.870842706412077
-5.658584117889404	-9.214333355426788
-9.084493696689606	-9.835519909858704
-8.245540380477905	-11.152532368898392
-3.839595079421997	-2.546727418899536
-5.371524095535278	-7.397825717926025
-4.2055206298828125	-7.005192518234253
-10.682245999574661	-5.554694652557373
-3.93015718460083	-5.096860885620117
-10.512725740671158	-6.976951360702515
-5.148751974105835	-5.541890859603882
-5.383051156997681	-7.020615935325623
-11.376819849014282	-10.696337699890137
-8.886286854743958	-8.855681419372559
-9.59460461139679	-5.577481269836426
-7.748181939125061	-3.997737407684326
-7.146180510520935	-8.340021014213562
-5.532941579818726	-7.613873362541199
-11.391687959432602	-8.251757025718689
-11.421310275793076	-7.737311482429504
-9.312171936035156	-1.1134307384490967
-5.715680837631226	-5.986007452011108
-5.284640550613403	-5.506840467453003
-4.808255910873413	-2.676555633544922
-11.585553020238876	-11.96908836811781
-7.15562903881073	-2.620492458343506
-5.062397718429565	-3.3964004516601562
-4.89022421836853	-1.66689133644104
-6.651051878929138	-9.380582749843597
-8.488108277320862	-9.179666340351105
-9.337454617023468	-1.395197868347168
-7.628989577293396	-4.349305629730225
-5.680513143539429	-6.680241107940674
-11.455857440829277	-10.552387744188309
-6.388757586479187	-9.035839855670929
-4.010606288909912	-3.251211404800415
-6.037962913513184	-10.165544629096985
-10.745890438556671	-3.6159396171569824
-6.982449173927307	-6.196158528327942
-6.182711362838745	-6.404453158378601
-7.633813261985779	-7.841359734535217
-10.980729460716248	-8.000861763954163
-11.185334086418152	-9.865846037864685
-10.842638701200485	-7.799690008163452
-7.2546844482421875	-8.054878950119019
-8.593478679656982	-2.2432994842529297
-11.025482922792435	-3.028595209121704
-4.395695686340332	-3.2203094959259033
-8.579579472541809	-3.538794994354248
-7.33173394203186	-5.093725919723511
-6.778685688972473	-5.497769594192505
-11.078147739171982	-4.967921018600464
-9.843686878681183	-8.247530221939087
-7.869881272315979	-10.578000247478485
-5.196885108947754	-0.6481790542602539
-5.0177271366119385	-4.304504156112671
-8.80431604385376	-4.436493873596191
-9.922700107097626	-0.9006106853485107
-3.489104747772217	-0.843498945236206
-7.742951989173889	-1.6185486316680908
-8.920245051383972	-4.648155927658081
-8.215620160102844	-4.251655340194702
-11.678477212786674	-1.167374610900879
-8.574123501777649	-8.253851652145386
-10.084058582782745	-0.9212973117828369
-9.597232818603516	-8.878466606140137
-8.045982599258423	-6.828326225280762
-9.534901320934296	-3.941988945007324
-7.058151483535767	-6.498632311820984
-9.318842053413391	-5.171974182128906
-10.883116900920868	-5.223982572555542
-11.813993006944656	-8.676728010177612
-6.109296083450317	-6.928233861923218
-8.50228500366211	-3.7871310710906982
-5.52553653717041	-10.298646569252014
-7.379387140274048	-2.7193350791931152
-7.603987097740173	-8.679330468177795
-9.388408899307251	-7.523936748504639
-6.868643045425415	-1.660167932510376
-9.286028981208801	-6.220258712768555
-8.58074676990509	-4.8005547523498535
-6.120149374008179	-0.9068820476531982
-5.379277467727661	-1.9230515956878662
-6.849485278129578	-1.4981002807617188
-5.755993366241455	-9.292088270187378
-8.181865096092224	-4.0745580196380615
-6.057700753211975	-10.054599702358246
-4.126401901245117	-0.930159330368042
-7.321849465370178	-3.331848621368408
-4.1088666915893555	-2.49515962600708
-8.196089386940002	-4.634945869445801
-7.54007363319397	-7.4918153285980225
-8.724151968955994	-4.5927300453186035
-7.341494679450989	-4.870785713195801
-7.066555738449097	-4.5702009201049805
-4.002803564071655	-2.685713768005371
-9.421807944774628	-6.485546350479126
-6.068224668502808	-3.613499164581299
-9.658299028873444	-5.957583904266357
-11.390150651335716	-4.900576829910278
-8.364957690238953	-3.1399412155151367
-9.579820811748505	-10.336573004722595
-5.0194480419158936	-3.875622510910034
-8.112530708312988	-4.2709386348724365
-7.137353181838989	-7.022306799888611
-4.431699514389038	-5.099269151687622
-9.545735657215118	-2.7688965797424316
-10.472105920314789	-4.014161825180054
-9.465460360050201	-9.36286461353302
-6.524493455886841	-6.018529415130615
-11.19345760345459	-7.191518068313599
-10.939268410205841	-6.4774839878082275
-9.230448246002197	-4.110834360122681
-9.114291608333588	-7.14144766330719
-6.673243761062622	-4.250495195388794
-9.359764695167542	-5.045798063278198
-7.856171250343323	-3.604077100753784
-7.061178803443909	-9.28398996591568
-11.03784629702568	-9.54593575000763
-6.706290006637573	-4.469406366348267
-9.407323837280273	-1.6661403179168701
-9.14120364189148	-2.59956693649292
-5.411041975021362	-4.8544921875
-8.212151527404785	-9.266594588756561
-8.66423785686493	-3.612152338027954
-5.164037704467773	-5.538451194763184
-7.1817097663879395	-1.6022908687591553
-11.325847372412682	-7.685119986534119
-11.709334641695023	-3.107722520828247
-7.170170187950134	-10.083108186721802
-10.900990515947342	-7.370845556259155
-5.429442644119263	-8.054092168807983
-8.599390268325806	-3.306690216064453
-8.034460544586182	-3.758955717086792
-11.753225818276405	-10.382929265499115
-11.070824682712555	-10.904296875
-4.258279323577881	-7.147046685218811
-8.647514820098877	-3.483452081680298
-11.299444869160652	-5.755468368530273
-8.055450081825256	-7.382728815078735
-5.217774868011475	-9.21210891008377
-6.040491342544556	-9.809691309928894
-8.233340978622437	-5.7168824672698975
-11.15458470582962	-3.571458578109741
-5.304795026779175	-3.0259902477264404
-3.602160930633545	-10.07556527853012
-9.971183717250824	-9.197186529636383
-9.304111540317535	-5.941162347793579
-6.686580419540405	-8.22261106967926
-10.104227900505066	-5.632324934005737
-10.27613389492035	-5.232564210891724
-5.717181444168091	-7.35383677482605
-4.771566152572632	-9.211171209812164
-7.634478449821472	-4.8847596645355225
-11.658279709517956	-2.1955833435058594
-8.329774260520935	-10.784695386886597
-10.759554773569107	-4.483972549438477
-8.801787972450256	-10.599933564662933
-9.350953817367554	-10.770076274871826
-5.417856216430664	-2.4753634929656982
-9.932215690612793	-1.5799541473388672
-11.006069093942642	-4.245868921279907
-8.777581214904785	-11.23990336060524
-6.080160140991211	-3.4493651390075684
-7.5421342849731445	-6.340130567550659
-11.559418603777885	-6.612415552139282
-8.666808485984802	-6.71773087978363
-6.807655692100525	-8.586529970169067
-10.487121641635895	-6.264137506484985
-7.226189732551575	-2.3889684677124023
-8.993468999862671	-8.708433866500854
-8.778207421302795	-9.833691358566284
-4.809372425079346	-9.088257014751434
-9.15123724937439	-4.701122045516968
-8.245380163192749	-5.03506064414978
-11.297380954027176	-1.1670455932617188
-8.023263931274414	-8.859020948410034
-7.120141625404358	-8.199318408966064
-8.87385892868042	-7.59385085105896
-4.544257164001465	-4.604161262512207
-10.667598098516464	-6.8824074268341064
-6.926572680473328	-1.2777793407440186
-6.215447187423706	-4.170008182525635
-6.80056357383728	-9.251945614814758
-9.468719601631165	-6.887776136398315
-10.369759798049927	-7.084002256393433
-7.812438011169434	-7.618609428405762
-7.010470390319824	-5.942053556442261
-11.932510614395142	-7.83717942237854
-8.140499711036682	-1.7935066223144531
-9.698976337909698	-0.8598546981811523
-10.83758220076561	-5.634959936141968
-9.241863191127777	-1.7866559028625488
-7.048609256744385	-5.024356842041016
-5.107660531997681	-3.226407766342163
-7.23175835609436	-1.3485467433929443
-10.56749564409256	-2.1592040061950684
-5.068099021911621	-7.138680338859558
-7.244849324226379	-11.400511711835861
-8.179583072662354	-1.517284870147705
-8.070924997329712	-5.612272024154663
-3.4615395069122314	-2.7175562381744385
-6.674797296524048	-2.8869409561157227
-7.73932957649231	-4.9919164180755615
-7.790899872779846	-6.1366918087005615
-4.5893590450286865	-1.946366786956787
-4.069200754165649	-4.112489461898804
-9.062970757484436	-11.526039227843285
-4.178256511688232	-3.9882009029388428
-3.220454692840576	-7.721069097518921
-7.344100713729858	-3.616358757019043
-6.292139768600464	-6.3118168115615845
-7.544134497642517	-5.44250750541687
-7.762857556343079	-3.498202085494995
-11.884101994335651	-0.8640589714050293
-4.864309787750244	-10.014608502388
-8.949956774711609	-8.859102129936218
-8.502785682678223	-3.719454288482666
-4.0748162269592285	-2.7654976844787598
-10.292377352714539	-4.3391125202178955
-6.57335901260376	-1.523505449295044
-6.695119500160217	-0.806929349899292
-5.735833168029785	-7.892759799957275
-10.785085201263428	-7.605058193206787
-9.42570823431015	-3.2947568893432617
-6.307347893714905	-10.04577773809433
-9.739307641983032	-10.089492559432983
-7.332493901252747	-1.2789201736450195
-7.1948593854904175	-8.50345516204834
-9.867412805557251	-1.1878023147583008
-10.609268635511398	-3.710252523422241
-10.75916799902916	-9.417440235614777
-6.488588333129883	-6.377029538154602
-8.902006387710571	-8.939042329788208
-7.534065127372742	-7.594324350357056
-6.911542296409607	-4.717670917510986
-5.530393838882446	-4.1299824714660645
-10.425537049770355	-3.5149648189544678
-11.38529209792614	-7.825632333755493
-3.246220350265503	-6.859075427055359
-11.003591269254684	-3.827854871749878
-10.97568815946579	-3.1695234775543213
-6.445310711860657	-6.490778803825378
-8.952990531921387	-2.644231081008911
-9.475133836269379	-7.459615230560303
-9.944640040397644	-6.785215616226196
-4.69979453086853	-2.728376626968384
-9.728757083415985	-6.801799178123474
-2.588898181915283	-3.394291877746582
-6.580709338188171	-10.090267181396484
-9.555313646793365	-7.0551334619522095
-5.149433612823486	-2.1531686782836914
-10.205995559692383	-11.535792544484138
-9.282108843326569	-6.856423258781433
-8.436845183372498	-5.824817419052124
-9.228755593299866	-5.9255454540252686
-7.913575887680054	-5.179855585098267
-9.166719496250153	-2.2174530029296875
-8.988844513893127	-3.2886128425598145
-10.24703711271286	-8.831339836120605
-3.2803866863250732	-4.608341217041016
-11.230731278657913	-5.88030481338501
-8.785914659500122	-10.797033190727234
-8.269682049751282	-3.5862414836883545
-11.29228113591671	-0.6491732597351074
-5.910760402679443	-1.3196046352386475
-11.660765446722507	-6.107380628585815
-11.553573355078697	-7.627432107925415
-7.688094735145569	-2.1376776695251465
-6.4468735456466675	-7.1518714427948
-5.078215599060059	-7.688325047492981
-9.599104821681976	-6.179847836494446
-8.995154857635498	-6.109544634819031
-11.468384563922882	-9.84424889087677
-7.415228962898254	-3.5968422889709473
-10.780040591955185	-1.556044578552246
-6.366043925285339	-6.277701258659363
-4.045814037322998	-9.158809840679169
-11.212560027837753	-6.702752709388733
-7.079605579376221	-4.350686073303223
-5.240793943405151	-4.423715114593506
-6.768554449081421	-4.774014472961426
-10.935823649168015	-4.033329963684082
-7.926371097564697	-1.3135621547698975
-9.115746974945068	-10.586123496294022
-11.529109105467796	-9.529042840003967
-9.651830613613129	-10.500686466693878
-4.571479082107544	-1.1242053508758545
-6.7780187129974365	-2.036052703857422
-8.527164101600647	-6.98043429851532
-10.871035248041153	-9.945388376712799
-9.111550033092499	-6.758424639701843
-11.803725779056549	-7.008294582366943
-7.777122974395752	-6.260012269020081
-7.590542793273926	-6.3530988693237305
-10.735360622406006	-7.569016456604004
-6.046298146247864	-2.9461476802825928
-10.700282603502274	-1.160106897354126
-7.327188491821289	-9.186310350894928
-10.839245975017548	-3.7959580421447754
-10.149436354637146	-3.7082419395446777
-6.944947242736816	-5.3784499168396
-7.3463462591171265	-2.764465570449829
-9.205629050731659	-7.513601660728455
-8.789726614952087	-7.407048940658569
-11.58102647960186	-9.534606993198395
-11.511251717805862	-6.447632431983948
-4.03433632850647	-8.923542022705078
-7.035669565200806	-9.52750825881958
-7.689639329910278	-2.7170376777648926
-10.264842510223389	-1.5873498916625977
-8.50391972064972	-1.8601655960083008
-3.4991254806518555	-3.8074965476989746
-7.3466609716415405	-8.371960759162903
-8.686095714569092	-7.838990807533264
-8.404176950454712	-9.416008830070496
-7.216550946235657	-6.179244875907898
-9.400442004203796	-4.66115927696228
-5.242186546325684	-2.497645854949951
-4.492474794387817	-8.180275440216064
-9.601582288742065	-7.696806192398071
-5.429063558578491	-11.051687389612198
-8.626455187797546	-7.223403096199036
-9.84909188747406	-4.58385443687439
-6.425777792930603	-8.934239029884338
-11.649746127426624	-3.2313265800476074
-6.366951584815979	-4.020625591278076
-6.999758362770081	-7.195655822753906
-10.283860623836517	-1.9517076015472412
-5.307867050170898	-2.022275447845459
-7.9481202363967896	-3.2869277000427246
-3.5801074504852295	-5.494061708450317
-8.726361393928528	-9.546805143356323
-6.796537756919861	-3.427177906036377
-10.307312071323395	-6.928831100463867
-2.9675610065460205	-2.353217124938965
-6.578168749809265	-7.127052068710327
-9.833402574062347	-10.894723176956177
-10.936111360788345	-10.440470516681671
-4.864920616149902	-1.023768424987793
-5.159853458404541	-5.070073843002319
-4.693518161773682	-9.175640165805817
-5.850618124008179	-11.06739342212677
-7.61351215839386	-4.677055835723877
-10.690602779388428	-7.601817727088928
-11.44578056037426	-3.4201576709747314
-9.495780229568481	-1.374537706375122
-5.041581630706787	-2.2978248596191406
-3.1919138431549072	-1.195986270904541
-9.295919001102448	-1.3609886169433594
-4.6421427726745605	-3.933227777481079
-11.042829751968384	-9.452256381511688
-7.953219652175903	-2.221160888671875
-10.652912735939026	-2.8680975437164307
-4.679530620574951	-3.7908804416656494
-5.979206085205078	-4.158099889755249
-9.992020905017853	-3.5910444259643555
-9.859455585479736	-4.926490545272827
-10.566127896308899	-5.765059947967529
-7.561148643493652	-2.068822145462036
-6.381424069404602	-11.888494279235601
-8.014243841171265	-5.741862058639526
-6.881675362586975	-8.602551341056824
-9.867579638957977	-8.579490065574646
-3.725857973098755	-1.235161542892456
-6.739894151687622	-10.753940373659134
-4.981181859970093	-5.861236095428467
-10.352843999862671	-6.3816282749176025
-5.798959493637085	-8.625495314598083
-8.181132674217224	-6.815372586250305
-9.024912714958191	-8.391530513763428
-7.776724576950073	-4.736119508743286
-8.494776248931885	-11.208884328603745
-6.073314070701599	-1.984715223312378
-9.886623322963715	-8.004915118217468
-7.960389018058777	-9.793782413005829
-8.806183218955994	-8.737407445907593
-11.384821638464928	-2.287740468978882
-10.6557896733284	-3.847442150115967
-7.04980194568634	-4.607608079910278
-9.615797460079193	-4.33063817024231
-11.591243505477905	-0.7352578639984131
-8.147555351257324	-3.3769562244415283
-4.580399036407471	-6.423348069190979
-11.859740037471056	-3.858520030975342
-6.233437657356262	-9.200249791145325
-8.127843976020813	-11.732396855950356
-5.784482717514038	-10.137229442596436
-4.8373918533325195	-2.3704497814178467
-7.406098365783691	-4.777527809143066
-11.651687040925026	-10.138207018375397
-11.556347027420998	-4.981241941452026
-5.866923093795776	-1.978689193725586
-6.064453840255737	-1.2144591808319092
-5.876540422439575	-5.814399003982544
-4.289125442504883	-6.495118618011475
-9.918949127197266	-6.3081289529800415
-3.741520643234253	-4.374956130981445
-8.658276200294495	-3.440016031265259
-8.97549569606781	-1.6195356845855713
-5.375428676605225	-9.307768821716309
-8.588079571723938	-0.9978811740875244
-4.631658554077148	-5.823512077331543
-11.126327186822891	-6.944290280342102
-7.08447003364563	-7.888501882553101
-6.337202310562134	-7.593006134033203
-4.055407762527466	-4.3501646518707275
-8.538254857063293	-4.105032920837402
-7.547396779060364	-5.778022527694702
-6.845563888549805	-9.107691049575806
-3.1718602180480957	-3.9773855209350586
-9.745620846748352	-5.196150541305542
-6.586130261421204	-3.6669344902038574
-11.40788309276104	-11.48713767528534
-11.475256025791168	-3.851717233657837
-9.966390609741211	-6.236353039741516
-8.334357619285583	-7.2910895347595215
-6.092735052108765	-3.8651089668273926
-6.121391415596008	-4.715191841125488
-3.9405884742736816	-2.330170154571533
-3.6816980838775635	-5.867713451385498
-5.080769062042236	-7.308079361915588
-11.58256946504116	-9.22107982635498
-9.464138746261597	-8.609279036521912
-5.694891929626465	-5.834965467453003
-10.7477747797966	-6.750627279281616
-5.187659025192261	-1.0358619689941406
-9.584341943264008	-2.586082935333252
-8.050273418426514	-7.469900608062744
-8.302969694137573	-3.0125577449798584
-6.445422649383545	-4.070336580276489
-4.587394952774048	-4.397716283798218
-11.239725977182388	-2.145909547805786
-7.041942000389099	-7.205031037330627
-9.921509206295013	-2.5438435077667236
-7.39726459980011	-9.800500631332397
-9.299090087413788	-8.269172430038452
-11.44415482878685	-10.310269296169281
-4.804100275039673	-5.049606084823608
-7.806330442428589	-8.106724977493286
-6.162025809288025	-5.178187608718872
-9.283574938774109	-3.901789426803589
-7.670367121696472	-2.0036873817443848
-4.925723075866699	-1.2287492752075195
-11.190492957830429	-2.591630458831787
-10.99886378645897	-6.956998944282532
-10.709166795015335	-8.174607038497925
-9.586734652519226	-6.376657247543335
-4.859089136123657	-0.8896300792694092
-4.973047971725464	-8.484119653701782
-4.45974326133728	-4.788445472717285
-6.376700520515442	-1.6496729850769043
-6.305620193481445	-9.014013111591339
-11.313810646533966	-3.2215003967285156
-8.220418810844421	-2.647202253341675
-7.915339350700378	-6.586795806884766
-6.394074440002441	-3.6605658531188965
-10.914310365915298	-3.9537484645843506
-5.496170997619629	-8.518356800079346
-5.4999096393585205	-10.958577364683151
-11.253716200590134	-4.428597450256348
-9.642800867557526	-4.834336996078491
-10.097362339496613	-10.890408754348755
-5.573744773864746	-6.826838135719299
-4.414689302444458	-10.884589344263077
-9.74467009305954	-6.363737940788269
-5.661576747894287	-7.976764798164368
-4.519823312759399	-3.640702486038208
-3.756971597671509	-6.02377724647522
-9.601329267024994	-0.9326934814453125
-9.693229079246521	-3.241675615310669
-11.643957361578941	-3.76183819770813
-7.310283064842224	-10.53892931342125
-6.8647541999816895	-3.1142678260803223
-4.950342178344727	-4.3348424434661865
-7.664135456085205	-7.895619034767151
-7.745269417762756	-6.664958953857422
-5.984578371047974	-2.9234776496887207
-10.485713839530945	-1.5721135139465332
-8.015730857849121	-5.613985061645508
-8.8344064950943	-4.240214824676514
-10.913703203201294	-6.892805814743042
-11.679880991578102	-11.745401255786419
-8.699060082435608	-1.1562201976776123
-11.485445514321327	-1.22092866897583
-11.072781443595886	-5.641665458679199
-10.293480634689331	-0.8019311428070068
-9.370497107505798	-5.021756887435913
-7.064600229263306	-6.682352900505066
-9.214475154876709	-4.2496726512908936
-3.4100425243377686	-9.100287079811096
-9.165444552898407	-0.7832643985748291
-6.670610547065735	-5.201763868331909
-8.931696653366089	-6.829497456550598
-5.499241590499878	-3.0313117504119873
-10.906018674373627	-5.998372793197632
-9.919650077819824	-5.3805341720581055
-3.6587448120117188	-11.84738901257515
-11.81188628822565	-6.468989610671997
-4.090349435806274	-1.5743494033813477
-3.914991617202759	-3.819821834564209
-8.566542863845825	-2.0855627059936523
-6.100196957588196	-3.4847617149353027
-9.278848707675934	-5.8327531814575195
-6.787976861000061	-5.840701103210449
-8.925177454948425	-1.0828871726989746
-7.049553751945496	-4.441146612167358
-7.07833206653595	-3.7832207679748535
-9.842668533325195	-9.816745519638062
-4.438598155975342	-0.9590620994567871
-11.75022567808628	-4.814158201217651
-4.675249814987183	-1.663522481918335
-3.817578077316284	-1.685150384902954
-6.165842056274414	-2.333521842956543
-4.060370206832886	-7.014838457107544
-5.335877180099487	-0.7331857681274414
-7.08914852142334	-5.357933521270752
-8.893103241920471	-1.1341702938079834
-7.166606426239014	-6.920269846916199
-8.56222951412201	-5.3305864334106445
-10.103526949882507	-10.840220510959625
-10.614598006010056	-6.763010859489441
-9.167550086975098	-11.603679835796356
-5.514435052871704	-2.4708259105682373
-4.2170655727386475	-10.195350229740143
-6.534578561782837	-2.644090175628662
-3.1087517738342285	-0.935784101486206
-8.378756403923035	-4.6583733558654785
-7.643011093139648	-1.5645546913146973
-5.868725538253784	-1.1924371719360352
-5.2452943325042725	-9.336610615253448
-6.965512275695801	-2.9230213165283203
-6.0885093212127686	-3.4603943824768066
-5.029568910598755	-3.985836982727051
-9.381400644779205	-9.907163858413696
-10.868872940540314	-8.879615306854248
-10.466369211673737	-1.9123327732086182
-8.190762877464294	-2.0278329849243164
-10.093287348747253	-1.2525436878204346
-4.900336503982544	-0.878899097442627
-11.83361129835248	-4.331393480300903
-8.068464875221252	-3.4718377590179443
-8.48454737663269	-6.80876898765564
-6.61750602722168	-7.933168530464172
-6.568259596824646	-11.418935537338257
-9.061400949954987	-9.449819684028625
-11.510513439774513	-11.34104423224926
-9.092384040355682	-6.668090343475342
-6.902274012565613	-6.857499003410339
-11.949754547327757	-1.8571228981018066
-3.203770637512207	-10.029067754745483
-7.187221169471741	-2.9080302715301514
-6.4485368728637695	-6.2064467668533325
-5.937896490097046	-2.762648105621338
-7.872994422912598	-7.937325954437256
-11.058797121047974	-4.726030111312866
-5.8882105350494385	-1.8791577816009521
-8.037065863609314	-5.096350193023682
-9.464217782020569	-1.0133099555969238
-3.8786938190460205	-0.8410942554473877
-9.917514145374298	-3.8017473220825195
-8.189512610435486	-6.358380675315857
-9.735665023326874	-4.4913389682769775
-9.256153106689453	-1.0850715637207031
-8.488692283630371	-8.603889226913452
-6.455126881599426	-4.719245195388794
-11.81686244532466	-9.901151061058044
-10.565913945436478	-5.076272964477539
-11.895389925688505	-1.6520633697509766
-11.459256380796432	-5.0473737716674805
-11.096864730119705	-1.3200645446777344
-10.222847521305084	-3.8100156784057617
-11.210551857948303	-7.260842800140381
-7.971779108047485	-2.4496586322784424
-6.9790356159210205	-3.3621089458465576
-10.648165494203568	-5.309791088104248
-8.012122750282288	-1.1365177631378174
-7.219230651855469	-9.213810861110687
-9.406420111656189	-3.8537049293518066
-11.773649096488953	-9.085040152072906
-7.77089524269104	-11.635135598480701
-4.093505859375	-6.040532112121582
-7.150391221046448	-9.091975629329681
-8.136752128601074	-11.629046604037285
-7.209863662719727	-6.879768490791321
-5.7096168994903564	-6.155936121940613
-10.54218104481697	-1.2773172855377197
-11.560366585850716	-9.409709751605988
-4.1383302211761475	-5.12806248664856
-11.32267002761364	-4.1868696212768555
-7.500783920288086	-5.903744459152222
-8.938766598701477	-6.031456232070923
-6.708122134208679	-3.5624120235443115
-11.048454970121384	-8.475327014923096
-5.54233717918396	-1.9501690864562988
-5.976013898849487	-0.7978506088256836
-6.311980962753296	-1.275602102279663
-6.198803901672363	-4.155125856399536
-8.52106761932373	-3.5827267169952393
-5.6867687702178955	-1.2595174312591553
-8.534484028816223	-5.742567300796509
-3.3146610260009766	-7.047460913658142
-10.207778513431549	-6.794463515281677
-4.126404762268066	-7.630973696708679
-10.02795946598053	-1.226081371307373
-4.409374952316284	-2.1850876808166504
-4.987325191497803	-8.374856114387512
-10.391372501850128	-4.355559825897217
-6.565627813339233	-1.1971943378448486
-8.985395908355713	-6.8875157833099365
-8.364193439483643	-1.950056791305542
-10.132075309753418	-8.307865619659424
-11.509665682911873	-5.337620258331299
-9.108659327030182	-3.427534818649292
-8.840927124023438	-3.0480687618255615
-5.0312840938568115	-8.49164342880249
-6.380495309829712	-2.6519579887390137
-11.991501877550036	-6.935245871543884
-9.308670401573181	-6.909947991371155
-6.99517285823822	-8.056654572486877
-10.318956077098846	-1.635307788848877
-8.500350594520569	-5.450544118881226
-7.460011124610901	-5.0478129386901855
-5.723754644393921	-9.704192519187927
-8.639553308486938	-4.5331456661224365
-8.003604054450989	-7.084127426147461
-8.12050974369049	-4.217592000961304
-5.39853572845459	-9.39832055568695
-7.16348397731781	-8.65616512298584
-10.72567954659462	-6.355222463607788
-5.054892539978027	-7.949421286582947
-8.3492910861969	-0.7161834239959717
-9.336763858795166	-9.15878963470459
-6.2106252908706665	-6.7962387800216675
-11.336541384458542	-11.248306632041931
-11.38897043466568	-4.9694788455963135
-10.948651671409607	-1.078282356262207
-4.56497597694397	-5.540227174758911
-8.629274010658264	-5.751111745834351
-4.386963844299316	-3.470219850540161
-10.47594290971756	-7.532455086708069
-6.901292681694031	-1.9604809284210205
-3.7595558166503906	-1.9935650825500488
-4.552654266357422	-8.155359506607056
-8.339526057243347	-6.787674307823181
-4.692516088485718	-2.157409429550171
-11.050698190927505	-4.121660470962524
-9.452882051467896	-10.099566400051117
-4.9213056564331055	-1.3870017528533936
-7.277000784873962	-6.254878878593445
-8.997249484062195	-3.5006847381591797
-9.29137533903122	-3.1853320598602295
-8.475794076919556	-4.335027694702148
-3.669578790664673	-2.2599613666534424
-10.555307149887085	-1.6702909469604492
-9.250980377197266	-3.5227739810943604
-6.366199493408203	-6.982280373573303
-10.616010278463364	-9.482683539390564
-8.176688432693481	-11.91398268006742
-8.177818894386292	-0.8471918106079102
-11.783719964325428	-2.3908309936523438
-7.726214289665222	-4.64773964881897
-6.758166790008545	-10.285986006259918
-7.745885252952576	-4.187947511672974
-9.717223227024078	-5.206352233886719
-6.406829595565796	-4.138617753982544
-3.7090766429901123	-8.116425633430481
-8.041326999664307	-9.380441665649414
-11.849413365125656	-7.205932259559631
-6.621870517730713	-7.2020251750946045
-3.578509569168091	-1.3399658203125
-10.161064267158508	-6.771342873573303
-7.268108367919922	-3.832277297973633
-10.729501962661743	-8.245011806488037
-7.786519646644592	-2.0923140048980713
-7.978582262992859	-2.4382567405700684
-5.844834566116333	-0.9866838455200195
-6.896260142326355	-4.788914680480957
-11.12250503897667	-1.269214153289795
-8.972256302833557	-8.620196342468262
-6.85172975063324	-9.925330460071564
-6.835785984992981	-3.251589775085449
-11.606124445796013	-2.7082250118255615
-7.4539947509765625	-5.604669570922852
-10.14561778306961	-8.542075037956238
-9.497953355312347	-10.479742527008057
-5.51096248626709	-1.8108422756195068
-8.430339217185974	-5.391632795333862
-8.890279054641724	-6.4735060930252075
-11.44633823633194	-2.035496234893799
-8.076556205749512	-8.95002007484436
-6.613860726356506	-6.141200065612793
-11.351540207862854	-6.126016974449158
-7.390544056892395	-0.6285510063171387
-9.392819881439209	-5.400175094604492
-8.221580743789673	-2.723017930984497
-9.820326626300812	-1.3619298934936523
-5.968063116073608	-8.232691168785095
-6.683359980583191	-5.826629877090454
-8.455081701278687	-7.105943083763123
-9.888910353183746	-8.672815561294556
-9.036841928958893	-1.4399607181549072
-8.00783371925354	-11.890542536973953
-3.2176051139831543	-1.9498937129974365
-3.6808083057403564	-6.698417544364929
-9.317208409309387	-4.532192945480347
-10.089127242565155	-5.722972869873047
-8.162354350090027	-1.0590133666992188
-6.45867133140564	-6.848665952682495
-11.479939430952072	-4.756810426712036
-8.327289819717407	-3.4641294479370117
-8.01371169090271	-3.130808115005493
-7.912346005439758	-5.739330768585205
-9.44324380159378	-7.004747629165649
-11.083188682794571	-6.989331364631653
-5.934588432312012	-1.7313838005065918
-9.783588767051697	-4.705769777297974
-3.268794536590576	-1.5519375801086426
-9.778183221817017	-1.340608835220337
-7.890288233757019	-9.611574232578278
-7.482790946960449	-2.8223862648010254
-11.023417800664902	-10.673420369625092
-10.673255413770676	-8.76710844039917
-11.49850219488144	-10.251374781131744
-7.64213490486145	-1.1462595462799072
-4.660148620605469	-3.9038844108581543
-6.234897136688232	-5.513786315917969
-6.424092650413513	-9.208804607391357
-6.384285807609558	-7.053371071815491
-8.444676876068115	-2.971935510635376
-4.326300859451294	-6.8689316511154175
-11.57631079852581	-7.765293002128601
-3.3840723037719727	-6.372564196586609
-9.40779858827591	-10.145534455776215
-4.7080771923065186	-6.189856052398682
-11.393703058362007	-6.967577576637268
-9.431535065174103	-1.3669524192810059
-8.109911799430847	-5.796879529953003
-11.834377828985453	-4.085361957550049
-11.477421149611473	-5.935462474822998
-4.856587171554565	-5.93220591545105
-10.775143057107925	-5.456100940704346
-7.024920344352722	-1.6282854080200195
-11.053915053606033	-7.635082840919495
-5.339182376861572	-9.31217497587204
-4.550122261047363	-0.9395806789398193
-9.242978274822235	-9.608079135417938
-10.825050741434097	-1.7584469318389893
-11.998146646481473	-1.4553723335266113
-7.330203652381897	-7.93903112411499
-6.916216135025024	-3.453054428100586
-10.721404105424881	-7.3179298639297485
-10.488671600818634	-7.649859309196472
-11.91244999319315	-6.690678834915161
-10.934520721435547	-0.9849593639373779
-6.477020859718323	-7.255603551864624
-9.257200598716736	-8.343997478485107
-4.925804615020752	-7.444041609764099
-10.799126476049423	-11.33370128273964
-9.541042685508728	-5.218120336532593
-8.253722906112671	-10.294710874557495
-8.95772123336792	-4.256814479827881
-7.709165453910828	-6.068453907966614
-4.902947187423706	-4.489645957946777
-10.59026688337326	-3.536452531814575
-3.588589668273926	-2.3045811653137207
-8.850255131721497	-4.767228841781616
-10.640805512666702	-3.5086920261383057
-9.565317571163177	-8.274248600006104
-6.959043860435486	-7.362902998924255
-7.661631345748901	-10.695946902036667
-9.503521084785461	-4.476609706878662
-10.219478487968445	-9.18693745136261
-5.464942932128906	-3.809420585632324
-10.736517190933228	-9.851379990577698
-6.219932913780212	-9.440807282924652
-8.002410650253296	-2.1554882526397705
-6.197651624679565	-2.978433609008789
-8.571436285972595	-5.346071720123291
-10.268133044242859	-5.16032338142395
-10.898555248975754	-7.74749493598938
-10.959784537553787	-10.604448169469833
-6.914151191711426	-7.524323344230652
-9.766678154468536	-9.234574556350708
-7.303937315940857	-2.670532464981079
-9.75662076473236	-5.598657131195068
-9.561216115951538	-7.392244935035706
-10.398386478424072	-8.997446537017822
-5.939520835876465	-3.550718307495117
-11.926034934818745	-5.325854301452637
-9.924009203910828	-2.8637888431549072
-5.536884784698486	-2.0713441371917725
-11.110082477331161	-2.63613224029541
-9.542450666427612	-1.8120739459991455
-9.7349311709404	-7.148988604545593
-9.549236476421356	-4.443902492523193
-7.195561051368713	-8.862727403640747
-9.367760717868805	-9.721841633319855
-7.46933376789093	-2.110558032989502
-11.077432662248611	-3.282561779022217
-6.717662215232849	-4.095417737960815
-11.11148589849472	-10.07555490732193
-9.218671381473541	-4.827169418334961
-5.879970073699951	-1.3937594890594482
-9.481958448886871	-4.023766279220581
-7.573042273521423	-6.205338835716248
-9.627068638801575	-1.5928466320037842
-7.888274431228638	-2.1688671112060547
-6.540876030921936	-3.8719139099121094
-4.709860324859619	-3.200187921524048
-5.441760063171387	-6.888960242271423
-8.764089345932007	-7.267030119895935
-7.687471032142639	-8.221787810325623
-11.705676443874836	-7.463129281997681
-11.132277309894562	-4.326913833618164
-11.121432781219482	-2.9338631629943848
-7.175910115242004	-5.592139005661011
-10.966383755207062	-7.626315236091614
-7.143493294715881	-8.982933640480042
-10.978061467409134	-11.048934549093246
-9.364784181118011	-5.072896242141724
-6.305575132369995	-3.486769437789917
-8.094152927398682	-3.491342782974243
-7.267954230308533	-6.305529356002808
-6.6142802238464355	-5.00422739982605
-5.138095378875732	-5.524056673049927
-11.118288964033127	-10.801921874284744
-11.67215046286583	-1.0959270000457764
-11.874109715223312	-1.097599983215332
-4.588200330734253	-10.348772764205933
-6.177960991859436	-1.8423943519592285
-9.849283218383789	-4.825530052185059
-7.228851914405823	-6.73783278465271
-10.200439810752869	-5.526753187179565
-7.5962430238723755	-2.309239625930786
-3.89673113822937	-1.592191457748413
-8.513991594314575	-9.95289695262909
-7.222951769828796	-2.3781630992889404
-9.522482693195343	-1.243778944015503
-7.358790636062622	-2.1146793365478516
-5.887784957885742	-3.2334465980529785
-7.302066922187805	-5.820878505706787
-6.254955410957336	-6.496750831604004
-11.126907795667648	-2.803487777709961
-5.34886908531189	-9.898049890995026
-7.520228147506714	-1.1306447982788086
-8.414440870285034	-4.56106424331665
-5.56551718711853	-1.1549077033996582
-9.557018101215363	-7.249081134796143
-8.01427710056305	-9.802291095256805
-5.8455283641815186	-4.153043746948242
-11.796486027538776	-8.63375186920166
-9.594734251499176	-3.3567044734954834
-9.171444296836853	-9.262669622898102
-9.952829003334045	-3.952516794204712
-10.095780909061432	-5.730365037918091
-8.493856072425842	-6.537653803825378
-4.816112279891968	-4.244467735290527
-10.651338815689087	-8.01324999332428
-11.390672698616982	-6.70009446144104
-11.135338604450226	-11.681228645145893
-9.571965336799622	-9.155098021030426
-8.980297565460205	-9.000045955181122
-7.7272971868515015	-6.08004105091095
-11.132004708051682	-5.149514436721802
-9.771816909313202	-2.487291097640991
-11.015706807374954	-2.473294258117676
-6.468754291534424	-3.6884758472442627
-9.588959097862244	-6.998990893363953
-4.44365930557251	-2.242271661758423
-8.598878502845764	-8.73265027999878
-8.732425332069397	-9.450720012187958
-4.544122695922852	-4.991950035095215
-8.563783049583435	-0.8330376148223877
-7.886740565299988	-4.414029121398926
-8.294206738471985	-9.421924352645874
-11.612198621034622	-4.209762811660767
-5.710590362548828	-11.9446717556566
-9.579884648323059	-6.01379120349884
-7.336514711380005	-9.54448539018631
-10.360831439495087	-7.28852105140686
-7.514379858970642	-1.7871952056884766
-8.483713746070862	-9.203861474990845
-9.418919563293457	-1.5383706092834473
-6.277657628059387	-1.0317270755767822
-6.115394711494446	-8.974644541740417
-11.937751600518823	-7.481919050216675
-11.910876726731658	-1.0061659812927246
-4.738693714141846	-6.4211554527282715
-9.623308539390564	-4.79525899887085
-11.459697648882866	-1.3205230236053467
-8.901667356491089	-6.705390930175781
-10.590016454458237	-7.9055339097976685
-10.399459719657898	-9.96365225315094
-5.885574817657471	-4.707899808883667
-4.3711838722229	-9.26172262430191
-5.64339280128479	-7.937730431556702
-5.9933202266693115	-2.4039602279663086
-11.898006118834019	-3.3427348136901855
-7.431055068969727	-6.942074775695801
-7.02448832988739	-5.461743593215942
-6.306896209716797	-7.51898467540741
-9.551856637001038	-6.2647905349731445
-11.165928304195404	-3.036634683609009
-10.669893711805344	-8.583295583724976
-8.898171186447144	-6.458010792732239
-10.412362217903137	-3.0867526531219482
-5.634535789489746	-6.597806096076965
-8.353439927101135	-2.0445055961608887
-8.854795932769775	-3.5302298069000244
-8.715218424797058	-6.51759660243988
-7.43342649936676	-1.7684104442596436
-3.897911310195923	-1.1841552257537842
-10.877494812011719	-1.714350700378418
-5.146046161651611	-7.830993175506592
-7.209829330444336	-9.137941002845764
-6.173508167266846	-10.28084260225296
-4.828924655914307	-0.8457555770874023
-8.451917052268982	-5.285930156707764
-8.485077738761902	-6.247596502304077
-10.874622970819473	-4.018012762069702
-9.247269809246063	-4.929270029067993
-7.405476093292236	-6.751879692077637
-6.35858952999115	-3.403062343597412
-8.505671381950378	-3.642730951309204
-8.12120246887207	-7.405458211898804
-4.675781965255737	-0.9893181324005127
-9.041698157787323	-7.159087300300598
-8.288804769515991	-6.01479184627533
-4.297569036483765	-4.1846559047698975
-8.481072306632996	-4.325951099395752
-8.35783588886261	-8.73829436302185
-8.058530688285828	-5.485256910324097
-9.2188201546669	-6.020948767662048
-10.183434247970581	-6.6502697467803955
-9.205007135868073	-1.4499120712280273
-9.475150108337402	-2.3495371341705322
-10.06570315361023	-3.600740432739258
-6.478792905807495	-1.3361735343933105
-7.403304576873779	-1.61903715133667
-2.024775981903076	-11.785245291888714
-8.013715624809265	-2.389065742492676
-8.140626668930054	-4.635064601898193
-7.300060987472534	-9.284279644489288
-8.644883394241333	-9.222739219665527
-7.164393067359924	-7.301001191139221
-6.616756796836853	-3.903104066848755
-7.614781379699707	-5.74926495552063
-9.112898826599121	-5.968618869781494
-5.800274133682251	-7.150115132331848
-9.176882028579712	-4.699449062347412
-7.7219767570495605	-2.504362106323242
-8.897430896759033	-2.237793445587158
-6.507225394248962	-7.5987550020217896
-11.097000986337662	-6.39326798915863
-11.7828174456954	-1.5343737602233887
-8.322645664215088	-8.788586497306824
-6.693677186965942	-4.338033199310303
-8.743598341941833	-9.360763907432556
-8.137496709823608	-4.279444456100464
-7.523471117019653	-6.893918037414551
-7.7646324634552	-1.3286561965942383
-10.147880136966705	-7.789083123207092
-8.135080218315125	-8.392306208610535
-5.282331705093384	-4.1634228229522705
-9.061675429344177	-3.6167056560516357
-9.100923478603363	-10.900867849588394
-11.140712231397629	-9.93857753276825
-11.10001990199089	-5.126375913619995
-9.946164608001709	-5.4999167919158936
-8.979955673217773	-1.787623643875122
-6.896424651145935	-6.742957234382629
-6.7293702363967896	-3.3063769340515137
-6.702019929885864	-3.5214264392852783
-7.3088167905807495	-5.978485107421875
-9.63198047876358	-5.01950740814209
-8.221240639686584	-7.520483493804932
-3.282282829284668	-7.803839921951294
-3.9746196269989014	-6.813082337379456
-6.948341131210327	-9.442188084125519
-3.6183207035064697	-10.917337417602539
-11.792740032076836	-3.5545742511749268
-5.050363540649414	-1.289562463760376
-7.154682040214539	-7.94795036315918
-7.0621497631073	-1.570662260055542
-3.34210467338562	-2.418719530105591
-9.187730491161346	-6.385814666748047
-9.989829182624817	-2.1229162216186523
-7.042261004447937	-3.7102110385894775
-9.919632375240326	-2.8499300479888916
-9.092454850673676	-2.326017379760742
-11.044206976890564	-6.548529267311096
-6.446385383605957	-4.981379270553589
-5.5257182121276855	-5.861905574798584
-9.954793632030487	-6.410090088844299
-8.728692054748535	-6.368502974510193
-8.27869999408722	-9.33671110868454
-9.715088903903961	-10.445619642734528
-9.613544583320618	-7.413984060287476
-6.002906084060669	-0.4846072196960449
-8.185283303260803	-5.442145586013794
-11.680674009025097	-3.7685487270355225
-6.890605688095093	-6.571086287498474
-8.449163317680359	-5.709460258483887
-4.3624348640441895	-3.8691108226776123
-8.341237306594849	-3.293029546737671
-7.191601753234863	-3.647385835647583
-9.67362356185913	-3.9928929805755615
-6.287173390388489	-7.473756551742554
-9.653256833553314	-4.724093198776245
-6.193568229675293	-6.450760245323181
-6.934770941734314	-9.403372049331665
-6.194671869277954	-2.136005401611328
-5.388188123703003	-10.827710777521133
-8.420868158340454	-4.793538808822632
-4.891821384429932	-4.552153587341309
-6.743250489234924	-5.587940454483032
-10.051989734172821	-4.940451622009277
-11.228285819292068	-10.030959963798523
-9.734475374221802	-2.4854156970977783
-4.877936124801636	-0.7248251438140869
-7.04086697101593	-5.922444820404053
-10.060453176498413	-3.481048107147217
-7.606844902038574	-4.608994245529175
-11.860878825187683	-11.844877526164055
-4.205188035964966	-4.4684157371521
-7.811402678489685	-9.037460446357727
-5.560970306396484	-4.2175633907318115
-11.73168010264635	-1.244058609008789
-10.596139937639236	-7.921202659606934
-7.382879376411438	-3.6818840503692627
-7.335672855377197	-7.361945986747742
-8.17889928817749	-1.0161230564117432
-7.2589191198349	-3.676027536392212
-5.81589674949646	-3.9144773483276367
-8.929723620414734	-4.819252967834473
-8.533534526824951	-5.839711904525757
-11.634300358593464	-7.876340389251709
-8.97582721710205	-4.54505467414856
-5.517979145050049	-7.0199443101882935
-8.18291687965393	-2.4600605964660645
-10.64430758357048	-6.937099099159241
-6.232897996902466	-9.621429026126862
-10.912655085325241	-8.547258496284485
-4.859245777130127	-5.8371262550354
-5.901566505432129	-7.583221793174744
-10.099025309085846	-2.836942434310913
-8.756176829338074	-8.603621363639832
-10.927552253007889	-1.838388204574585
-5.416327714920044	-8.299274325370789
-6.749152421951294	-3.1477954387664795
-8.50911569595337	-5.831909894943237
-7.233574032783508	-10.772952765226364
-5.320143699645996	-3.531583070755005
-6.117500424385071	-6.67252779006958
-4.586924314498901	-3.394397735595703
-11.546270594000816	-4.606195449829102
-5.908498764038086	-5.7986226081848145
-8.815210461616516	-3.5755884647369385
-10.376024544239044	-3.7118117809295654
-7.6710991859436035	-5.1681969165802
-5.595788240432739	-4.536241292953491
-5.968000888824463	-6.21670138835907
-5.899175405502319	-5.384796380996704
-5.995748519897461	-7.897356033325195
-2.845999002456665	-0.5529556274414062
-11.728581883013248	-4.900978088378906
-11.156799763441086	-6.381983041763306
-9.857611119747162	-11.263614535331726
-8.272136449813843	-6.314308404922485
-8.00337016582489	-4.13938307762146
-10.583704322576523	-2.8446407318115234
-6.10006320476532	-6.230064868927002
-4.181462287902832	-1.8803465366363525
-10.439896523952484	-7.62472128868103
-5.935159921646118	-6.236954212188721
-7.040554761886597	-4.983029365539551
-11.970174076035619	-9.492438018321991
-4.882906436920166	-9.706869542598724
-9.508171677589417	-4.746556520462036
-4.303476333618164	-1.8999903202056885
-9.513401091098785	-1.418616771697998
-9.788145661354065	-2.19317364692688
-9.89298301935196	-4.794364929199219
-6.543936252593994	-6.258967280387878
-3.9111928939819336	-7.807783842086792
-10.353177845478058	-6.875137567520142
-11.698984108865261	-8.114594221115112
-5.509121417999268	-0.914262056350708
-9.48859441280365	-4.3027074337005615
-11.34230026602745	-9.021465182304382
-6.018004775047302	-10.597605407238007
-10.542487621307373	-8.013493537902832
-10.465873897075653	-5.33354115486145
-7.307606935501099	-9.207415759563446
-6.296375870704651	-5.7698657512664795
-8.383426308631897	-6.088016510009766
-10.278431475162506	-6.644652485847473
-7.584672689437866	-5.698760747909546
-6.3059399127960205	-6.456995487213135
-10.641415268182755	-2.6774983406066895
-5.4239702224731445	-9.605588972568512
-7.95804226398468	-2.173825979232788
-5.627654314041138	-3.5649375915527344
-7.916273474693298	-5.627143621444702
-7.966984748840332	-1.0256423950195312
-5.063047885894775	-7.168680310249329
-7.876118302345276	-6.84358549118042
-10.071579337120056	-9.40796560049057
-9.709441244602203	-1.4412260055541992
-5.829952955245972	-3.4243826866149902
-7.095819354057312	-4.034982204437256
-4.60825252532959	-10.746912896633148
-7.363028883934021	-4.6652891635894775
-9.918285727500916	-4.380119562149048
-10.637113004922867	-10.107256829738617
-7.074307322502136	-8.125931024551392
-10.891281634569168	-7.078770875930786
-9.03938376903534	-8.001538038253784
-6.2462074756622314	-3.0867576599121094
-9.227025032043457	-2.396057367324829
-10.000177502632141	-7.679203391075134
-6.048770427703857	-6.46679949760437
-8.751068115234375	-9.58202451467514
-11.573877185583115	-5.288065195083618
-2.6513171195983887	-5.43722677230835
-4.391391277313232	-1.0812699794769287
-11.62865263223648	-6.293300986289978
-6.271975994110107	-1.9155714511871338
-8.895658493041992	-8.446751832962036
-5.0423126220703125	-5.358537197113037
-5.2639546394348145	-2.332036256790161
-8.645564675331116	-2.895747184753418
-7.567082762718201	-10.666163384914398
-7.050441741943359	-11.736334674060345
-10.369604408740997	-6.805515289306641
-5.549787282943726	-7.209410905838013
-10.630379408597946	-7.424530863761902
-11.531498193740845	-8.146829009056091
-5.869081020355225	-7.3199522495269775
-10.19415557384491	-2.71891450881958
-5.6516382694244385	-1.0001471042633057
-11.677189461886883	-9.542434930801392
-9.192212641239166	-11.747747115790844
-5.052347660064697	-4.702857255935669
-8.692485094070435	-4.107579946517944
-7.6941304206848145	-5.721061706542969
-3.4402363300323486	-3.847465753555298
-11.13928833603859	-6.903488874435425
-3.0965731143951416	-4.319646835327148
-6.575876355171204	-7.174283981323242
-9.271612107753754	-1.3338911533355713
-8.442148447036743	-1.5527865886688232
-11.925215614959598	-2.5259499549865723
-6.4646676778793335	-6.525369644165039
-9.13678514957428	-1.417832851409912
-6.629080295562744	-9.34438169002533
-7.395304799079895	-8.123673677444458
-11.354704275727272	-6.729257941246033
-11.243826985359192	-7.239850759506226
-8.103529930114746	-10.005751848220825
-8.59953224658966	-5.387173175811768
-7.093161106109619	-4.313286781311035
-7.491299986839294	-9.576803147792816
-5.851525783538818	-8.069209456443787
-9.28579705953598	-6.847672462463379
-9.103477656841278	-5.1091697216033936
-7.722192764282227	-6.105437994003296
-11.010573863983154	-7.773568868637085
-6.462347030639648	-8.211362957954407
-9.182575821876526	-7.392871856689453
-11.935564666986465	-5.914596319198608
-8.062015056610107	-10.626590073108673
-9.548617780208588	-5.713502883911133
-10.411003947257996	-1.264012098312378
-9.636410236358643	-7.400762915611267
-10.981030583381653	-4.945687294006348
-11.305764243006706	-3.5313827991485596
-5.220338344573975	-8.189968585968018
-5.5449442863464355	-7.88913881778717
-3.421468734741211	-3.0349180698394775
-9.701017320156097	-5.5489182472229
-4.999938726425171	-10.131622731685638
-7.550729870796204	-2.3487603664398193
-6.81206488609314	-1.5738773345947266
-5.2556633949279785	-1.0893559455871582
-10.448369979858398	-7.057413339614868
-5.036602735519409	-2.792898416519165
-11.314866855740547	-2.0052194595336914
-10.631265074014664	-4.090660572052002
-10.367250859737396	-8.544560194015503
-7.848141431808472	-8.206477761268616
-9.881059169769287	-4.0600433349609375
-11.20657405257225	-6.004292607307434
-9.885285258293152	-4.332333326339722
-6.477229714393616	-2.915700674057007
-7.41704535484314	-2.0775060653686523
-10.417375981807709	-7.470487117767334
-7.375035524368286	-5.462224245071411
-5.651194095611572	-4.496009588241577
-11.031880527734756	-1.6101601123809814
-11.834767743945122	-8.968345284461975
-6.931387424468994	-9.16153371334076
-6.175350666046143	-6.7479904890060425
-11.096824407577515	-6.355237126350403
-9.051240742206573	-5.123629331588745
-9.775604009628296	-11.070611625909805
-8.966988444328308	-10.397971272468567
-9.208762228488922	-3.4542946815490723
-7.540693759918213	-2.5198187828063965
-10.770982593297958	-2.5491886138916016
-7.3604042530059814	-3.193488121032715
-7.110982418060303	-3.97983455657959
-10.552026182413101	-6.177013278007507
-4.317626237869263	-6.309428572654724
-11.389930665493011	-5.902706623077393
-9.351519584655762	-4.32913613319397
-9.117255806922913	-8.46218204498291
-9.971116304397583	-1.1315338611602783
-10.860191613435745	-11.695141687989235
-7.102650046348572	-4.557612419128418
-8.071765065193176	-5.605788946151733
-11.017602771520615	-7.712248921394348
-11.214952379465103	-4.562745809555054
-11.174014270305634	-0.853163480758667
-9.016079485416412	-8.365190148353577
-7.289458394050598	-1.0079162120819092
-11.264784425497055	-2.3940203189849854
-10.844410836696625	-6.727312088012695
-7.610647201538086	-6.7296634912490845
-7.570789933204651	-8.609177470207214
-6.0491859912872314	-9.08454841375351
-9.612482249736786	-7.240657210350037
-7.334091782569885	-11.839167561382055
-7.556519508361816	-2.9977169036865234
-11.706048130989075	-5.714292526245117
-7.388138651847839	-6.014035105705261
-9.483650207519531	-4.434304475784302
-9.03399932384491	-8.807624816894531
-7.308725953102112	-8.431730389595032
-6.326685547828674	-1.9039421081542969
-5.890376329421997	-7.704897165298462
-10.505347967147827	-6.1285107135772705
-7.809723258018494	-9.496883690357208
-6.6594847440719604	-2.600890874862671
-6.703613519668579	-4.880422353744507
-6.061161518096924	-7.307272553443909
-9.267927467823029	-9.853717625141144
-8.380552411079407	-2.0493829250335693
-6.600336313247681	-1.2858080863952637
-8.449671149253845	-9.529825866222382
-9.089147508144379	-5.353760719299316
-11.063809990882874	-10.752570301294327
-11.127346158027649	-4.913876295089722
-11.325357466936111	-1.2566893100738525
-8.156672716140747	-10.254617750644684
-8.784546375274658	-2.725245952606201
-9.54355537891388	-2.518019914627075
-4.563410997390747	-4.021890878677368
-8.679333329200745	-4.044960021972656
-6.924764156341553	-8.608200788497925
-5.636450529098511	-3.3591678142547607
-9.515522360801697	-5.972353935241699
-9.443273842334747	-4.940122604370117
-3.17537784576416	-10.032638490200043
-11.463774159550667	-5.133908271789551
-7.402443051338196	-1.693901538848877
-10.581658154726028	-8.115293741226196
-8.386229038238525	-5.155088424682617
-6.387684345245361	-6.689194321632385
-10.792480498552322	-5.000018119812012
-7.789084196090698	-1.614380121231079
-11.44787321984768	-1.392115831375122
-8.829141497612	-3.339390277862549
-4.185220241546631	-5.280180215835571
-10.937698155641556	-5.9114155769348145
-7.682476758956909	-7.657233953475952
-6.032219409942627	-1.6573119163513184
-9.222150921821594	-5.967432260513306
-9.334237575531006	-3.295895576477051
-11.725752420723438	-5.245547533035278
-8.919981122016907	-7.349806308746338
-5.0346150398254395	-3.0023303031921387
-11.908273559063673	-0.9481387138366699
-6.107958555221558	-11.366113275289536
-8.220433473587036	-2.5840272903442383
-5.335638999938965	-6.231283664703369
-7.222179293632507	-6.805071830749512
-11.232698768377304	-4.932885646820068
-5.871158838272095	-5.746220111846924
-9.504888653755188	-3.1741983890533447
-9.399689018726349	-6.688428282737732
-6.587214946746826	-5.203348159790039
-6.12225615978241	-7.4246156215667725
-9.35480797290802	-9.555453479290009
-8.17935025691986	-11.226022124290466
-5.606308221817017	-4.931420803070068
-6.050982356071472	-5.5874269008636475
-8.755470514297485	-5.021590232849121
-7.751533627510071	-2.5960285663604736
-11.341733783483505	-3.992568254470825
-3.6097726821899414	-9.046655237674713
-9.405503869056702	-2.821929931640625
-9.851892828941345	-5.3120505809783936
-9.403406023979187	-4.584747076034546
-5.201220273971558	-10.466076135635376
-8.423295378684998	-5.435987949371338
-11.395535454154015	-11.153508871793747
-6.4230862855911255	-7.340265512466431
-7.949474215507507	-7.9013142585754395
-10.37789386510849	-6.076207995414734
-5.236002445220947	-2.5132813453674316
-9.997968256473541	-4.308300018310547
-8.401158571243286	-9.331661403179169
-6.083794713020325	-3.7574758529663086
-6.124124050140381	-7.410196423530579
-3.959026336669922	-7.330915331840515
-7.838626027107239	-6.480237364768982
-4.1960320472717285	-3.2873904705047607
-11.468720823526382	-7.655656099319458
-6.941035509109497	-1.5200450420379639
-11.218923032283783	-8.152432680130005
-10.772253960371017	-1.7729036808013916
-9.802678048610687	-8.759414434432983
-8.509004831314087	-8.215500354766846
-11.46456415951252	-5.384092569351196
-7.904247879981995	-1.2039306163787842
-11.163007289171219	-4.382082223892212
-6.587483882904053	-9.147904872894287
-11.35193283855915	-9.301771223545074
-8.879648208618164	-8.687232613563538
-7.558109164237976	-3.590243339538574
-6.724048376083374	-11.551557272672653
-10.485049903392792	-3.801725149154663
-9.353883862495422	-7.760954260826111
-11.617414265871048	-3.6791839599609375
-7.623642683029175	-8.53646171092987
-5.440898895263672	-8.721306681632996
-4.154698848724365	-8.30755341053009
-10.921225100755692	-3.963005304336548
-7.858662486076355	-7.847901821136475
-4.24696683883667	-8.862709879875183
-8.35798716545105	-9.978684425354004
-10.51326709985733	-6.772845983505249
-6.107277274131775	-7.637111663818359
-6.489583253860474	-1.264233112335205
-11.664362668991089	-5.288918495178223
-4.122191905975342	-3.6477599143981934
-11.667052701115608	-6.1405545473098755
-4.474172830581665	-10.074271023273468
-9.50601053237915	-3.1760430335998535
-7.516558527946472	-6.050863265991211
-6.753917813301086	-1.9901597499847412
-3.0725655555725098	-10.542838543653488
-8.328351259231567	-8.481506824493408
-10.400113642215729	-5.978443622589111
-10.77361285686493	-5.334681987762451
-10.033317983150482	-7.2600098848342896
-7.894241094589233	-1.861631155014038
-5.734226703643799	-4.171775579452515
-6.621865153312683	-2.1198277473449707
-9.027475476264954	-6.92435896396637
-11.779278717935085	-7.94104278087616
-7.691195726394653	-7.761060118675232
-6.169772744178772	-11.612899616360664
-10.714866578578949	-8.663262963294983
-10.831700474023819	-1.2217955589294434
-10.74778139591217	-1.3818354606628418
-10.090266466140747	-8.002284407615662
-6.850134372711182	-1.291487216949463
-5.561467409133911	-7.022736668586731
-6.547981381416321	-2.4648585319519043
-8.427228927612305	-5.896122694015503
-6.732891798019409	-8.876099467277527
-10.79661476612091	-7.871976613998413
-6.985867381095886	-3.9150617122650146
-7.864942789077759	-5.787172079086304
-7.896493434906006	-1.3127918243408203
-4.292301893234253	-5.899832010269165
-11.020420253276825	-7.850479245185852
-8.021238684654236	-5.959832668304443
-8.672525525093079	-6.03545880317688
-5.681331396102905	-6.428016185760498
-5.651748418807983	-4.96937370300293
-11.744469322264194	-6.37246298789978
-9.622361361980438	-5.265982389450073
-4.11926007270813	-8.540355563163757
-4.666038751602173	-0.8767526149749756
-6.280097007751465	-7.844205021858215
-9.384325325489044	-5.299225330352783
-10.4775949716568	-1.9524035453796387
-4.610162973403931	-6.866098880767822
-6.102200388908386	-1.695221185684204
-7.858758330345154	-1.1185297966003418
-10.128021240234375	-4.350138187408447
-6.203637957572937	-5.171022176742554
-10.869361728429794	-7.614403009414673
-8.876816868782043	-5.402368783950806
-7.627118468284607	-3.65690016746521
-7.965774178504944	-8.241261005401611
-4.96398138999939	-9.482553005218506
-10.859183192253113	-11.364091694355011
-9.034449577331543	-8.738756775856018
-8.533931851387024	-6.420735597610474
-8.813313245773315	-4.440992832183838
-9.131124436855316	-2.9498140811920166
-7.230729460716248	-10.61109834909439
-5.350557804107666	-3.9335403442382812
-10.931942492723465	-8.157395482063293
-11.41824822127819	-7.900934100151062
-8.436707854270935	-3.458350896835327
-10.554570078849792	-9.866806983947754
-11.231151133775711	-8.61431622505188
-9.889211297035217	-3.127289056777954
-10.885991156101227	-3.686241388320923
-4.808876037597656	-4.645552396774292
-6.21963894367218	-9.834633708000183
-5.36524772644043	-9.98997312784195
-3.862973213195801	-5.671742677688599
-10.807454735040665	-2.4319145679473877
-9.142764151096344	-5.929190397262573
-8.058200597763062	-5.301062107086182
-6.047380685806274	-9.78404027223587
-6.396974444389343	-6.549242377281189
-9.0863476395607	-3.902589797973633
-11.085787922143936	-6.311626195907593
-10.658155381679535	-4.365615606307983
-9.023552477359772	-5.196642637252808
-10.732318013906479	-11.320726856589317
-8.652626395225525	-5.526407718658447
-9.75031703710556	-1.1773731708526611
-8.130611658096313	-6.066015243530273
-6.751938343048096	-4.235686540603638
-11.83366583660245	-9.265393495559692
-5.942967653274536	-4.4940104484558105
-4.740028381347656	-5.283966064453125
-8.626850008964539	-11.054516226053238
-11.168080151081085	-2.2886016368865967
-7.13388454914093	-7.500448822975159
-10.417470395565033	-4.456315040588379
-7.121949076652527	-5.581995964050293
-9.011722147464752	-9.176822125911713
-10.354851007461548	-4.60476279258728
-9.129507958889008	-4.950939416885376
-7.625627160072327	-8.143927574157715
-6.497236490249634	-4.623453855514526
-9.207631945610046	-5.585917711257935
-7.959377646446228	-3.297274589538574
-6.563257813453674	-1.6311771869659424
-8.213751196861267	-2.8376147747039795
-9.42441201210022	-8.278228282928467
-10.533382773399353	-2.3808703422546387
-9.528052031993866	-8.21029794216156
-9.653512179851532	-2.149507999420166
-8.058061480522156	-9.91494905948639
-7.3305487632751465	-1.1815273761749268
-11.2312690615654	-2.164302349090576
-6.107003331184387	-1.3630049228668213
-5.800719738006592	-6.690762877464294
-7.045504689216614	-2.118791341781616
-10.958917379379272	-8.417628765106201
-3.451495885848999	-0.8123917579650879
-7.670395016670227	-10.37083089351654
-6.859875798225403	-8.085579514503479
-7.484394192695618	-6.590721487998962
-7.314399003982544	-6.502532243728638
-7.062523126602173	-8.653406739234924
-9.091827929019928	-2.313857316970825
-11.210588961839676	-5.612709045410156
-10.163971960544586	-0.9494812488555908
-8.448870420455933	-6.873521447181702
-11.28438900411129	-2.270738124847412
-10.919709473848343	-5.115458965301514
-7.597185015678406	-3.1583797931671143
-8.443705558776855	-9.752291858196259
-10.290965259075165	-7.795964598655701
-10.800181657075882	-1.390317678451538
-10.767690807580948	-9.015129625797272
-6.649773001670837	-2.8965554237365723
-8.826281189918518	-1.6002123355865479
-5.843965530395508	-10.458346545696259
-11.837039686739445	-9.560920894145966
-8.256975889205933	-6.181720733642578
-4.927094221115112	-3.5405430793762207
-10.755588680505753	-6.2276880741119385
-9.276453852653503	-3.5953588485717773
-9.447438418865204	-9.431858718395233
-6.496687889099121	-0.8860688209533691
-6.984356045722961	-8.142641186714172
-9.996671319007874	-4.133816957473755
-6.938210964202881	-8.045528769493103
-10.936482399702072	-7.905391573905945
-6.53682804107666	-9.813015818595886
-9.994194030761719	-8.731258749961853
-6.243284225463867	-2.935117721557617
-8.709617614746094	-5.797604084014893
-3.9898359775543213	-8.20218014717102
-7.2567458152771	-11.143075972795486
-8.635388016700745	-6.333852052688599
-11.251432120800018	-7.66766881942749
-6.303725838661194	-3.935272693634033
-7.201608896255493	-6.695399165153503
-11.633755132555962	-7.045503616333008
-10.554271459579468	-6.349978923797607
-10.397990226745605	-8.879877090454102
-11.512379765510559	-0.7744896411895752
-6.272612571716309	-1.4021015167236328
-10.943697810173035	-5.46956205368042
-8.472294688224792	-5.254084825515747
-5.25597882270813	-2.346525192260742
-6.743635296821594	-5.641520977020264
-9.563568234443665	-10.044734716415405
-10.840015232563019	-3.7456698417663574
-4.846912622451782	-1.9984087944030762
-4.076347589492798	-0.8905012607574463
-8.446430325508118	-3.7296481132507324
-4.175904750823975	-1.147562026977539
-8.389049649238586	-2.905381679534912
-9.825346648693085	-8.402552962303162
-7.051625490188599	-5.808197021484375
-9.174718737602234	-9.505177795886993
-5.169543027877808	-1.8403151035308838
-9.353176474571228	-5.0047502517700195
-10.883498758077621	-0.83953857421875
-3.234088182449341	-0.6578235626220703
-6.716475605964661	-4.423952579498291
-6.606996774673462	-7.61396062374115
-5.0804572105407715	-11.15627709031105
-8.599263310432434	-3.7815635204315186
-11.372763589024544	-7.180085778236389
-7.073054194450378	-1.7258613109588623
-5.244363069534302	-7.655964016914368
-7.189015030860901	-1.365074872970581
-6.857513666152954	-4.031291484832764
-6.880961537361145	-8.253957152366638
-9.843024015426636	-0.8910069465637207
-10.803964465856552	-3.352524518966675
-11.028720885515213	-0.9505691528320312
-3.1930439472198486	-1.4683420658111572
-10.697241514921188	-7.994787096977234
-5.966835021972656	-7.361581563949585
-6.0457152128219604	-1.4942829608917236
-10.202445924282074	-10.138855218887329
-11.00791311264038	-4.298661947250366
-7.039492607116699	-1.847672939300537
-5.447238922119141	-10.052239716053009
-6.007282376289368	-6.178004622459412
-4.486568927764893	-7.553491830825806
-6.596860885620117	-5.476049423217773
-9.704299628734589	-4.948700666427612
-6.415646910667419	-7.83599853515625
-9.100153505802155	-3.794731378555298
-9.673928081989288	-9.319172322750092
-11.750988721847534	-7.472301721572876
-6.160161137580872	-1.6554136276245117
-7.244550347328186	-8.351420402526855
-6.5452845096588135	-7.250513434410095
-5.015260934829712	-3.021850347518921
-11.674913384020329	-4.811634063720703
-9.836803615093231	-7.813437581062317
-9.62072217464447	-0.6637144088745117
-7.789790868759155	-4.845072984695435
-11.866684198379517	-5.288673162460327
-5.946115493774414	-1.187915325164795
-7.3686665296554565	-7.322955965995789
-9.736413180828094	-1.1323013305664062
-10.666526645421982	-1.3443195819854736
-7.207898497581482	-6.168895483016968
-7.408366799354553	-7.404317021369934
-5.817009687423706	-4.735884189605713
-8.609264731407166	-9.609862446784973
-7.919952034950256	-2.013603687286377
-6.89188027381897	-9.560443103313446
-8.893691897392273	-3.8193376064300537
-8.832356929779053	-2.3270623683929443
-9.226672410964966	-8.773977398872375
-5.062165975570679	-4.060508966445923
-6.255972862243652	-6.178903341293335
-8.102197408676147	-6.120866060256958
-2.853421211242676	-7.501954793930054
-7.27853786945343	-8.209315538406372
-10.942213386297226	-3.370162010192871
-6.379860520362854	-4.306018352508545
-11.561830624938011	-4.922759056091309
-10.273683249950409	-1.1109073162078857
-6.906959652900696	-5.596785306930542
-6.68718945980072	-0.842010498046875
-9.696580410003662	-6.982511401176453
-6.832971453666687	-7.132587790489197
-9.994011998176575	-1.4267849922180176
-10.565604239702225	-2.2630856037139893
-8.246937274932861	-7.891857147216797
-9.097344517707825	-5.207453727722168
-8.05141532421112	-10.409055590629578
-9.057727932929993	-11.449695691466331
-5.943549871444702	-5.663394927978516
-9.366341292858124	-1.747908353805542
-9.190347969532013	-7.478151082992554
-6.756606101989746	-3.263749837875366
-8.767064094543457	-7.80756676197052
-7.880968809127808	-9.072988271713257
-9.713812172412872	-5.934009790420532
-10.508174389600754	-5.993107080459595
-4.770639181137085	-5.171374082565308
-11.351779505610466	-6.997236013412476
-5.176867961883545	-8.977096438407898
-5.770490884780884	-5.8736186027526855
-4.062063932418823	-5.615114450454712
-10.042089521884918	-9.468535244464874
-7.183452129364014	-5.191188097000122
-10.814252346754074	-5.78358006477356
-8.036534070968628	-4.372824668884277
-5.139743328094482	-10.011600852012634
-10.073783040046692	-2.597794532775879
-11.06433516740799	-9.352052628993988
-6.024232864379883	-2.1673014163970947
-6.1750956773757935	-3.174478769302368
-4.578521490097046	-5.697587728500366
-9.933140337467194	-11.120413184165955
-9.335533797740936	-8.249322295188904
-7.348873972892761	-9.089272856712341
-10.78924110531807	-5.606731653213501
-5.492181301116943	-5.798441648483276
-11.360393956303596	-7.444703221321106
-5.250114440917969	-4.721619129180908
-10.293594539165497	-2.697094202041626
-11.21408611536026	-10.038313329219818
-10.419252812862396	-1.4091796875
-9.9635728597641	-2.004194498062134
-9.049142360687256	-7.512626767158508
-11.846828810870647	-10.91065388917923
-10.963428497314453	-9.130546510219574
-9.646905541419983	-1.9739470481872559
-7.45965313911438	-1.2559146881103516
-7.3293914794921875	-4.301812648773193
-7.425996422767639	-2.916349411010742
-8.980120182037354	-5.166946649551392
-4.684887170791626	-7.742504239082336
-9.308678448200226	-1.578613042831421
-9.177100539207458	-8.43825888633728
-4.37793231010437	-5.422526836395264
-11.340840205550194	-9.926870226860046
-7.2490246295928955	-9.523840606212616
-10.542115330696106	-8.859118223190308
-4.877026319503784	-3.9327213764190674
-6.036094665527344	-3.1926090717315674
-8.763936281204224	-11.687388472259045
-4.9015960693359375	-4.220927953720093
-7.0923357009887695	-7.294850707054138
-7.437207341194153	-4.130782842636108
-10.711394995450974	-4.085766077041626
-8.349327564239502	-6.88007390499115
-7.3718554973602295	-0.7557485103607178
-9.877545297145844	-1.399048089981079
-6.763558387756348	-2.848513126373291
-10.987068325281143	-8.688326597213745
-10.889728367328644	-0.8805878162384033
-4.716038703918457	-3.586914539337158
-10.26805830001831	-5.895830869674683
-8.241891503334045	-7.694994807243347
-10.667349100112915	-6.696579694747925
-8.643633127212524	-10.603584587574005
-11.841505698859692	-1.391268253326416
-11.330947056412697	-2.2155368328094482
-7.245832085609436	-2.7754855155944824
-10.163462340831757	-8.655575037002563
-7.640403985977173	-7.8276554346084595
-10.038612842559814	-2.7611711025238037
-11.793169498443604	-1.964836835861206
-8.088213443756104	-7.330914258956909
-10.52980774641037	-5.53108549118042
-10.904373049736023	-4.761515378952026
-5.659036874771118	-3.75510835647583
-8.966912984848022	-5.429629325866699
-6.847976446151733	-1.3618898391723633
-6.565640330314636	-6.285604476928711
-5.570739269256592	-3.9807722568511963
-10.205623269081116	-7.921433687210083
-7.681357741355896	-3.6140198707580566
-6.635463237762451	-1.4461705684661865
-8.632744789123535	-0.9407057762145996
-8.905896663665771	-6.24315869808197
-7.454662799835205	-3.9728972911834717
-7.1977479457855225	-9.863760530948639
-5.926651954650879	-6.783690333366394
-6.763830184936523	-5.711373567581177
-11.144794911146164	-6.639470458030701
-4.453286647796631	-8.100088119506836
-4.912123203277588	-7.464085578918457
-4.9025938510894775	-1.0113844871520996
-8.197865009307861	-7.55974817276001
-9.735882461071014	-6.447212219238281
-4.666650295257568	-2.595252513885498
-5.082213878631592	-10.925536930561066
-10.73345473408699	-2.2257163524627686
-10.685035228729248	-11.073522001504898
-8.153404355049133	-11.63674758374691
-8.184366703033447	-3.630051612854004
-4.577683925628662	-3.1261632442474365
-7.303473472595215	-6.857861638069153
-7.392102599143982	-9.797656953334808
-10.601306408643723	-1.6233580112457275
-8.468205213546753	-7.99000883102417
-7.309652924537659	-5.843338966369629
-11.599318787455559	-3.218648672103882
-10.60551980137825	-4.419325590133667
-9.057635128498077	-6.862175345420837
-4.982218980789185	-3.9863269329071045
-9.759284913539886	-3.0225884914398193
-10.858774960041046	-8.057157754898071
-5.465651750564575	-6.815945506095886
-10.50831913948059	-6.597202777862549
-11.168909132480621	-6.596243262290955
-11.05943351984024	-2.7908742427825928
-8.56117594242096	-9.17529147863388
-7.286816954612732	-7.320160746574402
-9.461714565753937	-7.653456330299377
-5.0996010303497314	-0.973905086517334
-5.1671247482299805	-10.466245472431183
-10.550028830766678	-8.851143479347229
-11.444019868969917	-5.414352178573608
-10.540285348892212	-11.581175923347473
-8.360028505325317	-5.366304874420166
-10.781812638044357	-8.025856375694275
-10.409954130649567	-8.556183099746704
-8.222720861434937	-2.703005790710449
-9.296976327896118	-8.16672420501709
-7.630792737007141	-1.438910722732544
-9.669288039207458	-2.710224151611328
-10.400971591472626	-10.39141470193863
-4.6794304847717285	-9.812652468681335
-11.59831890463829	-3.2938127517700195
-6.571431398391724	-0.8698904514312744
-7.026224970817566	-5.368090867996216
-6.642744541168213	-7.224003553390503
-11.936767799779773	-6.956550121307373
-4.915889024734497	-6.867962837219238
-4.76516318321228	-3.7930469512939453
-10.259144604206085	-2.4254536628723145
-8.950946688652039	-4.448763370513916
-4.88602352142334	-8.698929905891418
-7.234596848487854	-9.791865527629852
-6.66636335849762	-1.675739049911499
-5.391375303268433	-1.5648143291473389
-10.524706184864044	-6.886469006538391
-5.577332496643066	-6.3991416692733765
-10.32956975698471	-5.444197654724121
-4.0855207443237305	-3.091721534729004
-4.126998424530029	-1.4126129150390625
-6.723138213157654	-10.25730174779892
-8.828626155853271	-9.741032481193542
-8.662120342254639	-6.345149874687195
-6.916391372680664	-7.334378600120544
-10.75275707244873	-2.1470210552215576
-10.645258963108063	-3.0964550971984863
-9.029893040657043	-7.73489785194397
-9.006300330162048	-4.826871156692505
-10.308422148227692	-8.622267007827759
-8.368717074394226	-10.35404223203659
-9.537176549434662	-6.3015958070755005
-8.222262740135193	-5.702636003494263
-5.220253944396973	-3.096621036529541
-5.043178081512451	-7.917422533035278
-7.195291042327881	-6.782440423965454
-9.9922154545784	-5.542726993560791
-9.848039031028748	-2.0069568157196045
-11.980684091337025	-10.778955191373825
-11.16582852602005	-2.1884214878082275
-10.057759881019592	-1.4156320095062256
-10.770192593336105	-4.1626832485198975
-8.47403633594513	-3.640834093093872
-7.305539131164551	-8.902911186218262
-5.547429084777832	-9.737058877944946
-5.880949258804321	-8.291377186775208
-5.3125598430633545	-4.852493047714233
-11.028358697891235	-6.960169672966003
-11.343183740973473	-4.19829797744751
-6.246317267417908	-0.8890042304992676
-8.659919142723083	-3.793670654296875
-10.431273221969604	-9.91602909564972
-7.376720309257507	-4.756927013397217
-7.627003312110901	-5.70436692237854
-11.983686153776944	-0.8456318378448486
-7.153531908988953	-5.777302980422974
-4.995635032653809	-4.818034887313843
-11.77472772449255	-2.2827022075653076
-10.714144259691238	-1.0908701419830322
-5.942571401596069	-5.384366512298584
-8.759783864021301	-5.674482107162476
-8.861733198165894	-7.392431259155273
-11.53655755519867	-10.582143813371658
-11.294356003403664	-11.24344190955162
-7.759003043174744	-5.468024253845215
-7.718713402748108	-5.423733472824097
-10.827317833900452	-3.417283058166504
-3.72268009185791	-4.832804918289185
-9.652733981609344	-3.6641721725463867
-8.790730834007263	-2.2160332202911377
-8.792030811309814	-6.937746047973633
-8.567284226417542	-2.4248807430267334
-10.814900815486908	-1.8893945217132568
-4.483015537261963	-5.7138848304748535
-9.53366607427597	-5.499479055404663
-9.539600908756256	-1.1538097858428955
-7.138111352920532	-4.902050256729126
-7.33226215839386	-4.787630081176758
-4.6602394580841064	-3.035926580429077
-7.004067063331604	-6.276612997055054
-1.94881010055542	-6.118008971214294
-6.125549554824829	-4.457289934158325
-8.55443823337555	-7.966257691383362
-6.504929065704346	-3.548051118850708
-4.392235279083252	-8.203035950660706
-5.2941906452178955	-6.030680537223816
-11.47821119427681	-1.4605579376220703
-7.090285778045654	-4.137503385543823
-10.03151160478592	-2.9974522590637207
-6.441616058349609	-3.159322500228882
-10.491276562213898	-8.544550895690918
-8.462798953056335	-9.654784619808197
-6.875486612319946	-3.6128647327423096
-6.929427981376648	-8.217363595962524
-6.048202872276306	-9.208239018917084
-6.625822305679321	-7.920815706253052
-10.687425434589386	-9.386193037033081
-10.517105251550674	-7.864568710327148
-6.800026774406433	-6.38746440410614
-5.134974002838135	-4.810212850570679
-6.988492727279663	-2.8669230937957764
-4.847087144851685	-2.9957571029663086
-7.731117010116577	-2.8908069133758545
-9.807192027568817	-9.340540409088135
-9.651359617710114	-8.455592036247253
-6.453949570655823	-10.00730413198471
-4.8217949867248535	-11.11489024758339
-11.635771125555038	-10.033321917057037
-10.771125376224518	-6.359148144721985
-8.295357942581177	-3.890695810317993
-8.016445398330688	-6.34115195274353
-9.14978402853012	-7.548480033874512
-10.375843226909637	-8.506044745445251
-8.448723793029785	-2.091684579849243
-8.076986074447632	-6.614997982978821
-4.652608394622803	-1.9985976219177246
-6.557374119758606	-5.001619577407837
-8.845686793327332	-2.4483489990234375
-5.283738613128662	-5.457070827484131
-8.598742604255676	-4.98285984992981
-10.90741941332817	-2.771995782852173
-9.30619990825653	-6.031444430351257
-7.890614748001099	-2.2115964889526367
-8.314655542373657	-5.628601312637329
-5.769047498703003	-11.046656727790833
-9.694744527339935	-6.4779170751571655
-9.590789258480072	-10.289047837257385
-5.5561158657073975	-3.533635139465332
-8.89299488067627	-4.8190391063690186
-10.537916243076324	-11.812235713005066
-8.20422613620758	-5.5586464405059814
-6.995099902153015	-7.070986390113831
-10.48919266462326	-5.064228773117065
-5.604238271713257	-1.9214451313018799
-8.280157685279846	-7.400535464286804
-9.18212628364563	-7.8530033826828
-10.99649691581726	-7.815422058105469
-9.922175109386444	-3.5966885089874268
-6.625259041786194	-6.614358901977539
-6.7512277364730835	-1.800868034362793
-7.903144955635071	-11.144339829683304
-11.186584621667862	-1.5284278392791748
-10.629108488559723	-8.371325969696045
-7.578384518623352	-5.253637075424194
-5.727832317352295	-2.1244232654571533
-10.928605645895004	-9.755538403987885
-11.741966284811497	-4.130711317062378
-8.682740092277527	-3.9151182174682617
-11.286574468016624	-5.01378321647644
-11.342897593975067	-1.299074649810791
-11.418885961174965	-4.956617832183838
-10.549620509147644	-9.98093068599701
-6.2215458154678345	-2.8464181423187256
-6.737121105194092	-3.6217610836029053
-10.422423005104065	-1.253005027770996
-4.20693826675415	-7.545128703117371
-6.536658883094788	-7.472788095474243
-5.766270875930786	-3.8897087574005127
-4.389503717422485	-7.689571380615234
-9.560510158538818	-6.532098054885864
-9.232487440109253	-1.8595526218414307
-7.1171979904174805	-4.966461896896362
-2.2653207778930664	-5.126760005950928
-6.628832101821899	-5.99394965171814
-8.570619106292725	-11.067954182624817
-6.527632713317871	-2.5497050285339355
-11.269811600446701	-7.421760320663452
-11.45367269217968	-4.187227964401245
-11.882203090935946	-3.682098627090454
-8.1717027425766	-2.8973543643951416
-7.394089221954346	-5.056194305419922
-7.981145739555359	-11.030793339014053
-6.548485279083252	-5.774901866912842
-7.9827961921691895	-7.146198749542236
-6.362739443778992	-9.815746486186981
-5.596094369888306	-10.180074334144592
-5.629968881607056	-0.6577870845794678
-8.393888354301453	-5.148098945617676
-7.92159640789032	-0.8257362842559814
-9.610155522823334	-9.54766970872879
-10.695002675056458	-11.249187737703323
-6.109699130058289	-3.551086664199829
-10.920746147632599	-2.7962121963500977
-10.58739709854126	-4.981789827346802
-11.136290073394775	-1.7609245777130127
-7.54188072681427	-1.1842982769012451
-10.999414086341858	-3.1115598678588867
-9.925076723098755	-4.0010011196136475
-7.4946430921554565	-6.77271294593811
-11.283003017306328	-9.398218810558319
-11.019497394561768	-3.196261167526245
-10.310110867023468	-9.17737466096878
-11.060195535421371	-8.133288502693176
-6.71841037273407	-7.84428870677948
-5.992911100387573	-8.971149802207947
-8.154011964797974	-8.57286822795868
-11.113078773021698	-6.281661629676819
-7.021815061569214	-8.666326403617859
-7.368248820304871	-1.8641002178192139
-8.021599888801575	-10.376492321491241
-7.528418183326721	-4.811094760894775
-7.782521724700928	-3.1098175048828125
-4.725184679031372	-9.153084218502045
-7.308074355125427	-5.952868938446045
-10.638576865196228	-5.238039493560791
-9.97557270526886	-7.368421196937561
-8.341869235038757	-7.853750109672546
-5.632209777832031	-8.533607125282288
-8.624322295188904	-6.479717016220093
-5.411117076873779	-6.541001915931702
-7.749453663825989	-6.885586380958557
-4.676922082901001	-3.9100985527038574
-10.997690677642822	-6.782450437545776
-8.358544707298279	-8.43593716621399
-9.08261901140213	-6.055046439170837
-9.966802418231964	-9.405063807964325
-4.252347707748413	-10.007584154605865
-4.512534856796265	-7.320467948913574
-10.77708113193512	-11.505476966500282
-9.165651619434357	-10.276239931583405
-6.295267224311829	-5.621287822723389
-9.778915464878082	-8.764719486236572
-10.838206797838211	-3.1352956295013428
-8.218893885612488	-1.8233635425567627
-7.259609341621399	-2.1274681091308594
-9.646900177001953	-6.63360321521759
-5.856403112411499	-4.992454290390015
-10.898993879556656	-7.285472989082336
-10.144446015357971	-5.390763759613037
-6.095518469810486	-2.88870906829834
-11.474662765860558	-9.811449229717255
-5.739141225814819	-7.786979556083679
-8.700604319572449	-10.103464543819427
-7.321015119552612	-7.335963249206543
-8.248058795928955	-9.31079649925232
-6.19459855556488	-7.4960185289382935
-11.228823065757751	-5.464876413345337
-11.38474752008915	-1.477576732635498
-8.484859585762024	-3.1955201625823975
-5.5256617069244385	-5.989765405654907
-10.930256724357605	-4.70560097694397
-8.406773328781128	-1.4699821472167969
-5.800308465957642	-7.776913046836853
-4.9805989265441895	-5.203538417816162
-8.262177228927612	-7.591006636619568
-10.728808969259262	-3.1033058166503906
-8.577438354492188	-3.1219260692596436
-11.888071417808533	-3.952301502227783
-7.488099217414856	-7.854444265365601
-11.230243742465973	-5.075290203094482
-4.918411016464233	-4.576169729232788
-6.963034272193909	-2.2608110904693604
-8.981576442718506	-1.2891812324523926
-11.293120801448822	-6.671845436096191
-7.9092042446136475	-6.475891828536987
-5.09964394569397	-7.88935661315918
-9.606458902359009	-8.956398725509644
-9.94568395614624	-7.240100383758545
-7.356319069862366	-8.547736644744873
-10.60029736161232	-7.344988703727722
-6.169715523719788	-5.973230838775635
-5.625909090042114	-7.435268998146057
-10.083521604537964	-3.4240200519561768
-11.855314806103706	-11.800063848495483
-10.819576799869537	-3.4126439094543457
-9.4570072889328	-3.1318116188049316
-5.537398338317871	-11.064520686864853
-9.351032853126526	-11.704551950097084
-6.699997544288635	-3.0642385482788086
-5.078377962112427	-5.192114353179932
-8.99271047115326	-2.3217830657958984
-5.90774130821228	-11.273246973752975
-9.176348626613617	-9.64141434431076
-9.967561304569244	-6.855412244796753
-11.006712645292282	-1.3362364768981934
-9.208589315414429	-4.078489780426025
-11.54471705853939	-7.198531150817871
-10.50662237405777	-6.95486319065094
-7.1214280128479	-3.0616142749786377
-11.251436367630959	-9.135759472846985
-11.143051832914352	-3.7277426719665527
-7.0943284034729	-2.751584529876709
-8.99725878238678	-1.5854201316833496
-8.53125786781311	-9.055488109588623
-8.017593026161194	-9.006903648376465
-7.755029082298279	-9.88497769832611
-11.80806764960289	-3.280261516571045
-8.620256781578064	-6.537751793861389
-5.6218743324279785	-1.537285566329956
-9.700772523880005	-5.908755540847778
-8.588600993156433	-6.1791969537734985
-4.9983251094818115	-8.613821625709534
-11.989089286420494	-5.4699225425720215
-10.379314005374908	-4.0212013721466064
-11.87074974551797	-7.25240421295166
-7.761809349060059	-9.030957341194153
-11.9363773483783	-8.534661769866943
-10.817170053720474	-4.391630172729492
-8.442669868469238	-5.769761323928833
-6.153155565261841	-8.543642163276672
-9.629128754138947	-6.356990575790405
-6.74393355846405	-5.127160549163818
-9.766077697277069	-6.887909889221191
-5.902064323425293	-9.34711217880249
-10.637130439281464	-8.052690982818604
-6.842181444168091	-5.1157386302948
-7.503202199935913	-2.0122053623199463
-10.690378278493881	-8.95887565612793
-6.055978059768677	-9.35168606042862
-7.113092064857483	-3.908200979232788
-9.400076866149902	-6.34746515750885
-5.665823221206665	-2.9838016033172607
-6.063269734382629	-4.9027955532073975
-4.624305725097656	-4.22917914390564
-6.208760619163513	-1.8638012409210205
-9.998499155044556	-4.280900001525879
-8.486743927001953	-0.775700569152832
-8.418846487998962	-8.243369579315186
-7.8806233406066895	-1.3646986484527588
-11.529584929347038	-10.237058579921722
-9.61021900177002	-7.6831594705581665
-5.9282026290893555	-4.017439126968384
-4.690647840499878	-6.761196255683899
-9.669351160526276	-9.32707303762436
-6.687401533126831	-2.7949376106262207
-11.077031403779984	-2.48618745803833
-9.229043662548065	-1.928058385848999
-9.117377758026123	-5.503291368484497
-9.330844402313232	-4.451642990112305
-8.55450439453125	-10.085532546043396
-5.274897336959839	-6.887863397598267
-9.029889106750488	-1.2080397605895996
-9.805378496646881	-7.426885485649109
-9.702423334121704	-2.462014675140381
-8.27455222606659	-1.2527546882629395
-7.128514766693115	-1.2109200954437256
-7.635189414024353	-1.2621653079986572
-10.603439658880234	-7.594258189201355
-7.559685587882996	-2.1056900024414062
-8.520593762397766	-6.2128132581710815
-3.6757686138153076	-1.3784215450286865
-7.4448219537734985	-4.001697778701782
-9.087932646274567	-3.227003574371338
-7.88599169254303	-6.824265003204346
-5.195644855499268	-2.1844139099121094
-7.492724061012268	-7.396331548690796
-3.717681884765625	-7.656474351882935
-5.779221296310425	-2.1552557945251465
-5.907713413238525	-2.445943593978882
-11.166776150465012	-7.552529454231262
-6.625584840774536	-0.9384984970092773
-7.16660213470459	-8.710646152496338
-4.7435688972473145	-6.937068700790405
-10.050616264343262	-8.367628455162048
-8.075133562088013	-8.748525381088257
-4.3959174156188965	-9.024661123752594
-11.336933434009552	-11.341261625289917
-7.103744745254517	-1.1816940307617188
-11.49841658771038	-3.785951614379883
-9.041843175888062	-4.941893577575684
-11.131475687026978	-6.300625920295715
-8.787629127502441	-1.3530921936035156
-8.008503198623657	-3.6921586990356445
-11.759235106408596	-11.55620813369751
-3.8897666931152344	-0.6248209476470947
-6.251416325569153	-8.552390813827515
-6.589196562767029	-5.339715957641602
-5.941683769226074	-2.5305047035217285
-8.699475646018982	-1.095745325088501
-10.716511756181717	-6.635397791862488
-7.563067317008972	-6.906470060348511
-8.599389553070068	-9.648956179618835
-5.38326358795166	-5.746180772781372
-10.72832304239273	-2.367976427078247
-6.587737798690796	-9.022798776626587
-6.235610604286194	-9.19741541147232
-10.376522183418274	-8.471487879753113
-10.359288096427917	-5.431389570236206
-7.5611793994903564	-2.454397201538086
-10.038263618946075	-9.317365407943726
-10.555882930755615	-2.8188772201538086
-5.810011625289917	-10.987720280885696
-10.73169457912445	-5.181145906448364
-10.783238142728806	-5.081191778182983
-10.414328277111053	-8.678124189376831
-7.477759838104248	-10.909919679164886
-11.247442245483398	-2.5240159034729004
-11.602397471666336	-5.816385269165039
-6.837663173675537	-11.127348750829697
-6.2871540784835815	-2.234001874923706
-9.917283296585083	-3.449727773666382
-10.421825408935547	-7.3586554527282715
-10.394304513931274	-6.1865622997283936
-10.703774750232697	-1.537102460861206
-5.011965751647949	-3.8481216430664062
-5.165723562240601	-11.402824804186821
-11.307079061865807	-6.245487928390503
-6.456043124198914	-1.877058506011963
-4.501648664474487	-8.289609432220459
-5.558115005493164	-8.07878565788269
-7.247472524642944	-10.258715093135834
-10.79108789563179	-8.76365053653717
-10.069519400596619	-3.00108003616333
-11.526837408542633	-9.070300698280334
-3.5805366039276123	-5.970014333724976
-9.123792886734009	-8.164626002311707
-5.689177751541138	-7.51657247543335
-6.616410613059998	-7.204907298088074
-6.234606385231018	-6.8575286865234375
-8.795245170593262	-1.7095448970794678
-7.341419577598572	-6.473025441169739
-2.4221928119659424	-7.983537912368774
-11.08491763472557	-6.109014272689819
-6.664238333702087	-2.789875030517578
-11.769876144826412	-2.3337814807891846
-9.500409007072449	-4.534976005554199
-7.49579393863678	-7.809615969657898
-8.47679615020752	-10.349443316459656
-4.917916774749756	-3.541879177093506
-7.266273379325867	-6.00862991809845
-11.05198010802269	-5.592445135116577
-10.592925757169724	-11.153347223997116
-6.600387811660767	-3.8716957569122314
-7.640307784080505	-3.320476770401001
-9.865856945514679	-1.8227763175964355
-7.230484843254089	-4.072705507278442
-4.907161474227905	-10.058170080184937
-7.560705900192261	-4.820655584335327
-8.799977660179138	-10.553203761577606
-9.740289330482483	-9.121116757392883
-11.994294537696987	-6.742209434509277
-8.98246943950653	-7.647422432899475
-8.092353701591492	-1.1469383239746094
-8.301372170448303	-11.08717355132103
-4.862282037734985	-2.499403238296509
-10.359759986400604	-0.8503739833831787
-10.709152668714523	-3.7639546394348145
-6.418100953102112	-8.482317209243774
-4.562872409820557	-11.288862839341164
-11.778773993253708	-1.6315312385559082
-11.30445246398449	-7.790194272994995
-5.8807947635650635	-8.202698349952698
-4.211611032485962	-3.0451998710632324
-11.757988661527634	-9.106233179569244
-8.236506700515747	-10.805041015148163
-11.519633576273918	-3.1257898807525635
-9.516318261623383	-8.846967458724976
-8.142099380493164	-11.475335642695427
-10.068520724773407	-4.131857872009277
-9.615918517112732	-3.3276286125183105
-11.466444477438927	-4.027155876159668
-7.884223580360413	-7.469745755195618
-11.946039078757167	-1.985262393951416
-5.443967342376709	-9.019457817077637
-10.46323549747467	-6.601582288742065
-5.475536584854126	-3.4163639545440674
-4.853166103363037	-3.337883234024048
-9.857630610466003	-8.128986239433289
-7.538875579833984	-3.329551935195923
-9.315362334251404	-4.082888603210449
-11.835835564881563	-1.845510721206665
-8.798173427581787	-3.243222713470459
-7.442906141281128	-7.616078495979309
-9.745972573757172	-3.8729116916656494
-9.189660966396332	-1.0173919200897217
-7.578398823738098	-6.6247923374176025
-7.778804540634155	-7.063635349273682
-10.246047735214233	-5.468291759490967
-6.312188744544983	-0.9994010925292969
-5.79452919960022	-1.892327070236206
-6.624960780143738	-6.396593928337097
-10.217682659626007	-1.2772979736328125
-7.805914878845215	-9.475832283496857
-6.514821767807007	-7.486979126930237
-11.956982921808958	-11.36036865413189
-6.168571472167969	-3.8771982192993164
-5.276113986968994	-3.3323028087615967
-5.50247597694397	-2.4714267253875732
-10.217505276203156	-7.998310446739197
-8.667943954467773	-5.774087905883789
-9.494974672794342	-8.261500597000122
-6.228240609169006	-0.8191180229187012
-7.727267861366272	-9.987975597381592
-5.594844102859497	-10.086752235889435
-6.637359380722046	-6.500460505485535
-7.590736269950867	-8.04038679599762
-9.433269560337067	-5.343218564987183
-8.802789688110352	-7.686699986457825
-9.288049757480621	-9.951945126056671
-9.745750308036804	-3.6659023761749268
-3.1179957389831543	-2.7255520820617676
-7.329210877418518	-7.164150238037109
-7.984215974807739	-2.1140806674957275
-4.550042152404785	-6.245136022567749
-4.8336896896362305	-3.7097976207733154
-8.091874480247498	-9.086395561695099
-5.7290167808532715	-5.55360746383667
-8.574046611785889	-4.093919277191162
-10.805122822523117	-6.808093070983887
-10.75167801976204	-3.321793556213379
-9.287059843540192	-2.618964672088623
-8.19424045085907	-3.7228517532348633
-6.854469895362854	-1.445685625076294
-7.531944751739502	-2.0051307678222656
-4.083332061767578	-6.320236802101135
-5.191758155822754	-4.258335828781128
-11.743431441485882	-5.7987377643585205
-7.265730142593384	-9.224988341331482
-6.266090512275696	-5.514868497848511
-4.8302271366119385	-6.673843145370483
-6.179782748222351	-5.733132362365723
-9.280536353588104	-4.5001866817474365
-6.942052245140076	-10.620853900909424
-10.739661812782288	-9.596235036849976
-11.05253478884697	-6.799424886703491
-8.40272068977356	-2.3854336738586426
-4.7974419593811035	-8.131579399108887
-11.239290654659271	-9.250976085662842
-7.285029888153076	-7.272746443748474
-9.113693475723267	-1.6753263473510742
-6.4763442277908325	-2.0672149658203125
-6.76634681224823	-5.3010334968566895
-5.492638349533081	-1.0017578601837158
-10.755496770143509	-3.7462964057922363
-6.869708061218262	-3.497877359390259
-4.965062141418457	-1.7465057373046875
-10.33262586593628	-10.71934774518013
-10.55845794081688	-10.082631826400757
-7.285710096359253	-7.77405059337616
-7.591072082519531	-4.0841474533081055
-5.678569793701172	-11.771509990096092
-5.5740602016448975	-1.686260461807251
-6.278082847595215	-3.8963613510131836
-10.379223704338074	-7.857118606567383
-4.475204229354858	-7.244781732559204
-4.60722541809082	-0.7444460391998291
-6.90640926361084	-1.1397757530212402
-10.910772889852524	-1.4078943729400635
-7.747295022010803	-1.6342713832855225
-7.875466704368591	-6.392613530158997
-4.590836048126221	-3.529242753982544
-10.583489298820496	-10.016594231128693
-6.684524416923523	-4.861767768859863
-5.025837421417236	-4.228433847427368
-9.923004984855652	-9.94849008321762
-7.139282584190369	-2.0636186599731445
-10.028859972953796	-1.5631721019744873
-8.295615077018738	-6.812492251396179
-7.077989101409912	-4.970259189605713
-4.799215793609619	-5.071584463119507
-11.671911433339119	-9.20535546541214
-6.54307222366333	-2.735534191131592
-4.637048006057739	-6.939725875854492
-10.63463705778122	-9.948406219482422
-11.164904683828354	-4.11485481262207
-8.538169026374817	-2.4775006771087646
-10.397248685359955	-2.8292670249938965
-9.705025434494019	-3.6069910526275635
-10.15769362449646	-5.395448684692383
-7.168844819068909	-6.795619010925293
-6.336145877838135	-3.645132064819336
-11.576198056340218	-1.9240987300872803
-5.130793333053589	-10.955199927091599
-5.22325873374939	-10.784212410449982
-10.124318540096283	-3.6179094314575195
-11.71727366745472	-4.278242826461792
-7.727162003517151	-8.063889026641846
-6.890207648277283	-6.778694987297058
-11.810225643217564	-9.30454409122467
-5.3001015186309814	-1.4829890727996826
-5.281921148300171	-0.841177225112915
-8.702779412269592	-8.517680883407593
-3.408409595489502	-1.0825560092926025
-10.289112210273743	-2.2135190963745117
-9.742209076881409	-7.166523456573486
-10.653347879648209	-9.474397838115692
-9.666208505630493	-4.04691481590271
-7.155928015708923	-3.6358087062835693
-8.355020642280579	-1.7338550090789795
-7.652655243873596	-10.514597475528717
-8.669272899627686	-9.189140796661377
-4.6416707038879395	-1.4597060680389404
-5.628647089004517	-4.4677369594573975
-9.480595529079437	-8.122085452079773
-7.595713019371033	-4.178215742111206
-4.120088338851929	-5.669845819473267
-9.352036714553833	-2.8499457836151123
-11.501342967152596	-5.48508882522583
-10.175735414028168	-9.27773380279541
-8.945807218551636	-4.090003967285156
-11.717388689517975	-5.309136629104614
-6.578107595443726	-1.977978229522705
-4.831981658935547	-9.274340629577637
-9.825753808021545	-9.552996039390564
-11.308632642030716	-6.564121127128601
-7.583296895027161	-3.639219045639038
-7.989140510559082	-7.016890525817871
-6.157362699508667	-8.208641052246094
-7.12650203704834	-2.2266969680786133
-5.0634541511535645	-8.167135119438171
-9.981991231441498	-8.966989874839783
-3.6910765171051025	-9.9808931350708
-6.54151725769043	-4.035761833190918
-9.302370429039001	-0.9090721607208252
-9.192873179912567	-1.7635467052459717
-4.542869567871094	-7.194122672080994
-11.7395309060812	-8.713698506355286
-10.249313414096832	-4.458447217941284
-10.026826679706573	-9.097398519515991
-9.62492322921753	-3.918686628341675
-10.407657265663147	-1.1616976261138916
-9.929551899433136	-1.3206489086151123
-11.930262934416533	-8.344046831130981
-10.597580015659332	-5.552757024765015
-9.565333485603333	-7.669635772705078
-10.468253552913666	-5.645620822906494
-5.449599981307983	-10.117714047431946
-8.361236572265625	-9.652550339698792
-8.948012351989746	-7.11276376247406
-8.044674038887024	-4.00063419342041
-9.7744762301445	-6.697798848152161
-9.68954050540924	-7.041036128997803
-7.933835864067078	-6.505961537361145
-7.579220652580261	-1.7627863883972168
-8.441555500030518	-4.1311047077178955
-11.30338230729103	-7.788380742073059
-6.5951303243637085	-8.214028716087341
-6.7022316455841064	-7.352558255195618
-8.408433079719543	-5.097553968429565
-6.441517353057861	-5.8716652393341064
-7.3796950578689575	-7.652181029319763
-11.827834736555815	-1.4383571147918701
-8.374403357505798	-5.118683338165283
-6.883059024810791	-6.316479563713074
-11.703314758837223	-6.6034040451049805
-9.587578117847443	-9.984164714813232
-9.188708245754242	-7.254218816757202
-5.55527400970459	-2.283912420272827
-10.71737015247345	-9.434469401836395
-3.807101011276245	-2.1659317016601562
-6.349857330322266	-5.369492769241333
-10.204719364643097	-7.944042205810547
-4.3045899868011475	-1.8960928916931152
-10.240861594676971	-1.0171709060668945
-5.205749988555908	-4.616276264190674
-11.00311490893364	-7.124210715293884
-9.269062578678131	-3.238250255584717
-9.469553053379059	-0.6708920001983643
-5.334010362625122	-5.162175178527832
-8.965779304504395	-7.219278931617737
-6.081923246383667	-1.881533145904541